Year,Country,Subject,Gender,ESCS,GenderESCS,Average
2009,Albania,Math,Female,0,Female,382.9
2012,Albania,Math,Female,0,Female,394.7
2015,Albania,Math,Female,0,Female,417.8
2018,Albania,Math,Female,0,Female,439.7
2022,Albania,Math,Female,0,Female,378.1
2025,Albania,Math,Female,0,Female,430.7
2009,Albania,Math,Female,High,FemaleHigh,453.2
2018,Albania,Math,Female,High,FemaleHigh,488.6
2022,Albania,Math,Female,High,FemaleHigh,429.5
2025,Albania,Math,Female,High,FemaleHigh,474.7
2009,Albania,Math,Female,Low,FemaleLow,371.2
2018,Albania,Math,Female,Low,FemaleLow,432
2022,Albania,Math,Female,Low,FemaleLow,366.7
2025,Albania,Math,Female,Low,FemaleLow,418.2
2009,Albania,Math,Female,Medium,FemaleMedium,408.2
2018,Albania,Math,Female,Medium,FemaleMedium,455.8
2022,Albania,Math,Female,Medium,FemaleMedium,392.7
2025,Albania,Math,Female,Medium,FemaleMedium,448.5
2009,Albania,Math,0,0,General,377.5
2012,Albania,Math,0,0,General,394.3
2015,Albania,Math,0,0,General,413.2
2018,Albania,Math,0,0,General,437.2
2022,Albania,Math,0,0,General,368.2
2025,Albania,Math,0,0,General,432.8
2009,Albania,Math,0,High,GeneralHigh,450.2
2018,Albania,Math,0,High,GeneralHigh,482.3
2022,Albania,Math,0,High,GeneralHigh,419.7
2025,Albania,Math,0,High,GeneralHigh,475.9
2009,Albania,Math,0,Low,GeneralLow,367
2018,Albania,Math,0,Low,GeneralLow,430.8
2022,Albania,Math,0,Low,GeneralLow,356.7
2025,Albania,Math,0,Low,GeneralLow,422.8
2009,Albania,Math,0,Medium,GeneralMedium,399.3
2018,Albania,Math,0,Medium,GeneralMedium,450.9
2022,Albania,Math,0,Medium,GeneralMedium,382.1
2025,Albania,Math,0,Medium,GeneralMedium,452.5
2009,Albania,Math,Male,0,Male,372.3
2012,Albania,Math,Male,0,Male,394
2015,Albania,Math,Male,0,Male,408.5
2018,Albania,Math,Male,0,Male,434.8
2022,Albania,Math,Male,0,Male,359.1
2025,Albania,Math,Male,0,Male,435.1
2009,Albania,Math,Male,High,MaleHigh,447.1
2018,Albania,Math,Male,High,MaleHigh,475.2
2022,Albania,Math,Male,High,MaleHigh,411.2
2025,Albania,Math,Male,High,MaleHigh,477.3
2009,Albania,Math,Male,Low,MaleLow,362.9
2018,Albania,Math,Male,Low,MaleLow,429.6
2022,Albania,Math,Male,Low,MaleLow,346.8
2025,Albania,Math,Male,Low,MaleLow,428.2
2009,Albania,Math,Male,Medium,MaleMedium,391.1
2018,Albania,Math,Male,Medium,MaleMedium,446.6
2022,Albania,Math,Male,Medium,MaleMedium,373.2
2025,Albania,Math,Male,Medium,MaleMedium,456.9
2009,Albania,Reading,Female,0,Female,416.7
2012,Albania,Reading,Female,0,Female,401.5
2015,Albania,Reading,Female,0,Female,434.6
2018,Albania,Reading,Female,0,Female,424.6
2022,Albania,Reading,Female,0,Female,379.2
2025,Albania,Reading,Female,0,Female,423.2
2009,Albania,Reading,Female,High,FemaleHigh,498.2
2018,Albania,Reading,Female,High,FemaleHigh,481.2
2022,Albania,Reading,Female,High,FemaleHigh,421.5
2025,Albania,Reading,Female,High,FemaleHigh,467.5
2009,Albania,Reading,Female,Low,FemaleLow,401.8
2018,Albania,Reading,Female,Low,FemaleLow,413.7
2022,Albania,Reading,Female,Low,FemaleLow,370.9
2025,Albania,Reading,Female,Low,FemaleLow,411.5
2009,Albania,Reading,Female,Medium,FemaleMedium,451.5
2018,Albania,Reading,Female,Medium,FemaleMedium,451
2022,Albania,Reading,Female,Medium,FemaleMedium,390.9
2025,Albania,Reading,Female,Medium,FemaleMedium,439.7
2009,Albania,Reading,0,0,General,384.8
2012,Albania,Reading,0,0,General,394
2015,Albania,Reading,0,0,General,405.3
2018,Albania,Reading,0,0,General,405.4
2022,Albania,Reading,0,0,General,358.4
2025,Albania,Reading,0,0,General,407.6
2009,Albania,Reading,0,High,GeneralHigh,470
2018,Albania,Reading,0,High,GeneralHigh,463.6
2022,Albania,Reading,0,High,GeneralHigh,398.8
2025,Albania,Reading,0,High,GeneralHigh,451.1
2009,Albania,Reading,0,Low,GeneralLow,371.8
2018,Albania,Reading,0,Low,GeneralLow,395.1
2022,Albania,Reading,0,Low,GeneralLow,350.1
2025,Albania,Reading,0,Low,GeneralLow,398.9
2009,Albania,Reading,0,Medium,GeneralMedium,414.7
2018,Albania,Reading,0,Medium,GeneralMedium,429.2
2022,Albania,Reading,0,Medium,GeneralMedium,370
2025,Albania,Reading,0,Medium,GeneralMedium,427
2009,Albania,Reading,Male,0,Male,354.5
2012,Albania,Reading,Male,0,Male,386.9
2015,Albania,Reading,Male,0,Male,375.8
2018,Albania,Reading,Male,0,Male,387
2022,Albania,Reading,Male,0,Male,339.2
2025,Albania,Reading,Male,0,Male,391
2009,Albania,Reading,Male,High,MaleHigh,440.7
2018,Albania,Reading,Male,High,MaleHigh,443.6
2022,Albania,Reading,Male,High,MaleHigh,379.1
2025,Albania,Reading,Male,High,MaleHigh,432.2
2009,Albania,Reading,Male,Low,MaleLow,343.1
2018,Albania,Reading,Male,Low,MaleLow,376.9
2022,Albania,Reading,Male,Low,MaleLow,329.3
2025,Albania,Reading,Male,Low,MaleLow,384.4
2009,Albania,Reading,Male,Medium,MaleMedium,380.5
2018,Albania,Reading,Male,Medium,MaleMedium,410.2
2022,Albania,Reading,Male,Medium,MaleMedium,352.6
2025,Albania,Reading,Male,Medium,MaleMedium,413
2009,Albania,Science,Female,0,Female,405.6
2012,Albania,Science,Female,0,Female,401.1
2015,Albania,Science,Female,0,Female,439.4
2018,Albania,Science,Female,0,Female,425.1
2022,Albania,Science,Female,0,Female,390.8
2025,Albania,Science,Female,0,Female,442.7
2009,Albania,Science,Female,High,FemaleHigh,477.5
2018,Albania,Science,Female,High,FemaleHigh,472.8
2022,Albania,Science,Female,High,FemaleHigh,438.4
2025,Albania,Science,Female,High,FemaleHigh,492.8
2009,Albania,Science,Female,Low,FemaleLow,392.5
2018,Albania,Science,Female,Low,FemaleLow,416.2
2022,Albania,Science,Female,Low,FemaleLow,379.7
2025,Albania,Science,Female,Low,FemaleLow,429
2009,Albania,Science,Female,Medium,FemaleMedium,436.7
2018,Albania,Science,Female,Medium,FemaleMedium,446.4
2022,Albania,Science,Female,Medium,FemaleMedium,406.6
2025,Albania,Science,Female,Medium,FemaleMedium,461.5
2009,Albania,Science,0,0,General,390.7
2012,Albania,Science,0,0,General,397.4
2015,Albania,Science,0,0,General,427.2
2018,Albania,Science,0,0,General,416.7
2022,Albania,Science,0,0,General,376
2025,Albania,Science,0,0,General,434.6
2009,Albania,Science,0,High,GeneralHigh,463
2018,Albania,Science,0,High,GeneralHigh,465.4
2022,Albania,Science,0,High,GeneralHigh,421.1
2025,Albania,Science,0,High,GeneralHigh,484
2009,Albania,Science,0,Low,GeneralLow,379.9
2018,Albania,Science,0,Low,GeneralLow,408.2
2022,Albania,Science,0,Low,GeneralLow,365.5
2025,Albania,Science,0,Low,GeneralLow,423.6
2009,Albania,Science,0,Medium,GeneralMedium,415.6
2018,Albania,Science,0,Medium,GeneralMedium,436.9
2022,Albania,Science,0,Medium,GeneralMedium,389.7
2025,Albania,Science,0,Medium,GeneralMedium,456.4
2009,Albania,Science,Male,0,Male,376.5
2012,Albania,Science,Male,0,Male,393.9
2015,Albania,Science,Male,0,Male,415
2018,Albania,Science,Male,0,Male,408.7
2022,Albania,Science,Male,0,Male,362.3
2025,Albania,Science,Male,0,Male,426
2009,Albania,Science,Male,High,MaleHigh,447.9
2018,Albania,Science,Male,High,MaleHigh,457.1
2022,Albania,Science,Male,High,MaleHigh,406.1
2025,Albania,Science,Male,High,MaleHigh,473.9
2009,Albania,Science,Male,Low,MaleLow,367.9
2018,Albania,Science,Male,Low,MaleLow,400.4
2022,Albania,Science,Male,Low,MaleLow,351.4
2025,Albania,Science,Male,Low,MaleLow,417.3
2009,Albania,Science,Male,Medium,MaleMedium,396.1
2018,Albania,Science,Male,Medium,MaleMedium,428.7
2022,Albania,Science,Male,Medium,MaleMedium,375.6
2025,Albania,Science,Male,Medium,MaleMedium,450.9
2015,Algeria,Math,Female,0,Female,363.1
2015,Algeria,Math,Female,High,FemaleHigh,410
2015,Algeria,Math,Female,Low,FemaleLow,359.2
2015,Algeria,Math,Female,Medium,FemaleMedium,384.3
2015,Algeria,Math,0,0,General,359.6
2015,Algeria,Math,0,High,GeneralHigh,394.7
2015,Algeria,Math,0,Low,GeneralLow,356.1
2015,Algeria,Math,0,Medium,GeneralMedium,380.2
2015,Algeria,Math,Male,0,Male,356.5
2015,Algeria,Math,Male,High,MaleHigh,378
2015,Algeria,Math,Male,Low,MaleLow,353.5
2015,Algeria,Math,Male,Medium,MaleMedium,376.4
2015,Algeria,Reading,Female,0,Female,366.2
2015,Algeria,Reading,Female,High,FemaleHigh,386.3
2015,Algeria,Reading,Female,Low,FemaleLow,363.2
2015,Algeria,Reading,Female,Medium,FemaleMedium,383.5
2015,Algeria,Reading,0,0,General,349.9
2015,Algeria,Reading,0,High,GeneralHigh,368.8
2015,Algeria,Reading,0,Low,GeneralLow,347.4
2015,Algeria,Reading,0,Medium,GeneralMedium,365.6
2015,Algeria,Reading,Male,0,Male,335.2
2015,Algeria,Reading,Male,High,MaleHigh,349.7
2015,Algeria,Reading,Male,Low,MaleLow,333.3
2015,Algeria,Reading,Male,Medium,MaleMedium,349.2
2015,Algeria,Science,Female,0,Female,383.2
2015,Algeria,Science,Female,High,FemaleHigh,424
2015,Algeria,Science,Female,Low,FemaleLow,379.1
2015,Algeria,Science,Female,Medium,FemaleMedium,405.1
2015,Algeria,Science,0,0,General,375.7
2015,Algeria,Science,0,High,GeneralHigh,412.1
2015,Algeria,Science,0,Low,GeneralLow,372.4
2015,Algeria,Science,0,Medium,GeneralMedium,395.3
2015,Algeria,Science,Male,0,Male,369
2015,Algeria,Science,Male,High,MaleHigh,399
2015,Algeria,Science,Male,Low,MaleLow,366.4
2015,Algeria,Science,Male,Medium,MaleMedium,386.3
2006,Argentina,Math,Female,0,Female,375.2
2009,Argentina,Math,Female,0,Female,383.2
2012,Argentina,Math,Female,0,Female,381.7
2018,Argentina,Math,Female,0,Female,371.8
2022,Argentina,Math,Female,0,Female,372
2006,Argentina,Math,Female,High,FemaleHigh,446.4
2009,Argentina,Math,Female,High,FemaleHigh,465.1
2012,Argentina,Math,Female,High,FemaleHigh,440.3
2018,Argentina,Math,Female,High,FemaleHigh,451.1
2022,Argentina,Math,Female,High,FemaleHigh,434.7
2006,Argentina,Math,Female,Low,FemaleLow,345.3
2009,Argentina,Math,Female,Low,FemaleLow,357.5
2012,Argentina,Math,Female,Low,FemaleLow,365.8
2018,Argentina,Math,Female,Low,FemaleLow,353.2
2022,Argentina,Math,Female,Low,FemaleLow,355.6
2006,Argentina,Math,Female,Medium,FemaleMedium,416.2
2009,Argentina,Math,Female,Medium,FemaleMedium,412.9
2012,Argentina,Math,Female,Medium,FemaleMedium,409.7
2018,Argentina,Math,Female,Medium,FemaleMedium,407
2022,Argentina,Math,Female,Medium,FemaleMedium,394.5
2006,Argentina,Math,0,0,General,381.3
2009,Argentina,Math,0,0,General,388.1
2012,Argentina,Math,0,0,General,388.4
2018,Argentina,Math,0,0,General,379.5
2022,Argentina,Math,0,0,General,377.5
2025,Argentina,Math,0,0,General,366.8
2006,Argentina,Math,0,High,GeneralHigh,449.8
2009,Argentina,Math,0,High,GeneralHigh,471.5
2012,Argentina,Math,0,High,GeneralHigh,445.7
2018,Argentina,Math,0,High,GeneralHigh,457.3
2022,Argentina,Math,0,High,GeneralHigh,436.7
2025,Argentina,Math,0,High,GeneralHigh,437.5
2006,Argentina,Math,0,Low,GeneralLow,352.7
2009,Argentina,Math,0,Low,GeneralLow,361.9
2012,Argentina,Math,0,Low,GeneralLow,372.6
2018,Argentina,Math,0,Low,GeneralLow,361.1
2022,Argentina,Math,0,Low,GeneralLow,361.5
2025,Argentina,Math,0,Low,GeneralLow,353
2006,Argentina,Math,0,Medium,GeneralMedium,416.7
2009,Argentina,Math,0,Medium,GeneralMedium,412.7
2012,Argentina,Math,0,Medium,GeneralMedium,413
2018,Argentina,Math,0,Medium,GeneralMedium,412.9
2022,Argentina,Math,0,Medium,GeneralMedium,400.9
2025,Argentina,Math,0,Medium,GeneralMedium,393.4
2006,Argentina,Math,Male,0,Male,388.1
2009,Argentina,Math,Male,0,Male,393.7
2012,Argentina,Math,Male,0,Male,395.6
2018,Argentina,Math,Male,0,Male,387.3
2022,Argentina,Math,Male,0,Male,383
2006,Argentina,Math,Male,High,MaleHigh,453.1
2009,Argentina,Math,Male,High,MaleHigh,477.7
2012,Argentina,Math,Male,High,MaleHigh,451.4
2018,Argentina,Math,Male,High,MaleHigh,463.3
2022,Argentina,Math,Male,High,MaleHigh,438.8
2006,Argentina,Math,Male,Low,MaleLow,361.2
2009,Argentina,Math,Male,Low,MaleLow,367.3
2012,Argentina,Math,Male,Low,MaleLow,380.4
2018,Argentina,Math,Male,Low,MaleLow,369.5
2022,Argentina,Math,Male,Low,MaleLow,367.7
2006,Argentina,Math,Male,Medium,MaleMedium,417.2
2009,Argentina,Math,Male,Medium,MaleMedium,412.6
2012,Argentina,Math,Male,Medium,MaleMedium,415.8
2018,Argentina,Math,Male,Medium,MaleMedium,418.6
2022,Argentina,Math,Male,Medium,MaleMedium,407.1
2006,Argentina,Reading,Female,0,Female,399.1
2009,Argentina,Reading,Female,0,Female,415.2
2012,Argentina,Reading,Female,0,Female,414.3
2018,Argentina,Reading,Female,0,Female,409.4
2022,Argentina,Reading,Female,0,Female,407.9
2006,Argentina,Reading,Female,High,FemaleHigh,467.6
2009,Argentina,Reading,Female,High,FemaleHigh,503.8
2012,Argentina,Reading,Female,High,FemaleHigh,477.3
2018,Argentina,Reading,Female,High,FemaleHigh,492.3
2022,Argentina,Reading,Female,High,FemaleHigh,481.1
2006,Argentina,Reading,Female,Low,FemaleLow,370.1
2009,Argentina,Reading,Female,Low,FemaleLow,386
2012,Argentina,Reading,Female,Low,FemaleLow,396.7
2018,Argentina,Reading,Female,Low,FemaleLow,388.2
2022,Argentina,Reading,Female,Low,FemaleLow,388.5
2006,Argentina,Reading,Female,Medium,FemaleMedium,439.3
2009,Argentina,Reading,Female,Medium,FemaleMedium,450.6
2012,Argentina,Reading,Female,Medium,FemaleMedium,447.7
2018,Argentina,Reading,Female,Medium,FemaleMedium,452
2022,Argentina,Reading,Female,Medium,FemaleMedium,435.3
2006,Argentina,Reading,0,0,General,373.7
2009,Argentina,Reading,0,0,General,398.3
2012,Argentina,Reading,0,0,General,396
2018,Argentina,Reading,0,0,General,401.5
2022,Argentina,Reading,0,0,General,400.7
2025,Argentina,Reading,0,0,General,388.7
2006,Argentina,Reading,0,High,GeneralHigh,446.1
2009,Argentina,Reading,0,High,GeneralHigh,487.1
2012,Argentina,Reading,0,High,GeneralHigh,458.9
2018,Argentina,Reading,0,High,GeneralHigh,481.1
2022,Argentina,Reading,0,High,GeneralHigh,466.9
2025,Argentina,Reading,0,High,GeneralHigh,453.6
2006,Argentina,Reading,0,Low,GeneralLow,344.6
2009,Argentina,Reading,0,Low,GeneralLow,369.1
2012,Argentina,Reading,0,Low,GeneralLow,379.4
2018,Argentina,Reading,0,Low,GeneralLow,381.9
2022,Argentina,Reading,0,Low,GeneralLow,382.5
2025,Argentina,Reading,0,Low,GeneralLow,376
2006,Argentina,Reading,0,Medium,GeneralMedium,408
2009,Argentina,Reading,0,Medium,GeneralMedium,428.3
2012,Argentina,Reading,0,Medium,GeneralMedium,422.4
2018,Argentina,Reading,0,Medium,GeneralMedium,439.3
2022,Argentina,Reading,0,Medium,GeneralMedium,427.8
2025,Argentina,Reading,0,Medium,GeneralMedium,414.9
2006,Argentina,Reading,Male,0,Male,345.2
2009,Argentina,Reading,Male,0,Male,378.6
2012,Argentina,Reading,Male,0,Male,376.6
2018,Argentina,Reading,Male,0,Male,393.4
2022,Argentina,Reading,Male,0,Male,393.6
2006,Argentina,Reading,Male,High,MaleHigh,425.4
2009,Argentina,Reading,Male,High,MaleHigh,470.8
2012,Argentina,Reading,Male,High,MaleHigh,439.5
2018,Argentina,Reading,Male,High,MaleHigh,470.3
2022,Argentina,Reading,Male,High,MaleHigh,452.7
2006,Argentina,Reading,Male,Low,MaleLow,315.4
2009,Argentina,Reading,Male,Low,MaleLow,348.2
2012,Argentina,Reading,Male,Low,MaleLow,359.9
2018,Argentina,Reading,Male,Low,MaleLow,375
2022,Argentina,Reading,Male,Low,MaleLow,376.2
2006,Argentina,Reading,Male,Medium,MaleMedium,371.5
2009,Argentina,Reading,Male,Medium,MaleMedium,403.8
2012,Argentina,Reading,Male,Medium,MaleMedium,400.1
2018,Argentina,Reading,Male,Medium,MaleMedium,427.1
2022,Argentina,Reading,Male,Medium,MaleMedium,420.5
2006,Argentina,Science,Female,0,Female,397.3
2009,Argentina,Science,Female,0,Female,404.4
2012,Argentina,Science,Female,0,Female,408.9
2018,Argentina,Science,Female,0,Female,399.2
2022,Argentina,Science,Female,0,Female,403.2
2006,Argentina,Science,Female,High,FemaleHigh,465.5
2009,Argentina,Science,Female,High,FemaleHigh,491.4
2012,Argentina,Science,Female,High,FemaleHigh,471
2018,Argentina,Science,Female,High,FemaleHigh,481.3
2022,Argentina,Science,Female,High,FemaleHigh,469.7
2006,Argentina,Science,Female,Low,FemaleLow,368.1
2009,Argentina,Science,Female,Low,FemaleLow,376.4
2012,Argentina,Science,Female,Low,FemaleLow,391.3
2018,Argentina,Science,Female,Low,FemaleLow,378.9
2022,Argentina,Science,Female,Low,FemaleLow,386.3
2006,Argentina,Science,Female,Medium,FemaleMedium,438.2
2009,Argentina,Science,Female,Medium,FemaleMedium,437.7
2012,Argentina,Science,Female,Medium,FemaleMedium,442.9
2018,Argentina,Science,Female,Medium,FemaleMedium,437.9
2022,Argentina,Science,Female,Medium,FemaleMedium,425.9
2006,Argentina,Science,0,0,General,391.2
2009,Argentina,Science,0,0,General,400.8
2012,Argentina,Science,0,0,General,405.6
2018,Argentina,Science,0,0,General,404.1
2022,Argentina,Science,0,0,General,406.2
2025,Argentina,Science,0,0,General,392.9
2006,Argentina,Science,0,High,GeneralHigh,457.4
2009,Argentina,Science,0,High,GeneralHigh,488.7
2012,Argentina,Science,0,High,GeneralHigh,469.3
2018,Argentina,Science,0,High,GeneralHigh,482.3
2022,Argentina,Science,0,High,GeneralHigh,468
2025,Argentina,Science,0,High,GeneralHigh,464.5
2006,Argentina,Science,0,Low,GeneralLow,362.9
2009,Argentina,Science,0,Low,GeneralLow,372.7
2012,Argentina,Science,0,Low,GeneralLow,388.2
2018,Argentina,Science,0,Low,GeneralLow,384.5
2022,Argentina,Science,0,Low,GeneralLow,390.1
2025,Argentina,Science,0,Low,GeneralLow,380
2006,Argentina,Science,0,Medium,GeneralMedium,427.6
2009,Argentina,Science,0,Medium,GeneralMedium,428.9
2012,Argentina,Science,0,Medium,GeneralMedium,433.9
2018,Argentina,Science,0,Medium,GeneralMedium,440.6
2022,Argentina,Science,0,Medium,GeneralMedium,429.9
2025,Argentina,Science,0,Medium,GeneralMedium,422.6
2006,Argentina,Science,Male,0,Male,384.5
2009,Argentina,Science,Male,0,Male,396.7
2012,Argentina,Science,Male,0,Male,402.2
2018,Argentina,Science,Male,0,Male,409.1
2022,Argentina,Science,Male,0,Male,409.2
2006,Argentina,Science,Male,High,MaleHigh,449.5
2009,Argentina,Science,Male,High,MaleHigh,486.1
2012,Argentina,Science,Male,High,MaleHigh,467.5
2018,Argentina,Science,Male,High,MaleHigh,483.2
2022,Argentina,Science,Male,High,MaleHigh,466.3
2006,Argentina,Science,Male,Low,MaleLow,357
2009,Argentina,Science,Male,Low,MaleLow,368
2012,Argentina,Science,Male,Low,MaleLow,384.8
2018,Argentina,Science,Male,Low,MaleLow,390.4
2022,Argentina,Science,Male,Low,MaleLow,394
2006,Argentina,Science,Male,Medium,MaleMedium,415.3
2009,Argentina,Science,Male,Medium,MaleMedium,419.3
2012,Argentina,Science,Male,Medium,MaleMedium,426.1
2018,Argentina,Science,Male,Medium,MaleMedium,443.2
2022,Argentina,Science,Male,Medium,MaleMedium,433.8
2015,Argentina (Ciudad Autónoma de Buenos),Math,Female,0,Female,446
2015,Argentina (Ciudad Autónoma de Buenos),Math,Female,High,FemaleHigh,490.1
2015,Argentina (Ciudad Autónoma de Buenos),Math,Female,Low,FemaleLow,400.9
2015,Argentina (Ciudad Autónoma de Buenos),Math,Female,Medium,FemaleMedium,451.4
2015,Argentina (Ciudad Autónoma de Buenos),Math,0,0,General,456.3
2015,Argentina (Ciudad Autónoma de Buenos),Math,0,High,GeneralHigh,501.7
2015,Argentina (Ciudad Autónoma de Buenos),Math,0,Low,GeneralLow,409.2
2015,Argentina (Ciudad Autónoma de Buenos),Math,0,Medium,GeneralMedium,461.9
2015,Argentina (Ciudad Autónoma de Buenos),Math,Male,0,Male,467.3
2015,Argentina (Ciudad Autónoma de Buenos),Math,Male,High,MaleHigh,515.2
2015,Argentina (Ciudad Autónoma de Buenos),Math,Male,Low,MaleLow,419
2015,Argentina (Ciudad Autónoma de Buenos),Math,Male,Medium,MaleMedium,471.9
2015,Argentina (Ciudad Autónoma de Buenos),Reading,Female,0,Female,482.6
2015,Argentina (Ciudad Autónoma de Buenos),Reading,Female,High,FemaleHigh,522.7
2015,Argentina (Ciudad Autónoma de Buenos),Reading,Female,Low,FemaleLow,439.8
2015,Argentina (Ciudad Autónoma de Buenos),Reading,Female,Medium,FemaleMedium,492.6
2015,Argentina (Ciudad Autónoma de Buenos),Reading,0,0,General,475.3
2015,Argentina (Ciudad Autónoma de Buenos),Reading,0,High,GeneralHigh,514.1
2015,Argentina (Ciudad Autónoma de Buenos),Reading,0,Low,GeneralLow,433.1
2015,Argentina (Ciudad Autónoma de Buenos),Reading,0,Medium,GeneralMedium,484.3
2015,Argentina (Ciudad Autónoma de Buenos),Reading,Male,0,Male,467.5
2015,Argentina (Ciudad Autónoma de Buenos),Reading,Male,High,MaleHigh,504
2015,Argentina (Ciudad Autónoma de Buenos),Reading,Male,Low,MaleLow,425.3
2015,Argentina (Ciudad Autónoma de Buenos),Reading,Male,Medium,MaleMedium,476.4
2015,Argentina (Ciudad Autónoma de Buenos),Science,Female,0,Female,468.3
2015,Argentina (Ciudad Autónoma de Buenos),Science,Female,High,FemaleHigh,513.4
2015,Argentina (Ciudad Autónoma de Buenos),Science,Female,Low,FemaleLow,422.7
2015,Argentina (Ciudad Autónoma de Buenos),Science,Female,Medium,FemaleMedium,473
2015,Argentina (Ciudad Autónoma de Buenos),Science,0,0,General,475.2
2015,Argentina (Ciudad Autónoma de Buenos),Science,0,High,GeneralHigh,519.7
2015,Argentina (Ciudad Autónoma de Buenos),Science,0,Low,GeneralLow,428.3
2015,Argentina (Ciudad Autónoma de Buenos),Science,0,Medium,GeneralMedium,481.3
2015,Argentina (Ciudad Autónoma de Buenos),Science,Male,0,Male,482.6
2015,Argentina (Ciudad Autónoma de Buenos),Science,Male,High,MaleHigh,527
2015,Argentina (Ciudad Autónoma de Buenos),Science,Male,Low,MaleLow,434.9
2015,Argentina (Ciudad Autónoma de Buenos),Science,Male,Medium,MaleMedium,489.1
2025,Armenia,Math,Female,0,Female,376.9
2025,Armenia,Math,Female,High,FemaleHigh,412.3
2025,Armenia,Math,Female,Low,FemaleLow,377.2
2025,Armenia,Math,Female,Medium,FemaleMedium,396.5
2025,Armenia,Math,0,0,General,375.8
2025,Armenia,Math,0,High,GeneralHigh,418
2025,Armenia,Math,0,Low,GeneralLow,376.9
2025,Armenia,Math,0,Medium,GeneralMedium,399.9
2025,Armenia,Math,Male,0,Male,374.6
2025,Armenia,Math,Male,High,MaleHigh,425.2
2025,Armenia,Math,Male,Low,MaleLow,376.4
2025,Armenia,Math,Male,Medium,MaleMedium,405
2025,Armenia,Reading,Female,0,Female,367.6
2025,Armenia,Reading,Female,High,FemaleHigh,396.5
2025,Armenia,Reading,Female,Low,FemaleLow,370.2
2025,Armenia,Reading,Female,Medium,FemaleMedium,385.7
2025,Armenia,Reading,0,0,General,348.3
2025,Armenia,Reading,0,High,GeneralHigh,376.7
2025,Armenia,Reading,0,Low,GeneralLow,356.4
2025,Armenia,Reading,0,Medium,GeneralMedium,371.3
2025,Armenia,Reading,Male,0,Male,327.3
2025,Armenia,Reading,Male,High,MaleHigh,351.7
2025,Armenia,Reading,Male,Low,MaleLow,335.5
2025,Armenia,Reading,Male,Medium,MaleMedium,349.6
2025,Armenia,Science,Female,0,Female,377.1
2025,Armenia,Science,Female,High,FemaleHigh,415.9
2025,Armenia,Science,Female,Low,FemaleLow,376.7
2025,Armenia,Science,Female,Medium,FemaleMedium,396
2025,Armenia,Science,0,0,General,368.6
2025,Armenia,Science,0,High,GeneralHigh,409.4
2025,Armenia,Science,0,Low,GeneralLow,371.6
2025,Armenia,Science,0,Medium,GeneralMedium,393.2
2025,Armenia,Science,Male,0,Male,359.5
2025,Armenia,Science,Male,High,MaleHigh,401
2025,Armenia,Science,Male,Low,MaleLow,363.9
2025,Armenia,Science,Male,Medium,MaleMedium,388.9
2006,Australia,Math,Female,0,Female,512.5
2009,Australia,Math,Female,0,Female,509.5
2012,Australia,Math,Female,0,Female,497.8
2015,Australia,Math,Female,0,Female,491
2018,Australia,Math,Female,0,Female,488.3
2022,Australia,Math,Female,0,Female,481.3
2006,Australia,Math,Female,High,FemaleHigh,547
2009,Australia,Math,Female,High,FemaleHigh,550.3
2012,Australia,Math,Female,High,FemaleHigh,540.2
2015,Australia,Math,Female,High,FemaleHigh,530.5
2018,Australia,Math,Female,High,FemaleHigh,518.6
2022,Australia,Math,Female,High,FemaleHigh,517.8
2006,Australia,Math,Female,Low,FemaleLow,479.3
2009,Australia,Math,Female,Low,FemaleLow,465
2012,Australia,Math,Female,Low,FemaleLow,457.5
2015,Australia,Math,Female,Low,FemaleLow,454.4
2018,Australia,Math,Female,Low,FemaleLow,451.2
2022,Australia,Math,Female,Low,FemaleLow,435.5
2006,Australia,Math,Female,Medium,FemaleMedium,512.5
2009,Australia,Math,Female,Medium,FemaleMedium,507.2
2012,Australia,Math,Female,Medium,FemaleMedium,496.1
2015,Australia,Math,Female,Medium,FemaleMedium,484.6
2018,Australia,Math,Female,Medium,FemaleMedium,483
2022,Australia,Math,Female,Medium,FemaleMedium,469
2006,Australia,Math,0,0,General,519.9
2009,Australia,Math,0,0,General,514.3
2012,Australia,Math,0,0,General,504.2
2015,Australia,Math,0,0,General,493.9
2018,Australia,Math,0,0,General,491.4
2022,Australia,Math,0,0,General,487.1
2025,Australia,Math,0,0,General,477.5
2006,Australia,Math,0,High,GeneralHigh,552.8
2009,Australia,Math,0,High,GeneralHigh,555.2
2012,Australia,Math,0,High,GeneralHigh,546.2
2015,Australia,Math,0,High,GeneralHigh,533.8
2018,Australia,Math,0,High,GeneralHigh,524
2022,Australia,Math,0,High,GeneralHigh,526.7
2025,Australia,Math,0,High,GeneralHigh,511.5
2006,Australia,Math,0,Low,GeneralLow,486.2
2009,Australia,Math,0,Low,GeneralLow,471.1
2012,Australia,Math,0,Low,GeneralLow,465.7
2015,Australia,Math,0,Low,GeneralLow,457
2018,Australia,Math,0,Low,GeneralLow,453.7
2022,Australia,Math,0,Low,GeneralLow,438.8
2025,Australia,Math,0,Low,GeneralLow,434.8
2006,Australia,Math,0,Medium,GeneralMedium,521.4
2009,Australia,Math,0,Medium,GeneralMedium,511.7
2012,Australia,Math,0,Medium,GeneralMedium,501.9
2015,Australia,Math,0,Medium,GeneralMedium,489.4
2018,Australia,Math,0,Medium,GeneralMedium,486.3
2022,Australia,Math,0,Medium,GeneralMedium,476
2025,Australia,Math,0,Medium,GeneralMedium,466.8
2006,Australia,Math,Male,0,Male,527
2009,Australia,Math,Male,0,Male,519.4
2012,Australia,Math,Male,0,Male,510.1
2015,Australia,Math,Male,0,Male,496.8
2018,Australia,Math,Male,0,Male,494.3
2022,Australia,Math,Male,0,Male,492.7
2006,Australia,Math,Male,High,MaleHigh,558.2
2009,Australia,Math,Male,High,MaleHigh,560.2
2012,Australia,Math,Male,High,MaleHigh,551.9
2015,Australia,Math,Male,High,MaleHigh,537.1
2018,Australia,Math,Male,High,MaleHigh,529.3
2022,Australia,Math,Male,High,MaleHigh,535.9
2006,Australia,Math,Male,Low,MaleLow,492.7
2009,Australia,Math,Male,Low,MaleLow,477.6
2012,Australia,Math,Male,Low,MaleLow,473.6
2015,Australia,Math,Male,Low,MaleLow,459.6
2018,Australia,Math,Male,Low,MaleLow,456
2022,Australia,Math,Male,Low,MaleLow,441.9
2006,Australia,Math,Male,Medium,MaleMedium,530
2009,Australia,Math,Male,Medium,MaleMedium,516.6
2012,Australia,Math,Male,Medium,MaleMedium,507.5
2015,Australia,Math,Male,Medium,MaleMedium,494.3
2018,Australia,Math,Male,Medium,MaleMedium,489.7
2022,Australia,Math,Male,Medium,MaleMedium,482.8
2006,Australia,Reading,Female,0,Female,531.8
2009,Australia,Reading,Female,0,Female,532.9
2012,Australia,Reading,Female,0,Female,529.5
2015,Australia,Reading,Female,0,Female,518.9
2018,Australia,Reading,Female,0,Female,518.6
2022,Australia,Reading,Female,0,Female,508.7
2006,Australia,Reading,Female,High,FemaleHigh,566.8
2009,Australia,Reading,Female,High,FemaleHigh,572.3
2012,Australia,Reading,Female,High,FemaleHigh,570.8
2015,Australia,Reading,Female,High,FemaleHigh,558.7
2018,Australia,Reading,Female,High,FemaleHigh,552.8
2022,Australia,Reading,Female,High,FemaleHigh,545.4
2006,Australia,Reading,Female,Low,FemaleLow,497.1
2009,Australia,Reading,Female,Low,FemaleLow,490.1
2012,Australia,Reading,Female,Low,FemaleLow,490.3
2015,Australia,Reading,Female,Low,FemaleLow,481.3
2018,Australia,Reading,Female,Low,FemaleLow,478.8
2022,Australia,Reading,Female,Low,FemaleLow,465.4
2006,Australia,Reading,Female,Medium,FemaleMedium,532.3
2009,Australia,Reading,Female,Medium,FemaleMedium,530.7
2012,Australia,Reading,Female,Medium,FemaleMedium,528.6
2015,Australia,Reading,Female,Medium,FemaleMedium,513.2
2018,Australia,Reading,Female,Medium,FemaleMedium,514.1
2022,Australia,Reading,Female,Medium,FemaleMedium,495.8
2006,Australia,Reading,0,0,General,512.9
2009,Australia,Reading,0,0,General,514.9
2012,Australia,Reading,0,0,General,511.8
2015,Australia,Reading,0,0,General,502.9
2018,Australia,Reading,0,0,General,502.6
2022,Australia,Reading,0,0,General,498.1
2025,Australia,Reading,0,0,General,490.9
2006,Australia,Reading,0,High,GeneralHigh,547.2
2009,Australia,Reading,0,High,GeneralHigh,556.4
2012,Australia,Reading,0,High,GeneralHigh,553.3
2015,Australia,Reading,0,High,GeneralHigh,544.2
2018,Australia,Reading,0,High,GeneralHigh,540
2022,Australia,Reading,0,High,GeneralHigh,537.3
2025,Australia,Reading,0,High,GeneralHigh,523.3
2006,Australia,Reading,0,Low,GeneralLow,476.7
2009,Australia,Reading,0,Low,GeneralLow,471.1
2012,Australia,Reading,0,Low,GeneralLow,473.9
2015,Australia,Reading,0,Low,GeneralLow,463.9
2018,Australia,Reading,0,Low,GeneralLow,462.3
2022,Australia,Reading,0,Low,GeneralLow,453.1
2025,Australia,Reading,0,Low,GeneralLow,453
2006,Australia,Reading,0,Medium,GeneralMedium,515.2
2009,Australia,Reading,0,Medium,GeneralMedium,512.8
2012,Australia,Reading,0,Medium,GeneralMedium,510.9
2015,Australia,Reading,0,Medium,GeneralMedium,498.9
2018,Australia,Reading,0,Medium,GeneralMedium,497.8
2022,Australia,Reading,0,Medium,GeneralMedium,486.1
2025,Australia,Reading,0,Medium,GeneralMedium,482.2
2006,Australia,Reading,Male,0,Male,494.9
2009,Australia,Reading,Male,0,Male,496.1
2012,Australia,Reading,Male,0,Male,495.1
2015,Australia,Reading,Male,0,Male,487.2
2018,Australia,Reading,Male,0,Male,487.2
2022,Australia,Reading,Male,0,Male,487.2
2006,Australia,Reading,Male,High,MaleHigh,528.8
2009,Australia,Reading,Male,High,MaleHigh,540.5
2012,Australia,Reading,Male,High,MaleHigh,536.9
2015,Australia,Reading,Male,High,MaleHigh,529.7
2018,Australia,Reading,Male,High,MaleHigh,527.4
2022,Australia,Reading,Male,High,MaleHigh,528.7
2006,Australia,Reading,Male,Low,MaleLow,457.5
2009,Australia,Reading,Male,Low,MaleLow,450.5
2012,Australia,Reading,Male,Low,MaleLow,458.2
2015,Australia,Reading,Male,Low,MaleLow,446.7
2018,Australia,Reading,Male,Low,MaleLow,447
2022,Australia,Reading,Male,Low,MaleLow,440.5
2006,Australia,Reading,Male,Medium,MaleMedium,498.4
2009,Australia,Reading,Male,Medium,MaleMedium,493.3
2012,Australia,Reading,Male,Medium,MaleMedium,494.1
2015,Australia,Reading,Male,Medium,MaleMedium,484.4
2018,Australia,Reading,Male,Medium,MaleMedium,481.4
2022,Australia,Reading,Male,Medium,MaleMedium,476.8
2006,Australia,Science,Female,0,Female,526.9
2009,Australia,Science,Female,0,Female,527.7
2012,Australia,Science,Female,0,Female,519.1
2015,Australia,Science,Female,0,Female,508.9
2018,Australia,Science,Female,0,Female,502.2
2022,Australia,Science,Female,0,Female,505.7
2006,Australia,Science,Female,High,FemaleHigh,565.2
2009,Australia,Science,Female,High,FemaleHigh,570.3
2012,Australia,Science,Female,High,FemaleHigh,562.2
2015,Australia,Science,Female,High,FemaleHigh,550.6
2018,Australia,Science,Female,High,FemaleHigh,532.9
2022,Australia,Science,Female,High,FemaleHigh,544.5
2006,Australia,Science,Female,Low,FemaleLow,489.2
2009,Australia,Science,Female,Low,FemaleLow,481.9
2012,Australia,Science,Female,Low,FemaleLow,477.9
2015,Australia,Science,Female,Low,FemaleLow,469.6
2018,Australia,Science,Female,Low,FemaleLow,464.2
2022,Australia,Science,Female,Low,FemaleLow,459.7
2006,Australia,Science,Female,Medium,FemaleMedium,527.3
2009,Australia,Science,Female,Medium,FemaleMedium,524.9
2012,Australia,Science,Female,Medium,FemaleMedium,517.7
2015,Australia,Science,Female,Medium,FemaleMedium,502.2
2018,Australia,Science,Female,Medium,FemaleMedium,497.2
2022,Australia,Science,Female,Medium,FemaleMedium,491
2006,Australia,Science,0,0,General,526.9
2009,Australia,Science,0,0,General,527.3
2012,Australia,Science,0,0,General,521.5
2015,Australia,Science,0,0,General,510
2018,Australia,Science,0,0,General,503
2022,Australia,Science,0,0,General,507
2025,Australia,Science,0,0,General,509.1
2006,Australia,Science,0,High,GeneralHigh,563.5
2009,Australia,Science,0,High,GeneralHigh,571.2
2012,Australia,Science,0,High,GeneralHigh,563.9
2015,Australia,Science,0,High,GeneralHigh,552.6
2018,Australia,Science,0,High,GeneralHigh,536.6
2022,Australia,Science,0,High,GeneralHigh,548.2
2025,Australia,Science,0,High,GeneralHigh,543.2
2006,Australia,Science,0,Low,GeneralLow,489
2009,Australia,Science,0,Low,GeneralLow,480.7
2012,Australia,Science,0,Low,GeneralLow,481.9
2015,Australia,Science,0,Low,GeneralLow,469.4
2018,Australia,Science,0,Low,GeneralLow,465
2022,Australia,Science,0,Low,GeneralLow,458.5
2025,Australia,Science,0,Low,GeneralLow,467.1
2006,Australia,Science,0,Medium,GeneralMedium,528.7
2009,Australia,Science,0,Medium,GeneralMedium,524.7
2012,Australia,Science,0,Medium,GeneralMedium,520.2
2015,Australia,Science,0,Medium,GeneralMedium,505.6
2018,Australia,Science,0,Medium,GeneralMedium,498.6
2022,Australia,Science,0,Medium,GeneralMedium,494.2
2025,Australia,Science,0,Medium,GeneralMedium,499.5
2006,Australia,Science,Male,0,Male,526.9
2009,Australia,Science,Male,0,Male,526.8
2012,Australia,Science,Male,0,Male,523.7
2015,Australia,Science,Male,0,Male,511
2018,Australia,Science,Male,0,Male,503.7
2022,Australia,Science,Male,0,Male,508.1
2006,Australia,Science,Male,High,MaleHigh,561.9
2009,Australia,Science,Male,High,MaleHigh,572.1
2012,Australia,Science,Male,High,MaleHigh,565.5
2015,Australia,Science,Male,High,MaleHigh,554.7
2018,Australia,Science,Male,High,MaleHigh,540.2
2022,Australia,Science,Male,High,MaleHigh,551.9
2006,Australia,Science,Male,Low,MaleLow,488.8
2009,Australia,Science,Male,Low,MaleLow,479.4
2012,Australia,Science,Male,Low,MaleLow,485.7
2015,Australia,Science,Male,Low,MaleLow,469.2
2018,Australia,Science,Male,Low,MaleLow,465.8
2022,Australia,Science,Male,Low,MaleLow,457
2006,Australia,Science,Male,Medium,MaleMedium,530.1
2009,Australia,Science,Male,Medium,MaleMedium,524.4
2012,Australia,Science,Male,Medium,MaleMedium,522.6
2015,Australia,Science,Male,Medium,MaleMedium,509
2018,Australia,Science,Male,Medium,MaleMedium,499.9
2022,Australia,Science,Male,Medium,MaleMedium,497.3
2006,Austria,Math,Female,0,Female,494
2009,Austria,Math,Female,0,Female,486.5
2012,Austria,Math,Female,0,Female,494.5
2015,Austria,Math,Female,0,Female,483.1
2018,Austria,Math,Female,0,Female,492.2
2022,Austria,Math,Female,0,Female,477.5
2025,Austria,Math,Female,0,Female,465.9
2006,Austria,Math,Female,High,FemaleHigh,544.6
2009,Austria,Math,Female,High,FemaleHigh,539.6
2012,Austria,Math,Female,High,FemaleHigh,541
2015,Austria,Math,Female,High,FemaleHigh,529.5
2018,Austria,Math,Female,High,FemaleHigh,544.8
2022,Austria,Math,Female,High,FemaleHigh,531.7
2025,Austria,Math,Female,High,FemaleHigh,509.8
2006,Austria,Math,Female,Low,FemaleLow,451.3
2009,Austria,Math,Female,Low,FemaleLow,450
2012,Austria,Math,Female,Low,FemaleLow,460.3
2015,Austria,Math,Female,Low,FemaleLow,451
2018,Austria,Math,Female,Low,FemaleLow,460.1
2022,Austria,Math,Female,Low,FemaleLow,434.3
2025,Austria,Math,Female,Low,FemaleLow,433.8
2006,Austria,Math,Female,Medium,FemaleMedium,496.1
2009,Austria,Math,Female,Medium,FemaleMedium,493.6
2012,Austria,Math,Female,Medium,FemaleMedium,502.5
2015,Austria,Math,Female,Medium,FemaleMedium,490.8
2018,Austria,Math,Female,Medium,FemaleMedium,496.1
2022,Austria,Math,Female,Medium,FemaleMedium,486.8
2025,Austria,Math,Female,Medium,FemaleMedium,477.4
2006,Austria,Math,0,0,General,505.5
2009,Austria,Math,0,0,General,495.9
2012,Austria,Math,0,0,General,505.5
2015,Austria,Math,0,0,General,496.7
2018,Austria,Math,0,0,General,498.9
2022,Austria,Math,0,0,General,487.3
2025,Austria,Math,0,0,General,477.2
2006,Austria,Math,0,High,GeneralHigh,549.6
2009,Austria,Math,0,High,GeneralHigh,550.3
2012,Austria,Math,0,High,GeneralHigh,552.5
2015,Austria,Math,0,High,GeneralHigh,541.1
2018,Austria,Math,0,High,GeneralHigh,548.3
2022,Austria,Math,0,High,GeneralHigh,539.2
2025,Austria,Math,0,High,GeneralHigh,518.2
2006,Austria,Math,0,Low,GeneralLow,466
2009,Austria,Math,0,Low,GeneralLow,458.5
2012,Austria,Math,0,Low,GeneralLow,470.5
2015,Austria,Math,0,Low,GeneralLow,461.7
2018,Austria,Math,0,Low,GeneralLow,466.3
2022,Austria,Math,0,Low,GeneralLow,445.2
2025,Austria,Math,0,Low,GeneralLow,446
2006,Austria,Math,0,Medium,GeneralMedium,508.7
2009,Austria,Math,0,Medium,GeneralMedium,503
2012,Austria,Math,0,Medium,GeneralMedium,515.1
2015,Austria,Math,0,Medium,GeneralMedium,505.4
2018,Austria,Math,0,Medium,GeneralMedium,506.7
2022,Austria,Math,0,Medium,GeneralMedium,496.7
2025,Austria,Math,0,Medium,GeneralMedium,491.1
2006,Austria,Math,Male,0,Male,516.6
2009,Austria,Math,Male,0,Male,505.7
2012,Austria,Math,Male,0,Male,516.7
2015,Austria,Math,Male,0,Male,510.1
2018,Austria,Math,Male,0,Male,505.5
2022,Austria,Math,Male,0,Male,496.6
2025,Austria,Math,Male,0,Male,488.6
2006,Austria,Math,Male,High,MaleHigh,554.3
2009,Austria,Math,Male,High,MaleHigh,561.7
2012,Austria,Math,Male,High,MaleHigh,564.8
2015,Austria,Math,Male,High,MaleHigh,551.3
2018,Austria,Math,Male,High,MaleHigh,551.5
2022,Austria,Math,Male,High,MaleHigh,546.5
2025,Austria,Math,Male,High,MaleHigh,527.5
2006,Austria,Math,Male,Low,MaleLow,480.6
2009,Austria,Math,Male,Low,MaleLow,467.5
2012,Austria,Math,Male,Low,MaleLow,481.1
2015,Austria,Math,Male,Low,MaleLow,473.5
2018,Austria,Math,Male,Low,MaleLow,472.4
2022,Austria,Math,Male,Low,MaleLow,456.1
2025,Austria,Math,Male,Low,MaleLow,459.3
2006,Austria,Math,Male,Medium,MaleMedium,520.4
2009,Austria,Math,Male,Medium,MaleMedium,512.8
2012,Austria,Math,Male,Medium,MaleMedium,527.1
2015,Austria,Math,Male,Medium,MaleMedium,519.5
2018,Austria,Math,Male,Medium,MaleMedium,517.5
2022,Austria,Math,Male,Medium,MaleMedium,506
2025,Austria,Math,Male,Medium,MaleMedium,503.7
2006,Austria,Reading,Female,0,Female,512.9
2009,Austria,Reading,Female,0,Female,490.5
2012,Austria,Reading,Female,0,Female,508
2015,Austria,Reading,Female,0,Female,495.1
2018,Austria,Reading,Female,0,Female,498.7
2022,Austria,Reading,Female,0,Female,490.8
2025,Austria,Reading,Female,0,Female,480
2006,Austria,Reading,Female,High,FemaleHigh,561.3
2009,Austria,Reading,Female,High,FemaleHigh,544.1
2012,Austria,Reading,Female,High,FemaleHigh,551.7
2015,Austria,Reading,Female,High,FemaleHigh,547.4
2018,Austria,Reading,Female,High,FemaleHigh,552.4
2022,Austria,Reading,Female,High,FemaleHigh,551.4
2025,Austria,Reading,Female,High,FemaleHigh,527
2006,Austria,Reading,Female,Low,FemaleLow,467.6
2009,Austria,Reading,Female,Low,FemaleLow,451.7
2012,Austria,Reading,Female,Low,FemaleLow,475.3
2015,Austria,Reading,Female,Low,FemaleLow,459.6
2018,Austria,Reading,Female,Low,FemaleLow,465.4
2022,Austria,Reading,Female,Low,FemaleLow,441
2025,Austria,Reading,Female,Low,FemaleLow,448.3
2006,Austria,Reading,Female,Medium,FemaleMedium,518.8
2009,Austria,Reading,Female,Medium,FemaleMedium,499.8
2012,Austria,Reading,Female,Medium,FemaleMedium,516.9
2015,Austria,Reading,Female,Medium,FemaleMedium,502.8
2018,Austria,Reading,Female,Medium,FemaleMedium,503.6
2022,Austria,Reading,Female,Medium,FemaleMedium,503.1
2025,Austria,Reading,Female,Medium,FemaleMedium,491
2006,Austria,Reading,0,0,General,490.2
2009,Austria,Reading,0,0,General,470.3
2012,Austria,Reading,0,0,General,489.6
2015,Austria,Reading,0,0,General,484.9
2018,Austria,Reading,0,0,General,484.4
2022,Austria,Reading,0,0,General,480.4
2025,Austria,Reading,0,0,General,467.2
2006,Austria,Reading,0,High,GeneralHigh,535.1
2009,Austria,Reading,0,High,GeneralHigh,528.6
2012,Austria,Reading,0,High,GeneralHigh,537.5
2015,Austria,Reading,0,High,GeneralHigh,535.2
2018,Austria,Reading,0,High,GeneralHigh,534.5
2022,Austria,Reading,0,High,GeneralHigh,536
2025,Austria,Reading,0,High,GeneralHigh,511
2006,Austria,Reading,0,Low,GeneralLow,449.3
2009,Austria,Reading,0,Low,GeneralLow,431
2012,Austria,Reading,0,Low,GeneralLow,455.4
2015,Austria,Reading,0,Low,GeneralLow,447.4
2018,Austria,Reading,0,Low,GeneralLow,451.9
2022,Austria,Reading,0,Low,GeneralLow,435.7
2025,Austria,Reading,0,Low,GeneralLow,438
2006,Austria,Reading,0,Medium,GeneralMedium,493.9
2009,Austria,Reading,0,Medium,GeneralMedium,478.5
2012,Austria,Reading,0,Medium,GeneralMedium,498.7
2015,Austria,Reading,0,Medium,GeneralMedium,492.7
2018,Austria,Reading,0,Medium,GeneralMedium,492.8
2022,Austria,Reading,0,Medium,GeneralMedium,490.8
2025,Austria,Reading,0,Medium,GeneralMedium,480.2
2006,Austria,Reading,Male,0,Male,468.3
2009,Austria,Reading,Male,0,Male,449.3
2012,Austria,Reading,Male,0,Male,471.1
2015,Austria,Reading,Male,0,Male,474.8
2018,Austria,Reading,Male,0,Male,470.6
2022,Austria,Reading,Male,0,Male,470.5
2025,Austria,Reading,Male,0,Male,454.3
2006,Austria,Reading,Male,High,MaleHigh,510
2009,Austria,Reading,Male,High,MaleHigh,512
2012,Austria,Reading,Male,High,MaleHigh,522.4
2015,Austria,Reading,Male,High,MaleHigh,524.4
2018,Austria,Reading,Male,High,MaleHigh,517.9
2022,Austria,Reading,Male,High,MaleHigh,521.2
2025,Austria,Reading,Male,High,MaleHigh,493.4
2006,Austria,Reading,Male,Low,MaleLow,431
2009,Austria,Reading,Male,Low,MaleLow,409.1
2012,Austria,Reading,Male,Low,MaleLow,434.8
2015,Austria,Reading,Male,Low,MaleLow,433.9
2018,Austria,Reading,Male,Low,MaleLow,438.5
2022,Austria,Reading,Male,Low,MaleLow,430.4
2025,Austria,Reading,Male,Low,MaleLow,426.7
2006,Austria,Reading,Male,Medium,MaleMedium,470.6
2009,Austria,Reading,Male,Medium,MaleMedium,456.1
2012,Austria,Reading,Male,Medium,MaleMedium,481.4
2015,Austria,Reading,Male,Medium,MaleMedium,483
2018,Austria,Reading,Male,Medium,MaleMedium,481.6
2022,Austria,Reading,Male,Medium,MaleMedium,479.3
2025,Austria,Reading,Male,Medium,MaleMedium,470.2
2006,Austria,Science,Female,0,Female,507
2009,Austria,Science,Female,0,Female,490.5
2012,Austria,Science,Female,0,Female,501.5
2015,Austria,Science,Female,0,Female,485.5
2018,Austria,Science,Female,0,Female,488.6
2022,Austria,Science,Female,0,Female,485.5
2025,Austria,Science,Female,0,Female,495.5
2006,Austria,Science,Female,High,FemaleHigh,558.8
2009,Austria,Science,Female,High,FemaleHigh,546.5
2012,Austria,Science,Female,High,FemaleHigh,550.9
2015,Austria,Science,Female,High,FemaleHigh,536.3
2018,Austria,Science,Female,High,FemaleHigh,541.4
2022,Austria,Science,Female,High,FemaleHigh,547.6
2025,Austria,Science,Female,High,FemaleHigh,547.4
2006,Austria,Science,Female,Low,FemaleLow,460.8
2009,Austria,Science,Female,Low,FemaleLow,450.4
2012,Austria,Science,Female,Low,FemaleLow,466.6
2015,Austria,Science,Female,Low,FemaleLow,450.1
2018,Austria,Science,Female,Low,FemaleLow,455.8
2022,Austria,Science,Female,Low,FemaleLow,434.1
2025,Austria,Science,Female,Low,FemaleLow,456.4
2006,Austria,Science,Female,Medium,FemaleMedium,511.3
2009,Austria,Science,Female,Medium,FemaleMedium,499.4
2012,Austria,Science,Female,Medium,FemaleMedium,509.2
2015,Austria,Science,Female,Medium,FemaleMedium,493.7
2018,Austria,Science,Female,Medium,FemaleMedium,493.4
2022,Austria,Science,Female,Medium,FemaleMedium,497.7
2025,Austria,Science,Female,Medium,FemaleMedium,509.7
2006,Austria,Science,0,0,General,510.8
2009,Austria,Science,0,0,General,494.3
2012,Austria,Science,0,0,General,505.8
2015,Austria,Science,0,0,General,495
2018,Austria,Science,0,0,General,489.8
2022,Austria,Science,0,0,General,491.3
2025,Austria,Science,0,0,General,496.9
2006,Austria,Science,0,High,GeneralHigh,556.3
2009,Austria,Science,0,High,GeneralHigh,554.9
2012,Austria,Science,0,High,GeneralHigh,557.1
2015,Austria,Science,0,High,GeneralHigh,543.8
2018,Austria,Science,0,High,GeneralHigh,540.7
2022,Austria,Science,0,High,GeneralHigh,550.4
2025,Austria,Science,0,High,GeneralHigh,545.6
2006,Austria,Science,0,Low,GeneralLow,469.5
2009,Austria,Science,0,Low,GeneralLow,452.9
2012,Austria,Science,0,Low,GeneralLow,469.3
2015,Austria,Science,0,Low,GeneralLow,457
2018,Austria,Science,0,Low,GeneralLow,456.1
2022,Austria,Science,0,Low,GeneralLow,441.9
2025,Austria,Science,0,Low,GeneralLow,459.7
2006,Austria,Science,0,Medium,GeneralMedium,514.6
2009,Austria,Science,0,Medium,GeneralMedium,502.4
2012,Austria,Science,0,Medium,GeneralMedium,515.5
2015,Austria,Science,0,Medium,GeneralMedium,503.7
2018,Austria,Science,0,Medium,GeneralMedium,498.5
2022,Austria,Science,0,Medium,GeneralMedium,503.4
2025,Austria,Science,0,Medium,GeneralMedium,513.7
2006,Austria,Science,Male,0,Male,514.5
2009,Austria,Science,Male,0,Male,498.3
2012,Austria,Science,Male,0,Male,510.1
2015,Austria,Science,Male,0,Male,504.4
2018,Austria,Science,Male,0,Male,490.9
2022,Austria,Science,Male,0,Male,496.8
2025,Austria,Science,Male,0,Male,498.4
2006,Austria,Science,Male,High,MaleHigh,553.8
2009,Austria,Science,Male,High,MaleHigh,563.8
2012,Austria,Science,Male,High,MaleHigh,563.7
2015,Austria,Science,Male,High,MaleHigh,550.4
2018,Austria,Science,Male,High,MaleHigh,540
2022,Austria,Science,Male,High,MaleHigh,553
2025,Austria,Science,Male,High,MaleHigh,543.6
2006,Austria,Science,Male,Low,MaleLow,478.2
2009,Austria,Science,Male,Low,MaleLow,455.6
2012,Austria,Science,Male,Low,MaleLow,472.2
2015,Austria,Science,Male,Low,MaleLow,464.5
2018,Austria,Science,Male,Low,MaleLow,456.3
2022,Austria,Science,Male,Low,MaleLow,449.8
2025,Austria,Science,Male,Low,MaleLow,463.3
2006,Austria,Science,Male,Medium,MaleMedium,517.6
2009,Austria,Science,Male,Medium,MaleMedium,505.6
2012,Austria,Science,Male,Medium,MaleMedium,521.4
2015,Austria,Science,Male,Medium,MaleMedium,513.3
2018,Austria,Science,Male,Medium,MaleMedium,503.7
2022,Austria,Science,Male,Medium,MaleMedium,508.8
2025,Austria,Science,Male,Medium,MaleMedium,517.5
2025,Azerbaijan,Math,Female,0,Female,422.8
2025,Azerbaijan,Math,Female,High,FemaleHigh,471.4
2025,Azerbaijan,Math,Female,Low,FemaleLow,406
2025,Azerbaijan,Math,Female,Medium,FemaleMedium,454.4
2025,Azerbaijan,Math,0,0,General,422.4
2025,Azerbaijan,Math,0,High,GeneralHigh,472.2
2025,Azerbaijan,Math,0,Low,GeneralLow,408
2025,Azerbaijan,Math,0,Medium,GeneralMedium,457.3
2025,Azerbaijan,Math,Male,0,Male,422
2025,Azerbaijan,Math,Male,High,MaleHigh,472.9
2025,Azerbaijan,Math,Male,Low,MaleLow,410.1
2025,Azerbaijan,Math,Male,Medium,MaleMedium,460.3
2025,Azerbaijan,Reading,Female,0,Female,392.4
2025,Azerbaijan,Reading,Female,High,FemaleHigh,430.2
2025,Azerbaijan,Reading,Female,Low,FemaleLow,380
2025,Azerbaijan,Reading,Female,Medium,FemaleMedium,416.4
2025,Azerbaijan,Reading,0,0,General,373.6
2025,Azerbaijan,Reading,0,High,GeneralHigh,409.2
2025,Azerbaijan,Reading,0,Low,GeneralLow,364
2025,Azerbaijan,Reading,0,Medium,GeneralMedium,401.8
2025,Azerbaijan,Reading,Male,0,Male,356.3
2025,Azerbaijan,Reading,Male,High,MaleHigh,392.6
2025,Azerbaijan,Reading,Male,Low,MaleLow,347.4
2025,Azerbaijan,Reading,Male,Medium,MaleMedium,386.9
2025,Azerbaijan,Science,Female,0,Female,415.7
2025,Azerbaijan,Science,Female,High,FemaleHigh,458.6
2025,Azerbaijan,Science,Female,Low,FemaleLow,401.3
2025,Azerbaijan,Science,Female,Medium,FemaleMedium,443.2
2025,Azerbaijan,Science,0,0,General,408.6
2025,Azerbaijan,Science,0,High,GeneralHigh,449.4
2025,Azerbaijan,Science,0,Low,GeneralLow,397
2025,Azerbaijan,Science,0,Medium,GeneralMedium,439.8
2025,Azerbaijan,Science,Male,0,Male,402
2025,Azerbaijan,Science,Male,High,MaleHigh,442
2025,Azerbaijan,Science,Male,Low,MaleLow,392.5
2025,Azerbaijan,Science,Male,Medium,MaleMedium,436.4
2015,B-S-J-G (China),Math,Female,0,Female,528.2
2015,B-S-J-G (China),Math,Female,High,FemaleHigh,618.1
2015,B-S-J-G (China),Math,Female,Low,FemaleLow,509.2
2015,B-S-J-G (China),Math,Female,Medium,FemaleMedium,581.2
2015,B-S-J-G (China),Math,0,0,General,531.3
2015,B-S-J-G (China),Math,0,High,GeneralHigh,617
2015,B-S-J-G (China),Math,0,Low,GeneralLow,513.1
2015,B-S-J-G (China),Math,0,Medium,GeneralMedium,578.1
2015,B-S-J-G (China),Math,Male,0,Male,534
2015,B-S-J-G (China),Math,Male,High,MaleHigh,616.1
2015,B-S-J-G (China),Math,Male,Low,MaleLow,516.7
2015,B-S-J-G (China),Math,Male,Medium,MaleMedium,575.6
2015,B-S-J-G (China),Reading,Female,0,Female,502.6
2015,B-S-J-G (China),Reading,Female,High,FemaleHigh,604.1
2015,B-S-J-G (China),Reading,Female,Low,FemaleLow,481.1
2015,B-S-J-G (China),Reading,Female,Medium,FemaleMedium,564.2
2015,B-S-J-G (China),Reading,0,0,General,493.9
2015,B-S-J-G (China),Reading,0,High,GeneralHigh,590.4
2015,B-S-J-G (China),Reading,0,Low,GeneralLow,473.9
2015,B-S-J-G (China),Reading,0,Medium,GeneralMedium,545.7
2015,B-S-J-G (China),Reading,Male,0,Male,486.4
2015,B-S-J-G (China),Reading,Male,High,MaleHigh,578.3
2015,B-S-J-G (China),Reading,Male,Low,MaleLow,467.4
2015,B-S-J-G (China),Reading,Male,Medium,MaleMedium,531.4
2015,B-S-J-G (China),Science,Female,0,Female,512.8
2015,B-S-J-G (China),Science,Female,High,FemaleHigh,606.4
2015,B-S-J-G (China),Science,Female,Low,FemaleLow,492.9
2015,B-S-J-G (China),Science,Female,Medium,FemaleMedium,568.2
2015,B-S-J-G (China),Science,0,0,General,517.8
2015,B-S-J-G (China),Science,0,High,GeneralHigh,606.4
2015,B-S-J-G (China),Science,0,Low,GeneralLow,498.8
2015,B-S-J-G (China),Science,0,Medium,GeneralMedium,566.7
2015,B-S-J-G (China),Science,Male,0,Male,522.1
2015,B-S-J-G (China),Science,Male,High,MaleHigh,606.3
2015,B-S-J-G (China),Science,Male,Low,MaleLow,504.1
2015,B-S-J-G (China),Science,Male,Medium,MaleMedium,565.6
2018,B-S-J-Z (China),Math,Female,0,Female,585.8
2025,B-S-J-Z (China),Math,Female,0,Female,601.6
2018,B-S-J-Z (China),Math,Female,High,FemaleHigh,636.7
2025,B-S-J-Z (China),Math,Female,High,FemaleHigh,655.5
2018,B-S-J-Z (China),Math,Female,Low,FemaleLow,569.2
2025,B-S-J-Z (China),Math,Female,Low,FemaleLow,579.7
2018,B-S-J-Z (China),Math,Female,Medium,FemaleMedium,604.9
2025,B-S-J-Z (China),Math,Female,Medium,FemaleMedium,624.2
2018,B-S-J-Z (China),Math,0,0,General,591.4
2025,B-S-J-Z (China),Math,0,0,General,612.4
2018,B-S-J-Z (China),Math,0,High,GeneralHigh,640
2025,B-S-J-Z (China),Math,0,High,GeneralHigh,666.3
2018,B-S-J-Z (China),Math,0,Low,GeneralLow,576
2025,B-S-J-Z (China),Math,0,Low,GeneralLow,590
2018,B-S-J-Z (China),Math,0,Medium,GeneralMedium,610.1
2025,B-S-J-Z (China),Math,0,Medium,GeneralMedium,638.7
2018,B-S-J-Z (China),Math,Male,0,Male,596.6
2025,B-S-J-Z (China),Math,Male,0,Male,622.4
2018,B-S-J-Z (China),Math,Male,High,MaleHigh,643.2
2025,B-S-J-Z (China),Math,Male,High,MaleHigh,677.6
2018,B-S-J-Z (China),Math,Male,Low,MaleLow,582.1
2025,B-S-J-Z (China),Math,Male,Low,MaleLow,599.2
2018,B-S-J-Z (China),Math,Male,Medium,MaleMedium,614.9
2025,B-S-J-Z (China),Math,Male,Medium,MaleMedium,651.9
2018,B-S-J-Z (China),Reading,Female,0,Female,561.9
2025,B-S-J-Z (China),Reading,Female,0,Female,530.3
2018,B-S-J-Z (China),Reading,Female,High,FemaleHigh,621.3
2025,B-S-J-Z (China),Reading,Female,High,FemaleHigh,576.1
2018,B-S-J-Z (China),Reading,Female,Low,FemaleLow,542.3
2025,B-S-J-Z (China),Reading,Female,Low,FemaleLow,511.4
2018,B-S-J-Z (China),Reading,Female,Medium,FemaleMedium,585.3
2025,B-S-J-Z (China),Reading,Female,Medium,FemaleMedium,550.3
2018,B-S-J-Z (China),Reading,0,0,General,555.2
2025,B-S-J-Z (China),Reading,0,0,General,526.5
2018,B-S-J-Z (China),Reading,0,High,GeneralHigh,613.5
2025,B-S-J-Z (China),Reading,0,High,GeneralHigh,572
2018,B-S-J-Z (China),Reading,0,Low,GeneralLow,536.6
2025,B-S-J-Z (China),Reading,0,Low,GeneralLow,507.2
2018,B-S-J-Z (China),Reading,0,Medium,GeneralMedium,578.3
2025,B-S-J-Z (China),Reading,0,Medium,GeneralMedium,549.7
2018,B-S-J-Z (China),Reading,Male,0,Male,549.1
2025,B-S-J-Z (China),Reading,Male,0,Male,523.1
2018,B-S-J-Z (China),Reading,Male,High,MaleHigh,605.8
2025,B-S-J-Z (China),Reading,Male,High,MaleHigh,567.8
2018,B-S-J-Z (China),Reading,Male,Low,MaleLow,531.5
2025,B-S-J-Z (China),Reading,Male,Low,MaleLow,503.4
2018,B-S-J-Z (China),Reading,Male,Medium,MaleMedium,571.9
2025,B-S-J-Z (China),Reading,Male,Medium,MaleMedium,549.1
2018,B-S-J-Z (China),Science,Female,0,Female,584.2
2025,B-S-J-Z (China),Science,Female,0,Female,589.7
2018,B-S-J-Z (China),Science,Female,High,FemaleHigh,635.7
2025,B-S-J-Z (China),Science,Female,High,FemaleHigh,636.7
2018,B-S-J-Z (China),Science,Female,Low,FemaleLow,567.4
2025,B-S-J-Z (China),Science,Female,Low,FemaleLow,570.5
2018,B-S-J-Z (China),Science,Female,Medium,FemaleMedium,603.7
2025,B-S-J-Z (China),Science,Female,Medium,FemaleMedium,609.8
2018,B-S-J-Z (China),Science,0,0,General,590.5
2025,B-S-J-Z (China),Science,0,0,General,597
2018,B-S-J-Z (China),Science,0,High,GeneralHigh,641.6
2025,B-S-J-Z (China),Science,0,High,GeneralHigh,643.6
2018,B-S-J-Z (China),Science,0,Low,GeneralLow,574.1
2025,B-S-J-Z (China),Science,0,Low,GeneralLow,577.4
2018,B-S-J-Z (China),Science,0,Medium,GeneralMedium,610.7
2025,B-S-J-Z (China),Science,0,Medium,GeneralMedium,620.3
2018,B-S-J-Z (China),Science,Male,0,Male,596.2
2025,B-S-J-Z (China),Science,Male,0,Male,603.8
2018,B-S-J-Z (China),Science,Male,High,MaleHigh,647.4
2025,B-S-J-Z (China),Science,Male,High,MaleHigh,650.7
2018,B-S-J-Z (China),Science,Male,Low,MaleLow,580.2
2025,B-S-J-Z (China),Science,Male,Low,MaleLow,583.7
2018,B-S-J-Z (China),Science,Male,Medium,MaleMedium,617
2025,B-S-J-Z (China),Science,Male,Medium,MaleMedium,629.9
2018,Baku (Azerbaijan),Math,Female,0,Female,415.6
2022,Baku (Azerbaijan),Math,Female,0,Female,400.6
2018,Baku (Azerbaijan),Math,Female,High,FemaleHigh,455.5
2022,Baku (Azerbaijan),Math,Female,High,FemaleHigh,438.4
2018,Baku (Azerbaijan),Math,Female,Low,FemaleLow,402.2
2022,Baku (Azerbaijan),Math,Female,Low,FemaleLow,389.5
2018,Baku (Azerbaijan),Math,Female,Medium,FemaleMedium,435.4
2022,Baku (Azerbaijan),Math,Female,Medium,FemaleMedium,413
2018,Baku (Azerbaijan),Math,0,0,General,419.6
2022,Baku (Azerbaijan),Math,0,0,General,396.9
2018,Baku (Azerbaijan),Math,0,High,GeneralHigh,454.5
2022,Baku (Azerbaijan),Math,0,High,GeneralHigh,436.9
2018,Baku (Azerbaijan),Math,0,Low,GeneralLow,407.9
2022,Baku (Azerbaijan),Math,0,Low,GeneralLow,387.4
2018,Baku (Azerbaijan),Math,0,Medium,GeneralMedium,439.5
2022,Baku (Azerbaijan),Math,0,Medium,GeneralMedium,408.7
2018,Baku (Azerbaijan),Math,Male,0,Male,423.3
2022,Baku (Azerbaijan),Math,Male,0,Male,393.5
2018,Baku (Azerbaijan),Math,Male,High,MaleHigh,453.7
2022,Baku (Azerbaijan),Math,Male,High,MaleHigh,435.6
2018,Baku (Azerbaijan),Math,Male,Low,MaleLow,413
2022,Baku (Azerbaijan),Math,Male,Low,MaleLow,385.4
2018,Baku (Azerbaijan),Math,Male,Medium,MaleMedium,443.5
2022,Baku (Azerbaijan),Math,Male,Medium,MaleMedium,404.5
2018,Baku (Azerbaijan),Reading,Female,0,Female,402.8
2022,Baku (Azerbaijan),Reading,Female,0,Female,384.9
2018,Baku (Azerbaijan),Reading,Female,High,FemaleHigh,437.9
2022,Baku (Azerbaijan),Reading,Female,High,FemaleHigh,422.9
2018,Baku (Azerbaijan),Reading,Female,Low,FemaleLow,392.5
2022,Baku (Azerbaijan),Reading,Female,Low,FemaleLow,374.1
2018,Baku (Azerbaijan),Reading,Female,Medium,FemaleMedium,416.9
2022,Baku (Azerbaijan),Reading,Female,Medium,FemaleMedium,398.1
2018,Baku (Azerbaijan),Reading,0,0,General,389.4
2022,Baku (Azerbaijan),Reading,0,0,General,365.2
2018,Baku (Azerbaijan),Reading,0,High,GeneralHigh,419.1
2022,Baku (Azerbaijan),Reading,0,High,GeneralHigh,404.2
2018,Baku (Azerbaijan),Reading,0,Low,GeneralLow,380.3
2022,Baku (Azerbaijan),Reading,0,Low,GeneralLow,356.1
2018,Baku (Azerbaijan),Reading,0,Medium,GeneralMedium,404.3
2022,Baku (Azerbaijan),Reading,0,Medium,GeneralMedium,378.6
2018,Baku (Azerbaijan),Reading,Male,0,Male,377.3
2022,Baku (Azerbaijan),Reading,Male,0,Male,347.5
2018,Baku (Azerbaijan),Reading,Male,High,MaleHigh,402.9
2022,Baku (Azerbaijan),Reading,Male,High,MaleHigh,387.3
2018,Baku (Azerbaijan),Reading,Male,Low,MaleLow,369.4
2022,Baku (Azerbaijan),Reading,Male,Low,MaleLow,339.6
2018,Baku (Azerbaijan),Reading,Male,Medium,MaleMedium,392
2022,Baku (Azerbaijan),Reading,Male,Medium,MaleMedium,359.5
2018,Baku (Azerbaijan),Science,Female,0,Female,400.3
2022,Baku (Azerbaijan),Science,Female,0,Female,386.7
2018,Baku (Azerbaijan),Science,Female,High,FemaleHigh,432.3
2022,Baku (Azerbaijan),Science,Female,High,FemaleHigh,426.3
2018,Baku (Azerbaijan),Science,Female,Low,FemaleLow,390.9
2022,Baku (Azerbaijan),Science,Female,Low,FemaleLow,375.7
2018,Baku (Azerbaijan),Science,Female,Medium,FemaleMedium,412.9
2022,Baku (Azerbaijan),Science,Female,Medium,FemaleMedium,398.1
2018,Baku (Azerbaijan),Science,0,0,General,397.6
2022,Baku (Azerbaijan),Science,0,0,General,380.1
2018,Baku (Azerbaijan),Science,0,High,GeneralHigh,427.1
2022,Baku (Azerbaijan),Science,0,High,GeneralHigh,420.4
2018,Baku (Azerbaijan),Science,0,Low,GeneralLow,389.1
2022,Baku (Azerbaijan),Science,0,Low,GeneralLow,370.7
2018,Baku (Azerbaijan),Science,0,Medium,GeneralMedium,410.8
2022,Baku (Azerbaijan),Science,0,Medium,GeneralMedium,391.4
2018,Baku (Azerbaijan),Science,Male,0,Male,395.2
2022,Baku (Azerbaijan),Science,Male,0,Male,374.3
2018,Baku (Azerbaijan),Science,Male,High,MaleHigh,422.6
2022,Baku (Azerbaijan),Science,Male,High,MaleHigh,415.2
2018,Baku (Azerbaijan),Science,Male,Low,MaleLow,387.4
2022,Baku (Azerbaijan),Science,Male,Low,MaleLow,366.1
2018,Baku (Azerbaijan),Science,Male,Medium,MaleMedium,408.7
2022,Baku (Azerbaijan),Science,Male,Medium,MaleMedium,384.8
2018,Belarus,Math,Female,0,Female,468.6
2018,Belarus,Math,Female,High,FemaleHigh,524.4
2018,Belarus,Math,Female,Low,FemaleLow,431.7
2018,Belarus,Math,Female,Medium,FemaleMedium,485.6
2018,Belarus,Math,0,0,General,471.9
2018,Belarus,Math,0,High,GeneralHigh,532.9
2018,Belarus,Math,0,Low,GeneralLow,434.2
2018,Belarus,Math,0,Medium,GeneralMedium,491.3
2018,Belarus,Math,Male,0,Male,474.9
2018,Belarus,Math,Male,High,MaleHigh,542
2018,Belarus,Math,Male,Low,MaleLow,436.4
2018,Belarus,Math,Male,Medium,MaleMedium,496.8
2018,Belarus,Reading,Female,0,Female,485.6
2018,Belarus,Reading,Female,High,FemaleHigh,539.1
2018,Belarus,Reading,Female,Low,FemaleLow,450.8
2018,Belarus,Reading,Female,Medium,FemaleMedium,501.4
2018,Belarus,Reading,0,0,General,473.8
2018,Belarus,Reading,0,High,GeneralHigh,531.4
2018,Belarus,Reading,0,Low,GeneralLow,438
2018,Belarus,Reading,0,Medium,GeneralMedium,492.6
2018,Belarus,Reading,Male,0,Male,462.9
2018,Belarus,Reading,Male,High,MaleHigh,523
2018,Belarus,Reading,Male,Low,MaleLow,427.1
2018,Belarus,Reading,Male,Medium,MaleMedium,484.2
2018,Belarus,Science,Female,0,Female,469.7
2018,Belarus,Science,Female,High,FemaleHigh,517.7
2018,Belarus,Science,Female,Low,FemaleLow,437.9
2018,Belarus,Science,Female,Medium,FemaleMedium,484
2018,Belarus,Science,0,0,General,471.3
2018,Belarus,Science,0,High,GeneralHigh,522.4
2018,Belarus,Science,0,Low,GeneralLow,439
2018,Belarus,Science,0,Medium,GeneralMedium,488.1
2018,Belarus,Science,Male,0,Male,472.7
2018,Belarus,Science,Male,High,MaleHigh,527.5
2018,Belarus,Science,Male,Low,MaleLow,439.9
2018,Belarus,Science,Male,Medium,MaleMedium,492
2006,Belgium,Math,Female,0,Female,516.7
2009,Belgium,Math,Female,0,Female,504.2
2012,Belgium,Math,Female,0,Female,511.6
2015,Belgium,Math,Female,0,Female,499.7
2018,Belgium,Math,Female,0,Female,502
2022,Belgium,Math,Female,0,Female,485.7
2006,Belgium,Math,Female,High,FemaleHigh,563.9
2009,Belgium,Math,Female,High,FemaleHigh,563.7
2012,Belgium,Math,Female,High,FemaleHigh,561.8
2015,Belgium,Math,Female,High,FemaleHigh,548.9
2018,Belgium,Math,Female,High,FemaleHigh,559.6
2022,Belgium,Math,Female,High,FemaleHigh,543.4
2006,Belgium,Math,Female,Low,FemaleLow,468.8
2009,Belgium,Math,Female,Low,FemaleLow,456.5
2012,Belgium,Math,Female,Low,FemaleLow,470.3
2015,Belgium,Math,Female,Low,FemaleLow,454.5
2018,Belgium,Math,Female,Low,FemaleLow,456.8
2022,Belgium,Math,Female,Low,FemaleLow,433.3
2006,Belgium,Math,Female,Medium,FemaleMedium,525
2009,Belgium,Math,Female,Medium,FemaleMedium,505.5
2012,Belgium,Math,Female,Medium,FemaleMedium,515.5
2015,Belgium,Math,Female,Medium,FemaleMedium,502.9
2018,Belgium,Math,Female,Medium,FemaleMedium,509
2022,Belgium,Math,Female,Medium,FemaleMedium,489.4
2006,Belgium,Math,0,0,General,520.3
2009,Belgium,Math,0,0,General,515.3
2012,Belgium,Math,0,0,General,514.7
2015,Belgium,Math,0,0,General,507
2018,Belgium,Math,0,0,General,508.1
2022,Belgium,Math,0,0,General,489.5
2025,Belgium,Math,0,0,General,479.7
2006,Belgium,Math,0,High,GeneralHigh,566.8
2009,Belgium,Math,0,High,GeneralHigh,572.7
2012,Belgium,Math,0,High,GeneralHigh,562.6
2015,Belgium,Math,0,High,GeneralHigh,556.3
2018,Belgium,Math,0,High,GeneralHigh,564.3
2022,Belgium,Math,0,High,GeneralHigh,546.9
2025,Belgium,Math,0,High,GeneralHigh,531.6
2006,Belgium,Math,0,Low,GeneralLow,472.5
2009,Belgium,Math,0,Low,GeneralLow,468.1
2012,Belgium,Math,0,Low,GeneralLow,474.7
2015,Belgium,Math,0,Low,GeneralLow,463.2
2018,Belgium,Math,0,Low,GeneralLow,463.1
2022,Belgium,Math,0,Low,GeneralLow,440.9
2025,Belgium,Math,0,Low,GeneralLow,444.8
2006,Belgium,Math,0,Medium,GeneralMedium,526.2
2009,Belgium,Math,0,Medium,GeneralMedium,516
2012,Belgium,Math,0,Medium,GeneralMedium,519.4
2015,Belgium,Math,0,Medium,GeneralMedium,506.8
2018,Belgium,Math,0,Medium,GeneralMedium,513.2
2022,Belgium,Math,0,Medium,GeneralMedium,494.8
2025,Belgium,Math,0,Medium,GeneralMedium,490.5
2006,Belgium,Math,Male,0,Male,523.7
2009,Belgium,Math,Male,0,Male,525.9
2012,Belgium,Math,Male,0,Male,517.9
2015,Belgium,Math,Male,0,Male,514
2018,Belgium,Math,Male,0,Male,514.1
2022,Belgium,Math,Male,0,Male,493.4
2006,Belgium,Math,Male,High,MaleHigh,569.3
2009,Belgium,Math,Male,High,MaleHigh,580.7
2012,Belgium,Math,Male,High,MaleHigh,563.4
2015,Belgium,Math,Male,High,MaleHigh,563
2018,Belgium,Math,Male,High,MaleHigh,568.7
2022,Belgium,Math,Male,High,MaleHigh,550.8
2006,Belgium,Math,Male,Low,MaleLow,476.2
2009,Belgium,Math,Male,Low,MaleLow,479.9
2012,Belgium,Math,Male,Low,MaleLow,479.3
2015,Belgium,Math,Male,Low,MaleLow,472
2018,Belgium,Math,Male,Low,MaleLow,470.1
2022,Belgium,Math,Male,Low,MaleLow,448.2
2006,Belgium,Math,Male,Medium,MaleMedium,527.3
2009,Belgium,Math,Male,Medium,MaleMedium,526.3
2012,Belgium,Math,Male,Medium,MaleMedium,523.2
2015,Belgium,Math,Male,Medium,MaleMedium,510.7
2018,Belgium,Math,Male,Medium,MaleMedium,517.3
2022,Belgium,Math,Male,Medium,MaleMedium,500.5
2006,Belgium,Reading,Female,0,Female,521.7
2009,Belgium,Reading,Female,0,Female,519.8
2012,Belgium,Reading,Female,0,Female,525
2015,Belgium,Reading,Female,0,Female,506.6
2018,Belgium,Reading,Female,0,Female,503.7
2022,Belgium,Reading,Female,0,Female,492.4
2006,Belgium,Reading,Female,High,FemaleHigh,566.2
2009,Belgium,Reading,Female,High,FemaleHigh,574.5
2012,Belgium,Reading,Female,High,FemaleHigh,573
2015,Belgium,Reading,Female,High,FemaleHigh,556.2
2018,Belgium,Reading,Female,High,FemaleHigh,558.9
2022,Belgium,Reading,Female,High,FemaleHigh,550.7
2006,Belgium,Reading,Female,Low,FemaleLow,474
2009,Belgium,Reading,Female,Low,FemaleLow,476.7
2012,Belgium,Reading,Female,Low,FemaleLow,484.2
2015,Belgium,Reading,Female,Low,FemaleLow,461.6
2018,Belgium,Reading,Female,Low,FemaleLow,460.2
2022,Belgium,Reading,Female,Low,FemaleLow,442.1
2006,Belgium,Reading,Female,Medium,FemaleMedium,532.1
2009,Belgium,Reading,Female,Medium,FemaleMedium,520.1
2012,Belgium,Reading,Female,Medium,FemaleMedium,531.1
2015,Belgium,Reading,Female,Medium,FemaleMedium,510.8
2018,Belgium,Reading,Female,Medium,FemaleMedium,511.5
2022,Belgium,Reading,Female,Medium,FemaleMedium,495.7
2006,Belgium,Reading,0,0,General,500.9
2009,Belgium,Reading,0,0,General,505.9
2012,Belgium,Reading,0,0,General,509.1
2015,Belgium,Reading,0,0,General,498.5
2018,Belgium,Reading,0,0,General,492.9
2022,Belgium,Reading,0,0,General,478.9
2025,Belgium,Reading,0,0,General,466.3
2006,Belgium,Reading,0,High,GeneralHigh,545.1
2009,Belgium,Reading,0,High,GeneralHigh,561.5
2012,Belgium,Reading,0,High,GeneralHigh,556
2015,Belgium,Reading,0,High,GeneralHigh,548
2018,Belgium,Reading,0,High,GeneralHigh,547.1
2022,Belgium,Reading,0,High,GeneralHigh,536.3
2025,Belgium,Reading,0,High,GeneralHigh,513.2
2006,Belgium,Reading,0,Low,GeneralLow,454.5
2009,Belgium,Reading,0,Low,GeneralLow,461
2012,Belgium,Reading,0,Low,GeneralLow,468.8
2015,Belgium,Reading,0,Low,GeneralLow,455.1
2018,Belgium,Reading,0,Low,GeneralLow,450.4
2022,Belgium,Reading,0,Low,GeneralLow,431.2
2025,Belgium,Reading,0,Low,GeneralLow,437.9
2006,Belgium,Reading,0,Medium,GeneralMedium,507.4
2009,Belgium,Reading,0,Medium,GeneralMedium,506.5
2012,Belgium,Reading,0,Medium,GeneralMedium,515.8
2015,Belgium,Reading,0,Medium,GeneralMedium,499.8
2018,Belgium,Reading,0,Medium,GeneralMedium,498
2022,Belgium,Reading,0,Medium,GeneralMedium,485
2025,Belgium,Reading,0,Medium,GeneralMedium,480
2006,Belgium,Reading,Male,0,Male,482
2009,Belgium,Reading,Male,0,Male,492.7
2012,Belgium,Reading,Male,0,Male,493.3
2015,Belgium,Reading,Male,0,Male,490.7
2018,Belgium,Reading,Male,0,Male,482
2022,Belgium,Reading,Male,0,Male,464.9
2006,Belgium,Reading,Male,High,MaleHigh,527.4
2009,Belgium,Reading,Male,High,MaleHigh,549.9
2012,Belgium,Reading,Male,High,MaleHigh,539.9
2015,Belgium,Reading,Male,High,MaleHigh,540.5
2018,Belgium,Reading,Male,High,MaleHigh,535.9
2022,Belgium,Reading,Male,High,MaleHigh,520.5
2006,Belgium,Reading,Male,Low,MaleLow,435.7
2009,Belgium,Reading,Male,Low,MaleLow,445.1
2012,Belgium,Reading,Male,Low,MaleLow,452.7
2015,Belgium,Reading,Male,Low,MaleLow,448.4
2018,Belgium,Reading,Male,Low,MaleLow,439.4
2022,Belgium,Reading,Male,Low,MaleLow,420.7
2006,Belgium,Reading,Male,Medium,MaleMedium,484.7
2009,Belgium,Reading,Male,Medium,MaleMedium,493.1
2012,Belgium,Reading,Male,Medium,MaleMedium,500.4
2015,Belgium,Reading,Male,Medium,MaleMedium,488.8
2018,Belgium,Reading,Male,Medium,MaleMedium,484.7
2022,Belgium,Reading,Male,Medium,MaleMedium,473.5
2006,Belgium,Science,Female,0,Female,510
2009,Belgium,Science,Female,0,Female,503.3
2012,Belgium,Science,Female,0,Female,505.5
2015,Belgium,Science,Female,0,Female,496
2018,Belgium,Science,Female,0,Female,496.4
2022,Belgium,Science,Female,0,Female,490.5
2006,Belgium,Science,Female,High,FemaleHigh,557.2
2009,Belgium,Science,Female,High,FemaleHigh,560.6
2012,Belgium,Science,Female,High,FemaleHigh,550.7
2015,Belgium,Science,Female,High,FemaleHigh,548.2
2018,Belgium,Science,Female,High,FemaleHigh,552.5
2022,Belgium,Science,Female,High,FemaleHigh,549.2
2006,Belgium,Science,Female,Low,FemaleLow,462.2
2009,Belgium,Science,Female,Low,FemaleLow,457.2
2012,Belgium,Science,Female,Low,FemaleLow,466.5
2015,Belgium,Science,Female,Low,FemaleLow,449.2
2018,Belgium,Science,Female,Low,FemaleLow,452.1
2022,Belgium,Science,Female,Low,FemaleLow,435.9
2006,Belgium,Science,Female,Medium,FemaleMedium,518.1
2009,Belgium,Science,Female,Medium,FemaleMedium,504.7
2012,Belgium,Science,Female,Medium,FemaleMedium,511.4
2015,Belgium,Science,Female,Medium,FemaleMedium,498.7
2018,Belgium,Science,Female,Medium,FemaleMedium,503.6
2022,Belgium,Science,Female,Medium,FemaleMedium,495.4
2006,Belgium,Science,0,0,General,510.4
2009,Belgium,Science,0,0,General,506.6
2012,Belgium,Science,0,0,General,505.5
2015,Belgium,Science,0,0,General,502
2018,Belgium,Science,0,0,General,498.8
2022,Belgium,Science,0,0,General,490.6
2025,Belgium,Science,0,0,General,489.7
2006,Belgium,Science,0,High,GeneralHigh,556.6
2009,Belgium,Science,0,High,GeneralHigh,562.8
2012,Belgium,Science,0,High,GeneralHigh,549.8
2015,Belgium,Science,0,High,GeneralHigh,554.1
2018,Belgium,Science,0,High,GeneralHigh,553.8
2022,Belgium,Science,0,High,GeneralHigh,548.7
2025,Belgium,Science,0,High,GeneralHigh,542.7
2006,Belgium,Science,0,Low,GeneralLow,463.8
2009,Belgium,Science,0,Low,GeneralLow,459.9
2012,Belgium,Science,0,Low,GeneralLow,466.6
2015,Belgium,Science,0,Low,GeneralLow,456
2018,Belgium,Science,0,Low,GeneralLow,454
2022,Belgium,Science,0,Low,GeneralLow,439.9
2025,Belgium,Science,0,Low,GeneralLow,454.8
2006,Belgium,Science,0,Medium,GeneralMedium,515.2
2009,Belgium,Science,0,Medium,GeneralMedium,508.2
2012,Belgium,Science,0,Medium,GeneralMedium,512.4
2015,Belgium,Science,0,Medium,GeneralMedium,502.3
2018,Belgium,Science,0,Medium,GeneralMedium,504.9
2022,Belgium,Science,0,Medium,GeneralMedium,497.2
2025,Belgium,Science,0,Medium,GeneralMedium,501.1
2006,Belgium,Science,Male,0,Male,510.7
2009,Belgium,Science,Male,0,Male,509.7
2012,Belgium,Science,Male,0,Male,505.4
2015,Belgium,Science,Male,0,Male,507.8
2018,Belgium,Science,Male,0,Male,501.2
2022,Belgium,Science,Male,0,Male,490.6
2006,Belgium,Science,Male,High,MaleHigh,556
2009,Belgium,Science,Male,High,MaleHigh,564.8
2012,Belgium,Science,Male,High,MaleHigh,549
2015,Belgium,Science,Male,High,MaleHigh,559.4
2018,Belgium,Science,Male,High,MaleHigh,555.1
2022,Belgium,Science,Male,High,MaleHigh,548.1
2006,Belgium,Science,Male,Low,MaleLow,465.4
2009,Belgium,Science,Male,Low,MaleLow,462.7
2012,Belgium,Science,Male,Low,MaleLow,466.7
2015,Belgium,Science,Male,Low,MaleLow,463.1
2018,Belgium,Science,Male,Low,MaleLow,456.1
2022,Belgium,Science,Male,Low,MaleLow,443.7
2006,Belgium,Science,Male,Medium,MaleMedium,512.5
2009,Belgium,Science,Male,Medium,MaleMedium,511.7
2012,Belgium,Science,Male,Medium,MaleMedium,513.4
2015,Belgium,Science,Male,Medium,MaleMedium,506
2018,Belgium,Science,Male,Medium,MaleMedium,506.2
2022,Belgium,Science,Male,Medium,MaleMedium,499
2018,Bosnia and Herzegovina,Math,Female,0,Female,405.1
2018,Bosnia and Herzegovina,Math,Female,High,FemaleHigh,450.9
2018,Bosnia and Herzegovina,Math,Female,Low,FemaleLow,394.2
2018,Bosnia and Herzegovina,Math,Female,Medium,FemaleMedium,423.3
2018,Bosnia and Herzegovina,Math,0,0,General,406.4
2018,Bosnia and Herzegovina,Math,0,High,GeneralHigh,451.9
2018,Bosnia and Herzegovina,Math,0,Low,GeneralLow,394.6
2018,Bosnia and Herzegovina,Math,0,Medium,GeneralMedium,425.8
2018,Bosnia and Herzegovina,Math,Male,0,Male,407.6
2018,Bosnia and Herzegovina,Math,Male,High,MaleHigh,452.6
2018,Bosnia and Herzegovina,Math,Male,Low,MaleLow,394.9
2018,Bosnia and Herzegovina,Math,Male,Medium,MaleMedium,428.1
2018,Bosnia and Herzegovina,Reading,Female,0,Female,418.2
2018,Bosnia and Herzegovina,Reading,Female,High,FemaleHigh,461.1
2018,Bosnia and Herzegovina,Reading,Female,Low,FemaleLow,408.2
2018,Bosnia and Herzegovina,Reading,Female,Medium,FemaleMedium,435.9
2018,Bosnia and Herzegovina,Reading,0,0,General,403
2018,Bosnia and Herzegovina,Reading,0,High,GeneralHigh,444.3
2018,Bosnia and Herzegovina,Reading,0,Low,GeneralLow,392.4
2018,Bosnia and Herzegovina,Reading,0,Medium,GeneralMedium,421.3
2018,Bosnia and Herzegovina,Reading,Male,0,Male,388.5
2018,Bosnia and Herzegovina,Reading,Male,High,MaleHigh,430.4
2018,Bosnia and Herzegovina,Reading,Male,Low,MaleLow,377.2
2018,Bosnia and Herzegovina,Reading,Male,Medium,MaleMedium,407.4
2018,Bosnia and Herzegovina,Science,Female,0,Female,398.8
2018,Bosnia and Herzegovina,Science,Female,High,FemaleHigh,439.5
2018,Bosnia and Herzegovina,Science,Female,Low,FemaleLow,389.2
2018,Bosnia and Herzegovina,Science,Female,Medium,FemaleMedium,415.1
2018,Bosnia and Herzegovina,Science,0,0,General,398.5
2018,Bosnia and Herzegovina,Science,0,High,GeneralHigh,438.9
2018,Bosnia and Herzegovina,Science,0,Low,GeneralLow,388.5
2018,Bosnia and Herzegovina,Science,0,Medium,GeneralMedium,414.2
2018,Bosnia and Herzegovina,Science,Male,0,Male,398.2
2018,Bosnia and Herzegovina,Science,Male,High,MaleHigh,438.5
2018,Bosnia and Herzegovina,Science,Male,Low,MaleLow,387.8
2018,Bosnia and Herzegovina,Science,Male,Medium,MaleMedium,413.3
2006,Brazil,Math,Female,0,Female,360.9
2009,Brazil,Math,Female,0,Female,378.5
2012,Brazil,Math,Female,0,Female,380.5
2015,Brazil,Math,Female,0,Female,369.5
2018,Brazil,Math,Female,0,Female,379.3
2022,Brazil,Math,Female,0,Female,374.6
2025,Brazil,Math,Female,0,Female,373.1
2006,Brazil,Math,Female,High,FemaleHigh,447.2
2009,Brazil,Math,Female,High,FemaleHigh,480.8
2012,Brazil,Math,Female,High,FemaleHigh,468.1
2015,Brazil,Math,Female,High,FemaleHigh,455.7
2018,Brazil,Math,Female,High,FemaleHigh,475.5
2022,Brazil,Math,Female,High,FemaleHigh,466.7
2025,Brazil,Math,Female,High,FemaleHigh,461.2
2006,Brazil,Math,Female,Low,FemaleLow,342.5
2009,Brazil,Math,Female,Low,FemaleLow,365.1
2012,Brazil,Math,Female,Low,FemaleLow,368.3
2015,Brazil,Math,Female,Low,FemaleLow,354.4
2018,Brazil,Math,Female,Low,FemaleLow,361.9
2022,Brazil,Math,Female,Low,FemaleLow,359.8
2025,Brazil,Math,Female,Low,FemaleLow,361
2006,Brazil,Math,Female,Medium,FemaleMedium,395.7
2009,Brazil,Math,Female,Medium,FemaleMedium,405.6
2012,Brazil,Math,Female,Medium,FemaleMedium,416
2015,Brazil,Math,Female,Medium,FemaleMedium,401.4
2018,Brazil,Math,Female,Medium,FemaleMedium,418.3
2022,Brazil,Math,Female,Medium,FemaleMedium,405.6
2025,Brazil,Math,Female,Medium,FemaleMedium,417.9
2006,Brazil,Math,0,0,General,369.5
2009,Brazil,Math,0,0,General,385.8
2012,Brazil,Math,0,0,General,388.5
2015,Brazil,Math,0,0,General,377.1
2018,Brazil,Math,0,0,General,383.6
2022,Brazil,Math,0,0,General,378.7
2025,Brazil,Math,0,0,General,376.8
2006,Brazil,Math,0,High,GeneralHigh,463
2009,Brazil,Math,0,High,GeneralHigh,484.6
2012,Brazil,Math,0,High,GeneralHigh,478.5
2015,Brazil,Math,0,High,GeneralHigh,459.4
2018,Brazil,Math,0,High,GeneralHigh,483.5
2022,Brazil,Math,0,High,GeneralHigh,468.9
2025,Brazil,Math,0,High,GeneralHigh,463.4
2006,Brazil,Math,0,Low,GeneralLow,350.7
2009,Brazil,Math,0,Low,GeneralLow,371.8
2012,Brazil,Math,0,Low,GeneralLow,375.3
2015,Brazil,Math,0,Low,GeneralLow,360.5
2018,Brazil,Math,0,Low,GeneralLow,366.7
2022,Brazil,Math,0,Low,GeneralLow,363.8
2025,Brazil,Math,0,Low,GeneralLow,365.7
2006,Brazil,Math,0,Medium,GeneralMedium,398.9
2009,Brazil,Math,0,Medium,GeneralMedium,411.8
2012,Brazil,Math,0,Medium,GeneralMedium,423.7
2015,Brazil,Math,0,Medium,GeneralMedium,409.9
2018,Brazil,Math,0,Medium,GeneralMedium,420.3
2022,Brazil,Math,0,Medium,GeneralMedium,409.9
2025,Brazil,Math,0,Medium,GeneralMedium,421.9
2006,Brazil,Math,Male,0,Male,379.6
2009,Brazil,Math,Male,0,Male,394
2012,Brazil,Math,Male,0,Male,397.2
2015,Brazil,Math,Male,0,Male,385
2018,Brazil,Math,Male,0,Male,387.9
2022,Brazil,Math,Male,0,Male,382.8
2025,Brazil,Math,Male,0,Male,380.5
2006,Brazil,Math,Male,High,MaleHigh,479.7
2009,Brazil,Math,Male,High,MaleHigh,488.6
2012,Brazil,Math,Male,High,MaleHigh,488.8
2015,Brazil,Math,Male,High,MaleHigh,462.5
2018,Brazil,Math,Male,High,MaleHigh,492.1
2022,Brazil,Math,Male,High,MaleHigh,471.3
2025,Brazil,Math,Male,High,MaleHigh,465.5
2006,Brazil,Math,Male,Low,MaleLow,360.5
2009,Brazil,Math,Male,Low,MaleLow,379.8
2012,Brazil,Math,Male,Low,MaleLow,383.1
2015,Brazil,Math,Male,Low,MaleLow,367.5
2018,Brazil,Math,Male,Low,MaleLow,371.5
2022,Brazil,Math,Male,Low,MaleLow,368.1
2025,Brazil,Math,Male,Low,MaleLow,370.7
2006,Brazil,Math,Male,Medium,MaleMedium,402.2
2009,Brazil,Math,Male,Medium,MaleMedium,417.5
2012,Brazil,Math,Male,Medium,MaleMedium,430.9
2015,Brazil,Math,Male,Medium,MaleMedium,417.8
2018,Brazil,Math,Male,Medium,MaleMedium,422.2
2022,Brazil,Math,Male,Medium,MaleMedium,413.9
2025,Brazil,Math,Male,Medium,MaleMedium,425.7
2006,Brazil,Reading,Female,0,Female,407.6
2009,Brazil,Reading,Female,0,Female,425.2
2012,Brazil,Reading,Female,0,Female,421.8
2015,Brazil,Reading,Female,0,Female,418.6
2018,Brazil,Reading,Female,0,Female,425.7
2022,Brazil,Reading,Female,0,Female,419
2025,Brazil,Reading,Female,0,Female,418.7
2006,Brazil,Reading,Female,High,FemaleHigh,486.9
2009,Brazil,Reading,Female,High,FemaleHigh,535
2012,Brazil,Reading,Female,High,FemaleHigh,500.1
2015,Brazil,Reading,Female,High,FemaleHigh,494.5
2018,Brazil,Reading,Female,High,FemaleHigh,522.4
2022,Brazil,Reading,Female,High,FemaleHigh,515.3
2025,Brazil,Reading,Female,High,FemaleHigh,506.9
2006,Brazil,Reading,Female,Low,FemaleLow,390.5
2009,Brazil,Reading,Female,Low,FemaleLow,410.6
2012,Brazil,Reading,Female,Low,FemaleLow,410.7
2015,Brazil,Reading,Female,Low,FemaleLow,405.8
2018,Brazil,Reading,Female,Low,FemaleLow,407.1
2022,Brazil,Reading,Female,Low,FemaleLow,402
2025,Brazil,Reading,Female,Low,FemaleLow,407
2006,Brazil,Reading,Female,Medium,FemaleMedium,440.3
2009,Brazil,Reading,Female,Medium,FemaleMedium,454.7
2012,Brazil,Reading,Female,Medium,FemaleMedium,457.3
2015,Brazil,Reading,Female,Medium,FemaleMedium,449.6
2018,Brazil,Reading,Female,Medium,FemaleMedium,471
2022,Brazil,Reading,Female,Medium,FemaleMedium,458.7
2025,Brazil,Reading,Female,Medium,FemaleMedium,470.1
2006,Brazil,Reading,0,0,General,392.9
2009,Brazil,Reading,0,0,General,411.8
2012,Brazil,Reading,0,0,General,406.5
2015,Brazil,Reading,0,0,General,407.3
2018,Brazil,Reading,0,0,General,412.9
2022,Brazil,Reading,0,0,General,410.4
2025,Brazil,Reading,0,0,General,408
2006,Brazil,Reading,0,High,GeneralHigh,480
2009,Brazil,Reading,0,High,GeneralHigh,516.4
2012,Brazil,Reading,0,High,GeneralHigh,485.9
2015,Brazil,Reading,0,High,GeneralHigh,479.2
2018,Brazil,Reading,0,High,GeneralHigh,511.2
2022,Brazil,Reading,0,High,GeneralHigh,502.8
2025,Brazil,Reading,0,High,GeneralHigh,494.8
2006,Brazil,Reading,0,Low,GeneralLow,375.3
2009,Brazil,Reading,0,Low,GeneralLow,397.2
2012,Brazil,Reading,0,Low,GeneralLow,395
2015,Brazil,Reading,0,Low,GeneralLow,393.6
2018,Brazil,Reading,0,Low,GeneralLow,395.8
2022,Brazil,Reading,0,Low,GeneralLow,394
2025,Brazil,Reading,0,Low,GeneralLow,398.5
2006,Brazil,Reading,0,Medium,GeneralMedium,420.2
2009,Brazil,Reading,0,Medium,GeneralMedium,438.4
2012,Brazil,Reading,0,Medium,GeneralMedium,440.4
2015,Brazil,Reading,0,Medium,GeneralMedium,437.8
2018,Brazil,Reading,0,Medium,GeneralMedium,452.6
2022,Brazil,Reading,0,Medium,GeneralMedium,447.7
2025,Brazil,Reading,0,Medium,GeneralMedium,458.4
2006,Brazil,Reading,Male,0,Male,375.8
2009,Brazil,Reading,Male,0,Male,396.6
2012,Brazil,Reading,Male,0,Male,390
2015,Brazil,Reading,Male,0,Male,395.5
2018,Brazil,Reading,Male,0,Male,400
2022,Brazil,Reading,Male,0,Male,401.6
2025,Brazil,Reading,Male,0,Male,397.3
2006,Brazil,Reading,Male,High,MaleHigh,472.8
2009,Brazil,Reading,Male,High,MaleHigh,497.1
2012,Brazil,Reading,Male,High,MaleHigh,471.8
2015,Brazil,Reading,Male,High,MaleHigh,466.2
2018,Brazil,Reading,Male,High,MaleHigh,499.3
2022,Brazil,Reading,Male,High,MaleHigh,489.6
2025,Brazil,Reading,Male,High,MaleHigh,483.3
2006,Brazil,Reading,Male,Low,MaleLow,357
2009,Brazil,Reading,Male,Low,MaleLow,381.1
2012,Brazil,Reading,Male,Low,MaleLow,377.3
2015,Brazil,Reading,Male,Low,MaleLow,379.8
2018,Brazil,Reading,Male,Low,MaleLow,384.2
2022,Brazil,Reading,Male,Low,MaleLow,385.5
2025,Brazil,Reading,Male,Low,MaleLow,389.3
2006,Brazil,Reading,Male,Medium,MaleMedium,398.8
2009,Brazil,Reading,Male,Medium,MaleMedium,423.1
2012,Brazil,Reading,Male,Medium,MaleMedium,424.4
2015,Brazil,Reading,Male,Medium,MaleMedium,426.9
2018,Brazil,Reading,Male,Medium,MaleMedium,435.2
2022,Brazil,Reading,Male,Medium,MaleMedium,437.7
2025,Brazil,Reading,Male,Medium,MaleMedium,447.3
2006,Brazil,Science,Female,0,Female,386.2
2009,Brazil,Science,Female,0,Female,403.8
2012,Brazil,Science,Female,0,Female,401.4
2015,Brazil,Science,Female,0,Female,398.7
2018,Brazil,Science,Female,0,Female,404.4
2022,Brazil,Science,Female,0,Female,400.4
2025,Brazil,Science,Female,0,Female,407.8
2006,Brazil,Science,Female,High,FemaleHigh,470.4
2009,Brazil,Science,Female,High,FemaleHigh,508.1
2012,Brazil,Science,Female,High,FemaleHigh,481.1
2015,Brazil,Science,Female,High,FemaleHigh,480.3
2018,Brazil,Science,Female,High,FemaleHigh,501.7
2022,Brazil,Science,Female,High,FemaleHigh,502.2
2025,Brazil,Science,Female,High,FemaleHigh,498.3
2006,Brazil,Science,Female,Low,FemaleLow,368
2009,Brazil,Science,Female,Low,FemaleLow,390.1
2012,Brazil,Science,Female,Low,FemaleLow,390.4
2015,Brazil,Science,Female,Low,FemaleLow,384.6
2018,Brazil,Science,Female,Low,FemaleLow,386.2
2022,Brazil,Science,Female,Low,FemaleLow,382.4
2025,Brazil,Science,Female,Low,FemaleLow,396
2006,Brazil,Science,Female,Medium,FemaleMedium,421.2
2009,Brazil,Science,Female,Medium,FemaleMedium,431.4
2012,Brazil,Science,Female,Medium,FemaleMedium,436.4
2015,Brazil,Science,Female,Medium,FemaleMedium,428.6
2018,Brazil,Science,Female,Medium,FemaleMedium,447.5
2022,Brazil,Science,Female,Medium,FemaleMedium,440.3
2025,Brazil,Science,Female,Medium,FemaleMedium,459
2006,Brazil,Science,0,0,General,390.3
2009,Brazil,Science,0,0,General,405.4
2012,Brazil,Science,0,0,General,401.6
2015,Brazil,Science,0,0,General,400.7
2018,Brazil,Science,0,0,General,403.6
2022,Brazil,Science,0,0,General,403
2025,Brazil,Science,0,0,General,408.5
2006,Brazil,Science,0,High,GeneralHigh,480.1
2009,Brazil,Science,0,High,GeneralHigh,506.3
2012,Brazil,Science,0,High,GeneralHigh,481.2
2015,Brazil,Science,0,High,GeneralHigh,477.4
2018,Brazil,Science,0,High,GeneralHigh,502.7
2022,Brazil,Science,0,High,GeneralHigh,503.6
2025,Brazil,Science,0,High,GeneralHigh,497.3
2006,Brazil,Science,0,Low,GeneralLow,372.3
2009,Brazil,Science,0,Low,GeneralLow,391.4
2012,Brazil,Science,0,Low,GeneralLow,390
2015,Brazil,Science,0,Low,GeneralLow,385.6
2018,Brazil,Science,0,Low,GeneralLow,386.4
2022,Brazil,Science,0,Low,GeneralLow,385.5
2025,Brazil,Science,0,Low,GeneralLow,398.4
2006,Brazil,Science,0,Medium,GeneralMedium,418.3
2009,Brazil,Science,0,Medium,GeneralMedium,430.7
2012,Brazil,Science,0,Medium,GeneralMedium,436.2
2015,Brazil,Science,0,Medium,GeneralMedium,431.5
2018,Brazil,Science,0,Medium,GeneralMedium,443.3
2022,Brazil,Science,0,Medium,GeneralMedium,440.5
2025,Brazil,Science,0,Medium,GeneralMedium,460.1
2006,Brazil,Science,Male,0,Male,395.1
2009,Brazil,Science,Male,0,Male,407.2
2012,Brazil,Science,Male,0,Male,401.9
2015,Brazil,Science,Male,0,Male,402.8
2018,Brazil,Science,Male,0,Male,402.9
2022,Brazil,Science,Male,0,Male,405.6
2025,Brazil,Science,Male,0,Male,409.3
2006,Brazil,Science,Male,High,MaleHigh,490.4
2009,Brazil,Science,Male,High,MaleHigh,504.5
2012,Brazil,Science,Male,High,MaleHigh,481.4
2015,Brazil,Science,Male,High,MaleHigh,474.9
2018,Brazil,Science,Male,High,MaleHigh,503.7
2022,Brazil,Science,Male,High,MaleHigh,505.1
2025,Brazil,Science,Male,High,MaleHigh,496.4
2006,Brazil,Science,Male,Low,MaleLow,377.4
2009,Brazil,Science,Male,Low,MaleLow,392.9
2012,Brazil,Science,Male,Low,MaleLow,389.5
2015,Brazil,Science,Male,Low,MaleLow,386.8
2018,Brazil,Science,Male,Low,MaleLow,386.5
2022,Brazil,Science,Male,Low,MaleLow,388.7
2025,Brazil,Science,Male,Low,MaleLow,400.9
2006,Brazil,Science,Male,Medium,MaleMedium,415.2
2009,Brazil,Science,Male,Medium,MaleMedium,430
2012,Brazil,Science,Male,Medium,MaleMedium,435.9
2015,Brazil,Science,Male,Medium,MaleMedium,434.1
2018,Brazil,Science,Male,Medium,MaleMedium,439.4
2022,Brazil,Science,Male,Medium,MaleMedium,440.7
2025,Brazil,Science,Male,Medium,MaleMedium,461.1
2018,Brunei Darussalam,Math,Female,0,Female,433.9
2022,Brunei Darussalam,Math,Female,0,Female,447.8
2025,Brunei Darussalam,Math,Female,0,Female,433.5
2018,Brunei Darussalam,Math,Female,High,FemaleHigh,494.9
2022,Brunei Darussalam,Math,Female,High,FemaleHigh,498.8
2025,Brunei Darussalam,Math,Female,High,FemaleHigh,477.4
2018,Brunei Darussalam,Math,Female,Low,FemaleLow,407.8
2022,Brunei Darussalam,Math,Female,Low,FemaleLow,422.5
2025,Brunei Darussalam,Math,Female,Low,FemaleLow,406.7
2018,Brunei Darussalam,Math,Female,Medium,FemaleMedium,444.7
2022,Brunei Darussalam,Math,Female,Medium,FemaleMedium,458.9
2025,Brunei Darussalam,Math,Female,Medium,FemaleMedium,440.2
2018,Brunei Darussalam,Math,0,0,General,430.1
2022,Brunei Darussalam,Math,0,0,General,442.1
2025,Brunei Darussalam,Math,0,0,General,435.2
2018,Brunei Darussalam,Math,0,High,GeneralHigh,491.8
2022,Brunei Darussalam,Math,0,High,GeneralHigh,499.8
2025,Brunei Darussalam,Math,0,High,GeneralHigh,479.1
2018,Brunei Darussalam,Math,0,Low,GeneralLow,404.2
2022,Brunei Darussalam,Math,0,Low,GeneralLow,415.9
2025,Brunei Darussalam,Math,0,Low,GeneralLow,409.7
2018,Brunei Darussalam,Math,0,Medium,GeneralMedium,440.6
2022,Brunei Darussalam,Math,0,Medium,GeneralMedium,453.6
2025,Brunei Darussalam,Math,0,Medium,GeneralMedium,441.4
2018,Brunei Darussalam,Math,Male,0,Male,426.4
2022,Brunei Darussalam,Math,Male,0,Male,436.6
2025,Brunei Darussalam,Math,Male,0,Male,436.8
2018,Brunei Darussalam,Math,Male,High,MaleHigh,488.7
2022,Brunei Darussalam,Math,Male,High,MaleHigh,500.8
2025,Brunei Darussalam,Math,Male,High,MaleHigh,480.6
2018,Brunei Darussalam,Math,Male,Low,MaleLow,400.7
2022,Brunei Darussalam,Math,Male,Low,MaleLow,409.8
2025,Brunei Darussalam,Math,Male,Low,MaleLow,412.6
2018,Brunei Darussalam,Math,Male,Medium,MaleMedium,436.7
2022,Brunei Darussalam,Math,Male,Medium,MaleMedium,448.5
2025,Brunei Darussalam,Math,Male,Medium,MaleMedium,442.6
2018,Brunei Darussalam,Reading,Female,0,Female,423.1
2022,Brunei Darussalam,Reading,Female,0,Female,446.5
2025,Brunei Darussalam,Reading,Female,0,Female,438.5
2018,Brunei Darussalam,Reading,Female,High,FemaleHigh,494.5
2022,Brunei Darussalam,Reading,Female,High,FemaleHigh,510
2025,Brunei Darussalam,Reading,Female,High,FemaleHigh,489.6
2018,Brunei Darussalam,Reading,Female,Low,FemaleLow,392.7
2022,Brunei Darussalam,Reading,Female,Low,FemaleLow,413.2
2025,Brunei Darussalam,Reading,Female,Low,FemaleLow,407.6
2018,Brunei Darussalam,Reading,Female,Medium,FemaleMedium,435.2
2022,Brunei Darussalam,Reading,Female,Medium,FemaleMedium,462.7
2025,Brunei Darussalam,Reading,Female,Medium,FemaleMedium,446.9
2018,Brunei Darussalam,Reading,0,0,General,408.1
2022,Brunei Darussalam,Reading,0,0,General,429.2
2025,Brunei Darussalam,Reading,0,0,General,425.7
2018,Brunei Darussalam,Reading,0,High,GeneralHigh,478.4
2022,Brunei Darussalam,Reading,0,High,GeneralHigh,498.5
2025,Brunei Darussalam,Reading,0,High,GeneralHigh,477.7
2018,Brunei Darussalam,Reading,0,Low,GeneralLow,378.2
2022,Brunei Darussalam,Reading,0,Low,GeneralLow,396.3
2025,Brunei Darussalam,Reading,0,Low,GeneralLow,396.6
2018,Brunei Darussalam,Reading,0,Medium,GeneralMedium,420.6
2022,Brunei Darussalam,Reading,0,Medium,GeneralMedium,445.2
2025,Brunei Darussalam,Reading,0,Medium,GeneralMedium,433.7
2018,Brunei Darussalam,Reading,Male,0,Male,393.3
2022,Brunei Darussalam,Reading,Male,0,Male,412.6
2025,Brunei Darussalam,Reading,Male,0,Male,413.6
2018,Brunei Darussalam,Reading,Male,High,MaleHigh,461.8
2022,Brunei Darussalam,Reading,Male,High,MaleHigh,485.7
2025,Brunei Darussalam,Reading,Male,High,MaleHigh,466.8
2018,Brunei Darussalam,Reading,Male,Low,MaleLow,363.9
2022,Brunei Darussalam,Reading,Male,Low,MaleLow,380.6
2025,Brunei Darussalam,Reading,Male,Low,MaleLow,385.9
2018,Brunei Darussalam,Reading,Male,Medium,MaleMedium,406.8
2022,Brunei Darussalam,Reading,Male,Medium,MaleMedium,428.4
2025,Brunei Darussalam,Reading,Male,Medium,MaleMedium,420
2018,Brunei Darussalam,Science,Female,0,Female,434.6
2022,Brunei Darussalam,Science,Female,0,Female,452.1
2025,Brunei Darussalam,Science,Female,0,Female,439.8
2018,Brunei Darussalam,Science,Female,High,FemaleHigh,503
2022,Brunei Darussalam,Science,Female,High,FemaleHigh,510.4
2025,Brunei Darussalam,Science,Female,High,FemaleHigh,491.3
2018,Brunei Darussalam,Science,Female,Low,FemaleLow,405.4
2022,Brunei Darussalam,Science,Female,Low,FemaleLow,422.3
2025,Brunei Darussalam,Science,Female,Low,FemaleLow,408.4
2018,Brunei Darussalam,Science,Female,Medium,FemaleMedium,446.1
2022,Brunei Darussalam,Science,Female,Medium,FemaleMedium,465.6
2025,Brunei Darussalam,Science,Female,Medium,FemaleMedium,448.4
2018,Brunei Darussalam,Science,0,0,General,431
2022,Brunei Darussalam,Science,0,0,General,445.9
2025,Brunei Darussalam,Science,0,0,General,439.5
2018,Brunei Darussalam,Science,0,High,GeneralHigh,497.8
2022,Brunei Darussalam,Science,0,High,GeneralHigh,509.2
2025,Brunei Darussalam,Science,0,High,GeneralHigh,491.2
2018,Brunei Darussalam,Science,0,Low,GeneralLow,402.5
2022,Brunei Darussalam,Science,0,Low,GeneralLow,416.3
2025,Brunei Darussalam,Science,0,Low,GeneralLow,410
2018,Brunei Darussalam,Science,0,Medium,GeneralMedium,443.1
2022,Brunei Darussalam,Science,0,Medium,GeneralMedium,459.6
2025,Brunei Darussalam,Science,0,Medium,GeneralMedium,447.3
2018,Brunei Darussalam,Science,Male,0,Male,427.5
2022,Brunei Darussalam,Science,Male,0,Male,439.9
2025,Brunei Darussalam,Science,Male,0,Male,439.1
2018,Brunei Darussalam,Science,Male,High,MaleHigh,492.3
2022,Brunei Darussalam,Science,Male,High,MaleHigh,507.9
2025,Brunei Darussalam,Science,Male,High,MaleHigh,491.1
2018,Brunei Darussalam,Science,Male,Low,MaleLow,399.6
2022,Brunei Darussalam,Science,Male,Low,MaleLow,410.7
2025,Brunei Darussalam,Science,Male,Low,MaleLow,411.6
2018,Brunei Darussalam,Science,Male,Medium,MaleMedium,440.2
2022,Brunei Darussalam,Science,Male,Medium,MaleMedium,453.8
2025,Brunei Darussalam,Science,Male,Medium,MaleMedium,446.2
2006,Bulgaria,Math,Female,0,Female,415.4
2009,Bulgaria,Math,Female,0,Female,430
2012,Bulgaria,Math,Female,0,Female,440
2015,Bulgaria,Math,Female,0,Female,442.2
2018,Bulgaria,Math,Female,0,Female,436.9
2022,Bulgaria,Math,Female,0,Female,420.3
2025,Bulgaria,Math,Female,0,Female,412.8
2006,Bulgaria,Math,Female,High,FemaleHigh,469.5
2009,Bulgaria,Math,Female,High,FemaleHigh,497.9
2012,Bulgaria,Math,Female,High,FemaleHigh,505.6
2015,Bulgaria,Math,Female,High,FemaleHigh,493
2018,Bulgaria,Math,Female,High,FemaleHigh,492.9
2022,Bulgaria,Math,Female,High,FemaleHigh,478.3
2025,Bulgaria,Math,Female,High,FemaleHigh,461
2006,Bulgaria,Math,Female,Low,FemaleLow,383
2009,Bulgaria,Math,Female,Low,FemaleLow,393.5
2012,Bulgaria,Math,Female,Low,FemaleLow,407.4
2015,Bulgaria,Math,Female,Low,FemaleLow,406.3
2018,Bulgaria,Math,Female,Low,FemaleLow,403.5
2022,Bulgaria,Math,Female,Low,FemaleLow,384.7
2025,Bulgaria,Math,Female,Low,FemaleLow,388.3
2006,Bulgaria,Math,Female,Medium,FemaleMedium,431.3
2009,Bulgaria,Math,Female,Medium,FemaleMedium,443.3
2012,Bulgaria,Math,Female,Medium,FemaleMedium,455.9
2015,Bulgaria,Math,Female,Medium,FemaleMedium,454.9
2018,Bulgaria,Math,Female,Medium,FemaleMedium,459.4
2022,Bulgaria,Math,Female,Medium,FemaleMedium,438.7
2025,Bulgaria,Math,Female,Medium,FemaleMedium,442.8
2006,Bulgaria,Math,0,0,General,413.4
2009,Bulgaria,Math,0,0,General,428.1
2012,Bulgaria,Math,0,0,General,438.7
2015,Bulgaria,Math,0,0,General,441.2
2018,Bulgaria,Math,0,0,General,436
2022,Bulgaria,Math,0,0,General,417.3
2025,Bulgaria,Math,0,0,General,405.1
2006,Bulgaria,Math,0,High,GeneralHigh,471.1
2009,Bulgaria,Math,0,High,GeneralHigh,493.2
2012,Bulgaria,Math,0,High,GeneralHigh,505.2
2015,Bulgaria,Math,0,High,GeneralHigh,492.9
2018,Bulgaria,Math,0,High,GeneralHigh,491.7
2022,Bulgaria,Math,0,High,GeneralHigh,476.4
2025,Bulgaria,Math,0,High,GeneralHigh,459.1
2006,Bulgaria,Math,0,Low,GeneralLow,379.1
2009,Bulgaria,Math,0,Low,GeneralLow,393.5
2012,Bulgaria,Math,0,Low,GeneralLow,406.5
2015,Bulgaria,Math,0,Low,GeneralLow,407.4
2018,Bulgaria,Math,0,Low,GeneralLow,404.3
2022,Bulgaria,Math,0,Low,GeneralLow,382.4
2025,Bulgaria,Math,0,Low,GeneralLow,382.2
2006,Bulgaria,Math,0,Medium,GeneralMedium,432.1
2009,Bulgaria,Math,0,Medium,GeneralMedium,441.4
2012,Bulgaria,Math,0,Medium,GeneralMedium,455.1
2015,Bulgaria,Math,0,Medium,GeneralMedium,450.4
2018,Bulgaria,Math,0,Medium,GeneralMedium,457.9
2022,Bulgaria,Math,0,Medium,GeneralMedium,436.3
2025,Bulgaria,Math,0,Medium,GeneralMedium,439.4
2006,Bulgaria,Math,Male,0,Male,411.7
2009,Bulgaria,Math,Male,0,Male,426.3
2012,Bulgaria,Math,Male,0,Male,437.6
2015,Bulgaria,Math,Male,0,Male,440.3
2018,Bulgaria,Math,Male,0,Male,435.3
2022,Bulgaria,Math,Male,0,Male,414.7
2025,Bulgaria,Math,Male,0,Male,398
2006,Bulgaria,Math,Male,High,MaleHigh,472.7
2009,Bulgaria,Math,Male,High,MaleHigh,488.8
2012,Bulgaria,Math,Male,High,MaleHigh,504.8
2015,Bulgaria,Math,Male,High,MaleHigh,492.9
2018,Bulgaria,Math,Male,High,MaleHigh,490.7
2022,Bulgaria,Math,Male,High,MaleHigh,474.6
2025,Bulgaria,Math,Male,High,MaleHigh,457.2
2006,Bulgaria,Math,Male,Low,MaleLow,375.5
2009,Bulgaria,Math,Male,Low,MaleLow,393.5
2012,Bulgaria,Math,Male,Low,MaleLow,405.7
2015,Bulgaria,Math,Male,Low,MaleLow,408.3
2018,Bulgaria,Math,Male,Low,MaleLow,405
2022,Bulgaria,Math,Male,Low,MaleLow,380.4
2025,Bulgaria,Math,Male,Low,MaleLow,376.1
2006,Bulgaria,Math,Male,Medium,MaleMedium,432.9
2009,Bulgaria,Math,Male,Medium,MaleMedium,439.7
2012,Bulgaria,Math,Male,Medium,MaleMedium,454.4
2015,Bulgaria,Math,Male,Medium,MaleMedium,446.7
2018,Bulgaria,Math,Male,Medium,MaleMedium,456.6
2022,Bulgaria,Math,Male,Medium,MaleMedium,434.2
2025,Bulgaria,Math,Male,Medium,MaleMedium,435.6
2006,Bulgaria,Reading,Female,0,Female,432.1
2009,Bulgaria,Reading,Female,0,Female,460.8
2012,Bulgaria,Reading,Female,0,Female,472.2
2015,Bulgaria,Reading,Female,0,Female,456.6
2018,Bulgaria,Reading,Female,0,Female,441.3
2022,Bulgaria,Reading,Female,0,Female,422.1
2025,Bulgaria,Reading,Female,0,Female,412.1
2006,Bulgaria,Reading,Female,High,FemaleHigh,488.8
2009,Bulgaria,Reading,Female,High,FemaleHigh,527.8
2012,Bulgaria,Reading,Female,High,FemaleHigh,548
2015,Bulgaria,Reading,Female,High,FemaleHigh,516.2
2018,Bulgaria,Reading,Female,High,FemaleHigh,501.9
2022,Bulgaria,Reading,Female,High,FemaleHigh,489.7
2025,Bulgaria,Reading,Female,High,FemaleHigh,458.9
2006,Bulgaria,Reading,Female,Low,FemaleLow,394.8
2009,Bulgaria,Reading,Female,Low,FemaleLow,423.7
2012,Bulgaria,Reading,Female,Low,FemaleLow,432.2
2015,Bulgaria,Reading,Female,Low,FemaleLow,411.4
2018,Bulgaria,Reading,Female,Low,FemaleLow,404.5
2022,Bulgaria,Reading,Female,Low,FemaleLow,381.1
2025,Bulgaria,Reading,Female,Low,FemaleLow,387.1
2006,Bulgaria,Reading,Female,Medium,FemaleMedium,457
2009,Bulgaria,Reading,Female,Medium,FemaleMedium,476.6
2012,Bulgaria,Reading,Female,Medium,FemaleMedium,495.8
2015,Bulgaria,Reading,Female,Medium,FemaleMedium,478.3
2018,Bulgaria,Reading,Female,Medium,FemaleMedium,467.6
2022,Bulgaria,Reading,Female,Medium,FemaleMedium,445.1
2025,Bulgaria,Reading,Female,Medium,FemaleMedium,445.6
2006,Bulgaria,Reading,0,0,General,401.9
2009,Bulgaria,Reading,0,0,General,429.1
2012,Bulgaria,Reading,0,0,General,436.1
2015,Bulgaria,Reading,0,0,General,431.7
2018,Bulgaria,Reading,0,0,General,419.8
2022,Bulgaria,Reading,0,0,General,404.3
2025,Bulgaria,Reading,0,0,General,386.6
2006,Bulgaria,Reading,0,High,GeneralHigh,466.4
2009,Bulgaria,Reading,0,High,GeneralHigh,499.3
2012,Bulgaria,Reading,0,High,GeneralHigh,514.2
2015,Bulgaria,Reading,0,High,GeneralHigh,493.5
2018,Bulgaria,Reading,0,High,GeneralHigh,478.9
2022,Bulgaria,Reading,0,High,GeneralHigh,468.6
2025,Bulgaria,Reading,0,High,GeneralHigh,438.7
2006,Bulgaria,Reading,0,Low,GeneralLow,361.9
2009,Bulgaria,Reading,0,Low,GeneralLow,391.9
2012,Bulgaria,Reading,0,Low,GeneralLow,397.1
2015,Bulgaria,Reading,0,Low,GeneralLow,389
2018,Bulgaria,Reading,0,Low,GeneralLow,386.3
2022,Bulgaria,Reading,0,Low,GeneralLow,366.2
2025,Bulgaria,Reading,0,Low,GeneralLow,366
2006,Bulgaria,Reading,0,Medium,GeneralMedium,426.7
2009,Bulgaria,Reading,0,Medium,GeneralMedium,445.4
2012,Bulgaria,Reading,0,Medium,GeneralMedium,458.8
2015,Bulgaria,Reading,0,Medium,GeneralMedium,447
2018,Bulgaria,Reading,0,Medium,GeneralMedium,443.2
2022,Bulgaria,Reading,0,Medium,GeneralMedium,427.1
2025,Bulgaria,Reading,0,Medium,GeneralMedium,425.1
2006,Bulgaria,Reading,Male,0,Male,373.8
2009,Bulgaria,Reading,Male,0,Male,399.6
2012,Bulgaria,Reading,Male,0,Male,402.5
2015,Bulgaria,Reading,Male,0,Male,409.4
2018,Bulgaria,Reading,Male,0,Male,400.9
2022,Bulgaria,Reading,Male,0,Male,388.8
2025,Bulgaria,Reading,Male,0,Male,363.5
2006,Bulgaria,Reading,Male,High,MaleHigh,444
2009,Bulgaria,Reading,Male,High,MaleHigh,472.8
2012,Bulgaria,Reading,Male,High,MaleHigh,480.6
2015,Bulgaria,Reading,Male,High,MaleHigh,471.6
2018,Bulgaria,Reading,Male,High,MaleHigh,458.3
2022,Bulgaria,Reading,Male,High,MaleHigh,448.7
2025,Bulgaria,Reading,Male,High,MaleHigh,419.1
2006,Bulgaria,Reading,Male,Low,MaleLow,331.3
2009,Bulgaria,Reading,Male,Low,MaleLow,361.5
2012,Bulgaria,Reading,Male,Low,MaleLow,364.2
2015,Bulgaria,Reading,Male,Low,MaleLow,368.9
2018,Bulgaria,Reading,Male,Low,MaleLow,370.1
2022,Bulgaria,Reading,Male,Low,MaleLow,353
2025,Bulgaria,Reading,Male,Low,MaleLow,345.2
2006,Bulgaria,Reading,Male,Medium,MaleMedium,400.2
2009,Bulgaria,Reading,Male,Medium,MaleMedium,416.7
2012,Bulgaria,Reading,Male,Medium,MaleMedium,425
2015,Bulgaria,Reading,Male,Medium,MaleMedium,421.2
2018,Bulgaria,Reading,Male,Medium,MaleMedium,421.4
2022,Bulgaria,Reading,Male,Medium,MaleMedium,411.7
2025,Bulgaria,Reading,Male,Medium,MaleMedium,402.5
2006,Bulgaria,Science,Female,0,Female,442.9
2009,Bulgaria,Science,Female,0,Female,449.6
2012,Bulgaria,Science,Female,0,Female,456.9
2015,Bulgaria,Science,Female,0,Female,453.9
2018,Bulgaria,Science,Female,0,Female,432.2
2022,Bulgaria,Science,Female,0,Female,429.7
2025,Bulgaria,Science,Female,0,Female,434.2
2006,Bulgaria,Science,Female,High,FemaleHigh,500.8
2009,Bulgaria,Science,Female,High,FemaleHigh,513.4
2012,Bulgaria,Science,Female,High,FemaleHigh,527.8
2015,Bulgaria,Science,Female,High,FemaleHigh,506.5
2018,Bulgaria,Science,Female,High,FemaleHigh,490.1
2022,Bulgaria,Science,Female,High,FemaleHigh,489
2025,Bulgaria,Science,Female,High,FemaleHigh,483.5
2006,Bulgaria,Science,Female,Low,FemaleLow,405.4
2009,Bulgaria,Science,Female,Low,FemaleLow,415.2
2012,Bulgaria,Science,Female,Low,FemaleLow,420.3
2015,Bulgaria,Science,Female,Low,FemaleLow,415.9
2018,Bulgaria,Science,Female,Low,FemaleLow,397
2022,Bulgaria,Science,Female,Low,FemaleLow,392.6
2025,Bulgaria,Science,Female,Low,FemaleLow,406.4
2006,Bulgaria,Science,Female,Medium,FemaleMedium,466.9
2009,Bulgaria,Science,Female,Medium,FemaleMedium,463.7
2012,Bulgaria,Science,Female,Medium,FemaleMedium,476.8
2015,Bulgaria,Science,Female,Medium,FemaleMedium,468.9
2018,Bulgaria,Science,Female,Medium,FemaleMedium,456.7
2022,Bulgaria,Science,Female,Medium,FemaleMedium,450.7
2025,Bulgaria,Science,Female,Medium,FemaleMedium,470.1
2006,Bulgaria,Science,0,0,General,434.1
2009,Bulgaria,Science,0,0,General,439.3
2012,Bulgaria,Science,0,0,General,446.5
2015,Bulgaria,Science,0,0,General,445.8
2018,Bulgaria,Science,0,0,General,424.1
2022,Bulgaria,Science,0,0,General,421
2025,Bulgaria,Science,0,0,General,420.8
2006,Bulgaria,Science,0,High,GeneralHigh,495.4
2009,Bulgaria,Science,0,High,GeneralHigh,508.4
2012,Bulgaria,Science,0,High,GeneralHigh,518.6
2015,Bulgaria,Science,0,High,GeneralHigh,499.5
2018,Bulgaria,Science,0,High,GeneralHigh,480.4
2022,Bulgaria,Science,0,High,GeneralHigh,479.6
2025,Bulgaria,Science,0,High,GeneralHigh,477.6
2006,Bulgaria,Science,0,Low,GeneralLow,395.9
2009,Bulgaria,Science,0,Low,GeneralLow,403.6
2012,Bulgaria,Science,0,Low,GeneralLow,410.6
2015,Bulgaria,Science,0,Low,GeneralLow,409.2
2018,Bulgaria,Science,0,Low,GeneralLow,391.5
2022,Bulgaria,Science,0,Low,GeneralLow,385.8
2025,Bulgaria,Science,0,Low,GeneralLow,395.2
2006,Bulgaria,Science,0,Medium,GeneralMedium,457.7
2009,Bulgaria,Science,0,Medium,GeneralMedium,453.9
2012,Bulgaria,Science,0,Medium,GeneralMedium,465.8
2015,Bulgaria,Science,0,Medium,GeneralMedium,457.8
2018,Bulgaria,Science,0,Medium,GeneralMedium,447
2022,Bulgaria,Science,0,Medium,GeneralMedium,441.3
2025,Bulgaria,Science,0,Medium,GeneralMedium,460
2006,Bulgaria,Science,Male,0,Male,425.9
2009,Bulgaria,Science,Male,0,Male,429.7
2012,Bulgaria,Science,Male,0,Male,436.7
2015,Bulgaria,Science,Male,0,Male,438.5
2018,Bulgaria,Science,Male,0,Male,416.9
2022,Bulgaria,Science,Male,0,Male,413.4
2025,Bulgaria,Science,Male,0,Male,408.6
2006,Bulgaria,Science,Male,High,MaleHigh,490.1
2009,Bulgaria,Science,Male,High,MaleHigh,503.7
2012,Bulgaria,Science,Male,High,MaleHigh,509.4
2015,Bulgaria,Science,Male,High,MaleHigh,492.7
2018,Bulgaria,Science,Male,High,MaleHigh,471.6
2022,Bulgaria,Science,Male,High,MaleHigh,470.8
2025,Bulgaria,Science,Male,High,MaleHigh,471.8
2006,Bulgaria,Science,Male,Low,MaleLow,387.1
2009,Bulgaria,Science,Male,Low,MaleLow,392.5
2012,Bulgaria,Science,Male,Low,MaleLow,401.6
2015,Bulgaria,Science,Male,Low,MaleLow,403.1
2018,Bulgaria,Science,Male,Low,MaleLow,386.7
2022,Bulgaria,Science,Male,Low,MaleLow,379.8
2025,Bulgaria,Science,Male,Low,MaleLow,384.2
2006,Bulgaria,Science,Male,Medium,MaleMedium,449.7
2009,Bulgaria,Science,Male,Medium,MaleMedium,444.9
2012,Bulgaria,Science,Male,Medium,MaleMedium,455.8
2015,Bulgaria,Science,Male,Medium,MaleMedium,448.6
2018,Bulgaria,Science,Male,Medium,MaleMedium,438.3
2022,Bulgaria,Science,Male,Medium,MaleMedium,433.1
2025,Bulgaria,Science,Male,Medium,MaleMedium,449
2022,Cambodia,Math,Female,0,Female,338.2
2025,Cambodia,Math,Female,0,Female,365
2022,Cambodia,Math,Female,High,FemaleHigh,452.5
2025,Cambodia,Math,Female,High,FemaleHigh,421.7
2022,Cambodia,Math,Female,Low,FemaleLow,334.6
2025,Cambodia,Math,Female,Low,FemaleLow,363
2022,Cambodia,Math,Female,Medium,FemaleMedium,365.4
2025,Cambodia,Math,Female,Medium,FemaleMedium,398
2022,Cambodia,Math,0,0,General,336.4
2025,Cambodia,Math,0,0,General,365.8
2022,Cambodia,Math,0,High,GeneralHigh,444.9
2025,Cambodia,Math,0,High,GeneralHigh,412.5
2022,Cambodia,Math,0,Low,GeneralLow,332.6
2025,Cambodia,Math,0,Low,GeneralLow,364.1
2022,Cambodia,Math,0,Medium,GeneralMedium,361.3
2025,Cambodia,Math,0,Medium,GeneralMedium,392.2
2022,Cambodia,Math,Male,0,Male,334.2
2025,Cambodia,Math,Male,0,Male,366.9
2022,Cambodia,Math,Male,High,MaleHigh,437.4
2025,Cambodia,Math,Male,High,MaleHigh,406.4
2022,Cambodia,Math,Male,Low,MaleLow,330.3
2025,Cambodia,Math,Male,Low,MaleLow,365.5
2022,Cambodia,Math,Male,Medium,MaleMedium,357.4
2025,Cambodia,Math,Male,Medium,MaleMedium,386.5
2022,Cambodia,Reading,Female,0,Female,338.1
2025,Cambodia,Reading,Female,0,Female,354.8
2022,Cambodia,Reading,Female,High,FemaleHigh,414.6
2025,Cambodia,Reading,Female,High,FemaleHigh,402.3
2022,Cambodia,Reading,Female,Low,FemaleLow,336.5
2025,Cambodia,Reading,Female,Low,FemaleLow,352.9
2022,Cambodia,Reading,Female,Medium,FemaleMedium,345.6
2025,Cambodia,Reading,Female,Medium,FemaleMedium,379.8
2022,Cambodia,Reading,0,0,General,328.8
2025,Cambodia,Reading,0,0,General,347.2
2022,Cambodia,Reading,0,High,GeneralHigh,390.5
2025,Cambodia,Reading,0,High,GeneralHigh,377.2
2022,Cambodia,Reading,0,Low,GeneralLow,327.2
2025,Cambodia,Reading,0,Low,GeneralLow,346.1
2022,Cambodia,Reading,0,Medium,GeneralMedium,337.2
2025,Cambodia,Reading,0,Medium,GeneralMedium,363.8
2022,Cambodia,Reading,Male,0,Male,317.8
2025,Cambodia,Reading,Male,0,Male,337.5
2022,Cambodia,Reading,Male,High,MaleHigh,366.4
2025,Cambodia,Reading,Male,High,MaleHigh,360.4
2022,Cambodia,Reading,Male,Low,MaleLow,315.9
2025,Cambodia,Reading,Male,Low,MaleLow,337
2022,Cambodia,Reading,Male,Medium,MaleMedium,329.1
2025,Cambodia,Reading,Male,Medium,MaleMedium,348.2
2022,Cambodia,Science,Female,0,Female,351.1
2025,Cambodia,Science,Female,0,Female,388
2022,Cambodia,Science,Female,High,FemaleHigh,417.6
2025,Cambodia,Science,Female,High,FemaleHigh,429.1
2022,Cambodia,Science,Female,Low,FemaleLow,349.1
2025,Cambodia,Science,Female,Low,FemaleLow,386.6
2022,Cambodia,Science,Female,Medium,FemaleMedium,366.1
2025,Cambodia,Science,Female,Medium,FemaleMedium,414.9
2022,Cambodia,Science,0,0,General,347.1
2025,Cambodia,Science,0,0,General,381.9
2022,Cambodia,Science,0,High,GeneralHigh,408.4
2025,Cambodia,Science,0,High,GeneralHigh,417.8
2022,Cambodia,Science,0,Low,GeneralLow,345.2
2025,Cambodia,Science,0,Low,GeneralLow,381
2022,Cambodia,Science,0,Medium,GeneralMedium,358.9
2025,Cambodia,Science,0,Medium,GeneralMedium,401.1
2022,Cambodia,Science,Male,0,Male,342.3
2025,Cambodia,Science,Male,0,Male,374.2
2022,Cambodia,Science,Male,High,MaleHigh,399.2
2025,Cambodia,Science,Male,High,MaleHigh,410.2
2022,Cambodia,Science,Male,Low,MaleLow,340.5
2025,Cambodia,Science,Male,Low,MaleLow,373.5
2022,Cambodia,Science,Male,Medium,MaleMedium,352
2025,Cambodia,Science,Male,Medium,MaleMedium,387.6
2006,Canada,Math,Female,0,Female,519.9
2009,Canada,Math,Female,0,Female,520.8
2012,Canada,Math,Female,0,Female,513
2015,Canada,Math,Female,0,Female,511.1
2018,Canada,Math,Female,0,Female,509.5
2022,Canada,Math,Female,0,Female,490.7
2006,Canada,Math,Female,High,FemaleHigh,540
2009,Canada,Math,Female,High,FemaleHigh,551
2012,Canada,Math,Female,High,FemaleHigh,542.9
2015,Canada,Math,Female,High,FemaleHigh,534.6
2018,Canada,Math,Female,High,FemaleHigh,537.1
2022,Canada,Math,Female,High,FemaleHigh,522.1
2006,Canada,Math,Female,Low,FemaleLow,489.2
2009,Canada,Math,Female,Low,FemaleLow,484.7
2012,Canada,Math,Female,Low,FemaleLow,478.7
2015,Canada,Math,Female,Low,FemaleLow,472.6
2018,Canada,Math,Female,Low,FemaleLow,471.5
2022,Canada,Math,Female,Low,FemaleLow,453.2
2006,Canada,Math,Female,Medium,FemaleMedium,517.2
2009,Canada,Math,Female,Medium,FemaleMedium,509.2
2012,Canada,Math,Female,Medium,FemaleMedium,506.7
2015,Canada,Math,Female,Medium,FemaleMedium,499.8
2018,Canada,Math,Female,Medium,FemaleMedium,504.2
2022,Canada,Math,Female,Medium,FemaleMedium,482.5
2006,Canada,Math,0,0,General,527
2009,Canada,Math,0,0,General,526.8
2012,Canada,Math,0,0,General,518.1
2015,Canada,Math,0,0,General,515.6
2018,Canada,Math,0,0,General,512
2022,Canada,Math,0,0,General,496.9
2025,Canada,Math,0,0,General,485.3
2006,Canada,Math,0,High,GeneralHigh,548
2009,Canada,Math,0,High,GeneralHigh,554.9
2012,Canada,Math,0,High,GeneralHigh,547.5
2015,Canada,Math,0,High,GeneralHigh,540.1
2018,Canada,Math,0,High,GeneralHigh,540.6
2022,Canada,Math,0,High,GeneralHigh,529.7
2025,Canada,Math,0,High,GeneralHigh,515.6
2006,Canada,Math,0,Low,GeneralLow,497.1
2009,Canada,Math,0,Low,GeneralLow,491.5
2012,Canada,Math,0,Low,GeneralLow,486.2
2015,Canada,Math,0,Low,GeneralLow,478.2
2018,Canada,Math,0,Low,GeneralLow,476.6
2022,Canada,Math,0,Low,GeneralLow,458.8
2025,Canada,Math,0,Low,GeneralLow,451.1
2006,Canada,Math,0,Medium,GeneralMedium,523.6
2009,Canada,Math,0,Medium,GeneralMedium,516.7
2012,Canada,Math,0,Medium,GeneralMedium,512.3
2015,Canada,Math,0,Medium,GeneralMedium,504.3
2018,Canada,Math,0,Medium,GeneralMedium,506.9
2022,Canada,Math,0,Medium,GeneralMedium,491.1
2025,Canada,Math,0,Medium,GeneralMedium,489.4
2006,Canada,Math,Male,0,Male,534.1
2009,Canada,Math,Male,0,Male,532.7
2012,Canada,Math,Male,0,Male,523.1
2015,Canada,Math,Male,0,Male,520.2
2018,Canada,Math,Male,0,Male,514.5
2022,Canada,Math,Male,0,Male,503
2006,Canada,Math,Male,High,MaleHigh,555.8
2009,Canada,Math,Male,High,MaleHigh,558.6
2012,Canada,Math,Male,High,MaleHigh,552.2
2015,Canada,Math,Male,High,MaleHigh,545.8
2018,Canada,Math,Male,High,MaleHigh,544.2
2022,Canada,Math,Male,High,MaleHigh,537.2
2006,Canada,Math,Male,Low,MaleLow,504.5
2009,Canada,Math,Male,Low,MaleLow,498.5
2012,Canada,Math,Male,Low,MaleLow,494
2015,Canada,Math,Male,Low,MaleLow,483.6
2018,Canada,Math,Male,Low,MaleLow,481.3
2022,Canada,Math,Male,Low,MaleLow,464.3
2006,Canada,Math,Male,Medium,MaleMedium,530.2
2009,Canada,Math,Male,Medium,MaleMedium,524.7
2012,Canada,Math,Male,Medium,MaleMedium,518
2015,Canada,Math,Male,Medium,MaleMedium,508.8
2018,Canada,Math,Male,Medium,MaleMedium,509.7
2022,Canada,Math,Male,Medium,MaleMedium,499.6
2006,Canada,Reading,Female,0,Female,543
2009,Canada,Reading,Female,0,Female,541.5
2012,Canada,Reading,Female,0,Female,540.7
2015,Canada,Reading,Female,0,Female,539.8
2018,Canada,Reading,Female,0,Female,534.7
2022,Canada,Reading,Female,0,Female,519.5
2006,Canada,Reading,Female,High,FemaleHigh,566.6
2009,Canada,Reading,Female,High,FemaleHigh,570.5
2012,Canada,Reading,Female,High,FemaleHigh,569.5
2015,Canada,Reading,Female,High,FemaleHigh,564.6
2018,Canada,Reading,Female,High,FemaleHigh,562.7
2022,Canada,Reading,Female,High,FemaleHigh,552
2006,Canada,Reading,Female,Low,FemaleLow,503.4
2009,Canada,Reading,Female,Low,FemaleLow,507.3
2012,Canada,Reading,Female,Low,FemaleLow,508.6
2015,Canada,Reading,Female,Low,FemaleLow,496.5
2018,Canada,Reading,Female,Low,FemaleLow,496.5
2022,Canada,Reading,Female,Low,FemaleLow,484.1
2006,Canada,Reading,Female,Medium,FemaleMedium,542.1
2009,Canada,Reading,Female,Medium,FemaleMedium,530.1
2012,Canada,Reading,Female,Medium,FemaleMedium,535.5
2015,Canada,Reading,Female,Medium,FemaleMedium,530.7
2018,Canada,Reading,Female,Medium,FemaleMedium,529.6
2022,Canada,Reading,Female,Medium,FemaleMedium,511.6
2006,Canada,Reading,0,0,General,527
2009,Canada,Reading,0,0,General,524.2
2012,Canada,Reading,0,0,General,523.1
2015,Canada,Reading,0,0,General,526.7
2018,Canada,Reading,0,0,General,520.1
2022,Canada,Reading,0,0,General,507.1
2025,Canada,Reading,0,0,General,489.8
2006,Canada,Reading,0,High,GeneralHigh,551.8
2009,Canada,Reading,0,High,GeneralHigh,551.6
2012,Canada,Reading,0,High,GeneralHigh,551.7
2015,Canada,Reading,0,High,GeneralHigh,551.7
2018,Canada,Reading,0,High,GeneralHigh,549.1
2022,Canada,Reading,0,High,GeneralHigh,539.3
2025,Canada,Reading,0,High,GeneralHigh,518.8
2006,Canada,Reading,0,Low,GeneralLow,488.3
2009,Canada,Reading,0,Low,GeneralLow,491.2
2012,Canada,Reading,0,Low,GeneralLow,493.3
2015,Canada,Reading,0,Low,GeneralLow,486.3
2018,Canada,Reading,0,Low,GeneralLow,484.4
2022,Canada,Reading,0,Low,GeneralLow,471
2025,Canada,Reading,0,Low,GeneralLow,460.4
2006,Canada,Reading,0,Medium,GeneralMedium,525
2009,Canada,Reading,0,Medium,GeneralMedium,514.8
2012,Canada,Reading,0,Medium,GeneralMedium,519.1
2015,Canada,Reading,0,Medium,GeneralMedium,517.9
2018,Canada,Reading,0,Medium,GeneralMedium,515.4
2022,Canada,Reading,0,Medium,GeneralMedium,502.6
2025,Canada,Reading,0,Medium,GeneralMedium,495.6
2006,Canada,Reading,Male,0,Male,511.1
2009,Canada,Reading,Male,0,Male,507.2
2012,Canada,Reading,Male,0,Male,505.5
2015,Canada,Reading,Male,0,Male,513.5
2018,Canada,Reading,Male,0,Male,505.7
2022,Canada,Reading,Male,0,Male,495.2
2006,Canada,Reading,Male,High,MaleHigh,537.1
2009,Canada,Reading,Male,High,MaleHigh,533.9
2012,Canada,Reading,Male,High,MaleHigh,533.7
2015,Canada,Reading,Male,High,MaleHigh,538.2
2018,Canada,Reading,Male,High,MaleHigh,535.4
2022,Canada,Reading,Male,High,MaleHigh,526.8
2006,Canada,Reading,Male,Low,MaleLow,474.3
2009,Canada,Reading,Male,Low,MaleLow,474.7
2012,Canada,Reading,Male,Low,MaleLow,477.5
2015,Canada,Reading,Male,Low,MaleLow,476.5
2018,Canada,Reading,Male,Low,MaleLow,473.6
2022,Canada,Reading,Male,Low,MaleLow,458.4
2006,Canada,Reading,Male,Medium,MaleMedium,507.4
2009,Canada,Reading,Male,Medium,MaleMedium,498.3
2012,Canada,Reading,Male,Medium,MaleMedium,502.5
2015,Canada,Reading,Male,Medium,MaleMedium,504.9
2018,Canada,Reading,Male,Medium,MaleMedium,500.6
2022,Canada,Reading,Male,Medium,MaleMedium,493.8
2006,Canada,Science,Female,0,Female,532.4
2009,Canada,Science,Female,0,Female,526.4
2012,Canada,Science,Female,0,Female,524
2015,Canada,Science,Female,0,Female,527.2
2018,Canada,Science,Female,0,Female,519.6
2022,Canada,Science,Female,0,Female,514.8
2006,Canada,Science,Female,High,FemaleHigh,554.3
2009,Canada,Science,Female,High,FemaleHigh,555.8
2012,Canada,Science,Female,High,FemaleHigh,551.8
2015,Canada,Science,Female,High,FemaleHigh,552.1
2018,Canada,Science,Female,High,FemaleHigh,544.8
2022,Canada,Science,Female,High,FemaleHigh,545.3
2006,Canada,Science,Female,Low,FemaleLow,494.4
2009,Canada,Science,Female,Low,FemaleLow,491.8
2012,Canada,Science,Female,Low,FemaleLow,492.2
2015,Canada,Science,Female,Low,FemaleLow,485
2018,Canada,Science,Female,Low,FemaleLow,484.2
2022,Canada,Science,Female,Low,FemaleLow,479
2006,Canada,Science,Female,Medium,FemaleMedium,532.2
2009,Canada,Science,Female,Medium,FemaleMedium,514.8
2012,Canada,Science,Female,Medium,FemaleMedium,518.9
2015,Canada,Science,Female,Medium,FemaleMedium,516.5
2018,Canada,Science,Female,Medium,FemaleMedium,514
2022,Canada,Science,Female,Medium,FemaleMedium,506.9
2006,Canada,Science,0,0,General,534.5
2009,Canada,Science,0,0,General,528.7
2012,Canada,Science,0,0,General,525.4
2015,Canada,Science,0,0,General,527.7
2018,Canada,Science,0,0,General,518
2022,Canada,Science,0,0,General,515
2025,Canada,Science,0,0,General,510.1
2006,Canada,Science,0,High,GeneralHigh,556.3
2009,Canada,Science,0,High,GeneralHigh,556.4
2012,Canada,Science,0,High,GeneralHigh,552.7
2015,Canada,Science,0,High,GeneralHigh,553.3
2018,Canada,Science,0,High,GeneralHigh,544.5
2022,Canada,Science,0,High,GeneralHigh,546.1
2025,Canada,Science,0,High,GeneralHigh,539.2
2006,Canada,Science,0,Low,GeneralLow,498.9
2009,Canada,Science,0,Low,GeneralLow,494.6
2012,Canada,Science,0,Low,GeneralLow,495.9
2015,Canada,Science,0,Low,GeneralLow,487.6
2018,Canada,Science,0,Low,GeneralLow,484.4
2022,Canada,Science,0,Low,GeneralLow,478.3
2025,Canada,Science,0,Low,GeneralLow,478.5
2006,Canada,Science,0,Medium,GeneralMedium,533.6
2009,Canada,Science,0,Medium,GeneralMedium,518.9
2012,Canada,Science,0,Medium,GeneralMedium,521.4
2015,Canada,Science,0,Medium,GeneralMedium,517.2
2018,Canada,Science,0,Medium,GeneralMedium,512.9
2022,Canada,Science,0,Medium,GeneralMedium,509.6
2025,Canada,Science,0,Medium,GeneralMedium,514.9
2006,Canada,Science,Male,0,Male,536.5
2009,Canada,Science,Male,0,Male,531
2012,Canada,Science,Male,0,Male,526.9
2015,Canada,Science,Male,0,Male,528.3
2018,Canada,Science,Male,0,Male,516.5
2022,Canada,Science,Male,0,Male,515.3
2006,Canada,Science,Male,High,MaleHigh,558.2
2009,Canada,Science,Male,High,MaleHigh,557.1
2012,Canada,Science,Male,High,MaleHigh,553.6
2015,Canada,Science,Male,High,MaleHigh,554.7
2018,Canada,Science,Male,High,MaleHigh,544.2
2022,Canada,Science,Male,High,MaleHigh,546.9
2006,Canada,Science,Male,Low,MaleLow,503.2
2009,Canada,Science,Male,Low,MaleLow,497.6
2012,Canada,Science,Male,Low,MaleLow,499.6
2015,Canada,Science,Male,Low,MaleLow,490
2018,Canada,Science,Male,Low,MaleLow,484.6
2022,Canada,Science,Male,Low,MaleLow,477.7
2006,Canada,Science,Male,Medium,MaleMedium,535
2009,Canada,Science,Male,Medium,MaleMedium,523.4
2012,Canada,Science,Male,Medium,MaleMedium,523.9
2015,Canada,Science,Male,Medium,MaleMedium,517.9
2018,Canada,Science,Male,Medium,MaleMedium,511.7
2022,Canada,Science,Male,Medium,MaleMedium,512.4
2006,Chile,Math,Female,0,Female,396.3
2009,Chile,Math,Female,0,Female,410.4
2012,Chile,Math,Female,0,Female,410.5
2015,Chile,Math,Female,0,Female,413.4
2018,Chile,Math,Female,0,Female,413.6
2022,Chile,Math,Female,0,Female,403.4
2006,Chile,Math,Female,High,FemaleHigh,468.9
2009,Chile,Math,Female,High,FemaleHigh,479
2012,Chile,Math,Female,High,FemaleHigh,478.8
2015,Chile,Math,Female,High,FemaleHigh,474.7
2018,Chile,Math,Female,High,FemaleHigh,472.8
2022,Chile,Math,Female,High,FemaleHigh,469.1
2006,Chile,Math,Female,Low,FemaleLow,370.2
2009,Chile,Math,Female,Low,FemaleLow,388
2012,Chile,Math,Female,Low,FemaleLow,389.5
2015,Chile,Math,Female,Low,FemaleLow,391.3
2018,Chile,Math,Female,Low,FemaleLow,395.8
2022,Chile,Math,Female,Low,FemaleLow,387.1
2006,Chile,Math,Female,Medium,FemaleMedium,431.8
2009,Chile,Math,Female,Medium,FemaleMedium,429.8
2012,Chile,Math,Female,Medium,FemaleMedium,428.9
2015,Chile,Math,Female,Medium,FemaleMedium,430.3
2018,Chile,Math,Female,Medium,FemaleMedium,433.4
2022,Chile,Math,Female,Medium,FemaleMedium,420.9
2006,Chile,Math,0,0,General,411.4
2009,Chile,Math,0,0,General,421.1
2012,Chile,Math,0,0,General,422.6
2015,Chile,Math,0,0,General,422.7
2018,Chile,Math,0,0,General,417.4
2022,Chile,Math,0,0,General,411.7
2025,Chile,Math,0,0,General,402.6
2006,Chile,Math,0,High,GeneralHigh,480.3
2009,Chile,Math,0,High,GeneralHigh,489.6
2012,Chile,Math,0,High,GeneralHigh,490.9
2015,Chile,Math,0,High,GeneralHigh,482.5
2018,Chile,Math,0,High,GeneralHigh,483.1
2022,Chile,Math,0,High,GeneralHigh,475.2
2025,Chile,Math,0,High,GeneralHigh,456.9
2006,Chile,Math,0,Low,GeneralLow,384.7
2009,Chile,Math,0,Low,GeneralLow,399.5
2012,Chile,Math,0,Low,GeneralLow,400.8
2015,Chile,Math,0,Low,GeneralLow,401
2018,Chile,Math,0,Low,GeneralLow,398.4
2022,Chile,Math,0,Low,GeneralLow,396.7
2025,Chile,Math,0,Low,GeneralLow,387.7
2006,Chile,Math,0,Medium,GeneralMedium,444.9
2009,Chile,Math,0,Medium,GeneralMedium,439
2012,Chile,Math,0,Medium,GeneralMedium,440.2
2015,Chile,Math,0,Medium,GeneralMedium,437.7
2018,Chile,Math,0,Medium,GeneralMedium,436.6
2022,Chile,Math,0,Medium,GeneralMedium,427.2
2025,Chile,Math,0,Medium,GeneralMedium,418.5
2006,Chile,Math,Male,0,Male,424.2
2009,Chile,Math,Male,0,Male,431.3
2012,Chile,Math,Male,0,Male,435.5
2015,Chile,Math,Male,0,Male,431.8
2018,Chile,Math,Male,0,Male,421.1
2022,Chile,Math,Male,0,Male,419.7
2006,Chile,Math,Male,High,MaleHigh,488.9
2009,Chile,Math,Male,High,MaleHigh,500.2
2012,Chile,Math,Male,High,MaleHigh,503
2015,Chile,Math,Male,High,MaleHigh,489.8
2018,Chile,Math,Male,High,MaleHigh,493.3
2022,Chile,Math,Male,High,MaleHigh,480.9
2006,Chile,Math,Male,Low,MaleLow,397.5
2009,Chile,Math,Male,Low,MaleLow,410.4
2012,Chile,Math,Male,Low,MaleLow,413.1
2015,Chile,Math,Male,Low,MaleLow,411
2018,Chile,Math,Male,Low,MaleLow,401.1
2022,Chile,Math,Male,Low,MaleLow,406
2006,Chile,Math,Male,Medium,MaleMedium,455.7
2009,Chile,Math,Male,Medium,MaleMedium,447.6
2012,Chile,Math,Male,Medium,MaleMedium,452.4
2015,Chile,Math,Male,Medium,MaleMedium,444.7
2018,Chile,Math,Male,Medium,MaleMedium,439.4
2022,Chile,Math,Male,Medium,MaleMedium,433
2006,Chile,Reading,Female,0,Female,451.3
2009,Chile,Reading,Female,0,Female,460.6
2012,Chile,Reading,Female,0,Female,452.4
2015,Chile,Reading,Female,0,Female,464.6
2018,Chile,Reading,Female,0,Female,462.3
2022,Chile,Reading,Female,0,Female,451.4
2006,Chile,Reading,Female,High,FemaleHigh,524.8
2009,Chile,Reading,Female,High,FemaleHigh,522.2
2012,Chile,Reading,Female,High,FemaleHigh,511.2
2015,Chile,Reading,Female,High,FemaleHigh,520.8
2018,Chile,Reading,Female,High,FemaleHigh,519.3
2022,Chile,Reading,Female,High,FemaleHigh,514.3
2006,Chile,Reading,Female,Low,FemaleLow,424.6
2009,Chile,Reading,Female,Low,FemaleLow,439.6
2012,Chile,Reading,Female,Low,FemaleLow,433.9
2015,Chile,Reading,Female,Low,FemaleLow,443.6
2018,Chile,Reading,Female,Low,FemaleLow,445.4
2022,Chile,Reading,Female,Low,FemaleLow,434.2
2006,Chile,Reading,Female,Medium,FemaleMedium,488.1
2009,Chile,Reading,Female,Medium,FemaleMedium,482.3
2012,Chile,Reading,Female,Medium,FemaleMedium,470.7
2015,Chile,Reading,Female,Medium,FemaleMedium,483
2018,Chile,Reading,Female,Medium,FemaleMedium,482.5
2022,Chile,Reading,Female,Medium,FemaleMedium,474.8
2006,Chile,Reading,0,0,General,442.1
2009,Chile,Reading,0,0,General,449.4
2012,Chile,Reading,0,0,General,441.4
2015,Chile,Reading,0,0,General,458.6
2018,Chile,Reading,0,0,General,452.3
2022,Chile,Reading,0,0,General,448
2025,Chile,Reading,0,0,General,435.7
2006,Chile,Reading,0,High,GeneralHigh,511.6
2009,Chile,Reading,0,High,GeneralHigh,514.3
2012,Chile,Reading,0,High,GeneralHigh,501
2015,Chile,Reading,0,High,GeneralHigh,512.4
2018,Chile,Reading,0,High,GeneralHigh,514.4
2022,Chile,Reading,0,High,GeneralHigh,507.1
2025,Chile,Reading,0,High,GeneralHigh,493.7
2006,Chile,Reading,0,Low,GeneralLow,415.3
2009,Chile,Reading,0,Low,GeneralLow,428.1
2012,Chile,Reading,0,Low,GeneralLow,422.2
2015,Chile,Reading,0,Low,GeneralLow,439.4
2018,Chile,Reading,0,Low,GeneralLow,434.2
2022,Chile,Reading,0,Low,GeneralLow,431.8
2025,Chile,Reading,0,Low,GeneralLow,422.2
2006,Chile,Reading,0,Medium,GeneralMedium,475.8
2009,Chile,Reading,0,Medium,GeneralMedium,470.5
2012,Chile,Reading,0,Medium,GeneralMedium,459.1
2015,Chile,Reading,0,Medium,GeneralMedium,472.6
2018,Chile,Reading,0,Medium,GeneralMedium,473.1
2022,Chile,Reading,0,Medium,GeneralMedium,468.8
2025,Chile,Reading,0,Medium,GeneralMedium,452.1
2006,Chile,Reading,Male,0,Male,434.3
2009,Chile,Reading,Male,0,Male,438.6
2012,Chile,Reading,Male,0,Male,429.7
2015,Chile,Reading,Male,0,Male,452.6
2018,Chile,Reading,Male,0,Male,442.5
2022,Chile,Reading,Male,0,Male,444.8
2006,Chile,Reading,Male,High,MaleHigh,501.7
2009,Chile,Reading,Male,High,MaleHigh,506.3
2012,Chile,Reading,Male,High,MaleHigh,490.8
2015,Chile,Reading,Male,High,MaleHigh,504.5
2018,Chile,Reading,Male,High,MaleHigh,509.7
2022,Chile,Reading,Male,High,MaleHigh,500.3
2006,Chile,Reading,Male,Low,MaleLow,407
2009,Chile,Reading,Male,Low,MaleLow,417
2012,Chile,Reading,Male,Low,MaleLow,409.3
2015,Chile,Reading,Male,Low,MaleLow,435
2018,Chile,Reading,Male,Low,MaleLow,422.7
2022,Chile,Reading,Male,Low,MaleLow,429.4
2006,Chile,Reading,Male,Medium,MaleMedium,465.6
2009,Chile,Reading,Male,Medium,MaleMedium,459.4
2012,Chile,Reading,Male,Medium,MaleMedium,446.5
2015,Chile,Reading,Male,Medium,MaleMedium,462.9
2018,Chile,Reading,Male,Medium,MaleMedium,465
2022,Chile,Reading,Male,Medium,MaleMedium,463.3
2006,Chile,Science,Female,0,Female,426.5
2009,Chile,Science,Female,0,Female,442.9
2012,Chile,Science,Female,0,Female,441.6
2015,Chile,Science,Female,0,Female,439.6
2018,Chile,Science,Female,0,Female,441.8
2022,Chile,Science,Female,0,Female,436.3
2006,Chile,Science,Female,High,FemaleHigh,501.6
2009,Chile,Science,Female,High,FemaleHigh,505.2
2012,Chile,Science,Female,High,FemaleHigh,504.6
2015,Chile,Science,Female,High,FemaleHigh,497.8
2018,Chile,Science,Female,High,FemaleHigh,499
2022,Chile,Science,Female,High,FemaleHigh,510.5
2006,Chile,Science,Female,Low,FemaleLow,400.1
2009,Chile,Science,Female,Low,FemaleLow,421.6
2012,Chile,Science,Female,Low,FemaleLow,421.4
2015,Chile,Science,Female,Low,FemaleLow,417.4
2018,Chile,Science,Female,Low,FemaleLow,424.6
2022,Chile,Science,Female,Low,FemaleLow,417.7
2006,Chile,Science,Female,Medium,FemaleMedium,460.9
2009,Chile,Science,Female,Medium,FemaleMedium,463.8
2012,Chile,Science,Female,Medium,FemaleMedium,461.7
2015,Chile,Science,Female,Medium,FemaleMedium,459.2
2018,Chile,Science,Female,Medium,FemaleMedium,460.4
2022,Chile,Science,Female,Medium,FemaleMedium,458.3
2006,Chile,Science,0,0,General,438.2
2009,Chile,Science,0,0,General,447.5
2012,Chile,Science,0,0,General,444.9
2015,Chile,Science,0,0,General,447
2018,Chile,Science,0,0,General,443.6
2022,Chile,Science,0,0,General,443.5
2025,Chile,Science,0,0,General,442.4
2006,Chile,Science,0,High,GeneralHigh,508.1
2009,Chile,Science,0,High,GeneralHigh,509.3
2012,Chile,Science,0,High,GeneralHigh,508.4
2015,Chile,Science,0,High,GeneralHigh,503.8
2018,Chile,Science,0,High,GeneralHigh,505
2022,Chile,Science,0,High,GeneralHigh,511.9
2025,Chile,Science,0,High,GeneralHigh,501.2
2006,Chile,Science,0,Low,GeneralLow,411.3
2009,Chile,Science,0,Low,GeneralLow,427.3
2012,Chile,Science,0,Low,GeneralLow,424.3
2015,Chile,Science,0,Low,GeneralLow,425.7
2018,Chile,Science,0,Low,GeneralLow,425.2
2022,Chile,Science,0,Low,GeneralLow,426.8
2025,Chile,Science,0,Low,GeneralLow,427
2006,Chile,Science,0,Medium,GeneralMedium,471.8
2009,Chile,Science,0,Medium,GeneralMedium,466.9
2012,Chile,Science,0,Medium,GeneralMedium,462.6
2015,Chile,Science,0,Medium,GeneralMedium,463.5
2018,Chile,Science,0,Medium,GeneralMedium,462.9
2022,Chile,Science,0,Medium,GeneralMedium,462.9
2025,Chile,Science,0,Medium,GeneralMedium,460.9
2006,Chile,Science,Male,0,Male,448.1
2009,Chile,Science,Male,0,Male,451.9
2012,Chile,Science,Male,0,Male,448.4
2015,Chile,Science,Male,0,Male,454.2
2018,Chile,Science,Male,0,Male,445.3
2022,Chile,Science,Male,0,Male,450.4
2006,Chile,Science,Male,High,MaleHigh,513
2009,Chile,Science,Male,High,MaleHigh,513.5
2012,Chile,Science,Male,High,MaleHigh,512.1
2015,Chile,Science,Male,High,MaleHigh,509.5
2018,Chile,Science,Male,High,MaleHigh,510.9
2022,Chile,Science,Male,High,MaleHigh,513.2
2006,Chile,Science,Male,Low,MaleLow,421.1
2009,Chile,Science,Male,Low,MaleLow,432.6
2012,Chile,Science,Male,Low,MaleLow,427.4
2015,Chile,Science,Male,Low,MaleLow,434.3
2018,Chile,Science,Male,Low,MaleLow,425.8
2022,Chile,Science,Male,Low,MaleLow,435.6
2006,Chile,Science,Male,Medium,MaleMedium,480.8
2009,Chile,Science,Male,Medium,MaleMedium,469.8
2012,Chile,Science,Male,Medium,MaleMedium,463.6
2015,Chile,Science,Male,Medium,MaleMedium,467.4
2018,Chile,Science,Male,Medium,MaleMedium,465.1
2022,Chile,Science,Male,Medium,MaleMedium,467
2006,Chinese Taipei,Math,Female,0,Female,542.5
2009,Chinese Taipei,Math,Female,0,Female,540.7
2012,Chinese Taipei,Math,Female,0,Female,557.2
2015,Chinese Taipei,Math,Female,0,Female,539.4
2018,Chinese Taipei,Math,Female,0,Female,529.4
2022,Chinese Taipei,Math,Female,0,Female,544.2
2025,Chinese Taipei,Math,Female,0,Female,545.5
2006,Chinese Taipei,Math,Female,High,FemaleHigh,614.9
2009,Chinese Taipei,Math,Female,High,FemaleHigh,604.1
2012,Chinese Taipei,Math,Female,High,FemaleHigh,650.7
2015,Chinese Taipei,Math,Female,High,FemaleHigh,600.2
2018,Chinese Taipei,Math,Female,High,FemaleHigh,590.2
2022,Chinese Taipei,Math,Female,High,FemaleHigh,613.6
2025,Chinese Taipei,Math,Female,High,FemaleHigh,589.2
2006,Chinese Taipei,Math,Female,Low,FemaleLow,514
2009,Chinese Taipei,Math,Female,Low,FemaleLow,514
2012,Chinese Taipei,Math,Female,Low,FemaleLow,525
2015,Chinese Taipei,Math,Female,Low,FemaleLow,509.3
2018,Chinese Taipei,Math,Female,Low,FemaleLow,501.2
2022,Chinese Taipei,Math,Female,Low,FemaleLow,505.5
2025,Chinese Taipei,Math,Female,Low,FemaleLow,504.7
2006,Chinese Taipei,Math,Female,Medium,FemaleMedium,565.1
2009,Chinese Taipei,Math,Female,Medium,FemaleMedium,563.4
2012,Chinese Taipei,Math,Female,Medium,FemaleMedium,588.8
2015,Chinese Taipei,Math,Female,Medium,FemaleMedium,555.5
2018,Chinese Taipei,Math,Female,Medium,FemaleMedium,550.5
2022,Chinese Taipei,Math,Female,Medium,FemaleMedium,560.4
2025,Chinese Taipei,Math,Female,Medium,FemaleMedium,564
2006,Chinese Taipei,Math,0,0,General,549.4
2009,Chinese Taipei,Math,0,0,General,543.2
2012,Chinese Taipei,Math,0,0,General,559.8
2015,Chinese Taipei,Math,0,0,General,542.3
2018,Chinese Taipei,Math,0,0,General,531.1
2022,Chinese Taipei,Math,0,0,General,547.1
2025,Chinese Taipei,Math,0,0,General,546.2
2006,Chinese Taipei,Math,0,High,GeneralHigh,608.5
2009,Chinese Taipei,Math,0,High,GeneralHigh,607.6
2012,Chinese Taipei,Math,0,High,GeneralHigh,649.5
2015,Chinese Taipei,Math,0,High,GeneralHigh,601.8
2018,Chinese Taipei,Math,0,High,GeneralHigh,584.6
2022,Chinese Taipei,Math,0,High,GeneralHigh,617.3
2025,Chinese Taipei,Math,0,High,GeneralHigh,589.4
2006,Chinese Taipei,Math,0,Low,GeneralLow,523.3
2009,Chinese Taipei,Math,0,Low,GeneralLow,517
2012,Chinese Taipei,Math,0,Low,GeneralLow,528.7
2015,Chinese Taipei,Math,0,Low,GeneralLow,513.4
2018,Chinese Taipei,Math,0,Low,GeneralLow,504.5
2022,Chinese Taipei,Math,0,Low,GeneralLow,508.9
2025,Chinese Taipei,Math,0,Low,GeneralLow,507.8
2006,Chinese Taipei,Math,0,Medium,GeneralMedium,572
2009,Chinese Taipei,Math,0,Medium,GeneralMedium,566.3
2012,Chinese Taipei,Math,0,Medium,GeneralMedium,591.3
2015,Chinese Taipei,Math,0,Medium,GeneralMedium,559.5
2018,Chinese Taipei,Math,0,Medium,GeneralMedium,553.1
2022,Chinese Taipei,Math,0,Medium,GeneralMedium,563.7
2025,Chinese Taipei,Math,0,Medium,GeneralMedium,568.9
2006,Chinese Taipei,Math,Male,0,Male,555.6
2009,Chinese Taipei,Math,Male,0,Male,545.6
2012,Chinese Taipei,Math,Male,0,Male,562.5
2015,Chinese Taipei,Math,Male,0,Male,545.1
2018,Chinese Taipei,Math,Male,0,Male,532.9
2022,Chinese Taipei,Math,Male,0,Male,549.8
2025,Chinese Taipei,Math,Male,0,Male,546.8
2006,Chinese Taipei,Math,Male,High,MaleHigh,603.3
2009,Chinese Taipei,Math,Male,High,MaleHigh,611.1
2012,Chinese Taipei,Math,Male,High,MaleHigh,648
2015,Chinese Taipei,Math,Male,High,MaleHigh,603.4
2018,Chinese Taipei,Math,Male,High,MaleHigh,578.9
2022,Chinese Taipei,Math,Male,High,MaleHigh,620.9
2025,Chinese Taipei,Math,Male,High,MaleHigh,589.6
2006,Chinese Taipei,Math,Male,Low,MaleLow,531.7
2009,Chinese Taipei,Math,Male,Low,MaleLow,520
2012,Chinese Taipei,Math,Male,Low,MaleLow,532.6
2015,Chinese Taipei,Math,Male,Low,MaleLow,517.2
2018,Chinese Taipei,Math,Male,Low,MaleLow,507.9
2022,Chinese Taipei,Math,Male,Low,MaleLow,512.1
2025,Chinese Taipei,Math,Male,Low,MaleLow,510.6
2006,Chinese Taipei,Math,Male,Medium,MaleMedium,578.7
2009,Chinese Taipei,Math,Male,Medium,MaleMedium,569.1
2012,Chinese Taipei,Math,Male,Medium,MaleMedium,593.8
2015,Chinese Taipei,Math,Male,Medium,MaleMedium,563.7
2018,Chinese Taipei,Math,Male,Medium,MaleMedium,555.7
2022,Chinese Taipei,Math,Male,Medium,MaleMedium,566.8
2025,Chinese Taipei,Math,Male,Medium,MaleMedium,573.7
2006,Chinese Taipei,Reading,Female,0,Female,507.4
2009,Chinese Taipei,Reading,Female,0,Female,513.9
2012,Chinese Taipei,Reading,Female,0,Female,539
2015,Chinese Taipei,Reading,Female,0,Female,509.9
2018,Chinese Taipei,Reading,Female,0,Female,513.6
2022,Chinese Taipei,Reading,Female,0,Female,529.1
2025,Chinese Taipei,Reading,Female,0,Female,528.1
2006,Chinese Taipei,Reading,Female,High,FemaleHigh,566.4
2009,Chinese Taipei,Reading,Female,High,FemaleHigh,561.6
2012,Chinese Taipei,Reading,Female,High,FemaleHigh,605.9
2015,Chinese Taipei,Reading,Female,High,FemaleHigh,566.6
2018,Chinese Taipei,Reading,Female,High,FemaleHigh,575.3
2022,Chinese Taipei,Reading,Female,High,FemaleHigh,583.1
2025,Chinese Taipei,Reading,Female,High,FemaleHigh,564.3
2006,Chinese Taipei,Reading,Female,Low,FemaleLow,484
2009,Chinese Taipei,Reading,Female,Low,FemaleLow,492.6
2012,Chinese Taipei,Reading,Female,Low,FemaleLow,516.5
2015,Chinese Taipei,Reading,Female,Low,FemaleLow,483.2
2018,Chinese Taipei,Reading,Female,Low,FemaleLow,486.7
2022,Chinese Taipei,Reading,Female,Low,FemaleLow,496.8
2025,Chinese Taipei,Reading,Female,Low,FemaleLow,493.1
2006,Chinese Taipei,Reading,Female,Medium,FemaleMedium,525.9
2009,Chinese Taipei,Reading,Female,Medium,FemaleMedium,532.7
2012,Chinese Taipei,Reading,Female,Medium,FemaleMedium,561.3
2015,Chinese Taipei,Reading,Female,Medium,FemaleMedium,522.6
2018,Chinese Taipei,Reading,Female,Medium,FemaleMedium,532.4
2022,Chinese Taipei,Reading,Female,Medium,FemaleMedium,545.5
2025,Chinese Taipei,Reading,Female,Medium,FemaleMedium,545.7
2006,Chinese Taipei,Reading,0,0,General,496.2
2009,Chinese Taipei,Reading,0,0,General,495.2
2012,Chinese Taipei,Reading,0,0,General,523.1
2015,Chinese Taipei,Reading,0,0,General,497.1
2018,Chinese Taipei,Reading,0,0,General,502.6
2022,Chinese Taipei,Reading,0,0,General,515.2
2025,Chinese Taipei,Reading,0,0,General,507.8
2006,Chinese Taipei,Reading,0,High,GeneralHigh,545.8
2009,Chinese Taipei,Reading,0,High,GeneralHigh,547.2
2012,Chinese Taipei,Reading,0,High,GeneralHigh,588.1
2015,Chinese Taipei,Reading,0,High,GeneralHigh,552.4
2018,Chinese Taipei,Reading,0,High,GeneralHigh,557.5
2022,Chinese Taipei,Reading,0,High,GeneralHigh,570.5
2025,Chinese Taipei,Reading,0,High,GeneralHigh,545
2006,Chinese Taipei,Reading,0,Low,GeneralLow,474.1
2009,Chinese Taipei,Reading,0,Low,GeneralLow,473.3
2012,Chinese Taipei,Reading,0,Low,GeneralLow,501.5
2015,Chinese Taipei,Reading,0,Low,GeneralLow,470.7
2018,Chinese Taipei,Reading,0,Low,GeneralLow,477.2
2022,Chinese Taipei,Reading,0,Low,GeneralLow,483.9
2025,Chinese Taipei,Reading,0,Low,GeneralLow,475.5
2006,Chinese Taipei,Reading,0,Medium,GeneralMedium,515.8
2009,Chinese Taipei,Reading,0,Medium,GeneralMedium,515.4
2012,Chinese Taipei,Reading,0,Medium,GeneralMedium,545.1
2015,Chinese Taipei,Reading,0,Medium,GeneralMedium,512
2018,Chinese Taipei,Reading,0,Medium,GeneralMedium,522
2022,Chinese Taipei,Reading,0,Medium,GeneralMedium,530.9
2025,Chinese Taipei,Reading,0,Medium,GeneralMedium,529.5
2006,Chinese Taipei,Reading,Male,0,Male,486.1
2009,Chinese Taipei,Reading,Male,0,Male,477
2012,Chinese Taipei,Reading,Male,0,Male,506.7
2015,Chinese Taipei,Reading,Male,0,Male,484.6
2018,Chinese Taipei,Reading,Male,0,Male,491.7
2022,Chinese Taipei,Reading,Male,0,Male,502.1
2025,Chinese Taipei,Reading,Male,0,Male,488.9
2006,Chinese Taipei,Reading,Male,High,MaleHigh,528.8
2009,Chinese Taipei,Reading,Male,High,MaleHigh,532.8
2012,Chinese Taipei,Reading,Male,High,MaleHigh,566.9
2015,Chinese Taipei,Reading,Male,High,MaleHigh,537.9
2018,Chinese Taipei,Reading,Male,High,MaleHigh,539.1
2022,Chinese Taipei,Reading,Male,High,MaleHigh,557.8
2025,Chinese Taipei,Reading,Male,High,MaleHigh,526
2006,Chinese Taipei,Reading,Male,Low,MaleLow,465.2
2009,Chinese Taipei,Reading,Male,Low,MaleLow,454.5
2012,Chinese Taipei,Reading,Male,Low,MaleLow,485.6
2015,Chinese Taipei,Reading,Male,Low,MaleLow,459
2018,Chinese Taipei,Reading,Male,Low,MaleLow,467.6
2022,Chinese Taipei,Reading,Male,Low,MaleLow,471.7
2025,Chinese Taipei,Reading,Male,Low,MaleLow,459.8
2006,Chinese Taipei,Reading,Male,Medium,MaleMedium,506
2009,Chinese Taipei,Reading,Male,Medium,MaleMedium,498.2
2012,Chinese Taipei,Reading,Male,Medium,MaleMedium,529.3
2015,Chinese Taipei,Reading,Male,Medium,MaleMedium,501.1
2018,Chinese Taipei,Reading,Male,Medium,MaleMedium,512.3
2022,Chinese Taipei,Reading,Male,Medium,MaleMedium,517.4
2025,Chinese Taipei,Reading,Male,Medium,MaleMedium,513.4
2006,Chinese Taipei,Science,Female,0,Female,528.7
2009,Chinese Taipei,Science,Female,0,Female,520.9
2012,Chinese Taipei,Science,Female,0,Female,522.8
2015,Chinese Taipei,Science,Female,0,Female,530.1
2018,Chinese Taipei,Science,Female,0,Female,515.2
2022,Chinese Taipei,Science,Female,0,Female,535.6
2025,Chinese Taipei,Science,Female,0,Female,545.2
2006,Chinese Taipei,Science,Female,High,FemaleHigh,598
2009,Chinese Taipei,Science,Female,High,FemaleHigh,571.6
2012,Chinese Taipei,Science,Female,High,FemaleHigh,587.6
2015,Chinese Taipei,Science,Female,High,FemaleHigh,597.1
2018,Chinese Taipei,Science,Female,High,FemaleHigh,575.6
2022,Chinese Taipei,Science,Female,High,FemaleHigh,594.9
2025,Chinese Taipei,Science,Female,High,FemaleHigh,588.6
2006,Chinese Taipei,Science,Female,Low,FemaleLow,503.2
2009,Chinese Taipei,Science,Female,Low,FemaleLow,498.8
2012,Chinese Taipei,Science,Female,Low,FemaleLow,501.1
2015,Chinese Taipei,Science,Female,Low,FemaleLow,498.1
2018,Chinese Taipei,Science,Female,Low,FemaleLow,487.7
2022,Chinese Taipei,Science,Female,Low,FemaleLow,501.7
2025,Chinese Taipei,Science,Female,Low,FemaleLow,505
2006,Chinese Taipei,Science,Female,Medium,FemaleMedium,547.5
2009,Chinese Taipei,Science,Female,Medium,FemaleMedium,540.1
2012,Chinese Taipei,Science,Female,Medium,FemaleMedium,544.4
2015,Chinese Taipei,Science,Female,Medium,FemaleMedium,545.8
2018,Chinese Taipei,Science,Female,Medium,FemaleMedium,535
2022,Chinese Taipei,Science,Female,Medium,FemaleMedium,551
2025,Chinese Taipei,Science,Female,Medium,FemaleMedium,563.1
2006,Chinese Taipei,Science,0,0,General,532.5
2009,Chinese Taipei,Science,0,0,General,520.4
2012,Chinese Taipei,Science,0,0,General,523.3
2015,Chinese Taipei,Science,0,0,General,532.3
2018,Chinese Taipei,Science,0,0,General,515.7
2022,Chinese Taipei,Science,0,0,General,537.4
2025,Chinese Taipei,Science,0,0,General,539.7
2006,Chinese Taipei,Science,0,High,GeneralHigh,590.4
2009,Chinese Taipei,Science,0,High,GeneralHigh,575.5
2012,Chinese Taipei,Science,0,High,GeneralHigh,585.1
2015,Chinese Taipei,Science,0,High,GeneralHigh,596
2018,Chinese Taipei,Science,0,High,GeneralHigh,568.3
2022,Chinese Taipei,Science,0,High,GeneralHigh,596.6
2025,Chinese Taipei,Science,0,High,GeneralHigh,582.9
2006,Chinese Taipei,Science,0,Low,GeneralLow,508.7
2009,Chinese Taipei,Science,0,Low,GeneralLow,497.4
2012,Chinese Taipei,Science,0,Low,GeneralLow,502.3
2015,Chinese Taipei,Science,0,Low,GeneralLow,501.7
2018,Chinese Taipei,Science,0,Low,GeneralLow,490.6
2022,Chinese Taipei,Science,0,Low,GeneralLow,505.1
2025,Chinese Taipei,Science,0,Low,GeneralLow,503.1
2006,Chinese Taipei,Science,0,Medium,GeneralMedium,552
2009,Chinese Taipei,Science,0,Medium,GeneralMedium,541.2
2012,Chinese Taipei,Science,0,Medium,GeneralMedium,544.9
2015,Chinese Taipei,Science,0,Medium,GeneralMedium,549.8
2018,Chinese Taipei,Science,0,Medium,GeneralMedium,535.3
2022,Chinese Taipei,Science,0,Medium,GeneralMedium,552.1
2025,Chinese Taipei,Science,0,Medium,GeneralMedium,561
2006,Chinese Taipei,Science,Male,0,Male,535.9
2009,Chinese Taipei,Science,Male,0,Male,519.9
2012,Chinese Taipei,Science,Male,0,Male,523.8
2015,Chinese Taipei,Science,Male,0,Male,534.6
2018,Chinese Taipei,Science,Male,0,Male,516.3
2022,Chinese Taipei,Science,Male,0,Male,539
2025,Chinese Taipei,Science,Male,0,Male,534.6
2006,Chinese Taipei,Science,Male,High,MaleHigh,584.1
2009,Chinese Taipei,Science,Male,High,MaleHigh,579.5
2012,Chinese Taipei,Science,Male,High,MaleHigh,582.2
2015,Chinese Taipei,Science,Male,High,MaleHigh,594.9
2018,Chinese Taipei,Science,Male,High,MaleHigh,560.8
2022,Chinese Taipei,Science,Male,High,MaleHigh,598.3
2025,Chinese Taipei,Science,Male,High,MaleHigh,577.3
2006,Chinese Taipei,Science,Male,Low,MaleLow,513.5
2009,Chinese Taipei,Science,Male,Low,MaleLow,495.9
2012,Chinese Taipei,Science,Male,Low,MaleLow,503.5
2015,Chinese Taipei,Science,Male,Low,MaleLow,505.1
2018,Chinese Taipei,Science,Male,Low,MaleLow,493.5
2022,Chinese Taipei,Science,Male,Low,MaleLow,508.2
2025,Chinese Taipei,Science,Male,Low,MaleLow,501.4
2006,Chinese Taipei,Science,Male,Medium,MaleMedium,556.2
2009,Chinese Taipei,Science,Male,Medium,MaleMedium,542.3
2012,Chinese Taipei,Science,Male,Medium,MaleMedium,545.3
2015,Chinese Taipei,Science,Male,Medium,MaleMedium,553.9
2018,Chinese Taipei,Science,Male,Medium,MaleMedium,535.6
2022,Chinese Taipei,Science,Male,Medium,MaleMedium,553
2025,Chinese Taipei,Science,Male,Medium,MaleMedium,558.9
2006,Colombia,Math,Female,0,Female,359.8
2009,Colombia,Math,Female,0,Female,365.5
2012,Colombia,Math,Female,0,Female,364.5
2015,Colombia,Math,Female,0,Female,384.5
2018,Colombia,Math,Female,0,Female,381.4
2022,Colombia,Math,Female,0,Female,378.4
2006,Colombia,Math,Female,High,FemaleHigh,422.5
2009,Colombia,Math,Female,High,FemaleHigh,443.5
2012,Colombia,Math,Female,High,FemaleHigh,440.7
2015,Colombia,Math,Female,High,FemaleHigh,465
2018,Colombia,Math,Female,High,FemaleHigh,459.8
2022,Colombia,Math,Female,High,FemaleHigh,457
2006,Colombia,Math,Female,Low,FemaleLow,343.9
2009,Colombia,Math,Female,Low,FemaleLow,350.6
2012,Colombia,Math,Female,Low,FemaleLow,354.5
2015,Colombia,Math,Female,Low,FemaleLow,370.2
2018,Colombia,Math,Female,Low,FemaleLow,369.2
2022,Colombia,Math,Female,Low,FemaleLow,363.3
2006,Colombia,Math,Female,Medium,FemaleMedium,389
2009,Colombia,Math,Female,Medium,FemaleMedium,399.3
2012,Colombia,Math,Female,Medium,FemaleMedium,401.7
2015,Colombia,Math,Female,Medium,FemaleMedium,413.1
2018,Colombia,Math,Female,Medium,FemaleMedium,415.5
2022,Colombia,Math,Female,Medium,FemaleMedium,412.6
2006,Colombia,Math,0,0,General,370
2009,Colombia,Math,0,0,General,380.8
2012,Colombia,Math,0,0,General,376.5
2015,Colombia,Math,0,0,General,389.6
2018,Colombia,Math,0,0,General,390.9
2022,Colombia,Math,0,0,General,382.7
2025,Colombia,Math,0,0,General,380.5
2006,Colombia,Math,0,High,GeneralHigh,435.8
2009,Colombia,Math,0,High,GeneralHigh,457.7
2012,Colombia,Math,0,High,GeneralHigh,458.2
2015,Colombia,Math,0,High,GeneralHigh,466.8
2018,Colombia,Math,0,High,GeneralHigh,463.1
2022,Colombia,Math,0,High,GeneralHigh,462.1
2025,Colombia,Math,0,High,GeneralHigh,461.7
2006,Colombia,Math,0,Low,GeneralLow,353.3
2009,Colombia,Math,0,Low,GeneralLow,365.6
2012,Colombia,Math,0,Low,GeneralLow,365.3
2015,Colombia,Math,0,Low,GeneralLow,375.9
2018,Colombia,Math,0,Low,GeneralLow,377.9
2022,Colombia,Math,0,Low,GeneralLow,368.2
2025,Colombia,Math,0,Low,GeneralLow,370.9
2006,Colombia,Math,0,Medium,GeneralMedium,400.4
2009,Colombia,Math,0,Medium,GeneralMedium,413.7
2012,Colombia,Math,0,Medium,GeneralMedium,412.8
2015,Colombia,Math,0,Medium,GeneralMedium,417.7
2018,Colombia,Math,0,Medium,GeneralMedium,423.6
2022,Colombia,Math,0,Medium,GeneralMedium,414.7
2025,Colombia,Math,0,Medium,GeneralMedium,417.1
2006,Colombia,Math,Male,0,Male,381.9
2009,Colombia,Math,Male,0,Male,397.7
2012,Colombia,Math,Male,0,Male,390
2015,Colombia,Math,Male,0,Male,395.4
2018,Colombia,Math,Male,0,Male,400.9
2022,Colombia,Math,Male,0,Male,387.3
2006,Colombia,Math,Male,High,MaleHigh,452.3
2009,Colombia,Math,Male,High,MaleHigh,472.5
2012,Colombia,Math,Male,High,MaleHigh,472.5
2015,Colombia,Math,Male,High,MaleHigh,469.2
2018,Colombia,Math,Male,High,MaleHigh,465.8
2022,Colombia,Math,Male,High,MaleHigh,467.5
2006,Colombia,Math,Male,Low,MaleLow,364.4
2009,Colombia,Math,Male,Low,MaleLow,382.3
2012,Colombia,Math,Male,Low,MaleLow,377.9
2015,Colombia,Math,Male,Low,MaleLow,382.3
2018,Colombia,Math,Male,Low,MaleLow,387.4
2022,Colombia,Math,Male,Low,MaleLow,373.8
2006,Colombia,Math,Male,Medium,MaleMedium,412.8
2009,Colombia,Math,Male,Medium,MaleMedium,428.4
2012,Colombia,Math,Male,Medium,MaleMedium,423.9
2015,Colombia,Math,Male,Medium,MaleMedium,422.5
2018,Colombia,Math,Male,Medium,MaleMedium,430.7
2022,Colombia,Math,Male,Medium,MaleMedium,416.8
2006,Colombia,Reading,Female,0,Female,393.9
2009,Colombia,Reading,Female,0,Female,417.6
2012,Colombia,Reading,Female,0,Female,412.1
2015,Colombia,Reading,Female,0,Female,432.3
2018,Colombia,Reading,Female,0,Female,417.4
2022,Colombia,Reading,Female,0,Female,414.3
2006,Colombia,Reading,Female,High,FemaleHigh,462.1
2009,Colombia,Reading,Female,High,FemaleHigh,501.7
2012,Colombia,Reading,Female,High,FemaleHigh,495.1
2015,Colombia,Reading,Female,High,FemaleHigh,520.6
2018,Colombia,Reading,Female,High,FemaleHigh,503.6
2022,Colombia,Reading,Female,High,FemaleHigh,513.8
2006,Colombia,Reading,Female,Low,FemaleLow,376.9
2009,Colombia,Reading,Female,Low,FemaleLow,401
2012,Colombia,Reading,Female,Low,FemaleLow,400.7
2015,Colombia,Reading,Female,Low,FemaleLow,415
2018,Colombia,Reading,Female,Low,FemaleLow,402.6
2022,Colombia,Reading,Female,Low,FemaleLow,394.7
2006,Colombia,Reading,Female,Medium,FemaleMedium,424.4
2009,Colombia,Reading,Female,Medium,FemaleMedium,456.9
2012,Colombia,Reading,Female,Medium,FemaleMedium,456.1
2015,Colombia,Reading,Female,Medium,FemaleMedium,471.5
2018,Colombia,Reading,Female,Medium,FemaleMedium,459.7
2022,Colombia,Reading,Female,Medium,FemaleMedium,461.1
2006,Colombia,Reading,0,0,General,385.3
2009,Colombia,Reading,0,0,General,413.2
2012,Colombia,Reading,0,0,General,403.4
2015,Colombia,Reading,0,0,General,424.9
2018,Colombia,Reading,0,0,General,412.3
2022,Colombia,Reading,0,0,General,408.7
2025,Colombia,Reading,0,0,General,399.3
2006,Colombia,Reading,0,High,GeneralHigh,451.5
2009,Colombia,Reading,0,High,GeneralHigh,492
2012,Colombia,Reading,0,High,GeneralHigh,488.9
2015,Colombia,Reading,0,High,GeneralHigh,510.1
2018,Colombia,Reading,0,High,GeneralHigh,489.2
2022,Colombia,Reading,0,High,GeneralHigh,505.8
2025,Colombia,Reading,0,High,GeneralHigh,486.6
2006,Colombia,Reading,0,Low,GeneralLow,368.5
2009,Colombia,Reading,0,Low,GeneralLow,397.3
2012,Colombia,Reading,0,Low,GeneralLow,391.2
2015,Colombia,Reading,0,Low,GeneralLow,408.4
2018,Colombia,Reading,0,Low,GeneralLow,397.4
2022,Colombia,Reading,0,Low,GeneralLow,390.6
2025,Colombia,Reading,0,Low,GeneralLow,389.6
2006,Colombia,Reading,0,Medium,GeneralMedium,415.9
2009,Colombia,Reading,0,Medium,GeneralMedium,447.9
2012,Colombia,Reading,0,Medium,GeneralMedium,444.6
2015,Colombia,Reading,0,Medium,GeneralMedium,462.2
2018,Colombia,Reading,0,Medium,GeneralMedium,448.5
2022,Colombia,Reading,0,Medium,GeneralMedium,450.4
2025,Colombia,Reading,0,Medium,GeneralMedium,441.6
2006,Colombia,Reading,Male,0,Male,375.3
2009,Colombia,Reading,Male,0,Male,408.3
2012,Colombia,Reading,Male,0,Male,393.6
2015,Colombia,Reading,Male,0,Male,416.7
2018,Colombia,Reading,Male,0,Male,407
2022,Colombia,Reading,Male,0,Male,402.6
2006,Colombia,Reading,Male,High,MaleHigh,438.4
2009,Colombia,Reading,Male,High,MaleHigh,481.8
2012,Colombia,Reading,Male,High,MaleHigh,483.8
2015,Colombia,Reading,Male,High,MaleHigh,496.4
2018,Colombia,Reading,Male,High,MaleHigh,477.5
2022,Colombia,Reading,Male,High,MaleHigh,497.6
2006,Colombia,Reading,Male,Low,MaleLow,358.7
2009,Colombia,Reading,Male,Low,MaleLow,393.2
2012,Colombia,Reading,Male,Low,MaleLow,380
2015,Colombia,Reading,Male,Low,MaleLow,400.8
2018,Colombia,Reading,Male,Low,MaleLow,391.7
2022,Colombia,Reading,Male,Low,MaleLow,386.1
2006,Colombia,Reading,Male,Medium,MaleMedium,406.6
2009,Colombia,Reading,Male,Medium,MaleMedium,438.7
2012,Colombia,Reading,Male,Medium,MaleMedium,432.9
2015,Colombia,Reading,Male,Medium,MaleMedium,452.7
2018,Colombia,Reading,Male,Medium,MaleMedium,438.8
2022,Colombia,Reading,Male,Medium,MaleMedium,439.4
2006,Colombia,Science,Female,0,Female,383.9
2009,Colombia,Science,Female,0,Female,391.6
2012,Colombia,Science,Female,0,Female,390.4
2015,Colombia,Science,Female,0,Female,411
2018,Colombia,Science,Female,0,Female,407.3
2022,Colombia,Science,Female,0,Female,408.1
2006,Colombia,Science,Female,High,FemaleHigh,442.2
2009,Colombia,Science,Female,High,FemaleHigh,475.1
2012,Colombia,Science,Female,High,FemaleHigh,459.1
2015,Colombia,Science,Female,High,FemaleHigh,495.1
2018,Colombia,Science,Female,High,FemaleHigh,484
2022,Colombia,Science,Female,High,FemaleHigh,494.8
2006,Colombia,Science,Female,Low,FemaleLow,368.2
2009,Colombia,Science,Female,Low,FemaleLow,375.7
2012,Colombia,Science,Female,Low,FemaleLow,380.9
2015,Colombia,Science,Female,Low,FemaleLow,395.5
2018,Colombia,Science,Female,Low,FemaleLow,394.4
2022,Colombia,Science,Female,Low,FemaleLow,391.9
2006,Colombia,Science,Female,Medium,FemaleMedium,414.9
2009,Colombia,Science,Female,Medium,FemaleMedium,429
2012,Colombia,Science,Female,Medium,FemaleMedium,426
2015,Colombia,Science,Female,Medium,FemaleMedium,443.6
2018,Colombia,Science,Female,Medium,FemaleMedium,442.3
2022,Colombia,Science,Female,Medium,FemaleMedium,447.6
2006,Colombia,Science,0,0,General,388
2009,Colombia,Science,0,0,General,401.8
2012,Colombia,Science,0,0,General,398.7
2015,Colombia,Science,0,0,General,415.7
2018,Colombia,Science,0,0,General,413.3
2022,Colombia,Science,0,0,General,411.1
2025,Colombia,Science,0,0,General,413.7
2006,Colombia,Science,0,High,GeneralHigh,448.1
2009,Colombia,Science,0,High,GeneralHigh,476.6
2012,Colombia,Science,0,High,GeneralHigh,473.6
2015,Colombia,Science,0,High,GeneralHigh,496.8
2018,Colombia,Science,0,High,GeneralHigh,483.2
2022,Colombia,Science,0,High,GeneralHigh,499
2025,Colombia,Science,0,High,GeneralHigh,510.8
2006,Colombia,Science,0,Low,GeneralLow,372.9
2009,Colombia,Science,0,Low,GeneralLow,386.8
2012,Colombia,Science,0,Low,GeneralLow,387.9
2015,Colombia,Science,0,Low,GeneralLow,400.6
2018,Colombia,Science,0,Low,GeneralLow,400.3
2022,Colombia,Science,0,Low,GeneralLow,395.4
2025,Colombia,Science,0,Low,GeneralLow,402.6
2006,Colombia,Science,0,Medium,GeneralMedium,415.4
2009,Colombia,Science,0,Medium,GeneralMedium,435.2
2012,Colombia,Science,0,Medium,GeneralMedium,433.7
2015,Colombia,Science,0,Medium,GeneralMedium,447.7
2018,Colombia,Science,0,Medium,GeneralMedium,444.3
2022,Colombia,Science,0,Medium,GeneralMedium,448.8
2025,Colombia,Science,0,Medium,GeneralMedium,456.7
2006,Colombia,Science,Male,0,Male,392.9
2009,Colombia,Science,Male,0,Male,412.9
2012,Colombia,Science,Male,0,Male,408
2015,Colombia,Science,Male,0,Male,421
2018,Colombia,Science,Male,0,Male,419.6
2022,Colombia,Science,Male,0,Male,414.4
2006,Colombia,Science,Male,High,MaleHigh,455.3
2009,Colombia,Science,Male,High,MaleHigh,478.1
2012,Colombia,Science,Male,High,MaleHigh,485.3
2015,Colombia,Science,Male,High,MaleHigh,498.9
2018,Colombia,Science,Male,High,MaleHigh,482.6
2022,Colombia,Science,Male,High,MaleHigh,503.3
2006,Colombia,Science,Male,Low,MaleLow,378.5
2009,Colombia,Science,Male,Low,MaleLow,399.3
2012,Colombia,Science,Male,Low,MaleLow,396.1
2015,Colombia,Science,Male,Low,MaleLow,406.5
2018,Colombia,Science,Male,Low,MaleLow,406.7
2022,Colombia,Science,Male,Low,MaleLow,399.2
2006,Colombia,Science,Male,Medium,MaleMedium,415.9
2009,Colombia,Science,Male,Medium,MaleMedium,441.5
2012,Colombia,Science,Male,Medium,MaleMedium,441.5
2015,Colombia,Science,Male,Medium,MaleMedium,452
2018,Colombia,Science,Male,Medium,MaleMedium,446
2022,Colombia,Science,Male,Medium,MaleMedium,450
2012,Connecticut (USA),Math,Female,0,Female,498.6
2012,Connecticut (USA),Math,Female,High,FemaleHigh,548.9
2012,Connecticut (USA),Math,Female,Low,FemaleLow,436.4
2012,Connecticut (USA),Math,Female,Medium,FemaleMedium,481
2012,Connecticut (USA),Math,0,0,General,505.8
2012,Connecticut (USA),Math,0,High,GeneralHigh,552.4
2012,Connecticut (USA),Math,0,Low,GeneralLow,449.4
2012,Connecticut (USA),Math,0,Medium,GeneralMedium,483.1
2012,Connecticut (USA),Math,Male,0,Male,513
2012,Connecticut (USA),Math,Male,High,MaleHigh,555.6
2012,Connecticut (USA),Math,Male,Low,MaleLow,464.9
2012,Connecticut (USA),Math,Male,Medium,MaleMedium,485.2
2012,Connecticut (USA),Reading,Female,0,Female,532.4
2012,Connecticut (USA),Reading,Female,High,FemaleHigh,580.9
2012,Connecticut (USA),Reading,Female,Low,FemaleLow,471.4
2012,Connecticut (USA),Reading,Female,Medium,FemaleMedium,517.1
2012,Connecticut (USA),Reading,0,0,General,521.2
2012,Connecticut (USA),Reading,0,High,GeneralHigh,565.1
2012,Connecticut (USA),Reading,0,Low,GeneralLow,466.3
2012,Connecticut (USA),Reading,0,Medium,GeneralMedium,502.5
2012,Connecticut (USA),Reading,Male,0,Male,510
2012,Connecticut (USA),Reading,Male,High,MaleHigh,550.6
2012,Connecticut (USA),Reading,Male,Low,MaleLow,460.3
2012,Connecticut (USA),Reading,Male,Medium,MaleMedium,487.2
2012,Connecticut (USA),Science,Female,0,Female,513.9
2012,Connecticut (USA),Science,Female,High,FemaleHigh,562
2012,Connecticut (USA),Science,Female,Low,FemaleLow,456.4
2012,Connecticut (USA),Science,Female,Medium,FemaleMedium,496.7
2012,Connecticut (USA),Science,0,0,General,520.8
2012,Connecticut (USA),Science,0,High,GeneralHigh,564.9
2012,Connecticut (USA),Science,0,Low,GeneralLow,469.8
2012,Connecticut (USA),Science,0,Medium,GeneralMedium,498.9
2012,Connecticut (USA),Science,Male,0,Male,527.7
2012,Connecticut (USA),Science,Male,High,MaleHigh,567.6
2012,Connecticut (USA),Science,Male,Low,MaleLow,485.8
2012,Connecticut (USA),Science,Male,Medium,MaleMedium,501.2
2009,Costa Rica,Math,Female,0,Female,397.5
2012,Costa Rica,Math,Female,0,Female,395.9
2015,Costa Rica,Math,Female,0,Female,392.3
2018,Costa Rica,Math,Female,0,Female,393.6
2022,Costa Rica,Math,Female,0,Female,376.9
2025,Costa Rica,Math,Female,0,Female,376.1
2009,Costa Rica,Math,Female,High,FemaleHigh,451.3
2012,Costa Rica,Math,Female,High,FemaleHigh,460.2
2015,Costa Rica,Math,Female,High,FemaleHigh,446.1
2018,Costa Rica,Math,Female,High,FemaleHigh,458.1
2009,Costa Rica,Math,Female,Low,FemaleLow,381.1
2012,Costa Rica,Math,Female,Low,FemaleLow,381.4
2015,Costa Rica,Math,Female,Low,FemaleLow,377.1
2018,Costa Rica,Math,Female,Low,FemaleLow,376.9
2009,Costa Rica,Math,Female,Medium,FemaleMedium,420.8
2012,Costa Rica,Math,Female,Medium,FemaleMedium,421.3
2015,Costa Rica,Math,Female,Medium,FemaleMedium,412.8
2018,Costa Rica,Math,Female,Medium,FemaleMedium,417.2
2009,Costa Rica,Math,0,0,General,409.4
2012,Costa Rica,Math,0,0,General,407
2015,Costa Rica,Math,0,0,General,400.3
2018,Costa Rica,Math,0,0,General,402.3
2022,Costa Rica,Math,0,0,General,384.6
2025,Costa Rica,Math,0,0,General,387.1
2009,Costa Rica,Math,0,High,GeneralHigh,463.1
2012,Costa Rica,Math,0,High,GeneralHigh,473.5
2015,Costa Rica,Math,0,High,GeneralHigh,454.4
2018,Costa Rica,Math,0,High,GeneralHigh,462.4
2009,Costa Rica,Math,0,Low,GeneralLow,392.1
2012,Costa Rica,Math,0,Low,GeneralLow,391.2
2015,Costa Rica,Math,0,Low,GeneralLow,385.1
2018,Costa Rica,Math,0,Low,GeneralLow,385.3
2009,Costa Rica,Math,0,Medium,GeneralMedium,434.9
2012,Costa Rica,Math,0,Medium,GeneralMedium,431.6
2015,Costa Rica,Math,0,Medium,GeneralMedium,418.6
2018,Costa Rica,Math,0,Medium,GeneralMedium,424.9
2009,Costa Rica,Math,Male,0,Male,422.8
2012,Costa Rica,Math,Male,0,Male,419.5
2015,Costa Rica,Math,Male,0,Male,408.5
2018,Costa Rica,Math,Male,0,Male,411.3
2022,Costa Rica,Math,Male,0,Male,392
2025,Costa Rica,Math,Male,0,Male,398.4
2009,Costa Rica,Math,Male,High,MaleHigh,476.2
2012,Costa Rica,Math,Male,High,MaleHigh,485.1
2015,Costa Rica,Math,Male,High,MaleHigh,462.1
2018,Costa Rica,Math,Male,High,MaleHigh,466.4
2009,Costa Rica,Math,Male,Low,MaleLow,405.1
2012,Costa Rica,Math,Male,Low,MaleLow,402.9
2015,Costa Rica,Math,Male,Low,MaleLow,393.5
2018,Costa Rica,Math,Male,Low,MaleLow,394.3
2009,Costa Rica,Math,Male,Medium,MaleMedium,448.8
2012,Costa Rica,Math,Male,Medium,MaleMedium,443.2
2015,Costa Rica,Math,Male,Medium,MaleMedium,424.2
2018,Costa Rica,Math,Male,Medium,MaleMedium,432
2009,Costa Rica,Reading,Female,0,Female,449.4
2012,Costa Rica,Reading,Female,0,Female,452.3
2015,Costa Rica,Reading,Female,0,Female,434.9
2018,Costa Rica,Reading,Female,0,Female,433.6
2022,Costa Rica,Reading,Female,0,Female,416.6
2025,Costa Rica,Reading,Female,0,Female,423.1
2009,Costa Rica,Reading,Female,High,FemaleHigh,504.7
2012,Costa Rica,Reading,Female,High,FemaleHigh,515.7
2015,Costa Rica,Reading,Female,High,FemaleHigh,499.8
2018,Costa Rica,Reading,Female,High,FemaleHigh,503
2009,Costa Rica,Reading,Female,Low,FemaleLow,432
2012,Costa Rica,Reading,Female,Low,FemaleLow,438.1
2015,Costa Rica,Reading,Female,Low,FemaleLow,415.5
2018,Costa Rica,Reading,Female,Low,FemaleLow,415.1
2009,Costa Rica,Reading,Female,Medium,FemaleMedium,476.7
2012,Costa Rica,Reading,Female,Medium,FemaleMedium,477.3
2015,Costa Rica,Reading,Female,Medium,FemaleMedium,465.5
2018,Costa Rica,Reading,Female,Medium,FemaleMedium,461.4
2009,Costa Rica,Reading,0,0,General,442.6
2012,Costa Rica,Reading,0,0,General,440.5
2015,Costa Rica,Reading,0,0,General,427.5
2018,Costa Rica,Reading,0,0,General,426.5
2022,Costa Rica,Reading,0,0,General,415.2
2025,Costa Rica,Reading,0,0,General,416
2009,Costa Rica,Reading,0,High,GeneralHigh,503.5
2012,Costa Rica,Reading,0,High,GeneralHigh,503.1
2015,Costa Rica,Reading,0,High,GeneralHigh,490.6
2018,Costa Rica,Reading,0,High,GeneralHigh,492
2009,Costa Rica,Reading,0,Low,GeneralLow,423.2
2012,Costa Rica,Reading,0,Low,GeneralLow,425.3
2015,Costa Rica,Reading,0,Low,GeneralLow,408.4
2018,Costa Rica,Reading,0,Low,GeneralLow,407.4
2009,Costa Rica,Reading,0,Medium,GeneralMedium,471.4
2012,Costa Rica,Reading,0,Medium,GeneralMedium,465.3
2015,Costa Rica,Reading,0,Medium,GeneralMedium,454.4
2018,Costa Rica,Reading,0,Medium,GeneralMedium,453
2009,Costa Rica,Reading,Male,0,Male,434.9
2012,Costa Rica,Reading,Male,0,Male,427.2
2015,Costa Rica,Reading,Male,0,Male,419.9
2018,Costa Rica,Reading,Male,0,Male,419.2
2022,Costa Rica,Reading,Male,0,Male,413.9
2025,Costa Rica,Reading,Male,0,Male,408.8
2009,Costa Rica,Reading,Male,High,MaleHigh,502.2
2012,Costa Rica,Reading,Male,High,MaleHigh,491.9
2015,Costa Rica,Reading,Male,High,MaleHigh,482
2018,Costa Rica,Reading,Male,High,MaleHigh,481.8
2009,Costa Rica,Reading,Male,Low,MaleLow,413
2012,Costa Rica,Reading,Male,Low,MaleLow,410.2
2015,Costa Rica,Reading,Male,Low,MaleLow,401
2018,Costa Rica,Reading,Male,Low,MaleLow,399.2
2009,Costa Rica,Reading,Male,Medium,MaleMedium,466.2
2012,Costa Rica,Reading,Male,Medium,MaleMedium,451.8
2015,Costa Rica,Reading,Male,Medium,MaleMedium,443.3
2018,Costa Rica,Reading,Male,Medium,MaleMedium,445.3
2009,Costa Rica,Science,Female,0,Female,422.6
2012,Costa Rica,Science,Female,0,Female,423.8
2015,Costa Rica,Science,Female,0,Female,410.8
2018,Costa Rica,Science,Female,0,Female,411
2022,Costa Rica,Science,Female,0,Female,403.6
2025,Costa Rica,Science,Female,0,Female,418.4
2009,Costa Rica,Science,Female,High,FemaleHigh,475.7
2012,Costa Rica,Science,Female,High,FemaleHigh,483.5
2015,Costa Rica,Science,Female,High,FemaleHigh,466
2018,Costa Rica,Science,Female,High,FemaleHigh,477.8
2009,Costa Rica,Science,Female,Low,FemaleLow,407.1
2012,Costa Rica,Science,Female,Low,FemaleLow,409.4
2015,Costa Rica,Science,Female,Low,FemaleLow,394
2018,Costa Rica,Science,Female,Low,FemaleLow,392.6
2009,Costa Rica,Science,Female,Medium,FemaleMedium,443.3
2012,Costa Rica,Science,Female,Medium,FemaleMedium,451.4
2015,Costa Rica,Science,Female,Medium,FemaleMedium,436.4
2018,Costa Rica,Science,Female,Medium,FemaleMedium,439.6
2009,Costa Rica,Science,0,0,General,430.5
2012,Costa Rica,Science,0,0,General,429.4
2015,Costa Rica,Science,0,0,General,419.6
2018,Costa Rica,Science,0,0,General,415.6
2022,Costa Rica,Science,0,0,General,411
2025,Costa Rica,Science,0,0,General,424
2009,Costa Rica,Science,0,High,GeneralHigh,485.2
2012,Costa Rica,Science,0,High,GeneralHigh,488.9
2015,Costa Rica,Science,0,High,GeneralHigh,475.4
2018,Costa Rica,Science,0,High,GeneralHigh,477.8
2009,Costa Rica,Science,0,Low,GeneralLow,413.4
2012,Costa Rica,Science,0,Low,GeneralLow,414.5
2015,Costa Rica,Science,0,Low,GeneralLow,403.1
2018,Costa Rica,Science,0,Low,GeneralLow,397.1
2009,Costa Rica,Science,0,Medium,GeneralMedium,455.1
2012,Costa Rica,Science,0,Medium,GeneralMedium,454.3
2015,Costa Rica,Science,0,Medium,GeneralMedium,441.6
2018,Costa Rica,Science,0,Medium,GeneralMedium,442.3
2009,Costa Rica,Science,Male,0,Male,439.4
2012,Costa Rica,Science,Male,0,Male,435.6
2015,Costa Rica,Science,Male,0,Male,428.7
2018,Costa Rica,Science,Male,0,Male,420.4
2022,Costa Rica,Science,Male,0,Male,418.2
2025,Costa Rica,Science,Male,0,Male,429.7
2009,Costa Rica,Science,Male,High,MaleHigh,495.7
2012,Costa Rica,Science,Male,High,MaleHigh,493.7
2015,Costa Rica,Science,Male,High,MaleHigh,484.2
2018,Costa Rica,Science,Male,High,MaleHigh,477.9
2009,Costa Rica,Science,Male,Low,MaleLow,420.7
2012,Costa Rica,Science,Male,Low,MaleLow,420.6
2015,Costa Rica,Science,Male,Low,MaleLow,412.6
2018,Costa Rica,Science,Male,Low,MaleLow,402.1
2009,Costa Rica,Science,Male,Medium,MaleMedium,466.8
2012,Costa Rica,Science,Male,Medium,MaleMedium,457.6
2015,Costa Rica,Science,Male,Medium,MaleMedium,446.8
2018,Costa Rica,Science,Male,Medium,MaleMedium,444.8
2006,Croatia,Math,Female,0,Female,460.5
2009,Croatia,Math,Female,0,Female,454.3
2012,Croatia,Math,Female,0,Female,465.2
2015,Croatia,Math,Female,0,Female,458
2018,Croatia,Math,Female,0,Female,459.9
2022,Croatia,Math,Female,0,Female,459.8
2025,Croatia,Math,Female,0,Female,454.6
2006,Croatia,Math,Female,High,FemaleHigh,503.8
2009,Croatia,Math,Female,High,FemaleHigh,498.2
2012,Croatia,Math,Female,High,FemaleHigh,521.8
2015,Croatia,Math,Female,High,FemaleHigh,515.2
2018,Croatia,Math,Female,High,FemaleHigh,514.1
2022,Croatia,Math,Female,High,FemaleHigh,511.5
2025,Croatia,Math,Female,High,FemaleHigh,501.9
2006,Croatia,Math,Female,Low,FemaleLow,437.7
2009,Croatia,Math,Female,Low,FemaleLow,431.7
2012,Croatia,Math,Female,Low,FemaleLow,446.1
2015,Croatia,Math,Female,Low,FemaleLow,436.5
2018,Croatia,Math,Female,Low,FemaleLow,440.2
2022,Croatia,Math,Female,Low,FemaleLow,433.9
2025,Croatia,Math,Female,Low,FemaleLow,427.6
2006,Croatia,Math,Female,Medium,FemaleMedium,470.1
2009,Croatia,Math,Female,Medium,FemaleMedium,468.2
2012,Croatia,Math,Female,Medium,FemaleMedium,481.5
2015,Croatia,Math,Female,Medium,FemaleMedium,470.3
2018,Croatia,Math,Female,Medium,FemaleMedium,472.2
2022,Croatia,Math,Female,Medium,FemaleMedium,474.6
2025,Croatia,Math,Female,Medium,FemaleMedium,468.5
2006,Croatia,Math,0,0,General,467.2
2009,Croatia,Math,0,0,General,459.9
2012,Croatia,Math,0,0,General,471.1
2015,Croatia,Math,0,0,General,464
2018,Croatia,Math,0,0,General,464.2
2022,Croatia,Math,0,0,General,463.1
2025,Croatia,Math,0,0,General,455.3
2006,Croatia,Math,0,High,GeneralHigh,511.3
2009,Croatia,Math,0,High,GeneralHigh,505.1
2012,Croatia,Math,0,High,GeneralHigh,530.4
2015,Croatia,Math,0,High,GeneralHigh,525.9
2018,Croatia,Math,0,High,GeneralHigh,515.7
2022,Croatia,Math,0,High,GeneralHigh,515.2
2025,Croatia,Math,0,High,GeneralHigh,507.3
2006,Croatia,Math,0,Low,GeneralLow,445.7
2009,Croatia,Math,0,Low,GeneralLow,439.3
2012,Croatia,Math,0,Low,GeneralLow,451.8
2015,Croatia,Math,0,Low,GeneralLow,442
2018,Croatia,Math,0,Low,GeneralLow,444.6
2022,Croatia,Math,0,Low,GeneralLow,436.5
2025,Croatia,Math,0,Low,GeneralLow,427.2
2006,Croatia,Math,0,Medium,GeneralMedium,474.8
2009,Croatia,Math,0,Medium,GeneralMedium,469.8
2012,Croatia,Math,0,Medium,GeneralMedium,484.3
2015,Croatia,Math,0,Medium,GeneralMedium,473
2018,Croatia,Math,0,Medium,GeneralMedium,474.9
2022,Croatia,Math,0,Medium,GeneralMedium,474.2
2025,Croatia,Math,0,Medium,GeneralMedium,470.5
2006,Croatia,Math,Male,0,Male,474
2009,Croatia,Math,Male,0,Male,465
2012,Croatia,Math,Male,0,Male,476.8
2015,Croatia,Math,Male,0,Male,470.6
2018,Croatia,Math,Male,0,Male,468.5
2022,Croatia,Math,Male,0,Male,466.2
2025,Croatia,Math,Male,0,Male,456
2006,Croatia,Math,Male,High,MaleHigh,519.2
2009,Croatia,Math,Male,High,MaleHigh,511.4
2012,Croatia,Math,Male,High,MaleHigh,538.5
2015,Croatia,Math,Male,High,MaleHigh,537.6
2018,Croatia,Math,Male,High,MaleHigh,517.3
2022,Croatia,Math,Male,High,MaleHigh,518.2
2025,Croatia,Math,Male,High,MaleHigh,513
2006,Croatia,Math,Male,Low,MaleLow,453.8
2009,Croatia,Math,Male,Low,MaleLow,446.1
2012,Croatia,Math,Male,Low,MaleLow,457.5
2015,Croatia,Math,Male,Low,MaleLow,448.3
2018,Croatia,Math,Male,Low,MaleLow,449.5
2022,Croatia,Math,Male,Low,MaleLow,439.2
2025,Croatia,Math,Male,Low,MaleLow,426.7
2006,Croatia,Math,Male,Medium,MaleMedium,479.2
2009,Croatia,Math,Male,Medium,MaleMedium,471.2
2012,Croatia,Math,Male,Medium,MaleMedium,486.9
2015,Croatia,Math,Male,Medium,MaleMedium,475.5
2018,Croatia,Math,Male,Medium,MaleMedium,477.3
2022,Croatia,Math,Male,Medium,MaleMedium,473.8
2025,Croatia,Math,Male,Medium,MaleMedium,472.4
2006,Croatia,Reading,Female,0,Female,502.3
2009,Croatia,Reading,Female,0,Female,502.9
2012,Croatia,Reading,Female,0,Female,509.2
2015,Croatia,Reading,Female,0,Female,499.6
2018,Croatia,Reading,Female,0,Female,495.3
2022,Croatia,Reading,Female,0,Female,493
2025,Croatia,Reading,Female,0,Female,476.9
2006,Croatia,Reading,Female,High,FemaleHigh,543.6
2009,Croatia,Reading,Female,High,FemaleHigh,546.4
2012,Croatia,Reading,Female,High,FemaleHigh,561.9
2015,Croatia,Reading,Female,High,FemaleHigh,555.2
2018,Croatia,Reading,Female,High,FemaleHigh,547.1
2022,Croatia,Reading,Female,High,FemaleHigh,543.2
2025,Croatia,Reading,Female,High,FemaleHigh,519.3
2006,Croatia,Reading,Female,Low,FemaleLow,477.9
2009,Croatia,Reading,Female,Low,FemaleLow,480.3
2012,Croatia,Reading,Female,Low,FemaleLow,491.5
2015,Croatia,Reading,Female,Low,FemaleLow,478.8
2018,Croatia,Reading,Female,Low,FemaleLow,476.4
2022,Croatia,Reading,Female,Low,FemaleLow,468.5
2025,Croatia,Reading,Female,Low,FemaleLow,453.8
2006,Croatia,Reading,Female,Medium,FemaleMedium,515.4
2009,Croatia,Reading,Female,Medium,FemaleMedium,516.8
2012,Croatia,Reading,Female,Medium,FemaleMedium,524
2015,Croatia,Reading,Female,Medium,FemaleMedium,513
2018,Croatia,Reading,Female,Medium,FemaleMedium,507.6
2022,Croatia,Reading,Female,Medium,FemaleMedium,506.7
2025,Croatia,Reading,Female,Medium,FemaleMedium,489.2
2006,Croatia,Reading,0,0,General,477.4
2009,Croatia,Reading,0,0,General,475.7
2012,Croatia,Reading,0,0,General,484.6
2015,Croatia,Reading,0,0,General,486.9
2018,Croatia,Reading,0,0,General,479
2022,Croatia,Reading,0,0,General,475.5
2025,Croatia,Reading,0,0,General,453.4
2006,Croatia,Reading,0,High,GeneralHigh,520.7
2009,Croatia,Reading,0,High,GeneralHigh,520.3
2012,Croatia,Reading,0,High,GeneralHigh,541.3
2015,Croatia,Reading,0,High,GeneralHigh,547.1
2018,Croatia,Reading,0,High,GeneralHigh,527
2022,Croatia,Reading,0,High,GeneralHigh,523
2025,Croatia,Reading,0,High,GeneralHigh,501.9
2006,Croatia,Reading,0,Low,GeneralLow,454.8
2009,Croatia,Reading,0,Low,GeneralLow,455.1
2012,Croatia,Reading,0,Low,GeneralLow,466.5
2015,Croatia,Reading,0,Low,GeneralLow,465.8
2018,Croatia,Reading,0,Low,GeneralLow,461
2022,Croatia,Reading,0,Low,GeneralLow,452.4
2025,Croatia,Reading,0,Low,GeneralLow,429.5
2006,Croatia,Reading,0,Medium,GeneralMedium,486.9
2009,Croatia,Reading,0,Medium,GeneralMedium,486.2
2012,Croatia,Reading,0,Medium,GeneralMedium,496.6
2015,Croatia,Reading,0,Medium,GeneralMedium,495.8
2018,Croatia,Reading,0,Medium,GeneralMedium,488.8
2022,Croatia,Reading,0,Medium,GeneralMedium,484.4
2025,Croatia,Reading,0,Medium,GeneralMedium,466.6
2006,Croatia,Reading,Male,0,Male,452.4
2009,Croatia,Reading,Male,0,Male,451.7
2012,Croatia,Reading,Male,0,Male,460.9
2015,Croatia,Reading,Male,0,Male,473.1
2018,Croatia,Reading,Male,0,Male,462.4
2022,Croatia,Reading,Male,0,Male,459.1
2025,Croatia,Reading,Male,0,Male,429.9
2006,Croatia,Reading,Male,High,MaleHigh,496.5
2009,Croatia,Reading,Male,High,MaleHigh,496.3
2012,Croatia,Reading,Male,High,MaleHigh,522.1
2015,Croatia,Reading,Male,High,MaleHigh,538.2
2018,Croatia,Reading,Male,High,MaleHigh,508
2022,Croatia,Reading,Male,High,MaleHigh,506.6
2025,Croatia,Reading,Male,High,MaleHigh,483.5
2006,Croatia,Reading,Male,Low,MaleLow,431.5
2009,Croatia,Reading,Male,Low,MaleLow,432.6
2012,Croatia,Reading,Male,Low,MaleLow,441.5
2015,Croatia,Reading,Male,Low,MaleLow,450.8
2018,Croatia,Reading,Male,Low,MaleLow,444.1
2022,Croatia,Reading,Male,Low,MaleLow,435.8
2025,Croatia,Reading,Male,Low,MaleLow,403.5
2006,Croatia,Reading,Male,Medium,MaleMedium,459.5
2009,Croatia,Reading,Male,Medium,MaleMedium,459.5
2012,Croatia,Reading,Male,Medium,MaleMedium,472
2015,Croatia,Reading,Male,Medium,MaleMedium,479.7
2018,Croatia,Reading,Male,Medium,MaleMedium,471.8
2022,Croatia,Reading,Male,Medium,MaleMedium,464.6
2025,Croatia,Reading,Male,Medium,MaleMedium,445.5
2006,Croatia,Science,Female,0,Female,494.4
2009,Croatia,Science,Female,0,Female,491
2012,Croatia,Science,Female,0,Female,492.5
2015,Croatia,Science,Female,0,Female,472.6
2018,Croatia,Science,Female,0,Female,474.3
2022,Croatia,Science,Female,0,Female,488.2
2025,Croatia,Science,Female,0,Female,486.2
2006,Croatia,Science,Female,High,FemaleHigh,543.4
2009,Croatia,Science,Female,High,FemaleHigh,534.4
2012,Croatia,Science,Female,High,FemaleHigh,540.3
2015,Croatia,Science,Female,High,FemaleHigh,527.8
2018,Croatia,Science,Female,High,FemaleHigh,527
2022,Croatia,Science,Female,High,FemaleHigh,536.9
2025,Croatia,Science,Female,High,FemaleHigh,534
2006,Croatia,Science,Female,Low,FemaleLow,468.3
2009,Croatia,Science,Female,Low,FemaleLow,469.1
2012,Croatia,Science,Female,Low,FemaleLow,476.6
2015,Croatia,Science,Female,Low,FemaleLow,452.3
2018,Croatia,Science,Female,Low,FemaleLow,454.4
2022,Croatia,Science,Female,Low,FemaleLow,464
2025,Croatia,Science,Female,Low,FemaleLow,460.8
2006,Croatia,Science,Female,Medium,FemaleMedium,505.8
2009,Croatia,Science,Female,Medium,FemaleMedium,504.1
2012,Croatia,Science,Female,Medium,FemaleMedium,505.9
2015,Croatia,Science,Female,Medium,FemaleMedium,484.2
2018,Croatia,Science,Female,Medium,FemaleMedium,487.8
2022,Croatia,Science,Female,Medium,FemaleMedium,502.4
2025,Croatia,Science,Female,Medium,FemaleMedium,497.8
2006,Croatia,Science,0,0,General,493.2
2009,Croatia,Science,0,0,General,486.4
2012,Croatia,Science,0,0,General,491.4
2015,Croatia,Science,0,0,General,475.4
2018,Croatia,Science,0,0,General,472.4
2022,Croatia,Science,0,0,General,482.7
2025,Croatia,Science,0,0,General,476.3
2006,Croatia,Science,0,High,GeneralHigh,541
2009,Croatia,Science,0,High,GeneralHigh,530.6
2012,Croatia,Science,0,High,GeneralHigh,543.1
2015,Croatia,Science,0,High,GeneralHigh,536.7
2018,Croatia,Science,0,High,GeneralHigh,522.8
2022,Croatia,Science,0,High,GeneralHigh,531
2025,Croatia,Science,0,High,GeneralHigh,527.7
2006,Croatia,Science,0,Low,GeneralLow,469.4
2009,Croatia,Science,0,Low,GeneralLow,466.4
2012,Croatia,Science,0,Low,GeneralLow,474.7
2015,Croatia,Science,0,Low,GeneralLow,454.1
2018,Croatia,Science,0,Low,GeneralLow,453
2022,Croatia,Science,0,Low,GeneralLow,459.6
2025,Croatia,Science,0,Low,GeneralLow,450.1
2006,Croatia,Science,0,Medium,GeneralMedium,502.1
2009,Croatia,Science,0,Medium,GeneralMedium,495.6
2012,Croatia,Science,0,Medium,GeneralMedium,502.8
2015,Croatia,Science,0,Medium,GeneralMedium,483.7
2018,Croatia,Science,0,Medium,GeneralMedium,482.8
2022,Croatia,Science,0,Medium,GeneralMedium,490.6
2025,Croatia,Science,0,Medium,GeneralMedium,489.8
2006,Croatia,Science,Male,0,Male,492
2009,Croatia,Science,Male,0,Male,482.2
2012,Croatia,Science,Male,0,Male,490.2
2015,Croatia,Science,Male,0,Male,478.4
2018,Croatia,Science,Male,0,Male,470.4
2022,Croatia,Science,Male,0,Male,477.4
2025,Croatia,Science,Male,0,Male,466.4
2006,Croatia,Science,Male,High,MaleHigh,538.6
2009,Croatia,Science,Male,High,MaleHigh,527.2
2012,Croatia,Science,Male,High,MaleHigh,545.7
2015,Croatia,Science,Male,High,MaleHigh,546.4
2018,Croatia,Science,Male,High,MaleHigh,518.9
2022,Croatia,Science,Male,High,MaleHigh,526.2
2025,Croatia,Science,Male,High,MaleHigh,521.1
2006,Croatia,Science,Male,Low,MaleLow,470.4
2009,Croatia,Science,Male,Low,MaleLow,464
2012,Croatia,Science,Male,Low,MaleLow,472.8
2015,Croatia,Science,Male,Low,MaleLow,456
2018,Croatia,Science,Male,Low,MaleLow,451.6
2022,Croatia,Science,Male,Low,MaleLow,455.1
2025,Croatia,Science,Male,Low,MaleLow,438.6
2006,Croatia,Science,Male,Medium,MaleMedium,498.5
2009,Croatia,Science,Male,Medium,MaleMedium,488.2
2012,Croatia,Science,Male,Medium,MaleMedium,500
2015,Croatia,Science,Male,Medium,MaleMedium,483.3
2018,Croatia,Science,Male,Medium,MaleMedium,478.3
2022,Croatia,Science,Male,Medium,MaleMedium,480.1
2025,Croatia,Science,Male,Medium,MaleMedium,482.4
2006,Czechia,Math,Female,0,Female,503.9
2009,Czechia,Math,Female,0,Female,490.2
2012,Czechia,Math,Female,0,Female,492.9
2015,Czechia,Math,Female,0,Female,488.7
2018,Czechia,Math,Female,0,Female,497.7
2022,Czechia,Math,Female,0,Female,483.2
2025,Czechia,Math,Female,0,Female,471
2006,Czechia,Math,Female,High,FemaleHigh,570.4
2009,Czechia,Math,Female,High,FemaleHigh,556.6
2012,Czechia,Math,Female,High,FemaleHigh,550.1
2015,Czechia,Math,Female,High,FemaleHigh,555.1
2018,Czechia,Math,Female,High,FemaleHigh,559.2
2022,Czechia,Math,Female,High,FemaleHigh,543.1
2025,Czechia,Math,Female,High,FemaleHigh,524.4
2006,Czechia,Math,Female,Low,FemaleLow,460.9
2009,Czechia,Math,Female,Low,FemaleLow,457.4
2012,Czechia,Math,Female,Low,FemaleLow,461.1
2015,Czechia,Math,Female,Low,FemaleLow,458.9
2018,Czechia,Math,Female,Low,FemaleLow,467.8
2022,Czechia,Math,Female,Low,FemaleLow,445.5
2025,Czechia,Math,Female,Low,FemaleLow,440.8
2006,Czechia,Math,Female,Medium,FemaleMedium,516
2009,Czechia,Math,Female,Medium,FemaleMedium,507.4
2012,Czechia,Math,Female,Medium,FemaleMedium,504.2
2015,Czechia,Math,Female,Medium,FemaleMedium,509.8
2018,Czechia,Math,Female,Medium,FemaleMedium,515.3
2022,Czechia,Math,Female,Medium,FemaleMedium,496
2025,Czechia,Math,Female,Medium,FemaleMedium,491.1
2006,Czechia,Math,0,0,General,509.9
2009,Czechia,Math,0,0,General,492.8
2012,Czechia,Math,0,0,General,499
2015,Czechia,Math,0,0,General,492.3
2018,Czechia,Math,0,0,General,499.5
2022,Czechia,Math,0,0,General,487
2025,Czechia,Math,0,0,General,477.1
2006,Czechia,Math,0,High,GeneralHigh,566.6
2009,Czechia,Math,0,High,GeneralHigh,555
2012,Czechia,Math,0,High,GeneralHigh,558.7
2015,Czechia,Math,0,High,GeneralHigh,558.4
2018,Czechia,Math,0,High,GeneralHigh,558.7
2022,Czechia,Math,0,High,GeneralHigh,547.9
2025,Czechia,Math,0,High,GeneralHigh,533.2
2006,Czechia,Math,0,Low,GeneralLow,469.1
2009,Czechia,Math,0,Low,GeneralLow,460.9
2012,Czechia,Math,0,Low,GeneralLow,466.1
2015,Czechia,Math,0,Low,GeneralLow,460.8
2018,Czechia,Math,0,Low,GeneralLow,470.9
2022,Czechia,Math,0,Low,GeneralLow,451.6
2025,Czechia,Math,0,Low,GeneralLow,447.5
2006,Czechia,Math,0,Medium,GeneralMedium,521.8
2009,Czechia,Math,0,Medium,GeneralMedium,508.3
2012,Czechia,Math,0,Medium,GeneralMedium,511.6
2015,Czechia,Math,0,Medium,GeneralMedium,514.8
2018,Czechia,Math,0,Medium,GeneralMedium,517.7
2022,Czechia,Math,0,Medium,GeneralMedium,501.8
2025,Czechia,Math,0,Medium,GeneralMedium,495.4
2006,Czechia,Math,Male,0,Male,514.4
2009,Czechia,Math,Male,0,Male,495.1
2012,Czechia,Math,Male,0,Male,504.7
2015,Czechia,Math,Male,0,Male,495.8
2018,Czechia,Math,Male,0,Male,501.2
2022,Czechia,Math,Male,0,Male,490.7
2025,Czechia,Math,Male,0,Male,482.8
2006,Czechia,Math,Male,High,MaleHigh,563.5
2009,Czechia,Math,Male,High,MaleHigh,553.8
2012,Czechia,Math,Male,High,MaleHigh,567.3
2015,Czechia,Math,Male,High,MaleHigh,561.4
2018,Czechia,Math,Male,High,MaleHigh,558.2
2022,Czechia,Math,Male,High,MaleHigh,553.2
2025,Czechia,Math,Male,High,MaleHigh,540.8
2006,Czechia,Math,Male,Low,MaleLow,476.1
2009,Czechia,Math,Male,Low,MaleLow,464.1
2012,Czechia,Math,Male,Low,MaleLow,470.8
2015,Czechia,Math,Male,Low,MaleLow,462.7
2018,Czechia,Math,Male,Low,MaleLow,473.9
2022,Czechia,Math,Male,Low,MaleLow,457.1
2025,Czechia,Math,Male,Low,MaleLow,454.3
2006,Czechia,Math,Male,Medium,MaleMedium,525.7
2009,Czechia,Math,Male,Medium,MaleMedium,509.1
2012,Czechia,Math,Male,Medium,MaleMedium,518.7
2015,Czechia,Math,Male,Medium,MaleMedium,519.5
2018,Czechia,Math,Male,Medium,MaleMedium,519.9
2022,Czechia,Math,Male,Medium,MaleMedium,507.7
2025,Czechia,Math,Male,Medium,MaleMedium,499.4
2006,Czechia,Reading,Female,0,Female,508.6
2009,Czechia,Reading,Female,0,Female,504
2012,Czechia,Reading,Female,0,Female,512.8
2015,Czechia,Reading,Female,0,Female,500.7
2018,Czechia,Reading,Female,0,Female,507.2
2022,Czechia,Reading,Female,0,Female,503.4
2025,Czechia,Reading,Female,0,Female,484.3
2006,Czechia,Reading,Female,High,FemaleHigh,570.2
2009,Czechia,Reading,Female,High,FemaleHigh,564.7
2012,Czechia,Reading,Female,High,FemaleHigh,564.7
2015,Czechia,Reading,Female,High,FemaleHigh,568.6
2018,Czechia,Reading,Female,High,FemaleHigh,567.3
2022,Czechia,Reading,Female,High,FemaleHigh,560.5
2025,Czechia,Reading,Female,High,FemaleHigh,528.3
2006,Czechia,Reading,Female,Low,FemaleLow,467
2009,Czechia,Reading,Female,Low,FemaleLow,473.8
2012,Czechia,Reading,Female,Low,FemaleLow,482.9
2015,Czechia,Reading,Female,Low,FemaleLow,469.8
2018,Czechia,Reading,Female,Low,FemaleLow,478.6
2022,Czechia,Reading,Female,Low,FemaleLow,468.5
2025,Czechia,Reading,Female,Low,FemaleLow,460.3
2006,Czechia,Reading,Female,Medium,FemaleMedium,521.8
2009,Czechia,Reading,Female,Medium,FemaleMedium,520.1
2012,Czechia,Reading,Female,Medium,FemaleMedium,524.4
2015,Czechia,Reading,Female,Medium,FemaleMedium,525.3
2018,Czechia,Reading,Female,Medium,FemaleMedium,523.8
2022,Czechia,Reading,Female,Medium,FemaleMedium,515.3
2025,Czechia,Reading,Female,Medium,FemaleMedium,500.9
2006,Czechia,Reading,0,0,General,482.7
2009,Czechia,Reading,0,0,General,478.2
2012,Czechia,Reading,0,0,General,492.9
2015,Czechia,Reading,0,0,General,487.3
2018,Czechia,Reading,0,0,General,490.2
2022,Czechia,Reading,0,0,General,488.6
2025,Czechia,Reading,0,0,General,468.4
2006,Czechia,Reading,0,High,GeneralHigh,537.3
2009,Czechia,Reading,0,High,GeneralHigh,531.1
2012,Czechia,Reading,0,High,GeneralHigh,547
2015,Czechia,Reading,0,High,GeneralHigh,553.3
2018,Czechia,Reading,0,High,GeneralHigh,549.4
2022,Czechia,Reading,0,High,GeneralHigh,548.1
2025,Czechia,Reading,0,High,GeneralHigh,515.9
2006,Czechia,Reading,0,Low,GeneralLow,444.7
2009,Czechia,Reading,0,Low,GeneralLow,450
2012,Czechia,Reading,0,Low,GeneralLow,463.1
2015,Czechia,Reading,0,Low,GeneralLow,455.5
2018,Czechia,Reading,0,Low,GeneralLow,462
2022,Czechia,Reading,0,Low,GeneralLow,455.4
2025,Czechia,Reading,0,Low,GeneralLow,446.2
2006,Czechia,Reading,0,Medium,GeneralMedium,493
2009,Czechia,Reading,0,Medium,GeneralMedium,493.1
2012,Czechia,Reading,0,Medium,GeneralMedium,505.2
2015,Czechia,Reading,0,Medium,GeneralMedium,512
2018,Czechia,Reading,0,Medium,GeneralMedium,508.1
2022,Czechia,Reading,0,Medium,GeneralMedium,501.9
2025,Czechia,Reading,0,Medium,GeneralMedium,482.4
2006,Czechia,Reading,Male,0,Male,462.8
2009,Czechia,Reading,Male,0,Male,455.5
2012,Czechia,Reading,Male,0,Male,474
2015,Czechia,Reading,Male,0,Male,474.5
2018,Czechia,Reading,Male,0,Male,474
2022,Czechia,Reading,Male,0,Male,474.2
2025,Czechia,Reading,Male,0,Male,453.6
2006,Czechia,Reading,Male,High,MaleHigh,510.6
2009,Czechia,Reading,Male,High,MaleHigh,504.9
2012,Czechia,Reading,Male,High,MaleHigh,529.2
2015,Czechia,Reading,Male,High,MaleHigh,539.6
2018,Czechia,Reading,Male,High,MaleHigh,531.3
2022,Czechia,Reading,Male,High,MaleHigh,534.5
2025,Czechia,Reading,Male,High,MaleHigh,505.3
2006,Czechia,Reading,Male,Low,MaleLow,425.5
2009,Czechia,Reading,Male,Low,MaleLow,428.3
2012,Czechia,Reading,Male,Low,MaleLow,444.5
2015,Czechia,Reading,Male,Low,MaleLow,441.5
2018,Czechia,Reading,Male,Low,MaleLow,446.3
2022,Czechia,Reading,Male,Low,MaleLow,443.6
2025,Czechia,Reading,Male,Low,MaleLow,432
2006,Czechia,Reading,Male,Medium,MaleMedium,473.9
2009,Czechia,Reading,Male,Medium,MaleMedium,469.2
2012,Czechia,Reading,Male,Medium,MaleMedium,486.9
2015,Czechia,Reading,Male,Medium,MaleMedium,499.6
2018,Czechia,Reading,Male,Medium,MaleMedium,493.1
2022,Czechia,Reading,Male,Medium,MaleMedium,488.1
2025,Czechia,Reading,Male,Medium,MaleMedium,465.1
2006,Czechia,Science,Female,0,Female,510.1
2009,Czechia,Science,Female,0,Female,503.1
2012,Czechia,Science,Female,0,Female,507.9
2015,Czechia,Science,Female,0,Female,488.4
2018,Czechia,Science,Female,0,Female,497.6
2022,Czechia,Science,Female,0,Female,498.7
2025,Czechia,Science,Female,0,Female,491.7
2006,Czechia,Science,Female,High,FemaleHigh,574.3
2009,Czechia,Science,Female,High,FemaleHigh,567.5
2012,Czechia,Science,Female,High,FemaleHigh,558.6
2015,Czechia,Science,Female,High,FemaleHigh,556.8
2018,Czechia,Science,Female,High,FemaleHigh,559
2022,Czechia,Science,Female,High,FemaleHigh,558.7
2025,Czechia,Science,Female,High,FemaleHigh,542.3
2006,Czechia,Science,Female,Low,FemaleLow,466.9
2009,Czechia,Science,Female,Low,FemaleLow,471.5
2012,Czechia,Science,Female,Low,FemaleLow,479.1
2015,Czechia,Science,Female,Low,FemaleLow,458.5
2018,Czechia,Science,Female,Low,FemaleLow,467.4
2022,Czechia,Science,Female,Low,FemaleLow,460.7
2025,Czechia,Science,Female,Low,FemaleLow,462.7
2006,Czechia,Science,Female,Medium,FemaleMedium,523.7
2009,Czechia,Science,Female,Medium,FemaleMedium,519.4
2012,Czechia,Science,Female,Medium,FemaleMedium,519.4
2015,Czechia,Science,Female,Medium,FemaleMedium,509.2
2018,Czechia,Science,Female,Medium,FemaleMedium,516.2
2022,Czechia,Science,Female,Medium,FemaleMedium,511.8
2025,Czechia,Science,Female,Medium,FemaleMedium,511.1
2006,Czechia,Science,0,0,General,512.9
2009,Czechia,Science,0,0,General,500.5
2012,Czechia,Science,0,0,General,508.3
2015,Czechia,Science,0,0,General,492.8
2018,Czechia,Science,0,0,General,496.8
2022,Czechia,Science,0,0,General,497.7
2025,Czechia,Science,0,0,General,490.3
2006,Czechia,Science,0,High,GeneralHigh,566.7
2009,Czechia,Science,0,High,GeneralHigh,557.4
2012,Czechia,Science,0,High,GeneralHigh,561
2015,Czechia,Science,0,High,GeneralHigh,560.5
2018,Czechia,Science,0,High,GeneralHigh,555.4
2022,Czechia,Science,0,High,GeneralHigh,559.7
2025,Czechia,Science,0,High,GeneralHigh,544.2
2006,Czechia,Science,0,Low,GeneralLow,473.8
2009,Czechia,Science,0,Low,GeneralLow,470.3
2012,Czechia,Science,0,Low,GeneralLow,478.8
2015,Czechia,Science,0,Low,GeneralLow,461.2
2018,Czechia,Science,0,Low,GeneralLow,468.2
2022,Czechia,Science,0,Low,GeneralLow,462.4
2025,Czechia,Science,0,Low,GeneralLow,462.2
2006,Czechia,Science,0,Medium,GeneralMedium,524.5
2009,Czechia,Science,0,Medium,GeneralMedium,516
2012,Czechia,Science,0,Medium,GeneralMedium,521.2
2015,Czechia,Science,0,Medium,GeneralMedium,514.8
2018,Czechia,Science,0,Medium,GeneralMedium,516
2022,Czechia,Science,0,Medium,GeneralMedium,511.4
2025,Czechia,Science,0,Medium,GeneralMedium,507
2006,Czechia,Science,Male,0,Male,515
2009,Czechia,Science,Male,0,Male,498.2
2012,Czechia,Science,Male,0,Male,508.7
2015,Czechia,Science,Male,0,Male,497
2018,Czechia,Science,Male,0,Male,496
2022,Czechia,Science,Male,0,Male,496.9
2025,Czechia,Science,Male,0,Male,489
2006,Czechia,Science,Male,High,MaleHigh,560.5
2009,Czechia,Science,Male,High,MaleHigh,549.5
2012,Czechia,Science,Male,High,MaleHigh,563.4
2015,Czechia,Science,Male,High,MaleHigh,563.8
2018,Czechia,Science,Male,High,MaleHigh,551.7
2022,Czechia,Science,Male,High,MaleHigh,560.8
2025,Czechia,Science,Male,High,MaleHigh,545.8
2006,Czechia,Science,Male,Low,MaleLow,479.8
2009,Czechia,Science,Male,Low,MaleLow,469.2
2012,Czechia,Science,Male,Low,MaleLow,478.4
2015,Czechia,Science,Male,Low,MaleLow,463.9
2018,Czechia,Science,Male,Low,MaleLow,468.8
2022,Czechia,Science,Male,Low,MaleLow,463.9
2025,Czechia,Science,Male,Low,MaleLow,461.7
2006,Czechia,Science,Male,Medium,MaleMedium,525.1
2009,Czechia,Science,Male,Medium,MaleMedium,513
2012,Czechia,Science,Male,Medium,MaleMedium,522.9
2015,Czechia,Science,Male,Medium,MaleMedium,520.1
2018,Czechia,Science,Male,Medium,MaleMedium,515.8
2022,Czechia,Science,Male,Medium,MaleMedium,511.1
2025,Czechia,Science,Male,Medium,MaleMedium,503.2
2006,Denmark,Math,Female,0,Female,507.9
2009,Denmark,Math,Female,0,Female,495.3
2012,Denmark,Math,Female,0,Female,493
2015,Denmark,Math,Female,0,Female,506.4
2018,Denmark,Math,Female,0,Female,507.5
2022,Denmark,Math,Female,0,Female,483.3
2006,Denmark,Math,Female,High,FemaleHigh,541
2009,Denmark,Math,Female,High,FemaleHigh,533.5
2012,Denmark,Math,Female,High,FemaleHigh,525.3
2015,Denmark,Math,Female,High,FemaleHigh,529.2
2018,Denmark,Math,Female,High,FemaleHigh,532
2022,Denmark,Math,Female,High,FemaleHigh,510.2
2006,Denmark,Math,Female,Low,FemaleLow,473.2
2009,Denmark,Math,Female,Low,FemaleLow,456.3
2012,Denmark,Math,Female,Low,FemaleLow,452.4
2015,Denmark,Math,Female,Low,FemaleLow,468.9
2018,Denmark,Math,Female,Low,FemaleLow,464.4
2022,Denmark,Math,Female,Low,FemaleLow,438.7
2006,Denmark,Math,Female,Medium,FemaleMedium,505.8
2009,Denmark,Math,Female,Medium,FemaleMedium,495.9
2012,Denmark,Math,Female,Medium,FemaleMedium,487.7
2015,Denmark,Math,Female,Medium,FemaleMedium,492.8
2018,Denmark,Math,Female,Medium,FemaleMedium,494.9
2022,Denmark,Math,Female,Medium,FemaleMedium,475.2
2006,Denmark,Math,0,0,General,513
2009,Denmark,Math,0,0,General,503.3
2012,Denmark,Math,0,0,General,500
2015,Denmark,Math,0,0,General,511.1
2018,Denmark,Math,0,0,General,509.4
2022,Denmark,Math,0,0,General,489.3
2025,Denmark,Math,0,0,General,470.6
2006,Denmark,Math,0,High,GeneralHigh,543.3
2009,Denmark,Math,0,High,GeneralHigh,538.7
2012,Denmark,Math,0,High,GeneralHigh,532.9
2015,Denmark,Math,0,High,GeneralHigh,532.7
2018,Denmark,Math,0,High,GeneralHigh,534.1
2022,Denmark,Math,0,High,GeneralHigh,517.5
2025,Denmark,Math,0,High,GeneralHigh,500.8
2006,Denmark,Math,0,Low,GeneralLow,477.9
2009,Denmark,Math,0,Low,GeneralLow,466.8
2012,Denmark,Math,0,Low,GeneralLow,460.2
2015,Denmark,Math,0,Low,GeneralLow,474.2
2018,Denmark,Math,0,Low,GeneralLow,468.6
2022,Denmark,Math,0,Low,GeneralLow,445.1
2025,Denmark,Math,0,Low,GeneralLow,443.9
2006,Denmark,Math,0,Medium,GeneralMedium,511.8
2009,Denmark,Math,0,Medium,GeneralMedium,502.4
2012,Denmark,Math,0,Medium,GeneralMedium,493.1
2015,Denmark,Math,0,Medium,GeneralMedium,499.3
2018,Denmark,Math,0,Medium,GeneralMedium,496.6
2022,Denmark,Math,0,Medium,GeneralMedium,479.2
2025,Denmark,Math,0,Medium,GeneralMedium,469.3
2006,Denmark,Math,Male,0,Male,518.2
2009,Denmark,Math,Male,0,Male,511.4
2012,Denmark,Math,Male,0,Male,507
2015,Denmark,Math,Male,0,Male,515.8
2018,Denmark,Math,Male,0,Male,511.3
2022,Denmark,Math,Male,0,Male,495
2006,Denmark,Math,Male,High,MaleHigh,545.4
2009,Denmark,Math,Male,High,MaleHigh,543.9
2012,Denmark,Math,Male,High,MaleHigh,540.2
2015,Denmark,Math,Male,High,MaleHigh,536
2018,Denmark,Math,Male,High,MaleHigh,536.3
2022,Denmark,Math,Male,High,MaleHigh,524.3
2006,Denmark,Math,Male,Low,MaleLow,482.8
2009,Denmark,Math,Male,Low,MaleLow,479.1
2012,Denmark,Math,Male,Low,MaleLow,468.1
2015,Denmark,Math,Male,Low,MaleLow,479.5
2018,Denmark,Math,Male,Low,MaleLow,472.6
2022,Denmark,Math,Male,Low,MaleLow,451.4
2006,Denmark,Math,Male,Medium,MaleMedium,518.4
2009,Denmark,Math,Male,Medium,MaleMedium,508.5
2012,Denmark,Math,Male,Medium,MaleMedium,498.7
2015,Denmark,Math,Male,Medium,MaleMedium,506.4
2018,Denmark,Math,Male,Medium,MaleMedium,498.4
2022,Denmark,Math,Male,Medium,MaleMedium,483.3
2006,Denmark,Reading,Female,0,Female,509.3
2009,Denmark,Reading,Female,0,Female,509.2
2012,Denmark,Reading,Female,0,Female,511.5
2015,Denmark,Reading,Female,0,Female,511
2018,Denmark,Reading,Female,0,Female,515.8
2022,Denmark,Reading,Female,0,Female,499.4
2006,Denmark,Reading,Female,High,FemaleHigh,539.9
2009,Denmark,Reading,Female,High,FemaleHigh,547.2
2012,Denmark,Reading,Female,High,FemaleHigh,543.8
2015,Denmark,Reading,Female,High,FemaleHigh,536.4
2018,Denmark,Reading,Female,High,FemaleHigh,543.2
2022,Denmark,Reading,Female,High,FemaleHigh,528.1
2006,Denmark,Reading,Female,Low,FemaleLow,476.6
2009,Denmark,Reading,Female,Low,FemaleLow,468.6
2012,Denmark,Reading,Female,Low,FemaleLow,471.2
2015,Denmark,Reading,Female,Low,FemaleLow,474.7
2018,Denmark,Reading,Female,Low,FemaleLow,470.5
2022,Denmark,Reading,Female,Low,FemaleLow,451.3
2006,Denmark,Reading,Female,Medium,FemaleMedium,507.8
2009,Denmark,Reading,Female,Medium,FemaleMedium,512
2012,Denmark,Reading,Female,Medium,FemaleMedium,506.4
2015,Denmark,Reading,Female,Medium,FemaleMedium,493.2
2018,Denmark,Reading,Female,Medium,FemaleMedium,502.1
2022,Denmark,Reading,Female,Medium,FemaleMedium,492.4
2006,Denmark,Reading,0,0,General,494.5
2009,Denmark,Reading,0,0,General,494.9
2012,Denmark,Reading,0,0,General,496.1
2015,Denmark,Reading,0,0,General,499.8
2018,Denmark,Reading,0,0,General,501.1
2022,Denmark,Reading,0,0,General,488.8
2025,Denmark,Reading,0,0,General,460
2006,Denmark,Reading,0,High,GeneralHigh,522.8
2009,Denmark,Reading,0,High,GeneralHigh,531.5
2012,Denmark,Reading,0,High,GeneralHigh,529.5
2015,Denmark,Reading,0,High,GeneralHigh,522.9
2018,Denmark,Reading,0,High,GeneralHigh,528.3
2022,Denmark,Reading,0,High,GeneralHigh,517.2
2025,Denmark,Reading,0,High,GeneralHigh,489.5
2006,Denmark,Reading,0,Low,GeneralLow,461.5
2009,Denmark,Reading,0,Low,GeneralLow,457.7
2012,Denmark,Reading,0,Low,GeneralLow,454.9
2015,Denmark,Reading,0,Low,GeneralLow,463.9
2018,Denmark,Reading,0,Low,GeneralLow,457.2
2022,Denmark,Reading,0,Low,GeneralLow,443.7
2025,Denmark,Reading,0,Low,GeneralLow,430.7
2006,Denmark,Reading,0,Medium,GeneralMedium,493.4
2009,Denmark,Reading,0,Medium,GeneralMedium,494.2
2012,Denmark,Reading,0,Medium,GeneralMedium,491.2
2015,Denmark,Reading,0,Medium,GeneralMedium,485.1
2018,Denmark,Reading,0,Medium,GeneralMedium,487.9
2022,Denmark,Reading,0,Medium,GeneralMedium,480.2
2025,Denmark,Reading,0,Medium,GeneralMedium,461.5
2006,Denmark,Reading,Male,0,Male,479.5
2009,Denmark,Reading,Male,0,Male,480.4
2012,Denmark,Reading,Male,0,Male,480.9
2015,Denmark,Reading,Male,0,Male,488.8
2018,Denmark,Reading,Male,0,Male,486.5
2022,Denmark,Reading,Male,0,Male,478.6
2006,Denmark,Reading,Male,High,MaleHigh,507.3
2009,Denmark,Reading,Male,High,MaleHigh,515.9
2012,Denmark,Reading,Male,High,MaleHigh,515.6
2015,Denmark,Reading,Male,High,MaleHigh,510.2
2018,Denmark,Reading,Male,High,MaleHigh,513.5
2022,Denmark,Reading,Male,High,MaleHigh,507
2006,Denmark,Reading,Male,Low,MaleLow,445.7
2009,Denmark,Reading,Male,Low,MaleLow,444.9
2012,Denmark,Reading,Male,Low,MaleLow,438.5
2015,Denmark,Reading,Male,Low,MaleLow,453
2018,Denmark,Reading,Male,Low,MaleLow,444.6
2022,Denmark,Reading,Male,Low,MaleLow,436.3
2006,Denmark,Reading,Male,Medium,MaleMedium,477.7
2009,Denmark,Reading,Male,Medium,MaleMedium,477.4
2012,Denmark,Reading,Male,Medium,MaleMedium,475.7
2015,Denmark,Reading,Male,Medium,MaleMedium,476.1
2018,Denmark,Reading,Male,Medium,MaleMedium,473
2022,Denmark,Reading,Male,Medium,MaleMedium,467.8
2006,Denmark,Science,Female,0,Female,491.5
2009,Denmark,Science,Female,0,Female,493.6
2012,Denmark,Science,Female,0,Female,493.4
2015,Denmark,Science,Female,0,Female,498.9
2018,Denmark,Science,Female,0,Female,493.7
2022,Denmark,Science,Female,0,Female,490.2
2006,Denmark,Science,Female,High,FemaleHigh,529.6
2009,Denmark,Science,Female,High,FemaleHigh,532.5
2012,Denmark,Science,Female,High,FemaleHigh,527.6
2015,Denmark,Science,Female,High,FemaleHigh,523.5
2018,Denmark,Science,Female,High,FemaleHigh,522
2022,Denmark,Science,Female,High,FemaleHigh,519.1
2006,Denmark,Science,Female,Low,FemaleLow,452.2
2009,Denmark,Science,Female,Low,FemaleLow,453
2012,Denmark,Science,Female,Low,FemaleLow,450
2015,Denmark,Science,Female,Low,FemaleLow,460.6
2018,Denmark,Science,Female,Low,FemaleLow,445.1
2022,Denmark,Science,Female,Low,FemaleLow,442.4
2006,Denmark,Science,Female,Medium,FemaleMedium,488.4
2009,Denmark,Science,Female,Medium,FemaleMedium,496.2
2012,Denmark,Science,Female,Medium,FemaleMedium,489.2
2015,Denmark,Science,Female,Medium,FemaleMedium,482.6
2018,Denmark,Science,Female,Medium,FemaleMedium,480.2
2022,Denmark,Science,Female,Medium,FemaleMedium,480.3
2006,Denmark,Science,0,0,General,495.9
2009,Denmark,Science,0,0,General,499.3
2012,Denmark,Science,0,0,General,498.5
2015,Denmark,Science,0,0,General,501.9
2018,Denmark,Science,0,0,General,492.6
2022,Denmark,Science,0,0,General,493.8
2025,Denmark,Science,0,0,General,477.5
2006,Denmark,Science,0,High,GeneralHigh,531.4
2009,Denmark,Science,0,High,GeneralHigh,538.9
2012,Denmark,Science,0,High,GeneralHigh,534.5
2015,Denmark,Science,0,High,GeneralHigh,525.6
2018,Denmark,Science,0,High,GeneralHigh,521.2
2022,Denmark,Science,0,High,GeneralHigh,523.9
2025,Denmark,Science,0,High,GeneralHigh,511.9
2006,Denmark,Science,0,Low,GeneralLow,456.3
2009,Denmark,Science,0,Low,GeneralLow,458.6
2012,Denmark,Science,0,Low,GeneralLow,454.1
2015,Denmark,Science,0,Low,GeneralLow,463.6
2018,Denmark,Science,0,Low,GeneralLow,445.2
2022,Denmark,Science,0,Low,GeneralLow,445.2
2025,Denmark,Science,0,Low,GeneralLow,442.8
2006,Denmark,Science,0,Medium,GeneralMedium,493.2
2009,Denmark,Science,0,Medium,GeneralMedium,499.2
2012,Denmark,Science,0,Medium,GeneralMedium,492.4
2015,Denmark,Science,0,Medium,GeneralMedium,487.1
2018,Denmark,Science,0,Medium,GeneralMedium,479.5
2022,Denmark,Science,0,Medium,GeneralMedium,482.3
2025,Denmark,Science,0,Medium,GeneralMedium,476.8
2006,Denmark,Science,Male,0,Male,500.4
2009,Denmark,Science,Male,0,Male,505.2
2012,Denmark,Science,Male,0,Male,503.5
2015,Denmark,Science,Male,0,Male,504.9
2018,Denmark,Science,Male,0,Male,491.6
2022,Denmark,Science,Male,0,Male,497.3
2006,Denmark,Science,Male,High,MaleHigh,533
2009,Denmark,Science,Male,High,MaleHigh,545.2
2012,Denmark,Science,Male,High,MaleHigh,541.2
2015,Denmark,Science,Male,High,MaleHigh,527.6
2018,Denmark,Science,Male,High,MaleHigh,520.4
2022,Denmark,Science,Male,High,MaleHigh,528.4
2006,Denmark,Science,Male,Low,MaleLow,460.7
2009,Denmark,Science,Male,Low,MaleLow,465.2
2012,Denmark,Science,Male,Low,MaleLow,458.2
2015,Denmark,Science,Male,Low,MaleLow,466.7
2018,Denmark,Science,Male,Low,MaleLow,445.2
2022,Denmark,Science,Male,Low,MaleLow,448
2006,Denmark,Science,Male,Medium,MaleMedium,498.3
2009,Denmark,Science,Male,Medium,MaleMedium,502
2012,Denmark,Science,Male,Medium,MaleMedium,495.6
2015,Denmark,Science,Male,Medium,MaleMedium,492.2
2018,Denmark,Science,Male,Medium,MaleMedium,478.7
2022,Denmark,Science,Male,Medium,MaleMedium,484.4
2015,Dominican Republic,Math,Female,0,Female,329.7
2018,Dominican Republic,Math,Female,0,Female,326.7
2022,Dominican Republic,Math,Female,0,Female,341.1
2025,Dominican Republic,Math,Female,0,Female,336.1
2015,Dominican Republic,Math,Female,High,FemaleHigh,399.7
2018,Dominican Republic,Math,Female,High,FemaleHigh,398.2
2022,Dominican Republic,Math,Female,High,FemaleHigh,390.8
2025,Dominican Republic,Math,Female,High,FemaleHigh,386.7
2015,Dominican Republic,Math,Female,Low,FemaleLow,318.2
2018,Dominican Republic,Math,Female,Low,FemaleLow,316
2022,Dominican Republic,Math,Female,Low,FemaleLow,331.1
2025,Dominican Republic,Math,Female,Low,FemaleLow,325.7
2015,Dominican Republic,Math,Female,Medium,FemaleMedium,353.4
2018,Dominican Republic,Math,Female,Medium,FemaleMedium,353.5
2022,Dominican Republic,Math,Female,Medium,FemaleMedium,355.3
2025,Dominican Republic,Math,Female,Medium,FemaleMedium,356.3
2015,Dominican Republic,Math,0,0,General,327.7
2018,Dominican Republic,Math,0,0,General,325.1
2022,Dominican Republic,Math,0,0,General,339.1
2025,Dominican Republic,Math,0,0,General,338.8
2015,Dominican Republic,Math,0,High,GeneralHigh,392.7
2018,Dominican Republic,Math,0,High,GeneralHigh,400.5
2022,Dominican Republic,Math,0,High,GeneralHigh,387.5
2025,Dominican Republic,Math,0,High,GeneralHigh,388
2015,Dominican Republic,Math,0,Low,GeneralLow,315.6
2018,Dominican Republic,Math,0,Low,GeneralLow,314.3
2022,Dominican Republic,Math,0,Low,GeneralLow,329
2025,Dominican Republic,Math,0,Low,GeneralLow,329.9
2015,Dominican Republic,Math,0,Medium,GeneralMedium,351.8
2018,Dominican Republic,Math,0,Medium,GeneralMedium,351.5
2022,Dominican Republic,Math,0,Medium,GeneralMedium,353.1
2025,Dominican Republic,Math,0,Medium,GeneralMedium,357.5
2015,Dominican Republic,Math,Male,0,Male,325.6
2018,Dominican Republic,Math,Male,0,Male,323.5
2022,Dominican Republic,Math,Male,0,Male,336.9
2025,Dominican Republic,Math,Male,0,Male,341.9
2015,Dominican Republic,Math,Male,High,MaleHigh,386.7
2018,Dominican Republic,Math,Male,High,MaleHigh,403.1
2022,Dominican Republic,Math,Male,High,MaleHigh,383.6
2025,Dominican Republic,Math,Male,High,MaleHigh,389.2
2015,Dominican Republic,Math,Male,Low,MaleLow,312.8
2018,Dominican Republic,Math,Male,Low,MaleLow,312.6
2022,Dominican Republic,Math,Male,Low,MaleLow,326.6
2025,Dominican Republic,Math,Male,Low,MaleLow,335.2
2015,Dominican Republic,Math,Male,Medium,MaleMedium,350.3
2018,Dominican Republic,Math,Male,Medium,MaleMedium,349.7
2022,Dominican Republic,Math,Male,Medium,MaleMedium,351
2025,Dominican Republic,Math,Male,Medium,MaleMedium,358.9
2015,Dominican Republic,Reading,Female,0,Female,372.8
2018,Dominican Republic,Reading,Female,0,Female,357.1
2022,Dominican Republic,Reading,Female,0,Female,367.2
2025,Dominican Republic,Reading,Female,0,Female,359.8
2015,Dominican Republic,Reading,Female,High,FemaleHigh,455.6
2018,Dominican Republic,Reading,Female,High,FemaleHigh,443.7
2022,Dominican Republic,Reading,Female,High,FemaleHigh,441.5
2025,Dominican Republic,Reading,Female,High,FemaleHigh,422.3
2015,Dominican Republic,Reading,Female,Low,FemaleLow,357.5
2018,Dominican Republic,Reading,Female,Low,FemaleLow,344.3
2022,Dominican Republic,Reading,Female,Low,FemaleLow,350.6
2025,Dominican Republic,Reading,Female,Low,FemaleLow,345.3
2015,Dominican Republic,Reading,Female,Medium,FemaleMedium,408.3
2018,Dominican Republic,Reading,Female,Medium,FemaleMedium,389.4
2022,Dominican Republic,Reading,Female,Medium,FemaleMedium,393.7
2025,Dominican Republic,Reading,Female,Medium,FemaleMedium,391.6
2015,Dominican Republic,Reading,0,0,General,357.7
2018,Dominican Republic,Reading,0,0,General,341.6
2022,Dominican Republic,Reading,0,0,General,351.3
2025,Dominican Republic,Reading,0,0,General,345.5
2015,Dominican Republic,Reading,0,High,GeneralHigh,435.4
2018,Dominican Republic,Reading,0,High,GeneralHigh,428.7
2022,Dominican Republic,Reading,0,High,GeneralHigh,421.4
2025,Dominican Republic,Reading,0,High,GeneralHigh,409
2015,Dominican Republic,Reading,0,Low,GeneralLow,342.1
2018,Dominican Republic,Reading,0,Low,GeneralLow,329.4
2022,Dominican Republic,Reading,0,Low,GeneralLow,335.7
2025,Dominican Republic,Reading,0,Low,GeneralLow,333.9
2015,Dominican Republic,Reading,0,Medium,GeneralMedium,391
2018,Dominican Republic,Reading,0,Medium,GeneralMedium,370.4
2022,Dominican Republic,Reading,0,Medium,GeneralMedium,373.9
2025,Dominican Republic,Reading,0,Medium,GeneralMedium,374
2015,Dominican Republic,Reading,Male,0,Male,342.2
2018,Dominican Republic,Reading,Male,0,Male,326
2022,Dominican Republic,Reading,Male,0,Male,333.4
2025,Dominican Republic,Reading,Male,0,Male,329.8
2015,Dominican Republic,Reading,Male,High,MaleHigh,417.9
2018,Dominican Republic,Reading,Male,High,MaleHigh,411.8
2022,Dominican Republic,Reading,Male,High,MaleHigh,397.5
2025,Dominican Republic,Reading,Male,High,MaleHigh,396.2
2015,Dominican Republic,Reading,Male,Low,MaleLow,325.8
2018,Dominican Republic,Reading,Male,Low,MaleLow,314.3
2022,Dominican Republic,Reading,Male,Low,MaleLow,318.1
2025,Dominican Republic,Reading,Male,Low,MaleLow,319.6
2015,Dominican Republic,Reading,Male,Medium,MaleMedium,374.3
2018,Dominican Republic,Reading,Male,Medium,MaleMedium,352.7
2022,Dominican Republic,Reading,Male,Medium,MaleMedium,354.6
2025,Dominican Republic,Reading,Male,Medium,MaleMedium,353.2
2015,Dominican Republic,Science,Female,0,Female,330.8
2018,Dominican Republic,Science,Female,0,Female,340.4
2022,Dominican Republic,Science,Female,0,Female,366.6
2025,Dominican Republic,Science,Female,0,Female,364.1
2015,Dominican Republic,Science,Female,High,FemaleHigh,407.5
2018,Dominican Republic,Science,Female,High,FemaleHigh,414.2
2022,Dominican Republic,Science,Female,High,FemaleHigh,425.6
2025,Dominican Republic,Science,Female,High,FemaleHigh,425.3
2015,Dominican Republic,Science,Female,Low,FemaleLow,317.2
2018,Dominican Republic,Science,Female,Low,FemaleLow,329.4
2022,Dominican Republic,Science,Female,Low,FemaleLow,353.9
2025,Dominican Republic,Science,Female,Low,FemaleLow,350.9
2015,Dominican Republic,Science,Female,Medium,FemaleMedium,359.5
2018,Dominican Republic,Science,Female,Medium,FemaleMedium,369.3
2022,Dominican Republic,Science,Female,Medium,FemaleMedium,385.5
2025,Dominican Republic,Science,Female,Medium,FemaleMedium,393.6
2015,Dominican Republic,Science,0,0,General,331.6
2018,Dominican Republic,Science,0,0,General,335.6
2022,Dominican Republic,Science,0,0,General,360.4
2025,Dominican Republic,Science,0,0,General,360.8
2015,Dominican Republic,Science,0,High,GeneralHigh,401.9
2018,Dominican Republic,Science,0,High,GeneralHigh,409.1
2022,Dominican Republic,Science,0,High,GeneralHigh,414.8
2025,Dominican Republic,Science,0,High,GeneralHigh,422.2
2015,Dominican Republic,Science,0,Low,GeneralLow,318
2018,Dominican Republic,Science,0,Low,GeneralLow,325.1
2022,Dominican Republic,Science,0,Low,GeneralLow,348.1
2025,Dominican Republic,Science,0,Low,GeneralLow,349.6
2015,Dominican Republic,Science,0,Medium,GeneralMedium,359.3
2018,Dominican Republic,Science,0,Medium,GeneralMedium,363.1
2022,Dominican Republic,Science,0,Medium,GeneralMedium,378
2025,Dominican Republic,Science,0,Medium,GeneralMedium,388
2015,Dominican Republic,Science,Male,0,Male,332.5
2018,Dominican Republic,Science,Male,0,Male,330.8
2022,Dominican Republic,Science,Male,0,Male,353.5
2025,Dominican Republic,Science,Male,0,Male,357.2
2015,Dominican Republic,Science,Male,High,MaleHigh,397
2018,Dominican Republic,Science,Male,High,MaleHigh,403.5
2022,Dominican Republic,Science,Male,High,MaleHigh,402.1
2025,Dominican Republic,Science,Male,High,MaleHigh,419.2
2015,Dominican Republic,Science,Male,Low,MaleLow,318.7
2018,Dominican Republic,Science,Male,Low,MaleLow,320.7
2022,Dominican Republic,Science,Male,Low,MaleLow,341.3
2025,Dominican Republic,Science,Male,Low,MaleLow,348
2015,Dominican Republic,Science,Male,Medium,MaleMedium,359
2018,Dominican Republic,Science,Male,Medium,MaleMedium,357.3
2022,Dominican Republic,Science,Male,Medium,MaleMedium,370.7
2025,Dominican Republic,Science,Male,Medium,MaleMedium,381.5
2025,Dushanbe (Tajikistan),Math,Female,0,Female,374.6
2025,Dushanbe (Tajikistan),Math,Female,High,FemaleHigh,403.5
2025,Dushanbe (Tajikistan),Math,Female,Low,FemaleLow,370.1
2025,Dushanbe (Tajikistan),Math,Female,Medium,FemaleMedium,384.4
2025,Dushanbe (Tajikistan),Math,0,0,General,382.1
2025,Dushanbe (Tajikistan),Math,0,High,GeneralHigh,407.2
2025,Dushanbe (Tajikistan),Math,0,Low,GeneralLow,377.5
2025,Dushanbe (Tajikistan),Math,0,Medium,GeneralMedium,395.2
2025,Dushanbe (Tajikistan),Math,Male,0,Male,389.5
2025,Dushanbe (Tajikistan),Math,Male,High,MaleHigh,410.6
2025,Dushanbe (Tajikistan),Math,Male,Low,MaleLow,385.4
2025,Dushanbe (Tajikistan),Math,Male,Medium,MaleMedium,405.5
2025,Dushanbe (Tajikistan),Reading,Female,0,Female,372.3
2025,Dushanbe (Tajikistan),Reading,Female,High,FemaleHigh,413.4
2025,Dushanbe (Tajikistan),Reading,Female,Low,FemaleLow,365.6
2025,Dushanbe (Tajikistan),Reading,Female,Medium,FemaleMedium,385.5
2025,Dushanbe (Tajikistan),Reading,0,0,General,368.1
2025,Dushanbe (Tajikistan),Reading,0,High,GeneralHigh,399.7
2025,Dushanbe (Tajikistan),Reading,0,Low,GeneralLow,362.2
2025,Dushanbe (Tajikistan),Reading,0,Medium,GeneralMedium,382.6
2025,Dushanbe (Tajikistan),Reading,Male,0,Male,364
2025,Dushanbe (Tajikistan),Reading,Male,High,MaleHigh,387.2
2025,Dushanbe (Tajikistan),Reading,Male,Low,MaleLow,358.7
2025,Dushanbe (Tajikistan),Reading,Male,Medium,MaleMedium,379.8
2025,Dushanbe (Tajikistan),Science,Female,0,Female,331.8
2025,Dushanbe (Tajikistan),Science,Female,High,FemaleHigh,384.6
2025,Dushanbe (Tajikistan),Science,Female,Low,FemaleLow,322.5
2025,Dushanbe (Tajikistan),Science,Female,Medium,FemaleMedium,351.1
2025,Dushanbe (Tajikistan),Science,0,0,General,333.8
2025,Dushanbe (Tajikistan),Science,0,High,GeneralHigh,376.1
2025,Dushanbe (Tajikistan),Science,0,Low,GeneralLow,325.4
2025,Dushanbe (Tajikistan),Science,0,Medium,GeneralMedium,355
2025,Dushanbe (Tajikistan),Science,Male,0,Male,335.6
2025,Dushanbe (Tajikistan),Science,Male,High,MaleHigh,368.4
2025,Dushanbe (Tajikistan),Science,Male,Low,MaleLow,328.4
2025,Dushanbe (Tajikistan),Science,Male,Medium,MaleMedium,358.8
2025,Ecuador,Math,Female,0,Female,359.7
2025,Ecuador,Math,Female,High,FemaleHigh,425.2
2025,Ecuador,Math,Female,Low,FemaleLow,348.3
2025,Ecuador,Math,Female,Medium,FemaleMedium,390.6
2025,Ecuador,Math,0,0,General,365.8
2025,Ecuador,Math,0,High,GeneralHigh,432.5
2025,Ecuador,Math,0,Low,GeneralLow,354.5
2025,Ecuador,Math,0,Medium,GeneralMedium,397.1
2025,Ecuador,Math,Male,0,Male,371.9
2025,Ecuador,Math,Male,High,MaleHigh,440.9
2025,Ecuador,Math,Male,Low,MaleLow,360.9
2025,Ecuador,Math,Male,Medium,MaleMedium,402.8
2025,Ecuador,Reading,Female,0,Female,394.1
2025,Ecuador,Reading,Female,High,FemaleHigh,476.9
2025,Ecuador,Reading,Female,Low,FemaleLow,379.2
2025,Ecuador,Reading,Female,Medium,FemaleMedium,438.7
2025,Ecuador,Reading,0,0,General,385
2025,Ecuador,Reading,0,High,GeneralHigh,468.1
2025,Ecuador,Reading,0,Low,GeneralLow,371.1
2025,Ecuador,Reading,0,Medium,GeneralMedium,426.8
2025,Ecuador,Reading,Male,0,Male,375.9
2025,Ecuador,Reading,Male,High,MaleHigh,457.9
2025,Ecuador,Reading,Male,Low,MaleLow,362.7
2025,Ecuador,Reading,Male,Medium,MaleMedium,416
2025,Ecuador,Science,Female,0,Female,391.3
2025,Ecuador,Science,Female,High,FemaleHigh,473
2025,Ecuador,Science,Female,Low,FemaleLow,376.8
2025,Ecuador,Science,Female,Medium,FemaleMedium,433.6
2025,Ecuador,Science,0,0,General,393.4
2025,Ecuador,Science,0,High,GeneralHigh,476
2025,Ecuador,Science,0,Low,GeneralLow,379.5
2025,Ecuador,Science,0,Medium,GeneralMedium,434
2025,Ecuador,Science,Male,0,Male,395.6
2025,Ecuador,Science,Male,High,MaleHigh,479.5
2025,Ecuador,Science,Male,Low,MaleLow,382.3
2025,Ecuador,Science,Male,Medium,MaleMedium,434.3
2022,El Salvador,Math,Female,0,Female,340.3
2025,El Salvador,Math,Female,0,Female,340
2022,El Salvador,Math,Female,High,FemaleHigh,413.2
2022,El Salvador,Math,Female,Low,FemaleLow,331.9
2022,El Salvador,Math,Female,Medium,FemaleMedium,369.8
2022,El Salvador,Math,0,0,General,343.5
2025,El Salvador,Math,0,0,General,346.2
2022,El Salvador,Math,0,High,GeneralHigh,409.7
2022,El Salvador,Math,0,Low,GeneralLow,334.8
2022,El Salvador,Math,0,Medium,GeneralMedium,372.8
2022,El Salvador,Math,Male,0,Male,346.8
2025,El Salvador,Math,Male,0,Male,352.5
2022,El Salvador,Math,Male,High,MaleHigh,406.6
2022,El Salvador,Math,Male,Low,MaleLow,338
2022,El Salvador,Math,Male,Medium,MaleMedium,375.5
2022,El Salvador,Reading,Female,0,Female,371.4
2025,El Salvador,Reading,Female,0,Female,375
2022,El Salvador,Reading,Female,High,FemaleHigh,469.2
2022,El Salvador,Reading,Female,Low,FemaleLow,360
2022,El Salvador,Reading,Female,Medium,FemaleMedium,415.3
2022,El Salvador,Reading,0,0,General,364.9
2025,El Salvador,Reading,0,0,General,366.4
2022,El Salvador,Reading,0,High,GeneralHigh,449.3
2022,El Salvador,Reading,0,Low,GeneralLow,353.7
2022,El Salvador,Reading,0,Medium,GeneralMedium,405.7
2022,El Salvador,Reading,Male,0,Male,358.2
2025,El Salvador,Reading,Male,0,Male,357.8
2022,El Salvador,Reading,Male,High,MaleHigh,432.3
2022,El Salvador,Reading,Male,Low,MaleLow,346.9
2022,El Salvador,Reading,Male,Medium,MaleMedium,397.1
2022,El Salvador,Science,Female,0,Female,372
2025,El Salvador,Science,Female,0,Female,381.9
2022,El Salvador,Science,Female,High,FemaleHigh,462.8
2022,El Salvador,Science,Female,Low,FemaleLow,361.8
2022,El Salvador,Science,Female,Medium,FemaleMedium,410.4
2022,El Salvador,Science,0,0,General,373.1
2025,El Salvador,Science,0,0,General,384.7
2022,El Salvador,Science,0,High,GeneralHigh,455
2022,El Salvador,Science,0,Low,GeneralLow,363
2022,El Salvador,Science,0,Medium,GeneralMedium,408.9
2022,El Salvador,Science,Male,0,Male,374.3
2025,El Salvador,Science,Male,0,Male,387.5
2022,El Salvador,Science,Male,High,MaleHigh,448.3
2022,El Salvador,Science,Male,Low,MaleLow,364.3
2022,El Salvador,Science,Male,Medium,MaleMedium,407.6
2006,Estonia,Math,Female,0,Female,513.8
2009,Estonia,Math,Female,0,Female,507.5
2012,Estonia,Math,Female,0,Female,517.9
2015,Estonia,Math,Female,0,Female,516.9
2018,Estonia,Math,Female,0,Female,519.2
2022,Estonia,Math,Female,0,Female,506.7
2025,Estonia,Math,Female,0,Female,501.6
2006,Estonia,Math,Female,High,FemaleHigh,549.5
2009,Estonia,Math,Female,High,FemaleHigh,539.5
2012,Estonia,Math,Female,High,FemaleHigh,556.1
2015,Estonia,Math,Female,High,FemaleHigh,558.7
2018,Estonia,Math,Female,High,FemaleHigh,552
2022,Estonia,Math,Female,High,FemaleHigh,544.4
2025,Estonia,Math,Female,High,FemaleHigh,538.2
2006,Estonia,Math,Female,Low,FemaleLow,488.9
2009,Estonia,Math,Female,Low,FemaleLow,484.2
2012,Estonia,Math,Female,Low,FemaleLow,494.5
2015,Estonia,Math,Female,Low,FemaleLow,490.5
2018,Estonia,Math,Female,Low,FemaleLow,492.9
2022,Estonia,Math,Female,Low,FemaleLow,472
2025,Estonia,Math,Female,Low,FemaleLow,467.5
2006,Estonia,Math,Female,Medium,FemaleMedium,516.3
2009,Estonia,Math,Female,Medium,FemaleMedium,508.1
2012,Estonia,Math,Female,Medium,FemaleMedium,515.8
2015,Estonia,Math,Female,Medium,FemaleMedium,521.3
2018,Estonia,Math,Female,Medium,FemaleMedium,525.1
2022,Estonia,Math,Female,Medium,FemaleMedium,506.8
2025,Estonia,Math,Female,Medium,FemaleMedium,504.4
2006,Estonia,Math,0,0,General,514.6
2009,Estonia,Math,0,0,General,512.1
2012,Estonia,Math,0,0,General,520.5
2015,Estonia,Math,0,0,General,519.5
2018,Estonia,Math,0,0,General,523.4
2022,Estonia,Math,0,0,General,509.9
2025,Estonia,Math,0,0,General,507.9
2006,Estonia,Math,0,High,GeneralHigh,551.4
2009,Estonia,Math,0,High,GeneralHigh,544.4
2012,Estonia,Math,0,High,GeneralHigh,556.6
2015,Estonia,Math,0,High,GeneralHigh,557.7
2018,Estonia,Math,0,High,GeneralHigh,556.3
2022,Estonia,Math,0,High,GeneralHigh,550.5
2025,Estonia,Math,0,High,GeneralHigh,544.3
2006,Estonia,Math,0,Low,GeneralLow,487.4
2009,Estonia,Math,0,Low,GeneralLow,489.1
2012,Estonia,Math,0,Low,GeneralLow,498.5
2015,Estonia,Math,0,Low,GeneralLow,494.7
2018,Estonia,Math,0,Low,GeneralLow,498.1
2022,Estonia,Math,0,Low,GeneralLow,475.8
2025,Estonia,Math,0,Low,GeneralLow,472.2
2006,Estonia,Math,0,Medium,GeneralMedium,513.7
2009,Estonia,Math,0,Medium,GeneralMedium,510.6
2012,Estonia,Math,0,Medium,GeneralMedium,517.6
2015,Estonia,Math,0,Medium,GeneralMedium,523.4
2018,Estonia,Math,0,Medium,GeneralMedium,527.6
2022,Estonia,Math,0,Medium,GeneralMedium,509.4
2025,Estonia,Math,0,Medium,GeneralMedium,515.3
2006,Estonia,Math,Male,0,Male,515.3
2009,Estonia,Math,Male,0,Male,516.4
2012,Estonia,Math,Male,0,Male,523.2
2015,Estonia,Math,Male,0,Male,522.1
2018,Estonia,Math,Male,0,Male,527.6
2022,Estonia,Math,Male,0,Male,513
2025,Estonia,Math,Male,0,Male,514.2
2006,Estonia,Math,Male,High,MaleHigh,553
2009,Estonia,Math,Male,High,MaleHigh,548.5
2012,Estonia,Math,Male,High,MaleHigh,557.1
2015,Estonia,Math,Male,High,MaleHigh,556.7
2018,Estonia,Math,Male,High,MaleHigh,560.5
2022,Estonia,Math,Male,High,MaleHigh,556.7
2025,Estonia,Math,Male,High,MaleHigh,550.8
2006,Estonia,Math,Male,Low,MaleLow,485.7
2009,Estonia,Math,Male,Low,MaleLow,493.9
2012,Estonia,Math,Male,Low,MaleLow,502.7
2015,Estonia,Math,Male,Low,MaleLow,499.1
2018,Estonia,Math,Male,Low,MaleLow,503.4
2022,Estonia,Math,Male,Low,MaleLow,479.3
2025,Estonia,Math,Male,Low,MaleLow,476.8
2006,Estonia,Math,Male,Medium,MaleMedium,511.2
2009,Estonia,Math,Male,Medium,MaleMedium,513
2012,Estonia,Math,Male,Medium,MaleMedium,519.5
2015,Estonia,Math,Male,Medium,MaleMedium,525.4
2018,Estonia,Math,Male,Medium,MaleMedium,530.1
2022,Estonia,Math,Male,Medium,MaleMedium,511.8
2025,Estonia,Math,Male,Medium,MaleMedium,526
2006,Estonia,Reading,Female,0,Female,524.2
2009,Estonia,Reading,Female,0,Female,523.8
2012,Estonia,Reading,Female,0,Female,537.8
2015,Estonia,Reading,Female,0,Female,533.4
2018,Estonia,Reading,Female,0,Female,538.4
2022,Estonia,Reading,Female,0,Female,524.8
2025,Estonia,Reading,Female,0,Female,511.6
2006,Estonia,Reading,Female,High,FemaleHigh,557.5
2009,Estonia,Reading,Female,High,FemaleHigh,555.3
2012,Estonia,Reading,Female,High,FemaleHigh,574
2015,Estonia,Reading,Female,High,FemaleHigh,575
2018,Estonia,Reading,Female,High,FemaleHigh,575.8
2022,Estonia,Reading,Female,High,FemaleHigh,560.1
2025,Estonia,Reading,Female,High,FemaleHigh,546.3
2006,Estonia,Reading,Female,Low,FemaleLow,501.1
2009,Estonia,Reading,Female,Low,FemaleLow,499.6
2012,Estonia,Reading,Female,Low,FemaleLow,515.7
2015,Estonia,Reading,Female,Low,FemaleLow,507.8
2018,Estonia,Reading,Female,Low,FemaleLow,511.6
2022,Estonia,Reading,Female,Low,FemaleLow,491.1
2025,Estonia,Reading,Female,Low,FemaleLow,481.3
2006,Estonia,Reading,Female,Medium,FemaleMedium,526.2
2009,Estonia,Reading,Female,Medium,FemaleMedium,525.7
2012,Estonia,Reading,Female,Medium,FemaleMedium,535.9
2015,Estonia,Reading,Female,Medium,FemaleMedium,537.4
2018,Estonia,Reading,Female,Medium,FemaleMedium,542.1
2022,Estonia,Reading,Female,Medium,FemaleMedium,527.4
2025,Estonia,Reading,Female,Medium,FemaleMedium,513.7
2006,Estonia,Reading,0,0,General,500.7
2009,Estonia,Reading,0,0,General,501
2012,Estonia,Reading,0,0,General,516.3
2015,Estonia,Reading,0,0,General,519.1
2018,Estonia,Reading,0,0,General,523
2022,Estonia,Reading,0,0,General,511
2025,Estonia,Reading,0,0,General,499.2
2006,Estonia,Reading,0,High,GeneralHigh,531.5
2009,Estonia,Reading,0,High,GeneralHigh,533
2012,Estonia,Reading,0,High,GeneralHigh,550
2015,Estonia,Reading,0,High,GeneralHigh,555.3
2018,Estonia,Reading,0,High,GeneralHigh,557
2022,Estonia,Reading,0,High,GeneralHigh,547.8
2025,Estonia,Reading,0,High,GeneralHigh,533.2
2006,Estonia,Reading,0,Low,GeneralLow,478.5
2009,Estonia,Reading,0,Low,GeneralLow,477.6
2012,Estonia,Reading,0,Low,GeneralLow,496.6
2015,Estonia,Reading,0,Low,GeneralLow,495.8
2018,Estonia,Reading,0,Low,GeneralLow,498.9
2022,Estonia,Reading,0,Low,GeneralLow,479.7
2025,Estonia,Reading,0,Low,GeneralLow,467.5
2006,Estonia,Reading,0,Medium,GeneralMedium,499.5
2009,Estonia,Reading,0,Medium,GeneralMedium,500.7
2012,Estonia,Reading,0,Medium,GeneralMedium,512.9
2015,Estonia,Reading,0,Medium,GeneralMedium,522.8
2018,Estonia,Reading,0,Medium,GeneralMedium,525.7
2022,Estonia,Reading,0,Medium,GeneralMedium,512.3
2025,Estonia,Reading,0,Medium,GeneralMedium,506.2
2006,Estonia,Reading,Male,0,Male,478.4
2009,Estonia,Reading,Male,0,Male,479.6
2012,Estonia,Reading,Male,0,Male,494.3
2015,Estonia,Reading,Male,0,Male,505.5
2018,Estonia,Reading,Male,0,Male,507.7
2022,Estonia,Reading,Male,0,Male,498.1
2025,Estonia,Reading,Male,0,Male,486.9
2006,Estonia,Reading,Male,High,MaleHigh,510.8
2009,Estonia,Reading,Male,High,MaleHigh,514.4
2012,Estonia,Reading,Male,High,MaleHigh,527.3
2015,Estonia,Reading,Male,High,MaleHigh,537.9
2018,Estonia,Reading,Male,High,MaleHigh,538.9
2022,Estonia,Reading,Male,High,MaleHigh,535.3
2025,Estonia,Reading,Male,High,MaleHigh,519.2
2006,Estonia,Reading,Male,Low,MaleLow,453
2009,Estonia,Reading,Male,Low,MaleLow,456.1
2012,Estonia,Reading,Male,Low,MaleLow,476.5
2015,Estonia,Reading,Male,Low,MaleLow,483.2
2018,Estonia,Reading,Male,Low,MaleLow,485.9
2022,Estonia,Reading,Male,Low,MaleLow,469.1
2025,Estonia,Reading,Male,Low,MaleLow,454
2006,Estonia,Reading,Male,Medium,MaleMedium,474.9
2009,Estonia,Reading,Male,Medium,MaleMedium,476
2012,Estonia,Reading,Male,Medium,MaleMedium,488.5
2015,Estonia,Reading,Male,Medium,MaleMedium,508.9
2018,Estonia,Reading,Male,Medium,MaleMedium,508.9
2022,Estonia,Reading,Male,Medium,MaleMedium,498.4
2025,Estonia,Reading,Male,Medium,MaleMedium,498.8
2006,Estonia,Science,Female,0,Female,533.3
2009,Estonia,Science,Female,0,Female,528.3
2012,Estonia,Science,Female,0,Female,542.6
2015,Estonia,Science,Female,0,Female,532.5
2018,Estonia,Science,Female,0,Female,532.6
2022,Estonia,Science,Female,0,Female,527.7
2025,Estonia,Science,Female,0,Female,527.6
2006,Estonia,Science,Female,High,FemaleHigh,568.5
2009,Estonia,Science,Female,High,FemaleHigh,560
2012,Estonia,Science,Female,High,FemaleHigh,578.4
2015,Estonia,Science,Female,High,FemaleHigh,576.8
2018,Estonia,Science,Female,High,FemaleHigh,570.7
2022,Estonia,Science,Female,High,FemaleHigh,564.5
2025,Estonia,Science,Female,High,FemaleHigh,562
2006,Estonia,Science,Female,Low,FemaleLow,510.5
2009,Estonia,Science,Female,Low,FemaleLow,503
2012,Estonia,Science,Female,Low,FemaleLow,520.5
2015,Estonia,Science,Female,Low,FemaleLow,506.7
2018,Estonia,Science,Female,Low,FemaleLow,505.3
2022,Estonia,Science,Female,Low,FemaleLow,494.7
2025,Estonia,Science,Female,Low,FemaleLow,496.8
2006,Estonia,Science,Female,Medium,FemaleMedium,533.6
2009,Estonia,Science,Female,Medium,FemaleMedium,530.9
2012,Estonia,Science,Female,Medium,FemaleMedium,541.5
2015,Estonia,Science,Female,Medium,FemaleMedium,534.9
2018,Estonia,Science,Female,Medium,FemaleMedium,535.2
2022,Estonia,Science,Female,Medium,FemaleMedium,527.1
2025,Estonia,Science,Female,Medium,FemaleMedium,530.1
2006,Estonia,Science,0,0,General,531.4
2009,Estonia,Science,0,0,General,527.8
2012,Estonia,Science,0,0,General,541.4
2015,Estonia,Science,0,0,General,534.2
2018,Estonia,Science,0,0,General,530.1
2022,Estonia,Science,0,0,General,525.8
2025,Estonia,Science,0,0,General,527.1
2006,Estonia,Science,0,High,GeneralHigh,566.9
2009,Estonia,Science,0,High,GeneralHigh,559
2012,Estonia,Science,0,High,GeneralHigh,575.8
2015,Estonia,Science,0,High,GeneralHigh,573.2
2018,Estonia,Science,0,High,GeneralHigh,564.8
2022,Estonia,Science,0,High,GeneralHigh,564.3
2025,Estonia,Science,0,High,GeneralHigh,560.3
2006,Estonia,Science,0,Low,GeneralLow,507.7
2009,Estonia,Science,0,Low,GeneralLow,504.5
2012,Estonia,Science,0,Low,GeneralLow,521.2
2015,Estonia,Science,0,Low,GeneralLow,509.9
2018,Estonia,Science,0,Low,GeneralLow,505.4
2022,Estonia,Science,0,Low,GeneralLow,493.8
2025,Estonia,Science,0,Low,GeneralLow,494.7
2006,Estonia,Science,0,Medium,GeneralMedium,527.8
2009,Estonia,Science,0,Medium,GeneralMedium,528.1
2012,Estonia,Science,0,Medium,GeneralMedium,538.2
2015,Estonia,Science,0,Medium,GeneralMedium,537
2018,Estonia,Science,0,Medium,GeneralMedium,531.5
2022,Estonia,Science,0,Medium,GeneralMedium,525
2025,Estonia,Science,0,Medium,GeneralMedium,534.8
2006,Estonia,Science,Male,0,Male,529.6
2009,Estonia,Science,Male,0,Male,527.4
2012,Estonia,Science,Male,0,Male,540.2
2015,Estonia,Science,Male,0,Male,535.8
2018,Estonia,Science,Male,0,Male,527.6
2022,Estonia,Science,Male,0,Male,524.1
2025,Estonia,Science,Male,0,Male,526.6
2006,Estonia,Science,Male,High,MaleHigh,565.7
2009,Estonia,Science,Male,High,MaleHigh,558.1
2012,Estonia,Science,Male,High,MaleHigh,573.3
2015,Estonia,Science,Male,High,MaleHigh,570
2018,Estonia,Science,Male,High,MaleHigh,559.1
2022,Estonia,Science,Male,High,MaleHigh,564.2
2025,Estonia,Science,Male,High,MaleHigh,558.5
2006,Estonia,Science,Male,Low,MaleLow,504.6
2009,Estonia,Science,Male,Low,MaleLow,505.9
2012,Estonia,Science,Male,Low,MaleLow,522.1
2015,Estonia,Science,Male,Low,MaleLow,513.2
2018,Estonia,Science,Male,Low,MaleLow,505.6
2022,Estonia,Science,Male,Low,MaleLow,493
2025,Estonia,Science,Male,Low,MaleLow,492.7
2006,Estonia,Science,Male,Medium,MaleMedium,522.5
2009,Estonia,Science,Male,Medium,MaleMedium,525.2
2012,Estonia,Science,Male,Medium,MaleMedium,534.8
2015,Estonia,Science,Male,Medium,MaleMedium,539
2018,Estonia,Science,Male,Medium,MaleMedium,527.8
2022,Estonia,Science,Male,Medium,MaleMedium,523.1
2025,Estonia,Science,Male,Medium,MaleMedium,539.5
2006,Finland,Math,Female,0,Female,542.5
2009,Finland,Math,Female,0,Female,539.2
2012,Finland,Math,Female,0,Female,520.2
2015,Finland,Math,Female,0,Female,515
2018,Finland,Math,Female,0,Female,510.4
2022,Finland,Math,Female,0,Female,486.7
2025,Finland,Math,Female,0,Female,467.6
2006,Finland,Math,Female,High,FemaleHigh,572.8
2009,Finland,Math,Female,High,FemaleHigh,562.4
2012,Finland,Math,Female,High,FemaleHigh,545.8
2015,Finland,Math,Female,High,FemaleHigh,545.7
2018,Finland,Math,Female,High,FemaleHigh,538
2022,Finland,Math,Female,High,FemaleHigh,525.9
2025,Finland,Math,Female,High,FemaleHigh,506.7
2006,Finland,Math,Female,Low,FemaleLow,517.2
2009,Finland,Math,Female,Low,FemaleLow,510.5
2012,Finland,Math,Female,Low,FemaleLow,489.1
2015,Finland,Math,Female,Low,FemaleLow,482.1
2018,Finland,Math,Female,Low,FemaleLow,476.5
2022,Finland,Math,Female,Low,FemaleLow,448.4
2025,Finland,Math,Female,Low,FemaleLow,435.5
2006,Finland,Math,Female,Medium,FemaleMedium,538.3
2009,Finland,Math,Female,Medium,FemaleMedium,534
2012,Finland,Math,Female,Medium,FemaleMedium,514.6
2015,Finland,Math,Female,Medium,FemaleMedium,513.8
2018,Finland,Math,Female,Medium,FemaleMedium,508.4
2022,Finland,Math,Female,Medium,FemaleMedium,477.9
2025,Finland,Math,Female,Medium,FemaleMedium,473.5
2006,Finland,Math,0,0,General,548.4
2009,Finland,Math,0,0,General,540.5
2012,Finland,Math,0,0,General,518.8
2015,Finland,Math,0,0,General,511.1
2018,Finland,Math,0,0,General,507.3
2022,Finland,Math,0,0,General,484.1
2025,Finland,Math,0,0,General,468.7
2006,Finland,Math,0,High,GeneralHigh,580
2009,Finland,Math,0,High,GeneralHigh,563.8
2012,Finland,Math,0,High,GeneralHigh,547.4
2015,Finland,Math,0,High,GeneralHigh,543.7
2018,Finland,Math,0,High,GeneralHigh,539.1
2022,Finland,Math,0,High,GeneralHigh,523.4
2025,Finland,Math,0,High,GeneralHigh,507.8
2006,Finland,Math,0,Low,GeneralLow,521.1
2009,Finland,Math,0,Low,GeneralLow,512.2
2012,Finland,Math,0,Low,GeneralLow,488.2
2015,Finland,Math,0,Low,GeneralLow,478.3
2018,Finland,Math,0,Low,GeneralLow,473.2
2022,Finland,Math,0,Low,GeneralLow,448.4
2025,Finland,Math,0,Low,GeneralLow,441.2
2006,Finland,Math,0,Medium,GeneralMedium,544.2
2009,Finland,Math,0,Medium,GeneralMedium,535.9
2012,Finland,Math,0,Medium,GeneralMedium,513.5
2015,Finland,Math,0,Medium,GeneralMedium,510.4
2018,Finland,Math,0,Medium,GeneralMedium,503.2
2022,Finland,Math,0,Medium,GeneralMedium,478.2
2025,Finland,Math,0,Medium,GeneralMedium,475.1
2006,Finland,Math,Male,0,Male,554.3
2009,Finland,Math,Male,0,Male,541.8
2012,Finland,Math,Male,0,Male,517.4
2015,Finland,Math,Male,0,Male,507.5
2018,Finland,Math,Male,0,Male,504.3
2022,Finland,Math,Male,0,Male,481.7
2025,Finland,Math,Male,0,Male,469.8
2006,Finland,Math,Male,High,MaleHigh,587.1
2009,Finland,Math,Male,High,MaleHigh,565.3
2012,Finland,Math,Male,High,MaleHigh,549.1
2015,Finland,Math,Male,High,MaleHigh,541.7
2018,Finland,Math,Male,High,MaleHigh,540.2
2022,Finland,Math,Male,High,MaleHigh,520.6
2025,Finland,Math,Male,High,MaleHigh,508.9
2006,Finland,Math,Male,Low,MaleLow,525.1
2009,Finland,Math,Male,Low,MaleLow,513.8
2012,Finland,Math,Male,Low,MaleLow,487.5
2015,Finland,Math,Male,Low,MaleLow,475
2018,Finland,Math,Male,Low,MaleLow,470.1
2022,Finland,Math,Male,Low,MaleLow,448.4
2025,Finland,Math,Male,Low,MaleLow,447.1
2006,Finland,Math,Male,Medium,MaleMedium,550.3
2009,Finland,Math,Male,Medium,MaleMedium,538
2012,Finland,Math,Male,Medium,MaleMedium,512.5
2015,Finland,Math,Male,Medium,MaleMedium,507.3
2018,Finland,Math,Male,Medium,MaleMedium,497.9
2022,Finland,Math,Male,Medium,MaleMedium,478.5
2025,Finland,Math,Male,Medium,MaleMedium,476.7
2006,Finland,Reading,Female,0,Female,572
2009,Finland,Reading,Female,0,Female,563.5
2012,Finland,Reading,Female,0,Female,555.7
2015,Finland,Reading,Female,0,Female,550.5
2018,Finland,Reading,Female,0,Female,546.3
2022,Finland,Reading,Female,0,Female,513
2025,Finland,Reading,Female,0,Female,497.6
2006,Finland,Reading,Female,High,FemaleHigh,598.3
2009,Finland,Reading,Female,High,FemaleHigh,587.2
2012,Finland,Reading,Female,High,FemaleHigh,579.9
2015,Finland,Reading,Female,High,FemaleHigh,583.4
2018,Finland,Reading,Female,High,FemaleHigh,577.3
2022,Finland,Reading,Female,High,FemaleHigh,553.9
2025,Finland,Reading,Female,High,FemaleHigh,536.1
2006,Finland,Reading,Female,Low,FemaleLow,550.1
2009,Finland,Reading,Female,Low,FemaleLow,531.9
2012,Finland,Reading,Female,Low,FemaleLow,526.7
2015,Finland,Reading,Female,Low,FemaleLow,516.7
2018,Finland,Reading,Female,Low,FemaleLow,511.5
2022,Finland,Reading,Female,Low,FemaleLow,472.3
2025,Finland,Reading,Female,Low,FemaleLow,465.9
2006,Finland,Reading,Female,Medium,FemaleMedium,568.2
2009,Finland,Reading,Female,Medium,FemaleMedium,559.5
2012,Finland,Reading,Female,Medium,FemaleMedium,550.6
2015,Finland,Reading,Female,Medium,FemaleMedium,548.2
2018,Finland,Reading,Female,Medium,FemaleMedium,542.4
2022,Finland,Reading,Female,Medium,FemaleMedium,507
2025,Finland,Reading,Female,Medium,FemaleMedium,506.2
2006,Finland,Reading,0,0,General,546.9
2009,Finland,Reading,0,0,General,535.9
2012,Finland,Reading,0,0,General,524
2015,Finland,Reading,0,0,General,526.4
2018,Finland,Reading,0,0,General,520.1
2022,Finland,Reading,0,0,General,490.2
2025,Finland,Reading,0,0,General,474.3
2006,Finland,Reading,0,High,GeneralHigh,574.4
2009,Finland,Reading,0,High,GeneralHigh,562
2012,Finland,Reading,0,High,GeneralHigh,553.1
2015,Finland,Reading,0,High,GeneralHigh,561
2018,Finland,Reading,0,High,GeneralHigh,555.3
2022,Finland,Reading,0,High,GeneralHigh,531.6
2025,Finland,Reading,0,High,GeneralHigh,513
2006,Finland,Reading,0,Low,GeneralLow,521.8
2009,Finland,Reading,0,Low,GeneralLow,503
2012,Finland,Reading,0,Low,GeneralLow,493.8
2015,Finland,Reading,0,Low,GeneralLow,492.9
2018,Finland,Reading,0,Low,GeneralLow,484.7
2022,Finland,Reading,0,Low,GeneralLow,454.1
2025,Finland,Reading,0,Low,GeneralLow,447.8
2006,Finland,Reading,0,Medium,GeneralMedium,544.2
2009,Finland,Reading,0,Medium,GeneralMedium,531.9
2012,Finland,Reading,0,Medium,GeneralMedium,518.8
2015,Finland,Reading,0,Medium,GeneralMedium,524.6
2018,Finland,Reading,0,Medium,GeneralMedium,515.3
2022,Finland,Reading,0,Medium,GeneralMedium,485.6
2025,Finland,Reading,0,Medium,GeneralMedium,483.8
2006,Finland,Reading,Male,0,Male,521.4
2009,Finland,Reading,Male,0,Male,508.4
2012,Finland,Reading,Male,0,Male,494
2015,Finland,Reading,Male,0,Male,504
2018,Finland,Reading,Male,0,Male,494.8
2022,Finland,Reading,Male,0,Male,468.3
2025,Finland,Reading,Male,0,Male,451.6
2006,Finland,Reading,Male,High,MaleHigh,550.7
2009,Finland,Reading,Male,High,MaleHigh,536.4
2012,Finland,Reading,Male,High,MaleHigh,525.8
2015,Finland,Reading,Male,High,MaleHigh,538.5
2018,Finland,Reading,Male,High,MaleHigh,533.5
2022,Finland,Reading,Male,High,MaleHigh,507.5
2025,Finland,Reading,Male,High,MaleHigh,489.9
2006,Finland,Reading,Male,Low,MaleLow,493.1
2009,Finland,Reading,Male,Low,MaleLow,476.3
2012,Finland,Reading,Male,Low,MaleLow,464.2
2015,Finland,Reading,Male,Low,MaleLow,472.4
2018,Finland,Reading,Male,Low,MaleLow,459
2022,Finland,Reading,Male,Low,MaleLow,436.2
2025,Finland,Reading,Male,Low,MaleLow,429
2006,Finland,Reading,Male,Medium,MaleMedium,519.5
2009,Finland,Reading,Male,Medium,MaleMedium,503.3
2012,Finland,Reading,Male,Medium,MaleMedium,488.9
2015,Finland,Reading,Male,Medium,MaleMedium,502.4
2018,Finland,Reading,Male,Medium,MaleMedium,488.5
2022,Finland,Reading,Male,Medium,MaleMedium,467
2025,Finland,Reading,Male,Medium,MaleMedium,461.8
2006,Finland,Science,Female,0,Female,564.9
2009,Finland,Science,Female,0,Female,561.8
2012,Finland,Science,Female,0,Female,553.9
2015,Finland,Science,Female,0,Female,540.5
2018,Finland,Science,Female,0,Female,534
2022,Finland,Science,Female,0,Female,522
2025,Finland,Science,Female,0,Female,515.6
2006,Finland,Science,Female,High,FemaleHigh,594.9
2009,Finland,Science,Female,High,FemaleHigh,587.1
2012,Finland,Science,Female,High,FemaleHigh,579.2
2015,Finland,Science,Female,High,FemaleHigh,574.6
2018,Finland,Science,Female,High,FemaleHigh,564.7
2022,Finland,Science,Female,High,FemaleHigh,565.9
2025,Finland,Science,Female,High,FemaleHigh,559
2006,Finland,Science,Female,Low,FemaleLow,540.7
2009,Finland,Science,Female,Low,FemaleLow,530.5
2012,Finland,Science,Female,Low,FemaleLow,522.2
2015,Finland,Science,Female,Low,FemaleLow,504.2
2018,Finland,Science,Female,Low,FemaleLow,496.3
2022,Finland,Science,Female,Low,FemaleLow,480.4
2025,Finland,Science,Female,Low,FemaleLow,479.6
2006,Finland,Science,Female,Medium,FemaleMedium,559.9
2009,Finland,Science,Female,Medium,FemaleMedium,556.1
2012,Finland,Science,Female,Medium,FemaleMedium,549.6
2015,Finland,Science,Female,Medium,FemaleMedium,538.9
2018,Finland,Science,Female,Medium,FemaleMedium,532.5
2022,Finland,Science,Female,Medium,FemaleMedium,510.6
2025,Finland,Science,Female,Medium,FemaleMedium,523.1
2006,Finland,Science,0,0,General,563.3
2009,Finland,Science,0,0,General,554.1
2012,Finland,Science,0,0,General,545.4
2015,Finland,Science,0,0,General,530.7
2018,Finland,Science,0,0,General,521.9
2022,Finland,Science,0,0,General,511
2025,Finland,Science,0,0,General,504.4
2006,Finland,Science,0,High,GeneralHigh,594
2009,Finland,Science,0,High,GeneralHigh,580.5
2012,Finland,Science,0,High,GeneralHigh,574.1
2015,Finland,Science,0,High,GeneralHigh,566.2
2018,Finland,Science,0,High,GeneralHigh,557.7
2022,Finland,Science,0,High,GeneralHigh,554.2
2025,Finland,Science,0,High,GeneralHigh,547.3
2006,Finland,Science,0,Low,GeneralLow,537.1
2009,Finland,Science,0,Low,GeneralLow,522.1
2012,Finland,Science,0,Low,GeneralLow,514.5
2015,Finland,Science,0,Low,GeneralLow,495.5
2018,Finland,Science,0,Low,GeneralLow,484.6
2022,Finland,Science,0,Low,GeneralLow,472.5
2025,Finland,Science,0,Low,GeneralLow,473.4
2006,Finland,Science,0,Medium,GeneralMedium,559.2
2009,Finland,Science,0,Medium,GeneralMedium,548.9
2012,Finland,Science,0,Medium,GeneralMedium,541.5
2015,Finland,Science,0,Medium,GeneralMedium,529
2018,Finland,Science,0,Medium,GeneralMedium,516.9
2022,Finland,Science,0,Medium,GeneralMedium,503.6
2025,Finland,Science,0,Medium,GeneralMedium,513.1
2006,Finland,Science,Male,0,Male,561.8
2009,Finland,Science,Male,0,Male,546.4
2012,Finland,Science,Male,0,Male,537.4
2015,Finland,Science,Male,0,Male,521.5
2018,Finland,Science,Male,0,Male,510.2
2022,Finland,Science,Male,0,Male,500.4
2025,Finland,Science,Male,0,Male,493.4
2006,Finland,Science,Male,High,MaleHigh,593.1
2009,Finland,Science,Male,High,MaleHigh,573.7
2012,Finland,Science,Male,High,MaleHigh,568.8
2015,Finland,Science,Male,High,MaleHigh,557.8
2018,Finland,Science,Male,High,MaleHigh,550.8
2022,Finland,Science,Male,High,MaleHigh,541.5
2025,Finland,Science,Male,High,MaleHigh,535.6
2006,Finland,Science,Male,Low,MaleLow,533.3
2009,Finland,Science,Male,Low,MaleLow,514.4
2012,Finland,Science,Male,Low,MaleLow,507.5
2015,Finland,Science,Male,Low,MaleLow,488.1
2018,Finland,Science,Male,Low,MaleLow,473.4
2022,Finland,Science,Male,Low,MaleLow,464.7
2025,Finland,Science,Male,Low,MaleLow,467
2006,Finland,Science,Male,Medium,MaleMedium,558.4
2009,Finland,Science,Male,Medium,MaleMedium,541.4
2012,Finland,Science,Male,Medium,MaleMedium,533.8
2015,Finland,Science,Male,Medium,MaleMedium,519.7
2018,Finland,Science,Male,Medium,MaleMedium,501.5
2022,Finland,Science,Male,Medium,MaleMedium,497.4
2025,Finland,Science,Male,Medium,MaleMedium,503.3
2012,Florida (USA),Math,Female,0,Female,459.7
2012,Florida (USA),Math,Female,High,FemaleHigh,505.6
2012,Florida (USA),Math,Female,Low,FemaleLow,426.5
2012,Florida (USA),Math,Female,Medium,FemaleMedium,451
2012,Florida (USA),Math,0,0,General,466.8
2012,Florida (USA),Math,0,High,GeneralHigh,511.1
2012,Florida (USA),Math,0,Low,GeneralLow,434.1
2012,Florida (USA),Math,0,Medium,GeneralMedium,458.9
2012,Florida (USA),Math,Male,0,Male,473.8
2012,Florida (USA),Math,Male,High,MaleHigh,516.6
2012,Florida (USA),Math,Male,Low,MaleLow,442.2
2012,Florida (USA),Math,Male,Medium,MaleMedium,465.6
2012,Florida (USA),Reading,Female,0,Female,503.2
2012,Florida (USA),Reading,Female,High,FemaleHigh,546.1
2012,Florida (USA),Reading,Female,Low,FemaleLow,472.4
2012,Florida (USA),Reading,Female,Medium,FemaleMedium,496.4
2012,Florida (USA),Reading,0,0,General,492.1
2012,Florida (USA),Reading,0,High,GeneralHigh,533.2
2012,Florida (USA),Reading,0,Low,GeneralLow,463.6
2012,Florida (USA),Reading,0,Medium,GeneralMedium,484.1
2012,Florida (USA),Reading,Male,0,Male,481.4
2012,Florida (USA),Reading,Male,High,MaleHigh,520.2
2012,Florida (USA),Reading,Male,Low,MaleLow,454.2
2012,Florida (USA),Reading,Male,Medium,MaleMedium,473.6
2012,Florida (USA),Science,Female,0,Female,478.5
2012,Florida (USA),Science,Female,High,FemaleHigh,528
2012,Florida (USA),Science,Female,Low,FemaleLow,441.4
2012,Florida (USA),Science,Female,Medium,FemaleMedium,470.6
2012,Florida (USA),Science,0,0,General,485
2012,Florida (USA),Science,0,High,GeneralHigh,532.2
2012,Florida (USA),Science,0,Low,GeneralLow,448.8
2012,Florida (USA),Science,0,Medium,GeneralMedium,477.8
2012,Florida (USA),Science,Male,0,Male,491.3
2012,Florida (USA),Science,Male,High,MaleHigh,536.4
2012,Florida (USA),Science,Male,Low,MaleLow,456.7
2012,Florida (USA),Science,Male,Medium,MaleMedium,483.8
2006,France,Math,Female,0,Female,492.4
2009,France,Math,Female,0,Female,488.9
2012,France,Math,Female,0,Female,490.9
2015,France,Math,Female,0,Female,490
2018,France,Math,Female,0,Female,492.2
2022,France,Math,Female,0,Female,469.1
2025,France,Math,Female,0,Female,451.2
2006,France,Math,Female,High,FemaleHigh,542
2009,France,Math,Female,High,FemaleHigh,556.6
2012,France,Math,Female,High,FemaleHigh,555
2015,France,Math,Female,High,FemaleHigh,555.8
2018,France,Math,Female,High,FemaleHigh,552
2022,France,Math,Female,High,FemaleHigh,527.7
2025,France,Math,Female,High,FemaleHigh,505.9
2006,France,Math,Female,Low,FemaleLow,456.6
2009,France,Math,Female,Low,FemaleLow,453.4
2012,France,Math,Female,Low,FemaleLow,447.6
2015,France,Math,Female,Low,FemaleLow,452.7
2018,France,Math,Female,Low,FemaleLow,450
2022,France,Math,Female,Low,FemaleLow,427.1
2025,France,Math,Female,Low,FemaleLow,419.1
2006,France,Math,Female,Medium,FemaleMedium,509.4
2009,France,Math,Female,Medium,FemaleMedium,510
2012,France,Math,Female,Medium,FemaleMedium,507.9
2015,France,Math,Female,Medium,FemaleMedium,510.8
2018,France,Math,Female,Medium,FemaleMedium,502.5
2022,France,Math,Female,Medium,FemaleMedium,476.5
2025,France,Math,Female,Medium,FemaleMedium,467.9
2006,France,Math,0,0,General,495.5
2009,France,Math,0,0,General,496.8
2012,France,Math,0,0,General,495
2015,France,Math,0,0,General,492.9
2018,France,Math,0,0,General,495.4
2022,France,Math,0,0,General,473.9
2025,France,Math,0,0,General,457.7
2006,France,Math,0,High,GeneralHigh,545.1
2009,France,Math,0,High,GeneralHigh,566.9
2012,France,Math,0,High,GeneralHigh,564.5
2015,France,Math,0,High,GeneralHigh,557.8
2018,France,Math,0,High,GeneralHigh,552.7
2022,France,Math,0,High,GeneralHigh,533.6
2025,France,Math,0,High,GeneralHigh,515.1
2006,France,Math,0,Low,GeneralLow,457.4
2009,France,Math,0,Low,GeneralLow,460.4
2012,France,Math,0,Low,GeneralLow,451.8
2015,France,Math,0,Low,GeneralLow,456.1
2018,France,Math,0,Low,GeneralLow,455.3
2022,France,Math,0,Low,GeneralLow,432.6
2025,France,Math,0,Low,GeneralLow,430.4
2006,France,Math,0,Medium,GeneralMedium,513.3
2009,France,Math,0,Medium,GeneralMedium,518.3
2012,France,Math,0,Medium,GeneralMedium,510.8
2015,France,Math,0,Medium,GeneralMedium,514.2
2018,France,Math,0,Medium,GeneralMedium,507.6
2022,France,Math,0,Medium,GeneralMedium,481.3
2025,France,Math,0,Medium,GeneralMedium,476.6
2006,France,Math,Male,0,Male,498.9
2009,France,Math,Male,0,Male,505.1
2012,France,Math,Male,0,Male,499.4
2015,France,Math,Male,0,Male,495.9
2018,France,Math,Male,0,Male,498.5
2022,France,Math,Male,0,Male,478.9
2025,France,Math,Male,0,Male,463.8
2006,France,Math,Male,High,MaleHigh,548.2
2009,France,Math,Male,High,MaleHigh,577.3
2012,France,Math,Male,High,MaleHigh,574.7
2015,France,Math,Male,High,MaleHigh,559.8
2018,France,Math,Male,High,MaleHigh,553.3
2022,France,Math,Male,High,MaleHigh,539.4
2025,France,Math,Male,High,MaleHigh,525.1
2006,France,Math,Male,Low,MaleLow,458.4
2009,France,Math,Male,Low,MaleLow,468.2
2012,France,Math,Male,Low,MaleLow,456.5
2015,France,Math,Male,Low,MaleLow,459.7
2018,France,Math,Male,Low,MaleLow,460.3
2022,France,Math,Male,Low,MaleLow,438
2025,France,Math,Male,Low,MaleLow,441.4
2006,France,Math,Male,Medium,MaleMedium,517.4
2009,France,Math,Male,Medium,MaleMedium,526.8
2012,France,Math,Male,Medium,MaleMedium,513.8
2015,France,Math,Male,Medium,MaleMedium,517.6
2018,France,Math,Male,Medium,MaleMedium,512.6
2022,France,Math,Male,Medium,MaleMedium,486.8
2025,France,Math,Male,Medium,MaleMedium,485.8
2006,France,Reading,Female,0,Female,504.6
2009,France,Reading,Female,0,Female,515.2
2012,France,Reading,Female,0,Female,526.8
2015,France,Reading,Female,0,Female,513.8
2018,France,Reading,Female,0,Female,505.2
2022,France,Reading,Female,0,Female,483.8
2025,France,Reading,Female,0,Female,472.6
2006,France,Reading,Female,High,FemaleHigh,551.1
2009,France,Reading,Female,High,FemaleHigh,578.3
2012,France,Reading,Female,High,FemaleHigh,591.7
2015,France,Reading,Female,High,FemaleHigh,585.7
2018,France,Reading,Female,High,FemaleHigh,564.7
2022,France,Reading,Female,High,FemaleHigh,544.7
2025,France,Reading,Female,High,FemaleHigh,525
2006,France,Reading,Female,Low,FemaleLow,468.4
2009,France,Reading,Female,Low,FemaleLow,482
2012,France,Reading,Female,Low,FemaleLow,482.8
2015,France,Reading,Female,Low,FemaleLow,474
2018,France,Reading,Female,Low,FemaleLow,464.5
2022,France,Reading,Female,Low,FemaleLow,439
2025,France,Reading,Female,Low,FemaleLow,441.8
2006,France,Reading,Female,Medium,FemaleMedium,524
2009,France,Reading,Female,Medium,FemaleMedium,535.7
2012,France,Reading,Female,Medium,FemaleMedium,545.1
2015,France,Reading,Female,Medium,FemaleMedium,537.8
2018,France,Reading,Female,Medium,FemaleMedium,515.3
2022,France,Reading,Female,Medium,FemaleMedium,494
2025,France,Reading,Female,Medium,FemaleMedium,490.1
2006,France,Reading,0,0,General,487.7
2009,France,Reading,0,0,General,495.6
2012,France,Reading,0,0,General,505.5
2015,France,Reading,0,0,General,499.3
2018,France,Reading,0,0,General,492.6
2022,France,Reading,0,0,General,473.9
2025,France,Reading,0,0,General,456.3
2006,France,Reading,0,High,GeneralHigh,534
2009,France,Reading,0,High,GeneralHigh,562.7
2012,France,Reading,0,High,GeneralHigh,576.3
2015,France,Reading,0,High,GeneralHigh,570.5
2018,France,Reading,0,High,GeneralHigh,551.2
2022,France,Reading,0,High,GeneralHigh,534.3
2025,France,Reading,0,High,GeneralHigh,513.5
2006,France,Reading,0,Low,GeneralLow,449
2009,France,Reading,0,Low,GeneralLow,461.1
2012,France,Reading,0,Low,GeneralLow,460.6
2015,France,Reading,0,Low,GeneralLow,459.3
2018,France,Reading,0,Low,GeneralLow,453.1
2022,France,Reading,0,Low,GeneralLow,431.4
2025,France,Reading,0,Low,GeneralLow,430.4
2006,France,Reading,0,Medium,GeneralMedium,508.3
2009,France,Reading,0,Medium,GeneralMedium,516.9
2012,France,Reading,0,Medium,GeneralMedium,523.8
2015,France,Reading,0,Medium,GeneralMedium,524.2
2018,France,Reading,0,Medium,GeneralMedium,504.3
2022,France,Reading,0,Medium,GeneralMedium,483.7
2025,France,Reading,0,Medium,GeneralMedium,476.7
2006,France,Reading,Male,0,Male,469.8
2009,France,Reading,Male,0,Male,475
2012,France,Reading,Male,0,Male,483
2015,France,Reading,Male,0,Male,484.6
2018,France,Reading,Male,0,Male,480.3
2022,France,Reading,Male,0,Male,463.6
2025,France,Reading,Male,0,Male,440.7
2006,France,Reading,Male,High,MaleHigh,516.8
2009,France,Reading,Male,High,MaleHigh,546.9
2012,France,Reading,Male,High,MaleHigh,559.7
2015,France,Reading,Male,High,MaleHigh,555
2018,France,Reading,Male,High,MaleHigh,537.8
2022,France,Reading,Male,High,MaleHigh,524.2
2025,France,Reading,Male,High,MaleHigh,500.9
2006,France,Reading,Male,Low,MaleLow,427.4
2009,France,Reading,Male,Low,MaleLow,437.9
2012,France,Reading,Male,Low,MaleLow,436.5
2015,France,Reading,Male,Low,MaleLow,444.4
2018,France,Reading,Male,Low,MaleLow,442.3
2022,France,Reading,Male,Low,MaleLow,423.7
2025,France,Reading,Male,Low,MaleLow,419.4
2006,France,Reading,Male,Medium,MaleMedium,492
2009,France,Reading,Male,Medium,MaleMedium,497.5
2012,France,Reading,Male,Medium,MaleMedium,501
2015,France,Reading,Male,Medium,MaleMedium,510.3
2018,France,Reading,Male,Medium,MaleMedium,493.3
2022,France,Reading,Male,Medium,MaleMedium,472
2025,France,Reading,Male,Medium,MaleMedium,462.8
2006,France,Science,Female,0,Female,493.9
2009,France,Science,Female,0,Female,496.6
2012,France,Science,Female,0,Female,500.2
2015,France,Science,Female,0,Female,494
2018,France,Science,Female,0,Female,493.5
2022,France,Science,Female,0,Female,487.9
2025,France,Science,Female,0,Female,486.6
2006,France,Science,Female,High,FemaleHigh,545.9
2009,France,Science,Female,High,FemaleHigh,557.8
2012,France,Science,Female,High,FemaleHigh,563.3
2015,France,Science,Female,High,FemaleHigh,563.3
2018,France,Science,Female,High,FemaleHigh,554.5
2022,France,Science,Female,High,FemaleHigh,550.1
2025,France,Science,Female,High,FemaleHigh,543.2
2006,France,Science,Female,Low,FemaleLow,455.5
2009,France,Science,Female,Low,FemaleLow,463.9
2012,France,Science,Female,Low,FemaleLow,457.4
2015,France,Science,Female,Low,FemaleLow,454.6
2018,France,Science,Female,Low,FemaleLow,451.6
2022,France,Science,Female,Low,FemaleLow,441.4
2025,France,Science,Female,Low,FemaleLow,452.9
2006,France,Science,Female,Medium,FemaleMedium,512.9
2009,France,Science,Female,Medium,FemaleMedium,517
2012,France,Science,Female,Medium,FemaleMedium,516.7
2015,France,Science,Female,Medium,FemaleMedium,517.6
2018,France,Science,Female,Medium,FemaleMedium,503.4
2022,France,Science,Female,Medium,FemaleMedium,497.7
2025,France,Science,Female,Medium,FemaleMedium,505.4
2006,France,Science,0,0,General,495.2
2009,France,Science,0,0,General,498.2
2012,France,Science,0,0,General,499
2015,France,Science,0,0,General,495
2018,France,Science,0,0,General,493
2022,France,Science,0,0,General,487.2
2025,France,Science,0,0,General,483.4
2006,France,Science,0,High,GeneralHigh,547.8
2009,France,Science,0,High,GeneralHigh,565.6
2012,France,Science,0,High,GeneralHigh,568.6
2015,France,Science,0,High,GeneralHigh,563.5
2018,France,Science,0,High,GeneralHigh,552.4
2022,France,Science,0,High,GeneralHigh,549.9
2025,France,Science,0,High,GeneralHigh,543.7
2006,France,Science,0,Low,GeneralLow,454
2009,France,Science,0,Low,GeneralLow,463.4
2012,France,Science,0,Low,GeneralLow,455.8
2015,France,Science,0,Low,GeneralLow,456.1
2018,France,Science,0,Low,GeneralLow,452.8
2022,France,Science,0,Low,GeneralLow,441.3
2025,France,Science,0,Low,GeneralLow,454.7
2006,France,Science,0,Medium,GeneralMedium,515.2
2009,France,Science,0,Medium,GeneralMedium,519.4
2012,France,Science,0,Medium,GeneralMedium,514.4
2015,France,Science,0,Medium,GeneralMedium,518.9
2018,France,Science,0,Medium,GeneralMedium,504.6
2022,France,Science,0,Medium,GeneralMedium,497.7
2025,France,Science,0,Medium,GeneralMedium,505.4
2006,France,Science,Male,0,Male,496.6
2009,France,Science,Male,0,Male,499.9
2012,France,Science,Male,0,Male,497.7
2015,France,Science,Male,0,Male,495.9
2018,France,Science,Male,0,Male,492.5
2022,France,Science,Male,0,Male,486.5
2025,France,Science,Male,0,Male,480.4
2006,France,Science,Male,High,MaleHigh,549.6
2009,France,Science,Male,High,MaleHigh,573.5
2012,France,Science,Male,High,MaleHigh,574.3
2015,France,Science,Male,High,MaleHigh,563.8
2018,France,Science,Male,High,MaleHigh,550.4
2022,France,Science,Male,High,MaleHigh,549.7
2025,France,Science,Male,High,MaleHigh,544.2
2006,France,Science,Male,Low,MaleLow,452.3
2009,France,Science,Male,Low,MaleLow,462.8
2012,France,Science,Male,Low,MaleLow,454
2015,France,Science,Male,Low,MaleLow,457.7
2018,France,Science,Male,Low,MaleLow,454.1
2022,France,Science,Male,Low,MaleLow,441.2
2025,France,Science,Male,Low,MaleLow,456.3
2006,France,Science,Male,Medium,MaleMedium,517.5
2009,France,Science,Male,Medium,MaleMedium,521.9
2012,France,Science,Male,Medium,MaleMedium,512
2015,France,Science,Male,Medium,MaleMedium,520.3
2018,France,Science,Male,Medium,MaleMedium,505.7
2022,France,Science,Male,Medium,MaleMedium,497.7
2025,France,Science,Male,Medium,MaleMedium,505.5
2015,Georgia,Math,Female,0,Female,410.6
2018,Georgia,Math,Female,0,Female,399.8
2022,Georgia,Math,Female,0,Female,392.8
2025,Georgia,Math,Female,0,Female,417
2015,Georgia,Math,Female,High,FemaleHigh,458
2018,Georgia,Math,Female,High,FemaleHigh,453.5
2022,Georgia,Math,Female,High,FemaleHigh,433.4
2025,Georgia,Math,Female,High,FemaleHigh,452
2015,Georgia,Math,Female,Low,FemaleLow,381.7
2018,Georgia,Math,Female,Low,FemaleLow,377.8
2022,Georgia,Math,Female,Low,FemaleLow,375.7
2025,Georgia,Math,Female,Low,FemaleLow,406.8
2015,Georgia,Math,Female,Medium,FemaleMedium,436.6
2018,Georgia,Math,Female,Medium,FemaleMedium,421.6
2022,Georgia,Math,Female,Medium,FemaleMedium,413.5
2025,Georgia,Math,Female,Medium,FemaleMedium,434.6
2015,Georgia,Math,0,0,General,403.8
2018,Georgia,Math,0,0,General,397.6
2022,Georgia,Math,0,0,General,390
2025,Georgia,Math,0,0,General,416.4
2015,Georgia,Math,0,High,GeneralHigh,453.5
2018,Georgia,Math,0,High,GeneralHigh,444.6
2022,Georgia,Math,0,High,GeneralHigh,431.3
2025,Georgia,Math,0,High,GeneralHigh,449.2
2015,Georgia,Math,0,Low,GeneralLow,375.4
2018,Georgia,Math,0,Low,GeneralLow,376.5
2022,Georgia,Math,0,Low,GeneralLow,374.2
2025,Georgia,Math,0,Low,GeneralLow,409.4
2015,Georgia,Math,0,Medium,GeneralMedium,431.9
2018,Georgia,Math,0,Medium,GeneralMedium,420.1
2022,Georgia,Math,0,Medium,GeneralMedium,412
2025,Georgia,Math,0,Medium,GeneralMedium,437.7
2015,Georgia,Math,Male,0,Male,397.7
2018,Georgia,Math,Male,0,Male,395.5
2022,Georgia,Math,Male,0,Male,387.5
2025,Georgia,Math,Male,0,Male,415.8
2015,Georgia,Math,Male,High,MaleHigh,448.8
2018,Georgia,Math,Male,High,MaleHigh,436.2
2022,Georgia,Math,Male,High,MaleHigh,429.3
2025,Georgia,Math,Male,High,MaleHigh,446.6
2015,Georgia,Math,Male,Low,MaleLow,369.9
2018,Georgia,Math,Male,Low,MaleLow,375.4
2022,Georgia,Math,Male,Low,MaleLow,372.9
2025,Georgia,Math,Male,Low,MaleLow,412.1
2015,Georgia,Math,Male,Medium,MaleMedium,427.4
2018,Georgia,Math,Male,Medium,MaleMedium,418.8
2022,Georgia,Math,Male,Medium,MaleMedium,410.5
2025,Georgia,Math,Male,Medium,MaleMedium,441
2015,Georgia,Reading,Female,0,Female,431.9
2018,Georgia,Reading,Female,0,Female,399.5
2022,Georgia,Reading,Female,0,Female,391.8
2025,Georgia,Reading,Female,0,Female,405.7
2015,Georgia,Reading,Female,High,FemaleHigh,480.7
2018,Georgia,Reading,Female,High,FemaleHigh,454.3
2022,Georgia,Reading,Female,High,FemaleHigh,432.5
2025,Georgia,Reading,Female,High,FemaleHigh,436.4
2015,Georgia,Reading,Female,Low,FemaleLow,401.8
2018,Georgia,Reading,Female,Low,FemaleLow,379.2
2022,Georgia,Reading,Female,Low,FemaleLow,374.9
2025,Georgia,Reading,Female,Low,FemaleLow,395
2015,Georgia,Reading,Female,Medium,FemaleMedium,459.3
2018,Georgia,Reading,Female,Medium,FemaleMedium,417.2
2022,Georgia,Reading,Female,Medium,FemaleMedium,414.7
2025,Georgia,Reading,Female,Medium,FemaleMedium,425
2015,Georgia,Reading,0,0,General,401.3
2018,Georgia,Reading,0,0,General,379.8
2022,Georgia,Reading,0,0,General,373.9
2025,Georgia,Reading,0,0,General,384.2
2015,Georgia,Reading,0,High,GeneralHigh,453.8
2018,Georgia,Reading,0,High,GeneralHigh,424.2
2022,Georgia,Reading,0,High,GeneralHigh,414.3
2025,Georgia,Reading,0,High,GeneralHigh,412.3
2015,Georgia,Reading,0,Low,GeneralLow,371.5
2018,Georgia,Reading,0,Low,GeneralLow,361.6
2022,Georgia,Reading,0,Low,GeneralLow,358.1
2025,Georgia,Reading,0,Low,GeneralLow,380
2015,Georgia,Reading,0,Medium,GeneralMedium,430.5
2018,Georgia,Reading,0,Medium,GeneralMedium,398.7
2022,Georgia,Reading,0,Medium,GeneralMedium,398
2025,Georgia,Reading,0,Medium,GeneralMedium,406.3
2015,Georgia,Reading,Male,0,Male,373.8
2018,Georgia,Reading,Male,0,Male,361.7
2022,Georgia,Reading,Male,0,Male,357.1
2025,Georgia,Reading,Male,0,Male,364
2015,Georgia,Reading,Male,High,MaleHigh,425.8
2018,Georgia,Reading,Male,High,MaleHigh,396.2
2022,Georgia,Reading,Male,High,MaleHigh,396.8
2025,Georgia,Reading,Male,High,MaleHigh,389.7
2015,Georgia,Reading,Male,Low,MaleLow,345.6
2018,Georgia,Reading,Male,Low,MaleLow,344.8
2022,Georgia,Reading,Male,Low,MaleLow,342.7
2025,Georgia,Reading,Male,Low,MaleLow,363.4
2015,Georgia,Reading,Male,Medium,MaleMedium,403.5
2018,Georgia,Reading,Male,Medium,MaleMedium,382.3
2022,Georgia,Reading,Male,Medium,MaleMedium,380.4
2025,Georgia,Reading,Male,Medium,MaleMedium,386.7
2015,Georgia,Science,Female,0,Female,419.6
2018,Georgia,Science,Female,0,Female,390
2022,Georgia,Science,Female,0,Female,391.4
2025,Georgia,Science,Female,0,Female,429.7
2015,Georgia,Science,Female,High,FemaleHigh,460.6
2018,Georgia,Science,Female,High,FemaleHigh,436.9
2022,Georgia,Science,Female,High,FemaleHigh,433.8
2025,Georgia,Science,Female,High,FemaleHigh,464.6
2015,Georgia,Science,Female,Low,FemaleLow,393.8
2018,Georgia,Science,Female,Low,FemaleLow,370.9
2022,Georgia,Science,Female,Low,FemaleLow,372.1
2025,Georgia,Science,Female,Low,FemaleLow,419.1
2015,Georgia,Science,Female,Medium,FemaleMedium,443.3
2018,Georgia,Science,Female,Medium,FemaleMedium,408.8
2022,Georgia,Science,Female,Medium,FemaleMedium,415.9
2025,Georgia,Science,Female,Medium,FemaleMedium,448.3
2015,Georgia,Science,0,0,General,411.1
2018,Georgia,Science,0,0,General,382.7
2022,Georgia,Science,0,0,General,384.1
2025,Georgia,Science,0,0,General,422.1
2015,Georgia,Science,0,High,GeneralHigh,455.8
2018,Georgia,Science,0,High,GeneralHigh,424.6
2022,Georgia,Science,0,High,GeneralHigh,428
2025,Georgia,Science,0,High,GeneralHigh,453.4
2015,Georgia,Science,0,Low,GeneralLow,386
2018,Georgia,Science,0,Low,GeneralLow,364.7
2022,Georgia,Science,0,Low,GeneralLow,366.2
2025,Georgia,Science,0,Low,GeneralLow,416.5
2015,Georgia,Science,0,Medium,GeneralMedium,435.6
2018,Georgia,Science,0,Medium,GeneralMedium,402.2
2022,Georgia,Science,0,Medium,GeneralMedium,408.5
2025,Georgia,Science,0,Medium,GeneralMedium,443.8
2015,Georgia,Science,Male,0,Male,403.5
2018,Georgia,Science,Male,0,Male,375.9
2022,Georgia,Science,Male,0,Male,377.2
2025,Georgia,Science,Male,0,Male,415
2015,Georgia,Science,Male,High,MaleHigh,450.8
2018,Georgia,Science,Male,High,MaleHigh,413
2022,Georgia,Science,Male,High,MaleHigh,422.4
2025,Georgia,Science,Male,High,MaleHigh,442.9
2015,Georgia,Science,Male,Low,MaleLow,379.3
2018,Georgia,Science,Male,Low,MaleLow,358.7
2022,Georgia,Science,Male,Low,MaleLow,360.7
2025,Georgia,Science,Male,Low,MaleLow,413.7
2015,Georgia,Science,Male,Medium,MaleMedium,428.3
2018,Georgia,Science,Male,Medium,MaleMedium,396.3
2022,Georgia,Science,Male,Medium,MaleMedium,400.7
2025,Georgia,Science,Male,Medium,MaleMedium,439
2006,Germany,Math,Female,0,Female,493.7
2009,Germany,Math,Female,0,Female,504.8
2012,Germany,Math,Female,0,Female,506.6
2015,Germany,Math,Female,0,Female,497.5
2018,Germany,Math,Female,0,Female,496.2
2022,Germany,Math,Female,0,Female,469
2006,Germany,Math,Female,High,FemaleHigh,530.5
2009,Germany,Math,Female,High,FemaleHigh,560.4
2012,Germany,Math,Female,High,FemaleHigh,560.4
2015,Germany,Math,Female,High,FemaleHigh,542.8
2018,Germany,Math,Female,High,FemaleHigh,552.9
2022,Germany,Math,Female,High,FemaleHigh,538.3
2006,Germany,Math,Female,Low,FemaleLow,448.9
2009,Germany,Math,Female,Low,FemaleLow,455.8
2012,Germany,Math,Female,Low,FemaleLow,464.8
2015,Germany,Math,Female,Low,FemaleLow,468.6
2018,Germany,Math,Female,Low,FemaleLow,464.5
2022,Germany,Math,Female,Low,FemaleLow,435.7
2006,Germany,Math,Female,Medium,FemaleMedium,498.8
2009,Germany,Math,Female,Medium,FemaleMedium,520.1
2012,Germany,Math,Female,Medium,FemaleMedium,518.9
2015,Germany,Math,Female,Medium,FemaleMedium,505.1
2018,Germany,Math,Female,Medium,FemaleMedium,510.8
2022,Germany,Math,Female,Medium,FemaleMedium,483.8
2006,Germany,Math,0,0,General,503.8
2009,Germany,Math,0,0,General,512.8
2012,Germany,Math,0,0,General,513.5
2015,Germany,Math,0,0,General,506
2018,Germany,Math,0,0,General,500
2022,Germany,Math,0,0,General,474.8
2025,Germany,Math,0,0,General,463.8
2006,Germany,Math,0,High,GeneralHigh,539.6
2009,Germany,Math,0,High,GeneralHigh,567.6
2012,Germany,Math,0,High,GeneralHigh,564.6
2015,Germany,Math,0,High,GeneralHigh,552.4
2018,Germany,Math,0,High,GeneralHigh,559.5
2022,Germany,Math,0,High,GeneralHigh,541.9
2025,Germany,Math,0,High,GeneralHigh,531.6
2006,Germany,Math,0,Low,GeneralLow,456.3
2009,Germany,Math,0,Low,GeneralLow,465
2012,Germany,Math,0,Low,GeneralLow,474.4
2015,Germany,Math,0,Low,GeneralLow,478
2018,Germany,Math,0,Low,GeneralLow,470.2
2022,Germany,Math,0,Low,GeneralLow,444.1
2025,Germany,Math,0,Low,GeneralLow,439.7
2006,Germany,Math,0,Medium,GeneralMedium,507.2
2009,Germany,Math,0,Medium,GeneralMedium,523.2
2012,Germany,Math,0,Medium,GeneralMedium,526.4
2015,Germany,Math,0,Medium,GeneralMedium,513.5
2018,Germany,Math,0,Medium,GeneralMedium,516.6
2022,Germany,Math,0,Medium,GeneralMedium,488.5
2025,Germany,Math,0,Medium,GeneralMedium,491.4
2006,Germany,Math,Male,0,Male,513.2
2009,Germany,Math,Male,0,Male,520.4
2012,Germany,Math,Male,0,Male,520.2
2015,Germany,Math,Male,0,Male,514.1
2018,Germany,Math,Male,0,Male,503.3
2022,Germany,Math,Male,0,Male,480.4
2006,Germany,Math,Male,High,MaleHigh,547.2
2009,Germany,Math,Male,High,MaleHigh,574.5
2012,Germany,Math,Male,High,MaleHigh,568.9
2015,Germany,Math,Male,High,MaleHigh,561.5
2018,Germany,Math,Male,High,MaleHigh,565.7
2022,Germany,Math,Male,High,MaleHigh,545.5
2006,Germany,Math,Male,Low,MaleLow,464.3
2009,Germany,Math,Male,Low,MaleLow,474.5
2012,Germany,Math,Male,Low,MaleLow,483.7
2015,Germany,Math,Male,Low,MaleLow,488.2
2018,Germany,Math,Male,Low,MaleLow,475.1
2022,Germany,Math,Male,Low,MaleLow,452.5
2006,Germany,Math,Male,Medium,MaleMedium,515.3
2009,Germany,Math,Male,Medium,MaleMedium,526.1
2012,Germany,Math,Male,Medium,MaleMedium,534.2
2015,Germany,Math,Male,Medium,MaleMedium,522.3
2018,Germany,Math,Male,Medium,MaleMedium,521.5
2022,Germany,Math,Male,Medium,MaleMedium,492.6
2006,Germany,Reading,Female,0,Female,516.6
2009,Germany,Reading,Female,0,Female,517.6
2012,Germany,Reading,Female,0,Female,530.1
2015,Germany,Reading,Female,0,Female,519.7
2018,Germany,Reading,Female,0,Female,512.2
2022,Germany,Reading,Female,0,Female,489.7
2006,Germany,Reading,Female,High,FemaleHigh,547.4
2009,Germany,Reading,Female,High,FemaleHigh,567.4
2012,Germany,Reading,Female,High,FemaleHigh,576.4
2015,Germany,Reading,Female,High,FemaleHigh,569
2018,Germany,Reading,Female,High,FemaleHigh,577.5
2022,Germany,Reading,Female,High,FemaleHigh,563.6
2006,Germany,Reading,Female,Low,FemaleLow,473.1
2009,Germany,Reading,Female,Low,FemaleLow,473.6
2012,Germany,Reading,Female,Low,FemaleLow,496
2015,Germany,Reading,Female,Low,FemaleLow,493.2
2018,Germany,Reading,Female,Low,FemaleLow,479.2
2022,Germany,Reading,Female,Low,FemaleLow,457.3
2006,Germany,Reading,Female,Medium,FemaleMedium,525.9
2009,Germany,Reading,Female,Medium,FemaleMedium,531.3
2012,Germany,Reading,Female,Medium,FemaleMedium,545.3
2015,Germany,Reading,Female,Medium,FemaleMedium,530.4
2018,Germany,Reading,Female,Medium,FemaleMedium,528.5
2022,Germany,Reading,Female,Medium,FemaleMedium,505.1
2006,Germany,Reading,0,0,General,494.9
2009,Germany,Reading,0,0,General,497.3
2012,Germany,Reading,0,0,General,507.7
2015,Germany,Reading,0,0,General,509.1
2018,Germany,Reading,0,0,General,498.3
2022,Germany,Reading,0,0,General,479.8
2025,Germany,Reading,0,0,General,465.3
2006,Germany,Reading,0,High,GeneralHigh,527.6
2009,Germany,Reading,0,High,GeneralHigh,547.4
2012,Germany,Reading,0,High,GeneralHigh,553.8
2015,Germany,Reading,0,High,GeneralHigh,559.6
2018,Germany,Reading,0,High,GeneralHigh,563.9
2022,Germany,Reading,0,High,GeneralHigh,548.5
2025,Germany,Reading,0,High,GeneralHigh,538.2
2006,Germany,Reading,0,Low,GeneralLow,446.5
2009,Germany,Reading,0,Low,GeneralLow,454.8
2012,Germany,Reading,0,Low,GeneralLow,474.5
2015,Germany,Reading,0,Low,GeneralLow,483
2018,Germany,Reading,0,Low,GeneralLow,467.7
2022,Germany,Reading,0,Low,GeneralLow,449.4
2025,Germany,Reading,0,Low,GeneralLow,441.7
2006,Germany,Reading,0,Medium,GeneralMedium,502.2
2009,Germany,Reading,0,Medium,GeneralMedium,507.9
2012,Germany,Reading,0,Medium,GeneralMedium,523.9
2015,Germany,Reading,0,Medium,GeneralMedium,519.5
2018,Germany,Reading,0,Medium,GeneralMedium,514.6
2022,Germany,Reading,0,Medium,GeneralMedium,491.9
2025,Germany,Reading,0,Medium,GeneralMedium,494.5
2006,Germany,Reading,Male,0,Male,474.6
2009,Germany,Reading,Male,0,Male,477.9
2012,Germany,Reading,Male,0,Male,486
2015,Germany,Reading,Male,0,Male,498.9
2018,Germany,Reading,Male,0,Male,486.3
2022,Germany,Reading,Male,0,Male,470.3
2006,Germany,Reading,Male,High,MaleHigh,511.2
2009,Germany,Reading,Male,High,MaleHigh,528.4
2012,Germany,Reading,Male,High,MaleHigh,531.5
2015,Germany,Reading,Male,High,MaleHigh,550.6
2018,Germany,Reading,Male,High,MaleHigh,551.1
2022,Germany,Reading,Male,High,MaleHigh,533.4
2006,Germany,Reading,Male,Low,MaleLow,418.1
2009,Germany,Reading,Male,Low,MaleLow,435.1
2012,Germany,Reading,Male,Low,MaleLow,453.7
2015,Germany,Reading,Male,Low,MaleLow,472.2
2018,Germany,Reading,Male,Low,MaleLow,457.7
2022,Germany,Reading,Male,Low,MaleLow,441.4
2006,Germany,Reading,Male,Medium,MaleMedium,479.6
2009,Germany,Reading,Male,Medium,MaleMedium,485
2012,Germany,Reading,Male,Medium,MaleMedium,501.2
2015,Germany,Reading,Male,Medium,MaleMedium,508
2018,Germany,Reading,Male,Medium,MaleMedium,502.5
2022,Germany,Reading,Male,Medium,MaleMedium,480.3
2006,Germany,Science,Female,0,Female,512
2009,Germany,Science,Female,0,Female,517.6
2012,Germany,Science,Female,0,Female,524.4
2015,Germany,Science,Female,0,Female,503.8
2018,Germany,Science,Female,0,Female,503.6
2022,Germany,Science,Female,0,Female,492.2
2006,Germany,Science,Female,High,FemaleHigh,547.7
2009,Germany,Science,Female,High,FemaleHigh,572.6
2012,Germany,Science,Female,High,FemaleHigh,575.4
2015,Germany,Science,Female,High,FemaleHigh,557.3
2018,Germany,Science,Female,High,FemaleHigh,563.8
2022,Germany,Science,Female,High,FemaleHigh,567.8
2006,Germany,Science,Female,Low,FemaleLow,466.6
2009,Germany,Science,Female,Low,FemaleLow,468.6
2012,Germany,Science,Female,Low,FemaleLow,484.8
2015,Germany,Science,Female,Low,FemaleLow,471.6
2018,Germany,Science,Female,Low,FemaleLow,469.4
2022,Germany,Science,Female,Low,FemaleLow,456.3
2006,Germany,Science,Female,Medium,FemaleMedium,518.3
2009,Germany,Science,Female,Medium,FemaleMedium,532.2
2012,Germany,Science,Female,Medium,FemaleMedium,537.9
2015,Germany,Science,Female,Medium,FemaleMedium,512.4
2018,Germany,Science,Female,Medium,FemaleMedium,520.3
2022,Germany,Science,Female,Medium,FemaleMedium,507.8
2006,Germany,Science,0,0,General,515.6
2009,Germany,Science,0,0,General,520.4
2012,Germany,Science,0,0,General,524.1
2015,Germany,Science,0,0,General,509.1
2018,Germany,Science,0,0,General,503
2022,Germany,Science,0,0,General,492.4
2025,Germany,Science,0,0,General,485.5
2006,Germany,Science,0,High,GeneralHigh,550.9
2009,Germany,Science,0,High,GeneralHigh,577.2
2012,Germany,Science,0,High,GeneralHigh,573.3
2015,Germany,Science,0,High,GeneralHigh,564.6
2018,Germany,Science,0,High,GeneralHigh,565.5
2022,Germany,Science,0,High,GeneralHigh,564.4
2025,Germany,Science,0,High,GeneralHigh,562.5
2006,Germany,Science,0,Low,GeneralLow,467.5
2009,Germany,Science,0,Low,GeneralLow,470.5
2012,Germany,Science,0,Low,GeneralLow,486.2
2015,Germany,Science,0,Low,GeneralLow,477.7
2018,Germany,Science,0,Low,GeneralLow,470.4
2022,Germany,Science,0,Low,GeneralLow,459
2025,Germany,Science,0,Low,GeneralLow,458.7
2006,Germany,Science,0,Medium,GeneralMedium,520.1
2009,Germany,Science,0,Medium,GeneralMedium,531.9
2012,Germany,Science,0,Medium,GeneralMedium,538.5
2015,Germany,Science,0,Medium,GeneralMedium,518.1
2018,Germany,Science,0,Medium,GeneralMedium,521.5
2022,Germany,Science,0,Medium,GeneralMedium,505.9
2025,Germany,Science,0,Medium,GeneralMedium,516.9
2006,Germany,Science,Male,0,Male,519.1
2009,Germany,Science,Male,0,Male,523.1
2012,Germany,Science,Male,0,Male,523.9
2015,Germany,Science,Male,0,Male,514.3
2018,Germany,Science,Male,0,Male,502.5
2022,Germany,Science,Male,0,Male,492.6
2006,Germany,Science,Male,High,MaleHigh,553.6
2009,Germany,Science,Male,High,MaleHigh,581.5
2012,Germany,Science,Male,High,MaleHigh,571.3
2015,Germany,Science,Male,High,MaleHigh,571.5
2018,Germany,Science,Male,High,MaleHigh,567.2
2022,Germany,Science,Male,High,MaleHigh,560.9
2006,Germany,Science,Male,Low,MaleLow,468.5
2009,Germany,Science,Male,Low,MaleLow,472.6
2012,Germany,Science,Male,Low,MaleLow,487.5
2015,Germany,Science,Male,Low,MaleLow,484.2
2018,Germany,Science,Male,Low,MaleLow,471.2
2022,Germany,Science,Male,Low,MaleLow,461.7
2006,Germany,Science,Male,Medium,MaleMedium,521.9
2009,Germany,Science,Male,Medium,MaleMedium,531.5
2012,Germany,Science,Male,Medium,MaleMedium,539.2
2015,Germany,Science,Male,Medium,MaleMedium,524.1
2018,Germany,Science,Male,Medium,MaleMedium,522.7
2022,Germany,Science,Male,Medium,MaleMedium,504.2
2006,Greece,Math,Female,0,Female,456.8
2009,Greece,Math,Female,0,Female,459.3
2012,Greece,Math,Female,0,Female,449
2015,Greece,Math,Female,0,Female,453.6
2018,Greece,Math,Female,0,Female,451.2
2022,Greece,Math,Female,0,Female,427.1
2025,Greece,Math,Female,0,Female,420.8
2006,Greece,Math,Female,High,FemaleHigh,502.5
2009,Greece,Math,Female,High,FemaleHigh,503.5
2012,Greece,Math,Female,High,FemaleHigh,493.3
2015,Greece,Math,Female,High,FemaleHigh,495.4
2018,Greece,Math,Female,High,FemaleHigh,491.5
2022,Greece,Math,Female,High,FemaleHigh,471.6
2025,Greece,Math,Female,High,FemaleHigh,462.1
2006,Greece,Math,Female,Low,FemaleLow,432.5
2009,Greece,Math,Female,Low,FemaleLow,432.9
2012,Greece,Math,Female,Low,FemaleLow,422.7
2015,Greece,Math,Female,Low,FemaleLow,428.9
2018,Greece,Math,Female,Low,FemaleLow,424.9
2022,Greece,Math,Female,Low,FemaleLow,402.8
2025,Greece,Math,Female,Low,FemaleLow,397
2006,Greece,Math,Female,Medium,FemaleMedium,467.9
2009,Greece,Math,Female,Medium,FemaleMedium,466
2012,Greece,Math,Female,Medium,FemaleMedium,451.7
2015,Greece,Math,Female,Medium,FemaleMedium,455.4
2018,Greece,Math,Female,Medium,FemaleMedium,461
2022,Greece,Math,Female,Medium,FemaleMedium,434.1
2025,Greece,Math,Female,Medium,FemaleMedium,441.7
2006,Greece,Math,0,0,General,459.2
2009,Greece,Math,0,0,General,466.1
2012,Greece,Math,0,0,General,453
2015,Greece,Math,0,0,General,453.6
2018,Greece,Math,0,0,General,451.4
2022,Greece,Math,0,0,General,430.1
2025,Greece,Math,0,0,General,423.9
2006,Greece,Math,0,High,GeneralHigh,508.7
2009,Greece,Math,0,High,GeneralHigh,510
2012,Greece,Math,0,High,GeneralHigh,500.9
2015,Greece,Math,0,High,GeneralHigh,495.8
2018,Greece,Math,0,High,GeneralHigh,495.1
2022,Greece,Math,0,High,GeneralHigh,477.3
2025,Greece,Math,0,High,GeneralHigh,466.5
2006,Greece,Math,0,Low,GeneralLow,430.9
2009,Greece,Math,0,Low,GeneralLow,435.9
2012,Greece,Math,0,Low,GeneralLow,424.6
2015,Greece,Math,0,Low,GeneralLow,428.6
2018,Greece,Math,0,Low,GeneralLow,424.3
2022,Greece,Math,0,Low,GeneralLow,405.4
2025,Greece,Math,0,Low,GeneralLow,401
2006,Greece,Math,0,Medium,GeneralMedium,470.2
2009,Greece,Math,0,Medium,GeneralMedium,475.2
2012,Greece,Math,0,Medium,GeneralMedium,456.2
2015,Greece,Math,0,Medium,GeneralMedium,456.6
2018,Greece,Math,0,Medium,GeneralMedium,461.3
2022,Greece,Math,0,Medium,GeneralMedium,437
2025,Greece,Math,0,Medium,GeneralMedium,447.4
2006,Greece,Math,Male,0,Male,461.5
2009,Greece,Math,Male,0,Male,473.1
2012,Greece,Math,Male,0,Male,457
2015,Greece,Math,Male,0,Male,453.7
2018,Greece,Math,Male,0,Male,451.5
2022,Greece,Math,Male,0,Male,433.1
2025,Greece,Math,Male,0,Male,426.9
2006,Greece,Math,Male,High,MaleHigh,514.4
2009,Greece,Math,Male,High,MaleHigh,516.1
2012,Greece,Math,Male,High,MaleHigh,508.5
2015,Greece,Math,Male,High,MaleHigh,496.3
2018,Greece,Math,Male,High,MaleHigh,498.5
2022,Greece,Math,Male,High,MaleHigh,482.7
2025,Greece,Math,Male,High,MaleHigh,471.1
2006,Greece,Math,Male,Low,MaleLow,429.1
2009,Greece,Math,Male,Low,MaleLow,439.3
2012,Greece,Math,Male,Low,MaleLow,426.5
2015,Greece,Math,Male,Low,MaleLow,428.3
2018,Greece,Math,Male,Low,MaleLow,423.9
2022,Greece,Math,Male,Low,MaleLow,407.9
2025,Greece,Math,Male,Low,MaleLow,405.2
2006,Greece,Math,Male,Medium,MaleMedium,472.3
2009,Greece,Math,Male,Medium,MaleMedium,484.5
2012,Greece,Math,Male,Medium,MaleMedium,460.8
2015,Greece,Math,Male,Medium,MaleMedium,457.7
2018,Greece,Math,Male,Medium,MaleMedium,461.6
2022,Greece,Math,Male,Medium,MaleMedium,440
2025,Greece,Math,Male,Medium,MaleMedium,453.3
2006,Greece,Reading,Female,0,Female,488.1
2009,Greece,Reading,Female,0,Female,505.9
2012,Greece,Reading,Female,0,Female,502.2
2015,Greece,Reading,Female,0,Female,486.5
2018,Greece,Reading,Female,0,Female,478.8
2022,Greece,Reading,Female,0,Female,451.3
2025,Greece,Reading,Female,0,Female,445.8
2006,Greece,Reading,Female,High,FemaleHigh,528.6
2009,Greece,Reading,Female,High,FemaleHigh,550.3
2012,Greece,Reading,Female,High,FemaleHigh,542.2
2015,Greece,Reading,Female,High,FemaleHigh,535.5
2018,Greece,Reading,Female,High,FemaleHigh,519.3
2022,Greece,Reading,Female,High,FemaleHigh,502
2025,Greece,Reading,Female,High,FemaleHigh,483.2
2006,Greece,Reading,Female,Low,FemaleLow,466
2009,Greece,Reading,Female,Low,FemaleLow,479.7
2012,Greece,Reading,Female,Low,FemaleLow,477.8
2015,Greece,Reading,Female,Low,FemaleLow,457
2018,Greece,Reading,Female,Low,FemaleLow,452.9
2022,Greece,Reading,Female,Low,FemaleLow,423.4
2025,Greece,Reading,Female,Low,FemaleLow,423.3
2006,Greece,Reading,Female,Medium,FemaleMedium,499.2
2009,Greece,Reading,Female,Medium,FemaleMedium,512.1
2012,Greece,Reading,Female,Medium,FemaleMedium,506.7
2015,Greece,Reading,Female,Medium,FemaleMedium,490
2018,Greece,Reading,Female,Medium,FemaleMedium,487.8
2022,Greece,Reading,Female,Medium,FemaleMedium,460.4
2025,Greece,Reading,Female,Medium,FemaleMedium,468.7
2006,Greece,Reading,0,0,General,459.7
2009,Greece,Reading,0,0,General,482.8
2012,Greece,Reading,0,0,General,477.2
2015,Greece,Reading,0,0,General,467
2018,Greece,Reading,0,0,General,457.4
2022,Greece,Reading,0,0,General,438.4
2025,Greece,Reading,0,0,General,422.7
2006,Greece,Reading,0,High,GeneralHigh,504.7
2009,Greece,Reading,0,High,GeneralHigh,526.7
2012,Greece,Reading,0,High,GeneralHigh,521.9
2015,Greece,Reading,0,High,GeneralHigh,516.9
2018,Greece,Reading,0,High,GeneralHigh,502.5
2022,Greece,Reading,0,High,GeneralHigh,488.9
2025,Greece,Reading,0,High,GeneralHigh,462.6
2006,Greece,Reading,0,Low,GeneralLow,434
2009,Greece,Reading,0,Low,GeneralLow,452.6
2012,Greece,Reading,0,Low,GeneralLow,449.5
2015,Greece,Reading,0,Low,GeneralLow,437
2018,Greece,Reading,0,Low,GeneralLow,429.6
2022,Greece,Reading,0,Low,GeneralLow,411.6
2025,Greece,Reading,0,Low,GeneralLow,402.7
2006,Greece,Reading,0,Medium,GeneralMedium,469.7
2009,Greece,Reading,0,Medium,GeneralMedium,491.6
2012,Greece,Reading,0,Medium,GeneralMedium,483.9
2015,Greece,Reading,0,Medium,GeneralMedium,472.3
2018,Greece,Reading,0,Medium,GeneralMedium,467.6
2022,Greece,Reading,0,Medium,GeneralMedium,447.3
2025,Greece,Reading,0,Medium,GeneralMedium,448.8
2006,Greece,Reading,Male,0,Male,431.6
2009,Greece,Reading,Male,0,Male,458.8
2012,Greece,Reading,Male,0,Male,451.7
2015,Greece,Reading,Male,0,Male,449.1
2018,Greece,Reading,Male,0,Male,436.6
2022,Greece,Reading,Male,0,Male,425.9
2025,Greece,Reading,Male,0,Male,399.8
2006,Greece,Reading,Male,High,MaleHigh,482.9
2009,Greece,Reading,Male,High,MaleHigh,504.8
2012,Greece,Reading,Male,High,MaleHigh,501.7
2015,Greece,Reading,Male,High,MaleHigh,498.9
2018,Greece,Reading,Male,High,MaleHigh,485.9
2022,Greece,Reading,Male,High,MaleHigh,476.3
2025,Greece,Reading,Male,High,MaleHigh,441.6
2006,Greece,Reading,Male,Low,MaleLow,399.2
2009,Greece,Reading,Male,Low,MaleLow,422.6
2012,Greece,Reading,Male,Low,MaleLow,420.3
2015,Greece,Reading,Male,Low,MaleLow,418.5
2018,Greece,Reading,Male,Low,MaleLow,407.4
2022,Greece,Reading,Male,Low,MaleLow,400.2
2025,Greece,Reading,Male,Low,MaleLow,381.3
2006,Greece,Reading,Male,Medium,MaleMedium,443.5
2009,Greece,Reading,Male,Medium,MaleMedium,470.5
2012,Greece,Reading,Male,Medium,MaleMedium,460.3
2015,Greece,Reading,Male,Medium,MaleMedium,456.3
2018,Greece,Reading,Male,Medium,MaleMedium,447.3
2022,Greece,Reading,Male,Medium,MaleMedium,434.1
2025,Greece,Reading,Male,Medium,MaleMedium,428.2
2006,Greece,Science,Female,0,Female,479.1
2009,Greece,Science,Female,0,Female,474.9
2012,Greece,Science,Female,0,Female,473.3
2015,Greece,Science,Female,0,Female,459.4
2018,Greece,Science,Female,0,Female,457.4
2022,Greece,Science,Female,0,Female,445.9
2025,Greece,Science,Female,0,Female,440.2
2006,Greece,Science,Female,High,FemaleHigh,523
2009,Greece,Science,Female,High,FemaleHigh,519
2012,Greece,Science,Female,High,FemaleHigh,513.7
2015,Greece,Science,Female,High,FemaleHigh,506.8
2018,Greece,Science,Female,High,FemaleHigh,491.9
2022,Greece,Science,Female,High,FemaleHigh,494.8
2025,Greece,Science,Female,High,FemaleHigh,479
2006,Greece,Science,Female,Low,FemaleLow,454.7
2009,Greece,Science,Female,Low,FemaleLow,449.2
2012,Greece,Science,Female,Low,FemaleLow,447.9
2015,Greece,Science,Female,Low,FemaleLow,430.4
2018,Greece,Science,Female,Low,FemaleLow,433.4
2022,Greece,Science,Female,Low,FemaleLow,418.6
2025,Greece,Science,Female,Low,FemaleLow,416
2006,Greece,Science,Female,Medium,FemaleMedium,491.8
2009,Greece,Science,Female,Medium,FemaleMedium,479.5
2012,Greece,Science,Female,Medium,FemaleMedium,478.8
2015,Greece,Science,Female,Medium,FemaleMedium,463.5
2018,Greece,Science,Female,Medium,FemaleMedium,467.9
2022,Greece,Science,Female,Medium,FemaleMedium,454.5
2025,Greece,Science,Female,Medium,FemaleMedium,464.1
2006,Greece,Science,0,0,General,473.4
2009,Greece,Science,0,0,General,470.1
2012,Greece,Science,0,0,General,466.7
2015,Greece,Science,0,0,General,454.8
2018,Greece,Science,0,0,General,451.6
2022,Greece,Science,0,0,General,440.8
2025,Greece,Science,0,0,General,434.3
2006,Greece,Science,0,High,GeneralHigh,521.1
2009,Greece,Science,0,High,GeneralHigh,514
2012,Greece,Science,0,High,GeneralHigh,510.3
2015,Greece,Science,0,High,GeneralHigh,502.2
2018,Greece,Science,0,High,GeneralHigh,490.1
2022,Greece,Science,0,High,GeneralHigh,490
2025,Greece,Science,0,High,GeneralHigh,474.7
2006,Greece,Science,0,Low,GeneralLow,445.9
2009,Greece,Science,0,Low,GeneralLow,440.1
2012,Greece,Science,0,Low,GeneralLow,439.7
2015,Greece,Science,0,Low,GeneralLow,426.5
2018,Greece,Science,0,Low,GeneralLow,427
2022,Greece,Science,0,Low,GeneralLow,413.4
2025,Greece,Science,0,Low,GeneralLow,412.4
2006,Greece,Science,0,Medium,GeneralMedium,484.3
2009,Greece,Science,0,Medium,GeneralMedium,478.2
2012,Greece,Science,0,Medium,GeneralMedium,472.9
2015,Greece,Science,0,Medium,GeneralMedium,459.3
2018,Greece,Science,0,Medium,GeneralMedium,461.7
2022,Greece,Science,0,Medium,GeneralMedium,450.4
2025,Greece,Science,0,Medium,GeneralMedium,460.5
2006,Greece,Science,Male,0,Male,467.7
2009,Greece,Science,Male,0,Male,465.2
2012,Greece,Science,Male,0,Male,460
2015,Greece,Science,Male,0,Male,450.6
2018,Greece,Science,Male,0,Male,446.1
2022,Greece,Science,Male,0,Male,435.8
2025,Greece,Science,Male,0,Male,428.4
2006,Greece,Science,Male,High,MaleHigh,519.4
2009,Greece,Science,Male,High,MaleHigh,509.4
2012,Greece,Science,Male,High,MaleHigh,507
2015,Greece,Science,Male,High,MaleHigh,497.7
2018,Greece,Science,Male,High,MaleHigh,488.3
2022,Greece,Science,Male,High,MaleHigh,485.4
2025,Greece,Science,Male,High,MaleHigh,470.4
2006,Greece,Science,Male,Low,MaleLow,436.4
2009,Greece,Science,Male,Low,MaleLow,430.1
2012,Greece,Science,Male,Low,MaleLow,431.1
2015,Greece,Science,Male,Low,MaleLow,422.9
2018,Greece,Science,Male,Low,MaleLow,420.9
2022,Greece,Science,Male,Low,MaleLow,408.3
2025,Greece,Science,Male,Low,MaleLow,408.6
2006,Greece,Science,Male,Medium,MaleMedium,477.7
2009,Greece,Science,Male,Medium,MaleMedium,476.8
2012,Greece,Science,Male,Medium,MaleMedium,466.8
2015,Greece,Science,Male,Medium,MaleMedium,455.5
2018,Greece,Science,Male,Medium,MaleMedium,455.4
2022,Greece,Science,Male,Medium,MaleMedium,446.3
2025,Greece,Science,Male,Medium,MaleMedium,456.8
2022,Guatemala,Math,Female,0,Female,338.1
2025,Guatemala,Math,Female,0,Female,329.5
2022,Guatemala,Math,Female,High,FemaleHigh,406.3
2025,Guatemala,Math,Female,High,FemaleHigh,386.3
2022,Guatemala,Math,Female,Low,FemaleLow,328.3
2025,Guatemala,Math,Female,Low,FemaleLow,324.8
2022,Guatemala,Math,Female,Medium,FemaleMedium,366.8
2025,Guatemala,Math,Female,Medium,FemaleMedium,357.9
2022,Guatemala,Math,0,0,General,344.2
2025,Guatemala,Math,0,0,General,334.3
2022,Guatemala,Math,0,High,GeneralHigh,416.4
2025,Guatemala,Math,0,High,GeneralHigh,390.9
2022,Guatemala,Math,0,Low,GeneralLow,334.4
2025,Guatemala,Math,0,Low,GeneralLow,329.2
2022,Guatemala,Math,0,Medium,GeneralMedium,370.2
2025,Guatemala,Math,0,Medium,GeneralMedium,365.7
2022,Guatemala,Math,Male,0,Male,350.6
2025,Guatemala,Math,Male,0,Male,338.9
2022,Guatemala,Math,Male,High,MaleHigh,427.6
2025,Guatemala,Math,Male,High,MaleHigh,394.9
2022,Guatemala,Math,Male,Low,MaleLow,340.9
2025,Guatemala,Math,Male,Low,MaleLow,333.7
2022,Guatemala,Math,Male,Medium,MaleMedium,373.3
2025,Guatemala,Math,Male,Medium,MaleMedium,372.5
2022,Guatemala,Reading,Female,0,Female,378.8
2025,Guatemala,Reading,Female,0,Female,341.8
2022,Guatemala,Reading,Female,High,FemaleHigh,449
2025,Guatemala,Reading,Female,High,FemaleHigh,413.3
2022,Guatemala,Reading,Female,Low,FemaleLow,368.4
2025,Guatemala,Reading,Female,Low,FemaleLow,336.9
2022,Guatemala,Reading,Female,Medium,FemaleMedium,410.2
2025,Guatemala,Reading,Female,Medium,FemaleMedium,373.3
2022,Guatemala,Reading,0,0,General,374.1
2025,Guatemala,Reading,0,0,General,337.1
2022,Guatemala,Reading,0,High,GeneralHigh,444.9
2025,Guatemala,Reading,0,High,GeneralHigh,405.9
2022,Guatemala,Reading,0,Low,GeneralLow,364.2
2025,Guatemala,Reading,0,Low,GeneralLow,331.7
2022,Guatemala,Reading,0,Medium,GeneralMedium,401.3
2025,Guatemala,Reading,0,Medium,GeneralMedium,373.1
2022,Guatemala,Reading,Male,0,Male,369.3
2025,Guatemala,Reading,Male,0,Male,332.6
2022,Guatemala,Reading,Male,High,MaleHigh,440.3
2025,Guatemala,Reading,Male,High,MaleHigh,399.7
2022,Guatemala,Reading,Male,Low,MaleLow,359.8
2025,Guatemala,Reading,Male,Low,MaleLow,326.3
2022,Guatemala,Reading,Male,Medium,MaleMedium,393.1
2025,Guatemala,Reading,Male,Medium,MaleMedium,373
2022,Guatemala,Science,Female,0,Female,370.2
2025,Guatemala,Science,Female,0,Female,346.5
2022,Guatemala,Science,Female,High,FemaleHigh,434.3
2025,Guatemala,Science,Female,High,FemaleHigh,424.9
2022,Guatemala,Science,Female,Low,FemaleLow,361.1
2025,Guatemala,Science,Female,Low,FemaleLow,340.8
2022,Guatemala,Science,Female,Medium,FemaleMedium,396.7
2025,Guatemala,Science,Female,Medium,FemaleMedium,384.9
2022,Guatemala,Science,0,0,General,373
2025,Guatemala,Science,0,0,General,351.2
2022,Guatemala,Science,0,High,GeneralHigh,440.9
2025,Guatemala,Science,0,High,GeneralHigh,428
2022,Guatemala,Science,0,Low,GeneralLow,363.8
2025,Guatemala,Science,0,Low,GeneralLow,344.8
2022,Guatemala,Science,0,Medium,GeneralMedium,396.8
2025,Guatemala,Science,0,Medium,GeneralMedium,393.9
2022,Guatemala,Science,Male,0,Male,375.8
2025,Guatemala,Science,Male,0,Male,355.8
2022,Guatemala,Science,Male,High,MaleHigh,448.4
2025,Guatemala,Science,Male,High,MaleHigh,430.5
2022,Guatemala,Science,Male,Low,MaleLow,366.6
2025,Guatemala,Science,Male,Low,MaleLow,348.9
2022,Guatemala,Science,Male,Medium,MaleMedium,397
2025,Guatemala,Science,Male,Medium,MaleMedium,401.9
2006,Hong Kong (China),Math,Female,0,Female,539.8
2009,Hong Kong (China),Math,Female,0,Female,547.2
2012,Hong Kong (China),Math,Female,0,Female,553
2015,Hong Kong (China),Math,Female,0,Female,546.8
2018,Hong Kong (China),Math,Female,0,Female,554
2022,Hong Kong (China),Math,Female,0,Female,535.7
2025,Hong Kong (China),Math,Female,0,Female,512.7
2006,Hong Kong (China),Math,Female,High,FemaleHigh,589.4
2009,Hong Kong (China),Math,Female,High,FemaleHigh,592.3
2012,Hong Kong (China),Math,Female,High,FemaleHigh,598.8
2015,Hong Kong (China),Math,Female,High,FemaleHigh,592.2
2018,Hong Kong (China),Math,Female,High,FemaleHigh,589.4
2022,Hong Kong (China),Math,Female,High,FemaleHigh,583.7
2025,Hong Kong (China),Math,Female,High,FemaleHigh,558.3
2006,Hong Kong (China),Math,Female,Low,FemaleLow,526.3
2009,Hong Kong (China),Math,Female,Low,FemaleLow,535.6
2012,Hong Kong (China),Math,Female,Low,FemaleLow,541.3
2015,Hong Kong (China),Math,Female,Low,FemaleLow,532.5
2018,Hong Kong (China),Math,Female,Low,FemaleLow,538.2
2022,Hong Kong (China),Math,Female,Low,FemaleLow,520.2
2025,Hong Kong (China),Math,Female,Low,FemaleLow,494.3
2006,Hong Kong (China),Math,Female,Medium,FemaleMedium,559.4
2009,Hong Kong (China),Math,Female,Medium,FemaleMedium,574.8
2012,Hong Kong (China),Math,Female,Medium,FemaleMedium,585.4
2015,Hong Kong (China),Math,Female,Medium,FemaleMedium,560.4
2018,Hong Kong (China),Math,Female,Medium,FemaleMedium,569.8
2022,Hong Kong (China),Math,Female,Medium,FemaleMedium,544
2025,Hong Kong (China),Math,Female,Medium,FemaleMedium,526
2006,Hong Kong (China),Math,0,0,General,547.5
2009,Hong Kong (China),Math,0,0,General,554.5
2012,Hong Kong (China),Math,0,0,General,561.2
2015,Hong Kong (China),Math,0,0,General,547.9
2018,Hong Kong (China),Math,0,0,General,551.2
2022,Hong Kong (China),Math,0,0,General,540.4
2025,Hong Kong (China),Math,0,0,General,521.7
2006,Hong Kong (China),Math,0,High,GeneralHigh,591.7
2009,Hong Kong (China),Math,0,High,GeneralHigh,597.5
2012,Hong Kong (China),Math,0,High,GeneralHigh,610.9
2015,Hong Kong (China),Math,0,High,GeneralHigh,591.9
2018,Hong Kong (China),Math,0,High,GeneralHigh,586.5
2022,Hong Kong (China),Math,0,High,GeneralHigh,584.6
2025,Hong Kong (China),Math,0,High,GeneralHigh,567.1
2006,Hong Kong (China),Math,0,Low,GeneralLow,535.2
2009,Hong Kong (China),Math,0,Low,GeneralLow,543.6
2012,Hong Kong (China),Math,0,Low,GeneralLow,548.6
2015,Hong Kong (China),Math,0,Low,GeneralLow,534.1
2018,Hong Kong (China),Math,0,Low,GeneralLow,538.4
2022,Hong Kong (China),Math,0,Low,GeneralLow,525.7
2025,Hong Kong (China),Math,0,Low,GeneralLow,505.7
2006,Hong Kong (China),Math,0,Medium,GeneralMedium,568.7
2009,Hong Kong (China),Math,0,Medium,GeneralMedium,579.9
2012,Hong Kong (China),Math,0,Medium,GeneralMedium,592.9
2015,Hong Kong (China),Math,0,Medium,GeneralMedium,562.5
2018,Hong Kong (China),Math,0,Medium,GeneralMedium,566.8
2022,Hong Kong (China),Math,0,Medium,GeneralMedium,551.2
2025,Hong Kong (China),Math,0,Medium,GeneralMedium,538.5
2006,Hong Kong (China),Math,Male,0,Male,555.4
2009,Hong Kong (China),Math,Male,0,Male,561
2012,Hong Kong (China),Math,Male,0,Male,568.4
2015,Hong Kong (China),Math,Male,0,Male,549.1
2018,Hong Kong (China),Math,Male,0,Male,548.5
2022,Hong Kong (China),Math,Male,0,Male,544.4
2025,Hong Kong (China),Math,Male,0,Male,530.1
2006,Hong Kong (China),Math,Male,High,MaleHigh,594.1
2009,Hong Kong (China),Math,Male,High,MaleHigh,601.5
2012,Hong Kong (China),Math,Male,High,MaleHigh,618.4
2015,Hong Kong (China),Math,Male,High,MaleHigh,591.7
2018,Hong Kong (China),Math,Male,High,MaleHigh,582.4
2022,Hong Kong (China),Math,Male,High,MaleHigh,585.5
2025,Hong Kong (China),Math,Male,High,MaleHigh,576
2006,Hong Kong (China),Math,Male,Low,MaleLow,543.8
2009,Hong Kong (China),Math,Male,Low,MaleLow,551
2012,Hong Kong (China),Math,Male,Low,MaleLow,555.4
2015,Hong Kong (China),Math,Male,Low,MaleLow,535.7
2018,Hong Kong (China),Math,Male,Low,MaleLow,538.6
2022,Hong Kong (China),Math,Male,Low,MaleLow,530.6
2025,Hong Kong (China),Math,Male,Low,MaleLow,516.1
2006,Hong Kong (China),Math,Male,Medium,MaleMedium,580
2009,Hong Kong (China),Math,Male,Medium,MaleMedium,584.4
2012,Hong Kong (China),Math,Male,Medium,MaleMedium,598.9
2015,Hong Kong (China),Math,Male,Medium,MaleMedium,564.6
2018,Hong Kong (China),Math,Male,Medium,MaleMedium,564
2022,Hong Kong (China),Math,Male,Medium,MaleMedium,557.7
2025,Hong Kong (China),Math,Male,Medium,MaleMedium,551.2
2006,Hong Kong (China),Reading,Female,0,Female,551.4
2009,Hong Kong (China),Reading,Female,0,Female,550.4
2012,Hong Kong (China),Reading,Female,0,Female,558.3
2015,Hong Kong (China),Reading,Female,0,Female,541
2018,Hong Kong (China),Reading,Female,0,Female,542.1
2022,Hong Kong (China),Reading,Female,0,Female,511.9
2025,Hong Kong (China),Reading,Female,0,Female,486.3
2006,Hong Kong (China),Reading,Female,High,FemaleHigh,585.1
2009,Hong Kong (China),Reading,Female,High,FemaleHigh,578.4
2012,Hong Kong (China),Reading,Female,High,FemaleHigh,590.4
2015,Hong Kong (China),Reading,Female,High,FemaleHigh,578.7
2018,Hong Kong (China),Reading,Female,High,FemaleHigh,581.4
2022,Hong Kong (China),Reading,Female,High,FemaleHigh,551.5
2025,Hong Kong (China),Reading,Female,High,FemaleHigh,518.1
2006,Hong Kong (China),Reading,Female,Low,FemaleLow,542.1
2009,Hong Kong (China),Reading,Female,Low,FemaleLow,541.7
2012,Hong Kong (China),Reading,Female,Low,FemaleLow,550.1
2015,Hong Kong (China),Reading,Female,Low,FemaleLow,529.4
2018,Hong Kong (China),Reading,Female,Low,FemaleLow,528.7
2022,Hong Kong (China),Reading,Female,Low,FemaleLow,500.9
2025,Hong Kong (China),Reading,Female,Low,FemaleLow,477.4
2006,Hong Kong (China),Reading,Female,Medium,FemaleMedium,565.2
2009,Hong Kong (China),Reading,Female,Medium,FemaleMedium,573.3
2012,Hong Kong (China),Reading,Female,Medium,FemaleMedium,580.4
2015,Hong Kong (China),Reading,Female,Medium,FemaleMedium,553.4
2018,Hong Kong (China),Reading,Female,Medium,FemaleMedium,552.2
2022,Hong Kong (China),Reading,Female,Medium,FemaleMedium,517.9
2025,Hong Kong (China),Reading,Female,Medium,FemaleMedium,491.9
2006,Hong Kong (China),Reading,0,0,General,536.1
2009,Hong Kong (China),Reading,0,0,General,533.2
2012,Hong Kong (China),Reading,0,0,General,544.6
2015,Hong Kong (China),Reading,0,0,General,526.7
2018,Hong Kong (China),Reading,0,0,General,524.3
2022,Hong Kong (China),Reading,0,0,General,499.7
2025,Hong Kong (China),Reading,0,0,General,480.1
2006,Hong Kong (China),Reading,0,High,GeneralHigh,568.7
2009,Hong Kong (China),Reading,0,High,GeneralHigh,557.5
2012,Hong Kong (China),Reading,0,High,GeneralHigh,576.8
2015,Hong Kong (China),Reading,0,High,GeneralHigh,564.6
2018,Hong Kong (China),Reading,0,High,GeneralHigh,565
2022,Hong Kong (China),Reading,0,High,GeneralHigh,530.8
2025,Hong Kong (China),Reading,0,High,GeneralHigh,514.8
2006,Hong Kong (China),Reading,0,Low,GeneralLow,526.2
2009,Hong Kong (China),Reading,0,Low,GeneralLow,525.6
2012,Hong Kong (China),Reading,0,Low,GeneralLow,536
2015,Hong Kong (China),Reading,0,Low,GeneralLow,515.6
2018,Hong Kong (China),Reading,0,Low,GeneralLow,513.4
2022,Hong Kong (China),Reading,0,Low,GeneralLow,491
2025,Hong Kong (China),Reading,0,Low,GeneralLow,471.9
2006,Hong Kong (China),Reading,0,Medium,GeneralMedium,554.3
2009,Hong Kong (China),Reading,0,Medium,GeneralMedium,553.8
2012,Hong Kong (China),Reading,0,Medium,GeneralMedium,566.6
2015,Hong Kong (China),Reading,0,Medium,GeneralMedium,539.4
2018,Hong Kong (China),Reading,0,Medium,GeneralMedium,535.3
2022,Hong Kong (China),Reading,0,Medium,GeneralMedium,506.9
2025,Hong Kong (China),Reading,0,Medium,GeneralMedium,492.1
2006,Hong Kong (China),Reading,Male,0,Male,520.3
2009,Hong Kong (China),Reading,Male,0,Male,517.8
2012,Hong Kong (China),Reading,Male,0,Male,532.8
2015,Hong Kong (China),Reading,Male,0,Male,512.7
2018,Hong Kong (China),Reading,Male,0,Male,507.4
2022,Hong Kong (China),Reading,Male,0,Male,489
2025,Hong Kong (China),Reading,Male,0,Male,474.4
2006,Hong Kong (China),Reading,Male,High,MaleHigh,551.1
2009,Hong Kong (China),Reading,Male,High,MaleHigh,541.5
2012,Hong Kong (China),Reading,Male,High,MaleHigh,568.4
2015,Hong Kong (China),Reading,Male,High,MaleHigh,549.6
2018,Hong Kong (China),Reading,Male,High,MaleHigh,542.2
2022,Hong Kong (China),Reading,Male,High,MaleHigh,512
2025,Hong Kong (China),Reading,Male,High,MaleHigh,511.5
2006,Hong Kong (China),Reading,Male,Low,MaleLow,510.7
2009,Hong Kong (China),Reading,Male,Low,MaleLow,510.8
2012,Hong Kong (China),Reading,Male,Low,MaleLow,523
2015,Hong Kong (China),Reading,Male,Low,MaleLow,502.2
2018,Hong Kong (China),Reading,Male,Low,MaleLow,499.9
2022,Hong Kong (China),Reading,Male,Low,MaleLow,482.2
2025,Hong Kong (China),Reading,Male,Low,MaleLow,466.9
2006,Hong Kong (China),Reading,Male,Medium,MaleMedium,541.1
2009,Hong Kong (China),Reading,Male,Medium,MaleMedium,536.5
2012,Hong Kong (China),Reading,Male,Medium,MaleMedium,555.4
2015,Hong Kong (China),Reading,Male,Medium,MaleMedium,525.7
2018,Hong Kong (China),Reading,Male,Medium,MaleMedium,519
2022,Hong Kong (China),Reading,Male,Medium,MaleMedium,497
2025,Hong Kong (China),Reading,Male,Medium,MaleMedium,492.3
2006,Hong Kong (China),Science,Female,0,Female,538.9
2009,Hong Kong (China),Science,Female,0,Female,547.7
2012,Hong Kong (China),Science,Female,0,Female,551.4
2015,Hong Kong (China),Science,Female,0,Female,523.7
2018,Hong Kong (China),Science,Female,0,Female,521.2
2022,Hong Kong (China),Science,Female,0,Female,520.4
2025,Hong Kong (China),Science,Female,0,Female,487.3
2006,Hong Kong (China),Science,Female,High,FemaleHigh,581.7
2009,Hong Kong (China),Science,Female,High,FemaleHigh,583.9
2012,Hong Kong (China),Science,Female,High,FemaleHigh,579.4
2015,Hong Kong (China),Science,Female,High,FemaleHigh,563.8
2018,Hong Kong (China),Science,Female,High,FemaleHigh,561.6
2022,Hong Kong (China),Science,Female,High,FemaleHigh,563
2025,Hong Kong (China),Science,Female,High,FemaleHigh,532.1
2006,Hong Kong (China),Science,Female,Low,FemaleLow,525.9
2009,Hong Kong (China),Science,Female,Low,FemaleLow,537.6
2012,Hong Kong (China),Science,Female,Low,FemaleLow,543
2015,Hong Kong (China),Science,Female,Low,FemaleLow,511.5
2018,Hong Kong (China),Science,Female,Low,FemaleLow,506.7
2022,Hong Kong (China),Science,Female,Low,FemaleLow,508.1
2025,Hong Kong (China),Science,Female,Low,FemaleLow,470.3
2006,Hong Kong (China),Science,Female,Medium,FemaleMedium,559.7
2009,Hong Kong (China),Science,Female,Medium,FemaleMedium,572.4
2012,Hong Kong (China),Science,Female,Medium,FemaleMedium,577
2015,Hong Kong (China),Science,Female,Medium,FemaleMedium,536.7
2018,Hong Kong (China),Science,Female,Medium,FemaleMedium,533
2022,Hong Kong (China),Science,Female,Medium,FemaleMedium,525.6
2025,Hong Kong (China),Science,Female,Medium,FemaleMedium,499
2006,Hong Kong (China),Science,0,0,General,542.2
2009,Hong Kong (China),Science,0,0,General,549
2012,Hong Kong (China),Science,0,0,General,554.9
2015,Hong Kong (China),Science,0,0,General,523.3
2018,Hong Kong (China),Science,0,0,General,516.7
2022,Hong Kong (China),Science,0,0,General,520.4
2025,Hong Kong (China),Science,0,0,General,495.6
2006,Hong Kong (China),Science,0,High,GeneralHigh,580.3
2009,Hong Kong (China),Science,0,High,GeneralHigh,580.7
2012,Hong Kong (China),Science,0,High,GeneralHigh,589.3
2015,Hong Kong (China),Science,0,High,GeneralHigh,560.8
2018,Hong Kong (China),Science,0,High,GeneralHigh,557
2022,Hong Kong (China),Science,0,High,GeneralHigh,556.9
2025,Hong Kong (China),Science,0,High,GeneralHigh,543.1
2006,Hong Kong (China),Science,0,Low,GeneralLow,530.2
2009,Hong Kong (China),Science,0,Low,GeneralLow,540.6
2012,Hong Kong (China),Science,0,Low,GeneralLow,545.7
2015,Hong Kong (China),Science,0,Low,GeneralLow,512.1
2018,Hong Kong (China),Science,0,Low,GeneralLow,505.4
2022,Hong Kong (China),Science,0,Low,GeneralLow,509.7
2025,Hong Kong (China),Science,0,Low,GeneralLow,480.3
2006,Hong Kong (China),Science,0,Medium,GeneralMedium,565.1
2009,Hong Kong (China),Science,0,Medium,GeneralMedium,569.3
2012,Hong Kong (China),Science,0,Medium,GeneralMedium,579.7
2015,Hong Kong (China),Science,0,Medium,GeneralMedium,536.4
2018,Hong Kong (China),Science,0,Medium,GeneralMedium,528.6
2022,Hong Kong (China),Science,0,Medium,GeneralMedium,527.5
2025,Hong Kong (China),Science,0,Medium,GeneralMedium,510.4
2006,Hong Kong (China),Science,Male,0,Male,545.6
2009,Hong Kong (China),Science,Male,0,Male,550.2
2012,Hong Kong (China),Science,Male,0,Male,558
2015,Hong Kong (China),Science,Male,0,Male,522.8
2018,Hong Kong (China),Science,Male,0,Male,512.4
2022,Hong Kong (China),Science,Male,0,Male,520.4
2025,Hong Kong (China),Science,Male,0,Male,503.3
2006,Hong Kong (China),Science,Male,High,MaleHigh,578.7
2009,Hong Kong (China),Science,Male,High,MaleHigh,578.4
2012,Hong Kong (China),Science,Male,High,MaleHigh,595.3
2015,Hong Kong (China),Science,Male,High,MaleHigh,557.7
2018,Hong Kong (China),Science,Male,High,MaleHigh,550.7
2022,Hong Kong (China),Science,Male,High,MaleHigh,551.3
2025,Hong Kong (China),Science,Male,High,MaleHigh,554.2
2006,Hong Kong (China),Science,Male,Low,MaleLow,534.3
2009,Hong Kong (China),Science,Male,Low,MaleLow,543.4
2012,Hong Kong (China),Science,Male,Low,MaleLow,548.1
2015,Hong Kong (China),Science,Male,Low,MaleLow,512.7
2018,Hong Kong (China),Science,Male,Low,MaleLow,504.2
2022,Hong Kong (China),Science,Male,Low,MaleLow,511.1
2025,Hong Kong (China),Science,Male,Low,MaleLow,489.4
2006,Hong Kong (China),Science,Male,Medium,MaleMedium,571.7
2009,Hong Kong (China),Science,Male,Medium,MaleMedium,566.6
2012,Hong Kong (China),Science,Male,Medium,MaleMedium,581.9
2015,Hong Kong (China),Science,Male,Medium,MaleMedium,536.2
2018,Hong Kong (China),Science,Male,Medium,MaleMedium,524.3
2022,Hong Kong (China),Science,Male,Medium,MaleMedium,529.2
2025,Hong Kong (China),Science,Male,Medium,MaleMedium,522
2006,Hungary,Math,Female,0,Female,485.7
2009,Hungary,Math,Female,0,Female,484.1
2012,Hungary,Math,Female,0,Female,472.7
2015,Hungary,Math,Female,0,Female,472.7
2018,Hungary,Math,Female,0,Female,476.7
2022,Hungary,Math,Female,0,Female,465.3
2025,Hungary,Math,Female,0,Female,449.9
2006,Hungary,Math,Female,High,FemaleHigh,543.4
2009,Hungary,Math,Female,High,FemaleHigh,547.2
2012,Hungary,Math,Female,High,FemaleHigh,534.8
2015,Hungary,Math,Female,High,FemaleHigh,539
2018,Hungary,Math,Female,High,FemaleHigh,540.7
2022,Hungary,Math,Female,High,FemaleHigh,521.7
2025,Hungary,Math,Female,High,FemaleHigh,506.6
2006,Hungary,Math,Female,Low,FemaleLow,453.7
2009,Hungary,Math,Female,Low,FemaleLow,454.2
2012,Hungary,Math,Female,Low,FemaleLow,440
2015,Hungary,Math,Female,Low,FemaleLow,438.5
2018,Hungary,Math,Female,Low,FemaleLow,440
2022,Hungary,Math,Female,Low,FemaleLow,422.2
2025,Hungary,Math,Female,Low,FemaleLow,414.5
2006,Hungary,Math,Female,Medium,FemaleMedium,495.5
2009,Hungary,Math,Female,Medium,FemaleMedium,502.1
2012,Hungary,Math,Female,Medium,FemaleMedium,495.5
2015,Hungary,Math,Female,Medium,FemaleMedium,492.3
2018,Hungary,Math,Female,Medium,FemaleMedium,492.6
2022,Hungary,Math,Female,Medium,FemaleMedium,471.4
2025,Hungary,Math,Female,Medium,FemaleMedium,465.6
2006,Hungary,Math,0,0,General,490.9
2009,Hungary,Math,0,0,General,490.2
2012,Hungary,Math,0,0,General,477
2015,Hungary,Math,0,0,General,476.8
2018,Hungary,Math,0,0,General,481.1
2022,Hungary,Math,0,0,General,472.8
2025,Hungary,Math,0,0,General,459.5
2006,Hungary,Math,0,High,GeneralHigh,554
2009,Hungary,Math,0,High,GeneralHigh,557
2012,Hungary,Math,0,High,GeneralHigh,542.4
2015,Hungary,Math,0,High,GeneralHigh,540
2018,Hungary,Math,0,High,GeneralHigh,542.4
2022,Hungary,Math,0,High,GeneralHigh,531.8
2025,Hungary,Math,0,High,GeneralHigh,513.1
2006,Hungary,Math,0,Low,GeneralLow,457.5
2009,Hungary,Math,0,Low,GeneralLow,456.9
2012,Hungary,Math,0,Low,GeneralLow,444.7
2015,Hungary,Math,0,Low,GeneralLow,444.3
2018,Hungary,Math,0,Low,GeneralLow,444.8
2022,Hungary,Math,0,Low,GeneralLow,428.8
2025,Hungary,Math,0,Low,GeneralLow,424.4
2006,Hungary,Math,0,Medium,GeneralMedium,499
2009,Hungary,Math,0,Medium,GeneralMedium,506.5
2012,Hungary,Math,0,Medium,GeneralMedium,495
2015,Hungary,Math,0,Medium,GeneralMedium,494.3
2018,Hungary,Math,0,Medium,GeneralMedium,496.4
2022,Hungary,Math,0,Medium,GeneralMedium,478.4
2025,Hungary,Math,0,Medium,GeneralMedium,475.2
2006,Hungary,Math,Male,0,Male,495.8
2009,Hungary,Math,Male,0,Male,496.1
2012,Hungary,Math,Male,0,Male,481.7
2015,Hungary,Math,Male,0,Male,480.9
2018,Hungary,Math,Male,0,Male,485.5
2022,Hungary,Math,Male,0,Male,480.2
2025,Hungary,Math,Male,0,Male,469
2006,Hungary,Math,Male,High,MaleHigh,563.4
2009,Hungary,Math,Male,High,MaleHigh,565.8
2012,Hungary,Math,Male,High,MaleHigh,550.6
2015,Hungary,Math,Male,High,MaleHigh,541
2018,Hungary,Math,Male,High,MaleHigh,544
2022,Hungary,Math,Male,High,MaleHigh,542.4
2025,Hungary,Math,Male,High,MaleHigh,519
2006,Hungary,Math,Male,Low,MaleLow,460.9
2009,Hungary,Math,Male,Low,MaleLow,459.7
2012,Hungary,Math,Male,Low,MaleLow,450.1
2015,Hungary,Math,Male,Low,MaleLow,450.2
2018,Hungary,Math,Male,Low,MaleLow,449.8
2022,Hungary,Math,Male,Low,MaleLow,435.6
2025,Hungary,Math,Male,Low,MaleLow,435.4
2006,Hungary,Math,Male,Medium,MaleMedium,502.3
2009,Hungary,Math,Male,Medium,MaleMedium,510.6
2012,Hungary,Math,Male,Medium,MaleMedium,494.6
2015,Hungary,Math,Male,Medium,MaleMedium,496.2
2018,Hungary,Math,Male,Medium,MaleMedium,500.2
2022,Hungary,Math,Male,Medium,MaleMedium,484.9
2025,Hungary,Math,Male,Medium,MaleMedium,484.5
2006,Hungary,Reading,Female,0,Female,503
2009,Hungary,Reading,Female,0,Female,513.3
2012,Hungary,Reading,Female,0,Female,507.5
2015,Hungary,Reading,Female,0,Female,482
2018,Hungary,Reading,Female,0,Female,489.1
2022,Hungary,Reading,Female,0,Female,481.5
2025,Hungary,Reading,Female,0,Female,462.2
2006,Hungary,Reading,Female,High,FemaleHigh,552.1
2009,Hungary,Reading,Female,High,FemaleHigh,574.4
2012,Hungary,Reading,Female,High,FemaleHigh,563.3
2015,Hungary,Reading,Female,High,FemaleHigh,548.1
2018,Hungary,Reading,Female,High,FemaleHigh,551.2
2022,Hungary,Reading,Female,High,FemaleHigh,540
2025,Hungary,Reading,Female,High,FemaleHigh,511.8
2006,Hungary,Reading,Female,Low,FemaleLow,472.7
2009,Hungary,Reading,Female,Low,FemaleLow,483.8
2012,Hungary,Reading,Female,Low,FemaleLow,477.6
2015,Hungary,Reading,Female,Low,FemaleLow,447
2018,Hungary,Reading,Female,Low,FemaleLow,451.7
2022,Hungary,Reading,Female,Low,FemaleLow,436.6
2025,Hungary,Reading,Female,Low,FemaleLow,430.6
2006,Hungary,Reading,Female,Medium,FemaleMedium,516.3
2009,Hungary,Reading,Female,Medium,FemaleMedium,531.7
2012,Hungary,Reading,Female,Medium,FemaleMedium,529.8
2015,Hungary,Reading,Female,Medium,FemaleMedium,501.3
2018,Hungary,Reading,Female,Medium,FemaleMedium,508
2022,Hungary,Reading,Female,Medium,FemaleMedium,487.7
2025,Hungary,Reading,Female,Medium,FemaleMedium,476.8
2006,Hungary,Reading,0,0,General,482.4
2009,Hungary,Reading,0,0,General,494.2
2012,Hungary,Reading,0,0,General,488.5
2015,Hungary,Reading,0,0,General,469.5
2018,Hungary,Reading,0,0,General,476
2022,Hungary,Reading,0,0,General,473
2025,Hungary,Reading,0,0,General,452.3
2006,Hungary,Reading,0,High,GeneralHigh,537.8
2009,Hungary,Reading,0,High,GeneralHigh,557.9
2012,Hungary,Reading,0,High,GeneralHigh,548.4
2015,Hungary,Reading,0,High,GeneralHigh,533.3
2018,Hungary,Reading,0,High,GeneralHigh,535
2022,Hungary,Reading,0,High,GeneralHigh,534
2025,Hungary,Reading,0,High,GeneralHigh,498.7
2006,Hungary,Reading,0,Low,GeneralLow,450.3
2009,Hungary,Reading,0,Low,GeneralLow,462.7
2012,Hungary,Reading,0,Low,GeneralLow,459.6
2015,Hungary,Reading,0,Low,GeneralLow,435.9
2018,Hungary,Reading,0,Low,GeneralLow,440.2
2022,Hungary,Reading,0,Low,GeneralLow,427.2
2025,Hungary,Reading,0,Low,GeneralLow,422.9
2006,Hungary,Reading,0,Medium,GeneralMedium,493.7
2009,Hungary,Reading,0,Medium,GeneralMedium,509.5
2012,Hungary,Reading,0,Medium,GeneralMedium,504
2015,Hungary,Reading,0,Medium,GeneralMedium,486.7
2018,Hungary,Reading,0,Medium,GeneralMedium,492.2
2022,Hungary,Reading,0,Medium,GeneralMedium,478.3
2025,Hungary,Reading,0,Medium,GeneralMedium,466.3
2006,Hungary,Reading,Male,0,Male,463.4
2009,Hungary,Reading,Male,0,Male,475.4
2012,Hungary,Reading,Male,0,Male,468
2015,Hungary,Reading,Male,0,Male,457.1
2018,Hungary,Reading,Male,0,Male,462.6
2022,Hungary,Reading,Male,0,Male,464.5
2025,Hungary,Reading,Male,0,Male,442.5
2006,Hungary,Reading,Male,High,MaleHigh,525.1
2009,Hungary,Reading,Male,High,MaleHigh,543.2
2012,Hungary,Reading,Male,High,MaleHigh,532.1
2015,Hungary,Reading,Male,High,MaleHigh,518.8
2018,Hungary,Reading,Male,High,MaleHigh,519.1
2022,Hungary,Reading,Male,High,MaleHigh,527.7
2025,Hungary,Reading,Male,High,MaleHigh,486.5
2006,Hungary,Reading,Male,Low,MaleLow,429.8
2009,Hungary,Reading,Male,Low,MaleLow,440.2
2012,Hungary,Reading,Male,Low,MaleLow,439.2
2015,Hungary,Reading,Male,Low,MaleLow,424.5
2018,Hungary,Reading,Male,Low,MaleLow,428.1
2022,Hungary,Reading,Male,Low,MaleLow,417.6
2025,Hungary,Reading,Male,Low,MaleLow,414.2
2006,Hungary,Reading,Male,Medium,MaleMedium,472.3
2009,Hungary,Reading,Male,Medium,MaleMedium,489.2
2012,Hungary,Reading,Male,Medium,MaleMedium,479.1
2015,Hungary,Reading,Male,Medium,MaleMedium,472.5
2018,Hungary,Reading,Male,Medium,MaleMedium,476.2
2022,Hungary,Reading,Male,Medium,MaleMedium,469.6
2025,Hungary,Reading,Male,Medium,MaleMedium,456.2
2006,Hungary,Science,Female,0,Female,500.6
2009,Hungary,Science,Female,0,Female,502.6
2012,Hungary,Science,Female,0,Female,492.8
2015,Hungary,Science,Female,0,Female,475.2
2018,Hungary,Science,Female,0,Female,477.9
2022,Hungary,Science,Female,0,Female,484.2
2025,Hungary,Science,Female,0,Female,475.9
2006,Hungary,Science,Female,High,FemaleHigh,551.7
2009,Hungary,Science,Female,High,FemaleHigh,560.1
2012,Hungary,Science,Female,High,FemaleHigh,550.8
2015,Hungary,Science,Female,High,FemaleHigh,541.4
2018,Hungary,Science,Female,High,FemaleHigh,539.2
2022,Hungary,Science,Female,High,FemaleHigh,543.5
2025,Hungary,Science,Female,High,FemaleHigh,530.6
2006,Hungary,Science,Female,Low,FemaleLow,471.3
2009,Hungary,Science,Female,Low,FemaleLow,475.8
2012,Hungary,Science,Female,Low,FemaleLow,461.8
2015,Hungary,Science,Female,Low,FemaleLow,441
2018,Hungary,Science,Female,Low,FemaleLow,440.7
2022,Hungary,Science,Female,Low,FemaleLow,437.5
2025,Hungary,Science,Female,Low,FemaleLow,440.8
2006,Hungary,Science,Female,Medium,FemaleMedium,510.9
2009,Hungary,Science,Female,Medium,FemaleMedium,517.7
2012,Hungary,Science,Female,Medium,FemaleMedium,517
2015,Hungary,Science,Female,Medium,FemaleMedium,492.7
2018,Hungary,Science,Female,Medium,FemaleMedium,496.4
2022,Hungary,Science,Female,Medium,FemaleMedium,492.7
2025,Hungary,Science,Female,Medium,FemaleMedium,491.9
2006,Hungary,Science,0,0,General,503.9
2009,Hungary,Science,0,0,General,502.6
2012,Hungary,Science,0,0,General,494.3
2015,Hungary,Science,0,0,General,476.7
2018,Hungary,Science,0,0,General,480.9
2022,Hungary,Science,0,0,General,485.9
2025,Hungary,Science,0,0,General,479.9
2006,Hungary,Science,0,High,GeneralHigh,560.6
2009,Hungary,Science,0,High,GeneralHigh,561.9
2012,Hungary,Science,0,High,GeneralHigh,555.8
2015,Hungary,Science,0,High,GeneralHigh,539.9
2018,Hungary,Science,0,High,GeneralHigh,538.8
2022,Hungary,Science,0,High,GeneralHigh,546.1
2025,Hungary,Science,0,High,GeneralHigh,532.2
2006,Hungary,Science,0,Low,GeneralLow,472.8
2009,Hungary,Science,0,Low,GeneralLow,473.7
2012,Hungary,Science,0,Low,GeneralLow,464
2015,Hungary,Science,0,Low,GeneralLow,443.6
2018,Hungary,Science,0,Low,GeneralLow,444.7
2022,Hungary,Science,0,Low,GeneralLow,439.8
2025,Hungary,Science,0,Low,GeneralLow,445.5
2006,Hungary,Science,0,Medium,GeneralMedium,512.9
2009,Hungary,Science,0,Medium,GeneralMedium,516
2012,Hungary,Science,0,Medium,GeneralMedium,512.9
2015,Hungary,Science,0,Medium,GeneralMedium,493.4
2018,Hungary,Science,0,Medium,GeneralMedium,498.1
2022,Hungary,Science,0,Medium,GeneralMedium,493.5
2025,Hungary,Science,0,Medium,GeneralMedium,495.8
2006,Hungary,Science,Male,0,Male,507
2009,Hungary,Science,Male,0,Male,502.7
2012,Hungary,Science,Male,0,Male,495.9
2015,Hungary,Science,Male,0,Male,478.2
2018,Hungary,Science,Male,0,Male,484
2022,Hungary,Science,Male,0,Male,487.6
2025,Hungary,Science,Male,0,Male,483.9
2006,Hungary,Science,Male,High,MaleHigh,568.6
2009,Hungary,Science,Male,High,MaleHigh,563.5
2012,Hungary,Science,Male,High,MaleHigh,561.1
2015,Hungary,Science,Male,High,MaleHigh,538.5
2018,Hungary,Science,Male,High,MaleHigh,538.4
2022,Hungary,Science,Male,High,MaleHigh,548.8
2025,Hungary,Science,Male,High,MaleHigh,533.7
2006,Hungary,Science,Male,Low,MaleLow,474.2
2009,Hungary,Science,Male,Low,MaleLow,471.4
2012,Hungary,Science,Male,Low,MaleLow,466.4
2015,Hungary,Science,Male,Low,MaleLow,446.2
2018,Hungary,Science,Male,Low,MaleLow,448.9
2022,Hungary,Science,Male,Low,MaleLow,442.1
2025,Hungary,Science,Male,Low,MaleLow,450.7
2006,Hungary,Science,Male,Medium,MaleMedium,514.7
2009,Hungary,Science,Male,Medium,MaleMedium,514.5
2012,Hungary,Science,Male,Medium,MaleMedium,509
2015,Hungary,Science,Male,Medium,MaleMedium,494.1
2018,Hungary,Science,Male,Medium,MaleMedium,499.9
2022,Hungary,Science,Male,Medium,MaleMedium,494.3
2025,Hungary,Science,Male,Medium,MaleMedium,499.5
2006,Iceland,Math,Female,0,Female,507.8
2009,Iceland,Math,Female,0,Female,504.9
2012,Iceland,Math,Female,0,Female,495.9
2015,Iceland,Math,Female,0,Female,488.6
2018,Iceland,Math,Female,0,Female,500.1
2022,Iceland,Math,Female,0,Female,457.2
2006,Iceland,Math,Female,High,FemaleHigh,528
2009,Iceland,Math,Female,High,FemaleHigh,528
2012,Iceland,Math,Female,High,FemaleHigh,515.9
2015,Iceland,Math,Female,High,FemaleHigh,511.5
2018,Iceland,Math,Female,High,FemaleHigh,522.9
2022,Iceland,Math,Female,High,FemaleHigh,480.6
2006,Iceland,Math,Female,Low,FemaleLow,465.6
2009,Iceland,Math,Female,Low,FemaleLow,464.8
2012,Iceland,Math,Female,Low,FemaleLow,459.4
2015,Iceland,Math,Female,Low,FemaleLow,434.4
2018,Iceland,Math,Female,Low,FemaleLow,462.5
2022,Iceland,Math,Female,Low,FemaleLow,419
2006,Iceland,Math,Female,Medium,FemaleMedium,495.8
2009,Iceland,Math,Female,Medium,FemaleMedium,494.1
2012,Iceland,Math,Female,Medium,FemaleMedium,478.8
2015,Iceland,Math,Female,Medium,FemaleMedium,471.3
2018,Iceland,Math,Female,Medium,FemaleMedium,488.6
2022,Iceland,Math,Female,Medium,FemaleMedium,455.4
2006,Iceland,Math,0,0,General,505.5
2009,Iceland,Math,0,0,General,506.7
2012,Iceland,Math,0,0,General,492.8
2015,Iceland,Math,0,0,General,488
2018,Iceland,Math,0,0,General,495.2
2022,Iceland,Math,0,0,General,458.9
2025,Iceland,Math,0,0,General,449.7
2006,Iceland,Math,0,High,GeneralHigh,523.8
2009,Iceland,Math,0,High,GeneralHigh,529.1
2012,Iceland,Math,0,High,GeneralHigh,513.1
2015,Iceland,Math,0,High,GeneralHigh,507
2018,Iceland,Math,0,High,GeneralHigh,520.9
2022,Iceland,Math,0,High,GeneralHigh,485.1
2025,Iceland,Math,0,High,GeneralHigh,482.6
2006,Iceland,Math,0,Low,GeneralLow,464
2009,Iceland,Math,0,Low,GeneralLow,465.4
2012,Iceland,Math,0,Low,GeneralLow,457.8
2015,Iceland,Math,0,Low,GeneralLow,444.8
2018,Iceland,Math,0,Low,GeneralLow,457.4
2022,Iceland,Math,0,Low,GeneralLow,421.7
2025,Iceland,Math,0,Low,GeneralLow,426.7
2006,Iceland,Math,0,Medium,GeneralMedium,491.9
2009,Iceland,Math,0,Medium,GeneralMedium,494.5
2012,Iceland,Math,0,Medium,GeneralMedium,475.4
2015,Iceland,Math,0,Medium,GeneralMedium,471.9
2018,Iceland,Math,0,Medium,GeneralMedium,481.1
2022,Iceland,Math,0,Medium,GeneralMedium,456.3
2025,Iceland,Math,0,Medium,GeneralMedium,455.9
2006,Iceland,Math,Male,0,Male,503.3
2009,Iceland,Math,Male,0,Male,508.4
2012,Iceland,Math,Male,0,Male,489.7
2015,Iceland,Math,Male,0,Male,487.4
2018,Iceland,Math,Male,0,Male,490.2
2022,Iceland,Math,Male,0,Male,460.6
2006,Iceland,Math,Male,High,MaleHigh,520.1
2009,Iceland,Math,Male,High,MaleHigh,530.2
2012,Iceland,Math,Male,High,MaleHigh,510.5
2015,Iceland,Math,Male,High,MaleHigh,502.7
2018,Iceland,Math,Male,High,MaleHigh,518.8
2022,Iceland,Math,Male,High,MaleHigh,489.8
2006,Iceland,Math,Male,Low,MaleLow,462.2
2009,Iceland,Math,Male,Low,MaleLow,466.2
2012,Iceland,Math,Male,Low,MaleLow,456
2015,Iceland,Math,Male,Low,MaleLow,456.5
2018,Iceland,Math,Male,Low,MaleLow,451.6
2022,Iceland,Math,Male,Low,MaleLow,424
2006,Iceland,Math,Male,Medium,MaleMedium,487.4
2009,Iceland,Math,Male,Medium,MaleMedium,495
2012,Iceland,Math,Male,Medium,MaleMedium,471.8
2015,Iceland,Math,Male,Medium,MaleMedium,472.6
2018,Iceland,Math,Male,Medium,MaleMedium,474
2022,Iceland,Math,Male,Medium,MaleMedium,457.2
2006,Iceland,Reading,Female,0,Female,508.9
2009,Iceland,Reading,Female,0,Female,522.2
2012,Iceland,Reading,Female,0,Female,508.4
2015,Iceland,Reading,Female,0,Female,501.7
2018,Iceland,Reading,Female,0,Female,494.1
2022,Iceland,Reading,Female,0,Female,454
2006,Iceland,Reading,Female,High,FemaleHigh,526.6
2009,Iceland,Reading,Female,High,FemaleHigh,542.8
2012,Iceland,Reading,Female,High,FemaleHigh,528
2015,Iceland,Reading,Female,High,FemaleHigh,523.6
2018,Iceland,Reading,Female,High,FemaleHigh,518.7
2022,Iceland,Reading,Female,High,FemaleHigh,481.3
2006,Iceland,Reading,Female,Low,FemaleLow,471.2
2009,Iceland,Reading,Female,Low,FemaleLow,484.8
2012,Iceland,Reading,Female,Low,FemaleLow,476.3
2015,Iceland,Reading,Female,Low,FemaleLow,447.2
2018,Iceland,Reading,Female,Low,FemaleLow,455.5
2022,Iceland,Reading,Female,Low,FemaleLow,409.9
2006,Iceland,Reading,Female,Medium,FemaleMedium,498.5
2009,Iceland,Reading,Female,Medium,FemaleMedium,513.6
2012,Iceland,Reading,Female,Medium,FemaleMedium,491.7
2015,Iceland,Reading,Female,Medium,FemaleMedium,487.3
2018,Iceland,Reading,Female,Medium,FemaleMedium,481
2022,Iceland,Reading,Female,Medium,FemaleMedium,452.5
2006,Iceland,Reading,0,0,General,484.4
2009,Iceland,Reading,0,0,General,500.3
2012,Iceland,Reading,0,0,General,482.5
2015,Iceland,Reading,0,0,General,481.5
2018,Iceland,Reading,0,0,General,474
2022,Iceland,Reading,0,0,General,435.9
2025,Iceland,Reading,0,0,General,422.3
2006,Iceland,Reading,0,High,GeneralHigh,498.9
2009,Iceland,Reading,0,High,GeneralHigh,519.8
2012,Iceland,Reading,0,High,GeneralHigh,502.7
2015,Iceland,Reading,0,High,GeneralHigh,498.9
2018,Iceland,Reading,0,High,GeneralHigh,501.4
2022,Iceland,Reading,0,High,GeneralHigh,466.5
2025,Iceland,Reading,0,High,GeneralHigh,459.1
2006,Iceland,Reading,0,Low,GeneralLow,450.3
2009,Iceland,Reading,0,Low,GeneralLow,464.3
2012,Iceland,Reading,0,Low,GeneralLow,451.5
2015,Iceland,Reading,0,Low,GeneralLow,440.2
2018,Iceland,Reading,0,Low,GeneralLow,436.8
2022,Iceland,Reading,0,Low,GeneralLow,392.9
2025,Iceland,Reading,0,Low,GeneralLow,395
2006,Iceland,Reading,0,Medium,GeneralMedium,474.1
2009,Iceland,Reading,0,Medium,GeneralMedium,490
2012,Iceland,Reading,0,Medium,GeneralMedium,466.7
2015,Iceland,Reading,0,Medium,GeneralMedium,468.5
2018,Iceland,Reading,0,Medium,GeneralMedium,458.2
2022,Iceland,Reading,0,Medium,GeneralMedium,432.9
2025,Iceland,Reading,0,Medium,GeneralMedium,433.7
2006,Iceland,Reading,Male,0,Male,460.4
2009,Iceland,Reading,Male,0,Male,478.1
2012,Iceland,Reading,Male,0,Male,457.3
2015,Iceland,Reading,Male,0,Male,460.1
2018,Iceland,Reading,Male,0,Male,453.5
2022,Iceland,Reading,Male,0,Male,418.5
2006,Iceland,Reading,Male,High,MaleHigh,475
2009,Iceland,Reading,Male,High,MaleHigh,498.1
2012,Iceland,Reading,Male,High,MaleHigh,479.3
2015,Iceland,Reading,Male,High,MaleHigh,475.1
2018,Iceland,Reading,Male,High,MaleHigh,483.5
2022,Iceland,Reading,Male,High,MaleHigh,450.9
2006,Iceland,Reading,Male,Low,MaleLow,426.3
2009,Iceland,Reading,Male,Low,MaleLow,439.1
2012,Iceland,Reading,Male,Low,MaleLow,422.6
2015,Iceland,Reading,Male,Low,MaleLow,432.3
2018,Iceland,Reading,Male,Low,MaleLow,415.7
2022,Iceland,Reading,Male,Low,MaleLow,378.2
2006,Iceland,Reading,Male,Medium,MaleMedium,446
2009,Iceland,Reading,Male,Medium,MaleMedium,465.5
2012,Iceland,Reading,Male,Medium,MaleMedium,440.4
2015,Iceland,Reading,Male,Medium,MaleMedium,444.5
2018,Iceland,Reading,Male,Medium,MaleMedium,436.5
2022,Iceland,Reading,Male,Medium,MaleMedium,414.4
2006,Iceland,Science,Female,0,Female,493.9
2009,Iceland,Science,Female,0,Female,494.7
2012,Iceland,Science,Female,0,Female,479.7
2015,Iceland,Science,Female,0,Female,474.7
2018,Iceland,Science,Female,0,Female,479.2
2022,Iceland,Science,Female,0,Female,453.7
2006,Iceland,Science,Female,High,FemaleHigh,514.4
2009,Iceland,Science,Female,High,FemaleHigh,514.7
2012,Iceland,Science,Female,High,FemaleHigh,501.6
2015,Iceland,Science,Female,High,FemaleHigh,494.1
2018,Iceland,Science,Female,High,FemaleHigh,503
2022,Iceland,Science,Female,High,FemaleHigh,480.5
2006,Iceland,Science,Female,Low,FemaleLow,449.7
2009,Iceland,Science,Female,Low,FemaleLow,458.9
2012,Iceland,Science,Female,Low,FemaleLow,441.8
2015,Iceland,Science,Female,Low,FemaleLow,428.1
2018,Iceland,Science,Female,Low,FemaleLow,440.6
2022,Iceland,Science,Female,Low,FemaleLow,408.4
2006,Iceland,Science,Female,Medium,FemaleMedium,482.3
2009,Iceland,Science,Female,Medium,FemaleMedium,485.7
2012,Iceland,Science,Female,Medium,FemaleMedium,459.6
2015,Iceland,Science,Female,Medium,FemaleMedium,460.2
2018,Iceland,Science,Female,Medium,FemaleMedium,465.1
2022,Iceland,Science,Female,Medium,FemaleMedium,451.4
2006,Iceland,Science,0,0,General,490.8
2009,Iceland,Science,0,0,General,495.6
2012,Iceland,Science,0,0,General,478.2
2015,Iceland,Science,0,0,General,473.2
2018,Iceland,Science,0,0,General,475
2022,Iceland,Science,0,0,General,447
2025,Iceland,Science,0,0,General,441.4
2006,Iceland,Science,0,High,GeneralHigh,508.6
2009,Iceland,Science,0,High,GeneralHigh,516.7
2012,Iceland,Science,0,High,GeneralHigh,500
2015,Iceland,Science,0,High,GeneralHigh,489.4
2018,Iceland,Science,0,High,GeneralHigh,501.2
2022,Iceland,Science,0,High,GeneralHigh,476.8
2025,Iceland,Science,0,High,GeneralHigh,477.4
2006,Iceland,Science,0,Low,GeneralLow,447.9
2009,Iceland,Science,0,Low,GeneralLow,457.2
2012,Iceland,Science,0,Low,GeneralLow,442.8
2015,Iceland,Science,0,Low,GeneralLow,436.4
2018,Iceland,Science,0,Low,GeneralLow,436.2
2022,Iceland,Science,0,Low,GeneralLow,402
2025,Iceland,Science,0,Low,GeneralLow,413
2006,Iceland,Science,0,Medium,GeneralMedium,478.5
2009,Iceland,Science,0,Medium,GeneralMedium,483.2
2012,Iceland,Science,0,Medium,GeneralMedium,458.5
2015,Iceland,Science,0,Medium,GeneralMedium,460.3
2018,Iceland,Science,0,Medium,GeneralMedium,459.1
2022,Iceland,Science,0,Medium,GeneralMedium,443.7
2025,Iceland,Science,0,Medium,GeneralMedium,450.5
2006,Iceland,Science,Male,0,Male,487.7
2009,Iceland,Science,Male,0,Male,496.5
2012,Iceland,Science,Male,0,Male,476.7
2015,Iceland,Science,Male,0,Male,471.7
2018,Iceland,Science,Male,0,Male,470.8
2022,Iceland,Science,Male,0,Male,440.5
2006,Iceland,Science,Male,High,MaleHigh,503.6
2009,Iceland,Science,Male,High,MaleHigh,518.5
2012,Iceland,Science,Male,High,MaleHigh,498.5
2015,Iceland,Science,Male,High,MaleHigh,484.9
2018,Iceland,Science,Male,High,MaleHigh,499.4
2022,Iceland,Science,Male,High,MaleHigh,472.9
2006,Iceland,Science,Male,Low,MaleLow,445.9
2009,Iceland,Science,Male,Low,MaleLow,455.2
2012,Iceland,Science,Male,Low,MaleLow,444
2015,Iceland,Science,Male,Low,MaleLow,445.7
2018,Iceland,Science,Male,Low,MaleLow,431.1
2022,Iceland,Science,Male,Low,MaleLow,396.5
2006,Iceland,Science,Male,Medium,MaleMedium,474.1
2009,Iceland,Science,Male,Medium,MaleMedium,480.6
2012,Iceland,Science,Male,Medium,MaleMedium,457.3
2015,Iceland,Science,Male,Medium,MaleMedium,460.4
2018,Iceland,Science,Male,Medium,MaleMedium,453.4
2022,Iceland,Science,Male,Medium,MaleMedium,436.3
2006,Indonesia,Math,Female,0,Female,382.2
2009,Indonesia,Math,Female,0,Female,371.9
2012,Indonesia,Math,Female,0,Female,372.8
2015,Indonesia,Math,Female,0,Female,387.4
2018,Indonesia,Math,Female,0,Female,383.4
2022,Indonesia,Math,Female,0,Female,368.6
2025,Indonesia,Math,Female,0,Female,366.6
2006,Indonesia,Math,Female,High,FemaleHigh,480.7
2009,Indonesia,Math,Female,High,FemaleHigh,437.8
2012,Indonesia,Math,Female,High,FemaleHigh,496.9
2015,Indonesia,Math,Female,High,FemaleHigh,517.6
2018,Indonesia,Math,Female,High,FemaleHigh,469.6
2022,Indonesia,Math,Female,High,FemaleHigh,443.2
2025,Indonesia,Math,Female,High,FemaleHigh,423.8
2006,Indonesia,Math,Female,Low,FemaleLow,373.6
2009,Indonesia,Math,Female,Low,FemaleLow,364.5
2012,Indonesia,Math,Female,Low,FemaleLow,366.7
2015,Indonesia,Math,Female,Low,FemaleLow,378.4
2018,Indonesia,Math,Female,Low,FemaleLow,375.8
2022,Indonesia,Math,Female,Low,FemaleLow,364.1
2025,Indonesia,Math,Female,Low,FemaleLow,361.2
2006,Indonesia,Math,Female,Medium,FemaleMedium,429.1
2009,Indonesia,Math,Female,Medium,FemaleMedium,418.6
2012,Indonesia,Math,Female,Medium,FemaleMedium,420.5
2015,Indonesia,Math,Female,Medium,FemaleMedium,462
2018,Indonesia,Math,Female,Medium,FemaleMedium,429
2022,Indonesia,Math,Female,Medium,FemaleMedium,396.1
2025,Indonesia,Math,Female,Medium,FemaleMedium,399.6
2006,Indonesia,Math,0,0,General,391
2009,Indonesia,Math,0,0,General,371.3
2012,Indonesia,Math,0,0,General,375.1
2015,Indonesia,Math,0,0,General,386.1
2018,Indonesia,Math,0,0,General,378.7
2022,Indonesia,Math,0,0,General,365.5
2025,Indonesia,Math,0,0,General,363.9
2006,Indonesia,Math,0,High,GeneralHigh,477.6
2009,Indonesia,Math,0,High,GeneralHigh,436.3
2012,Indonesia,Math,0,High,GeneralHigh,480.9
2015,Indonesia,Math,0,High,GeneralHigh,517.8
2018,Indonesia,Math,0,High,GeneralHigh,461.8
2022,Indonesia,Math,0,High,GeneralHigh,424.6
2025,Indonesia,Math,0,High,GeneralHigh,426.2
2006,Indonesia,Math,0,Low,GeneralLow,383.1
2009,Indonesia,Math,0,Low,GeneralLow,363.6
2012,Indonesia,Math,0,Low,GeneralLow,368.4
2015,Indonesia,Math,0,Low,GeneralLow,378
2018,Indonesia,Math,0,Low,GeneralLow,371.8
2022,Indonesia,Math,0,Low,GeneralLow,361.2
2025,Indonesia,Math,0,Low,GeneralLow,358.3
2006,Indonesia,Math,0,Medium,GeneralMedium,435.1
2009,Indonesia,Math,0,Medium,GeneralMedium,415.6
2012,Indonesia,Math,0,Medium,GeneralMedium,427.6
2015,Indonesia,Math,0,Medium,GeneralMedium,458.3
2018,Indonesia,Math,0,Medium,GeneralMedium,418.1
2022,Indonesia,Math,0,Medium,GeneralMedium,392.6
2025,Indonesia,Math,0,Medium,GeneralMedium,398.5
2006,Indonesia,Math,Male,0,Male,399.4
2009,Indonesia,Math,Male,0,Male,370.6
2012,Indonesia,Math,Male,0,Male,377.4
2015,Indonesia,Math,Male,0,Male,384.8
2018,Indonesia,Math,Male,0,Male,373.7
2022,Indonesia,Math,Male,0,Male,362.3
2025,Indonesia,Math,Male,0,Male,361
2006,Indonesia,Math,Male,High,MaleHigh,474.3
2009,Indonesia,Math,Male,High,MaleHigh,434.7
2012,Indonesia,Math,Male,High,MaleHigh,461.6
2015,Indonesia,Math,Male,High,MaleHigh,518.1
2018,Indonesia,Math,Male,High,MaleHigh,452.6
2022,Indonesia,Math,Male,High,MaleHigh,405.7
2025,Indonesia,Math,Male,High,MaleHigh,428.9
2006,Indonesia,Math,Male,Low,MaleLow,392.1
2009,Indonesia,Math,Male,Low,MaleLow,362.7
2012,Indonesia,Math,Male,Low,MaleLow,370.1
2015,Indonesia,Math,Male,Low,MaleLow,377.6
2018,Indonesia,Math,Male,Low,MaleLow,367.6
2022,Indonesia,Math,Male,Low,MaleLow,358.2
2025,Indonesia,Math,Male,Low,MaleLow,355.2
2006,Indonesia,Math,Male,Medium,MaleMedium,440.6
2009,Indonesia,Math,Male,Medium,MaleMedium,413
2012,Indonesia,Math,Male,Medium,MaleMedium,433.6
2015,Indonesia,Math,Male,Medium,MaleMedium,454.4
2018,Indonesia,Math,Male,Medium,MaleMedium,408.1
2022,Indonesia,Math,Male,Medium,MaleMedium,389.2
2025,Indonesia,Math,Male,Medium,MaleMedium,397.4
2006,Indonesia,Reading,Female,0,Female,402.1
2009,Indonesia,Reading,Female,0,Female,419.8
2012,Indonesia,Reading,Female,0,Female,410.4
2015,Indonesia,Reading,Female,0,Female,409
2018,Indonesia,Reading,Female,0,Female,383.4
2022,Indonesia,Reading,Female,0,Female,369.7
2025,Indonesia,Reading,Female,0,Female,376.5
2006,Indonesia,Reading,Female,High,FemaleHigh,484.6
2009,Indonesia,Reading,Female,High,FemaleHigh,470.2
2012,Indonesia,Reading,Female,High,FemaleHigh,499.9
2015,Indonesia,Reading,Female,High,FemaleHigh,523.6
2018,Indonesia,Reading,Female,High,FemaleHigh,463.7
2022,Indonesia,Reading,Female,High,FemaleHigh,457.7
2025,Indonesia,Reading,Female,High,FemaleHigh,436.2
2006,Indonesia,Reading,Female,Low,FemaleLow,394.4
2009,Indonesia,Reading,Female,Low,FemaleLow,413.7
2012,Indonesia,Reading,Female,Low,FemaleLow,405.3
2015,Indonesia,Reading,Female,Low,FemaleLow,401.3
2018,Indonesia,Reading,Female,Low,FemaleLow,376.6
2022,Indonesia,Reading,Female,Low,FemaleLow,363.6
2025,Indonesia,Reading,Female,Low,FemaleLow,370.5
2006,Indonesia,Reading,Female,Medium,FemaleMedium,445.5
2009,Indonesia,Reading,Female,Medium,FemaleMedium,459.6
2012,Indonesia,Reading,Female,Medium,FemaleMedium,452.7
2015,Indonesia,Reading,Female,Medium,FemaleMedium,472.3
2018,Indonesia,Reading,Female,Medium,FemaleMedium,425.1
2022,Indonesia,Reading,Female,Medium,FemaleMedium,410.6
2025,Indonesia,Reading,Female,Medium,FemaleMedium,417
2006,Indonesia,Reading,0,0,General,392.9
2009,Indonesia,Reading,0,0,General,401.7
2012,Indonesia,Reading,0,0,General,396.1
2015,Indonesia,Reading,0,0,General,397.3
2018,Indonesia,Reading,0,0,General,371
2022,Indonesia,Reading,0,0,General,358.6
2025,Indonesia,Reading,0,0,General,365.2
2006,Indonesia,Reading,0,High,GeneralHigh,468.3
2009,Indonesia,Reading,0,High,GeneralHigh,452.9
2012,Indonesia,Reading,0,High,GeneralHigh,478.6
2015,Indonesia,Reading,0,High,GeneralHigh,515
2018,Indonesia,Reading,0,High,GeneralHigh,445.5
2022,Indonesia,Reading,0,High,GeneralHigh,429.5
2025,Indonesia,Reading,0,High,GeneralHigh,432.3
2006,Indonesia,Reading,0,Low,GeneralLow,385.7
2009,Indonesia,Reading,0,Low,GeneralLow,395.6
2012,Indonesia,Reading,0,Low,GeneralLow,390.5
2015,Indonesia,Reading,0,Low,GeneralLow,390.4
2018,Indonesia,Reading,0,Low,GeneralLow,364.4
2022,Indonesia,Reading,0,Low,GeneralLow,352.9
2025,Indonesia,Reading,0,Low,GeneralLow,359
2006,Indonesia,Reading,0,Medium,GeneralMedium,433.7
2009,Indonesia,Reading,0,Medium,GeneralMedium,437
2012,Indonesia,Reading,0,Medium,GeneralMedium,441.3
2015,Indonesia,Reading,0,Medium,GeneralMedium,457.9
2018,Indonesia,Reading,0,Medium,GeneralMedium,409.7
2022,Indonesia,Reading,0,Medium,GeneralMedium,397.2
2025,Indonesia,Reading,0,Medium,GeneralMedium,407.3
2006,Indonesia,Reading,Male,0,Male,384.2
2009,Indonesia,Reading,Male,0,Male,383.3
2012,Indonesia,Reading,Male,0,Male,382.3
2015,Indonesia,Reading,Male,0,Male,385.6
2018,Indonesia,Reading,Male,0,Male,358.1
2022,Indonesia,Reading,Male,0,Male,346.8
2025,Indonesia,Reading,Male,0,Male,352.9
2006,Indonesia,Reading,Male,High,MaleHigh,451.4
2009,Indonesia,Reading,Male,High,MaleHigh,434.2
2012,Indonesia,Reading,Male,High,MaleHigh,452.9
2015,Indonesia,Reading,Male,High,MaleHigh,499.6
2018,Indonesia,Reading,Male,High,MaleHigh,423.9
2022,Indonesia,Reading,Male,High,MaleHigh,400.7
2025,Indonesia,Reading,Male,High,MaleHigh,427.7
2006,Indonesia,Reading,Male,Low,MaleLow,377.4
2009,Indonesia,Reading,Male,Low,MaleLow,376.7
2012,Indonesia,Reading,Male,Low,MaleLow,376
2015,Indonesia,Reading,Male,Low,MaleLow,379.7
2018,Indonesia,Reading,Male,Low,MaleLow,351.7
2022,Indonesia,Reading,Male,Low,MaleLow,341.5
2025,Indonesia,Reading,Male,Low,MaleLow,346.2
2006,Indonesia,Reading,Male,Medium,MaleMedium,423
2009,Indonesia,Reading,Male,Medium,MaleMedium,417.9
2012,Indonesia,Reading,Male,Medium,MaleMedium,431.8
2015,Indonesia,Reading,Male,Medium,MaleMedium,442.7
2018,Indonesia,Reading,Male,Medium,MaleMedium,395.5
2022,Indonesia,Reading,Male,Medium,MaleMedium,383.9
2025,Indonesia,Reading,Male,Medium,MaleMedium,397.2
2006,Indonesia,Science,Female,0,Female,387.4
2009,Indonesia,Science,Female,0,Female,386.9
2012,Indonesia,Science,Female,0,Female,383.5
2015,Indonesia,Science,Female,0,Female,405.1
2018,Indonesia,Science,Female,0,Female,399.5
2022,Indonesia,Science,Female,0,Female,385.3
2025,Indonesia,Science,Female,0,Female,391.3
2006,Indonesia,Science,Female,High,FemaleHigh,476.4
2009,Indonesia,Science,Female,High,FemaleHigh,445.4
2012,Indonesia,Science,Female,High,FemaleHigh,489.3
2015,Indonesia,Science,Female,High,FemaleHigh,514.4
2018,Indonesia,Science,Female,High,FemaleHigh,478.4
2022,Indonesia,Science,Female,High,FemaleHigh,463.6
2025,Indonesia,Science,Female,High,FemaleHigh,451.6
2006,Indonesia,Science,Female,Low,FemaleLow,380.1
2009,Indonesia,Science,Female,Low,FemaleLow,380
2012,Indonesia,Science,Female,Low,FemaleLow,377.8
2015,Indonesia,Science,Female,Low,FemaleLow,397.8
2018,Indonesia,Science,Female,Low,FemaleLow,394
2022,Indonesia,Science,Female,Low,FemaleLow,380.9
2025,Indonesia,Science,Female,Low,FemaleLow,385.7
2006,Indonesia,Science,Female,Medium,FemaleMedium,426.5
2009,Indonesia,Science,Female,Medium,FemaleMedium,431.1
2012,Indonesia,Science,Female,Medium,FemaleMedium,429.1
2015,Indonesia,Science,Female,Medium,FemaleMedium,464.9
2018,Indonesia,Science,Female,Medium,FemaleMedium,430
2022,Indonesia,Science,Female,Medium,FemaleMedium,412.5
2025,Indonesia,Science,Female,Medium,FemaleMedium,428.7
2006,Indonesia,Science,0,0,General,393.5
2009,Indonesia,Science,0,0,General,382.6
2012,Indonesia,Science,0,0,General,381.9
2015,Indonesia,Science,0,0,General,403.1
2018,Indonesia,Science,0,0,General,396.1
2022,Indonesia,Science,0,0,General,382.9
2025,Indonesia,Science,0,0,General,388.7
2006,Indonesia,Science,0,High,GeneralHigh,468.5
2009,Indonesia,Science,0,High,GeneralHigh,438.6
2012,Indonesia,Science,0,High,GeneralHigh,477.8
2015,Indonesia,Science,0,High,GeneralHigh,513
2018,Indonesia,Science,0,High,GeneralHigh,469.6
2022,Indonesia,Science,0,High,GeneralHigh,443.7
2025,Indonesia,Science,0,High,GeneralHigh,455
2006,Indonesia,Science,0,Low,GeneralLow,386.7
2009,Indonesia,Science,0,Low,GeneralLow,375.8
2012,Indonesia,Science,0,Low,GeneralLow,375.8
2015,Indonesia,Science,0,Low,GeneralLow,396.7
2018,Indonesia,Science,0,Low,GeneralLow,390.5
2022,Indonesia,Science,0,Low,GeneralLow,378.6
2025,Indonesia,Science,0,Low,GeneralLow,383
2006,Indonesia,Science,0,Medium,GeneralMedium,430.6
2009,Indonesia,Science,0,Medium,GeneralMedium,421.7
2012,Indonesia,Science,0,Medium,GeneralMedium,429.7
2015,Indonesia,Science,0,Medium,GeneralMedium,459.1
2018,Indonesia,Science,0,Medium,GeneralMedium,427.7
2022,Indonesia,Science,0,Medium,GeneralMedium,410.2
2025,Indonesia,Science,0,Medium,GeneralMedium,427.8
2006,Indonesia,Science,Male,0,Male,399.2
2009,Indonesia,Science,Male,0,Male,378.1
2012,Indonesia,Science,Male,0,Male,380.4
2015,Indonesia,Science,Male,0,Male,401.1
2018,Indonesia,Science,Male,0,Male,392.6
2022,Indonesia,Science,Male,0,Male,380.3
2025,Indonesia,Science,Male,0,Male,385.9
2006,Indonesia,Science,Male,High,MaleHigh,460.3
2009,Indonesia,Science,Male,High,MaleHigh,431.2
2012,Indonesia,Science,Male,High,MaleHigh,464
2015,Indonesia,Science,Male,High,MaleHigh,510.4
2018,Indonesia,Science,Male,High,MaleHigh,459.1
2022,Indonesia,Science,Male,High,MaleHigh,423.3
2025,Indonesia,Science,Male,High,MaleHigh,458.9
2006,Indonesia,Science,Male,Low,MaleLow,393
2009,Indonesia,Science,Male,Low,MaleLow,371.4
2012,Indonesia,Science,Male,Low,MaleLow,373.9
2015,Indonesia,Science,Male,Low,MaleLow,395.7
2018,Indonesia,Science,Male,Low,MaleLow,386.8
2022,Indonesia,Science,Male,Low,MaleLow,376.2
2025,Indonesia,Science,Male,Low,MaleLow,380
2006,Indonesia,Science,Male,Medium,MaleMedium,434.4
2009,Indonesia,Science,Male,Medium,MaleMedium,413.8
2012,Indonesia,Science,Male,Medium,MaleMedium,430.3
2015,Indonesia,Science,Male,Medium,MaleMedium,452.8
2018,Indonesia,Science,Male,Medium,MaleMedium,425.6
2022,Indonesia,Science,Male,Medium,MaleMedium,407.9
2025,Indonesia,Science,Male,Medium,MaleMedium,426.8
2006,Ireland,Math,Female,0,Female,495.8
2009,Ireland,Math,Female,0,Female,483.3
2012,Ireland,Math,Female,0,Female,493.7
2015,Ireland,Math,Female,0,Female,495.4
2018,Ireland,Math,Female,0,Female,496.7
2022,Ireland,Math,Female,0,Female,485.1
2006,Ireland,Math,Female,High,FemaleHigh,529.6
2009,Ireland,Math,Female,High,FemaleHigh,523.4
2012,Ireland,Math,Female,High,FemaleHigh,530.8
2015,Ireland,Math,Female,High,FemaleHigh,528.7
2018,Ireland,Math,Female,High,FemaleHigh,527.9
2022,Ireland,Math,Female,High,FemaleHigh,514.9
2006,Ireland,Math,Female,Low,FemaleLow,468.2
2009,Ireland,Math,Female,Low,FemaleLow,452.8
2012,Ireland,Math,Female,Low,FemaleLow,460
2015,Ireland,Math,Female,Low,FemaleLow,466.1
2018,Ireland,Math,Female,Low,FemaleLow,470.7
2022,Ireland,Math,Female,Low,FemaleLow,451.5
2006,Ireland,Math,Female,Medium,FemaleMedium,506.2
2009,Ireland,Math,Female,Medium,FemaleMedium,497.7
2012,Ireland,Math,Female,Medium,FemaleMedium,499.7
2015,Ireland,Math,Female,Medium,FemaleMedium,495.9
2018,Ireland,Math,Female,Medium,FemaleMedium,496.5
2022,Ireland,Math,Female,Medium,FemaleMedium,478.2
2006,Ireland,Math,0,0,General,501.5
2009,Ireland,Math,0,0,General,487.1
2012,Ireland,Math,0,0,General,501.5
2015,Ireland,Math,0,0,General,503.7
2018,Ireland,Math,0,0,General,499.6
2022,Ireland,Math,0,0,General,491.6
2025,Ireland,Math,0,0,General,479.9
2006,Ireland,Math,0,High,GeneralHigh,538
2009,Ireland,Math,0,High,GeneralHigh,527.3
2012,Ireland,Math,0,High,GeneralHigh,542
2015,Ireland,Math,0,High,GeneralHigh,538.4
2018,Ireland,Math,0,High,GeneralHigh,531.4
2022,Ireland,Math,0,High,GeneralHigh,523.4
2025,Ireland,Math,0,High,GeneralHigh,511.1
2006,Ireland,Math,0,Low,GeneralLow,474.7
2009,Ireland,Math,0,Low,GeneralLow,457
2012,Ireland,Math,0,Low,GeneralLow,468.2
2015,Ireland,Math,0,Low,GeneralLow,472.5
2018,Ireland,Math,0,Low,GeneralLow,473.4
2022,Ireland,Math,0,Low,GeneralLow,458
2025,Ireland,Math,0,Low,GeneralLow,446.7
2006,Ireland,Math,0,Medium,GeneralMedium,509.5
2009,Ireland,Math,0,Medium,GeneralMedium,498.9
2012,Ireland,Math,0,Medium,GeneralMedium,504.5
2015,Ireland,Math,0,Medium,GeneralMedium,505.3
2018,Ireland,Math,0,Medium,GeneralMedium,501.8
2022,Ireland,Math,0,Medium,GeneralMedium,483.1
2025,Ireland,Math,0,Medium,GeneralMedium,475.5
2006,Ireland,Math,Male,0,Male,507.3
2009,Ireland,Math,Male,0,Male,490.9
2012,Ireland,Math,Male,0,Male,509
2015,Ireland,Math,Male,0,Male,511.6
2018,Ireland,Math,Male,0,Male,502.6
2022,Ireland,Math,Male,0,Male,497.8
2006,Ireland,Math,Male,High,MaleHigh,546.3
2009,Ireland,Math,Male,High,MaleHigh,530.8
2012,Ireland,Math,Male,High,MaleHigh,552.4
2015,Ireland,Math,Male,High,MaleHigh,547.6
2018,Ireland,Math,Male,High,MaleHigh,535.4
2022,Ireland,Math,Male,High,MaleHigh,531.6
2006,Ireland,Math,Male,Low,MaleLow,481.3
2009,Ireland,Math,Male,Low,MaleLow,461.3
2012,Ireland,Math,Male,Low,MaleLow,476.1
2015,Ireland,Math,Male,Low,MaleLow,478.6
2018,Ireland,Math,Male,Low,MaleLow,475.9
2022,Ireland,Math,Male,Low,MaleLow,464.3
2006,Ireland,Math,Male,Medium,MaleMedium,513
2009,Ireland,Math,Male,Medium,MaleMedium,500.1
2012,Ireland,Math,Male,Medium,MaleMedium,509.3
2015,Ireland,Math,Male,Medium,MaleMedium,514.2
2018,Ireland,Math,Male,Medium,MaleMedium,506.9
2022,Ireland,Math,Male,Medium,MaleMedium,487.7
2006,Ireland,Reading,Female,0,Female,534
2009,Ireland,Reading,Female,0,Female,515.5
2012,Ireland,Reading,Female,0,Female,537.7
2015,Ireland,Reading,Female,0,Female,526.9
2018,Ireland,Reading,Female,0,Female,529.6
2022,Ireland,Reading,Female,0,Female,525.4
2006,Ireland,Reading,Female,High,FemaleHigh,565.9
2009,Ireland,Reading,Female,High,FemaleHigh,561.7
2012,Ireland,Reading,Female,High,FemaleHigh,576.7
2015,Ireland,Reading,Female,High,FemaleHigh,562
2018,Ireland,Reading,Female,High,FemaleHigh,563.3
2022,Ireland,Reading,Female,High,FemaleHigh,555.5
2006,Ireland,Reading,Female,Low,FemaleLow,503.9
2009,Ireland,Reading,Female,Low,FemaleLow,484
2012,Ireland,Reading,Female,Low,FemaleLow,503.4
2015,Ireland,Reading,Female,Low,FemaleLow,496.7
2018,Ireland,Reading,Female,Low,FemaleLow,500.9
2022,Ireland,Reading,Female,Low,FemaleLow,491.2
2006,Ireland,Reading,Female,Medium,FemaleMedium,548.4
2009,Ireland,Reading,Female,Medium,FemaleMedium,528.7
2012,Ireland,Reading,Female,Medium,FemaleMedium,542.7
2015,Ireland,Reading,Female,Medium,FemaleMedium,527.7
2018,Ireland,Reading,Female,Medium,FemaleMedium,531.2
2022,Ireland,Reading,Female,Medium,FemaleMedium,519
2006,Ireland,Reading,0,0,General,517.3
2009,Ireland,Reading,0,0,General,495.6
2012,Ireland,Reading,0,0,General,523.2
2015,Ireland,Reading,0,0,General,520.8
2018,Ireland,Reading,0,0,General,518.1
2022,Ireland,Reading,0,0,General,516
2025,Ireland,Reading,0,0,General,500.4
2006,Ireland,Reading,0,High,GeneralHigh,552.7
2009,Ireland,Reading,0,High,GeneralHigh,540.3
2012,Ireland,Reading,0,High,GeneralHigh,565.4
2015,Ireland,Reading,0,High,GeneralHigh,556.3
2018,Ireland,Reading,0,High,GeneralHigh,553.9
2022,Ireland,Reading,0,High,GeneralHigh,548.2
2025,Ireland,Reading,0,High,GeneralHigh,532
2006,Ireland,Reading,0,Low,GeneralLow,488.8
2009,Ireland,Reading,0,Low,GeneralLow,464.2
2012,Ireland,Reading,0,Low,GeneralLow,488.4
2015,Ireland,Reading,0,Low,GeneralLow,489.5
2018,Ireland,Reading,0,Low,GeneralLow,489.2
2022,Ireland,Reading,0,Low,GeneralLow,480.4
2025,Ireland,Reading,0,Low,GeneralLow,469.1
2006,Ireland,Reading,0,Medium,GeneralMedium,528.2
2009,Ireland,Reading,0,Medium,GeneralMedium,507.3
2012,Ireland,Reading,0,Medium,GeneralMedium,526.9
2015,Ireland,Reading,0,Medium,GeneralMedium,522.9
2018,Ireland,Reading,0,Medium,GeneralMedium,520.5
2022,Ireland,Reading,0,Medium,GeneralMedium,508.8
2025,Ireland,Reading,0,Medium,GeneralMedium,496.4
2006,Ireland,Reading,Male,0,Male,500.2
2009,Ireland,Reading,Male,0,Male,476.3
2012,Ireland,Reading,Male,0,Male,509.2
2015,Ireland,Reading,Male,0,Male,515
2018,Ireland,Reading,Male,0,Male,506.4
2022,Ireland,Reading,Male,0,Male,507.1
2006,Ireland,Reading,Male,High,MaleHigh,539.4
2009,Ireland,Reading,Male,High,MaleHigh,521
2012,Ireland,Reading,Male,High,MaleHigh,554.9
2015,Ireland,Reading,Male,High,MaleHigh,550.8
2018,Ireland,Reading,Male,High,MaleHigh,543.2
2022,Ireland,Reading,Male,High,MaleHigh,541.3
2006,Ireland,Reading,Male,Low,MaleLow,473.7
2009,Ireland,Reading,Male,Low,MaleLow,444.5
2012,Ireland,Reading,Male,Low,MaleLow,473.8
2015,Ireland,Reading,Male,Low,MaleLow,482.5
2018,Ireland,Reading,Male,Low,MaleLow,478.3
2022,Ireland,Reading,Male,Low,MaleLow,469.9
2006,Ireland,Reading,Male,Medium,MaleMedium,506.5
2009,Ireland,Reading,Male,Medium,MaleMedium,485.8
2012,Ireland,Reading,Male,Medium,MaleMedium,510.8
2015,Ireland,Reading,Male,Medium,MaleMedium,518.3
2018,Ireland,Reading,Male,Medium,MaleMedium,509.9
2022,Ireland,Reading,Male,Medium,MaleMedium,499.2
2006,Ireland,Science,Female,0,Female,508.5
2009,Ireland,Science,Female,0,Female,509.4
2012,Ireland,Science,Female,0,Female,520
2015,Ireland,Science,Female,0,Female,497.2
2018,Ireland,Science,Female,0,Female,496.9
2022,Ireland,Science,Female,0,Female,501
2006,Ireland,Science,Female,High,FemaleHigh,544.8
2009,Ireland,Science,Female,High,FemaleHigh,552.8
2012,Ireland,Science,Female,High,FemaleHigh,560.2
2015,Ireland,Science,Female,High,FemaleHigh,533.1
2018,Ireland,Science,Female,High,FemaleHigh,531
2022,Ireland,Science,Female,High,FemaleHigh,532.1
2006,Ireland,Science,Female,Low,FemaleLow,478.8
2009,Ireland,Science,Female,Low,FemaleLow,477.2
2012,Ireland,Science,Female,Low,FemaleLow,483.7
2015,Ireland,Science,Female,Low,FemaleLow,466.6
2018,Ireland,Science,Female,Low,FemaleLow,466.6
2022,Ireland,Science,Female,Low,FemaleLow,466.2
2006,Ireland,Science,Female,Medium,FemaleMedium,519.8
2009,Ireland,Science,Female,Medium,FemaleMedium,524.5
2012,Ireland,Science,Female,Medium,FemaleMedium,526.3
2015,Ireland,Science,Female,Medium,FemaleMedium,497.2
2018,Ireland,Science,Female,Medium,FemaleMedium,498.8
2022,Ireland,Science,Female,Medium,FemaleMedium,493.6
2006,Ireland,Science,0,0,General,508.3
2009,Ireland,Science,0,0,General,508
2012,Ireland,Science,0,0,General,522
2015,Ireland,Science,0,0,General,502.6
2018,Ireland,Science,0,0,General,496.1
2022,Ireland,Science,0,0,General,503.8
2025,Ireland,Science,0,0,General,499.6
2006,Ireland,Science,0,High,GeneralHigh,548.2
2009,Ireland,Science,0,High,GeneralHigh,550.6
2012,Ireland,Science,0,High,GeneralHigh,565.3
2015,Ireland,Science,0,High,GeneralHigh,539.5
2018,Ireland,Science,0,High,GeneralHigh,531.3
2022,Ireland,Science,0,High,GeneralHigh,537.3
2025,Ireland,Science,0,High,GeneralHigh,531.3
2006,Ireland,Science,0,Low,GeneralLow,478.7
2009,Ireland,Science,0,Low,GeneralLow,476.2
2012,Ireland,Science,0,Low,GeneralLow,485.9
2015,Ireland,Science,0,Low,GeneralLow,469.7
2018,Ireland,Science,0,Low,GeneralLow,467.2
2022,Ireland,Science,0,Low,GeneralLow,468.3
2025,Ireland,Science,0,Low,GeneralLow,465.7
2006,Ireland,Science,0,Medium,GeneralMedium,517.6
2009,Ireland,Science,0,Medium,GeneralMedium,521.1
2012,Ireland,Science,0,Medium,GeneralMedium,526
2015,Ireland,Science,0,Medium,GeneralMedium,504.1
2018,Ireland,Science,0,Medium,GeneralMedium,498.7
2022,Ireland,Science,0,Medium,GeneralMedium,495.1
2025,Ireland,Science,0,Medium,GeneralMedium,496.1
2006,Ireland,Science,Male,0,Male,508.1
2009,Ireland,Science,Male,0,Male,506.6
2012,Ireland,Science,Male,0,Male,523.9
2015,Ireland,Science,Male,0,Male,507.7
2018,Ireland,Science,Male,0,Male,495.4
2022,Ireland,Science,Male,0,Male,506.6
2006,Ireland,Science,Male,High,MaleHigh,551.7
2009,Ireland,Science,Male,High,MaleHigh,548.6
2012,Ireland,Science,Male,High,MaleHigh,570.1
2015,Ireland,Science,Male,High,MaleHigh,545.6
2018,Ireland,Science,Male,High,MaleHigh,531.6
2022,Ireland,Science,Male,High,MaleHigh,542.3
2006,Ireland,Science,Male,Low,MaleLow,478.6
2009,Ireland,Science,Male,Low,MaleLow,475.1
2012,Ireland,Science,Male,Low,MaleLow,488
2015,Ireland,Science,Male,Low,MaleLow,472.8
2018,Ireland,Science,Male,Low,MaleLow,467.7
2022,Ireland,Science,Male,Low,MaleLow,470.3
2006,Ireland,Science,Male,Medium,MaleMedium,515.2
2009,Ireland,Science,Male,Medium,MaleMedium,517.7
2012,Ireland,Science,Male,Medium,MaleMedium,525.6
2015,Ireland,Science,Male,Medium,MaleMedium,510.8
2018,Ireland,Science,Male,Medium,MaleMedium,498.6
2022,Ireland,Science,Male,Medium,MaleMedium,496.5
2006,Israel,Math,Female,0,Female,435.9
2009,Israel,Math,Female,0,Female,442.8
2012,Israel,Math,Female,0,Female,460.7
2015,Israel,Math,Female,0,Female,465.5
2018,Israel,Math,Female,0,Female,467.4
2022,Israel,Math,Female,0,Female,452.2
2025,Israel,Math,Female,0,Female,431.8
2006,Israel,Math,Female,High,FemaleHigh,469.3
2009,Israel,Math,Female,High,FemaleHigh,499.7
2012,Israel,Math,Female,High,FemaleHigh,512.5
2015,Israel,Math,Female,High,FemaleHigh,509.2
2018,Israel,Math,Female,High,FemaleHigh,506.2
2022,Israel,Math,Female,High,FemaleHigh,499.5
2025,Israel,Math,Female,High,FemaleHigh,472.2
2006,Israel,Math,Female,Low,FemaleLow,391.8
2009,Israel,Math,Female,Low,FemaleLow,403.4
2012,Israel,Math,Female,Low,FemaleLow,412
2015,Israel,Math,Female,Low,FemaleLow,422.8
2018,Israel,Math,Female,Low,FemaleLow,414.6
2022,Israel,Math,Female,Low,FemaleLow,400.3
2025,Israel,Math,Female,Low,FemaleLow,394.7
2006,Israel,Math,Female,Medium,FemaleMedium,442.9
2009,Israel,Math,Female,Medium,FemaleMedium,460.5
2012,Israel,Math,Female,Medium,FemaleMedium,466.8
2015,Israel,Math,Female,Medium,FemaleMedium,472.6
2018,Israel,Math,Female,Medium,FemaleMedium,462.4
2022,Israel,Math,Female,Medium,FemaleMedium,452
2025,Israel,Math,Female,Medium,FemaleMedium,441.4
2006,Israel,Math,0,0,General,441.9
2009,Israel,Math,0,0,General,446.9
2012,Israel,Math,0,0,General,466.5
2015,Israel,Math,0,0,General,469.7
2018,Israel,Math,0,0,General,463
2022,Israel,Math,0,0,General,457.9
2025,Israel,Math,0,0,General,433.4
2006,Israel,Math,0,High,GeneralHigh,473.4
2009,Israel,Math,0,High,GeneralHigh,502.2
2012,Israel,Math,0,High,GeneralHigh,521.2
2015,Israel,Math,0,High,GeneralHigh,509.5
2018,Israel,Math,0,High,GeneralHigh,507.9
2022,Israel,Math,0,High,GeneralHigh,512.7
2025,Israel,Math,0,High,GeneralHigh,480.4
2006,Israel,Math,0,Low,GeneralLow,395.5
2009,Israel,Math,0,Low,GeneralLow,405.9
2012,Israel,Math,0,Low,GeneralLow,415.8
2015,Israel,Math,0,Low,GeneralLow,423.5
2018,Israel,Math,0,Low,GeneralLow,410.4
2022,Israel,Math,0,Low,GeneralLow,399.8
2025,Israel,Math,0,Low,GeneralLow,401.7
2006,Israel,Math,0,Medium,GeneralMedium,446.9
2009,Israel,Math,0,Medium,GeneralMedium,466.4
2012,Israel,Math,0,Medium,GeneralMedium,469.5
2015,Israel,Math,0,Medium,GeneralMedium,479.2
2018,Israel,Math,0,Medium,GeneralMedium,460
2022,Israel,Math,0,Medium,GeneralMedium,449.6
2025,Israel,Math,0,Medium,GeneralMedium,447.4
2006,Israel,Math,Male,0,Male,447.9
2009,Israel,Math,Male,0,Male,451.1
2012,Israel,Math,Male,0,Male,472.4
2015,Israel,Math,Male,0,Male,474
2018,Israel,Math,Male,0,Male,458.2
2022,Israel,Math,Male,0,Male,463.4
2025,Israel,Math,Male,0,Male,435
2006,Israel,Math,Male,High,MaleHigh,476.7
2009,Israel,Math,Male,High,MaleHigh,504.3
2012,Israel,Math,Male,High,MaleHigh,528.8
2015,Israel,Math,Male,High,MaleHigh,509.9
2018,Israel,Math,Male,High,MaleHigh,510
2022,Israel,Math,Male,High,MaleHigh,523.7
2025,Israel,Math,Male,High,MaleHigh,489.2
2006,Israel,Math,Male,Low,MaleLow,399.8
2009,Israel,Math,Male,Low,MaleLow,408.9
2012,Israel,Math,Male,Low,MaleLow,420.7
2015,Israel,Math,Male,Low,MaleLow,424.6
2018,Israel,Math,Male,Low,MaleLow,405.9
2022,Israel,Math,Male,Low,MaleLow,399.2
2025,Israel,Math,Male,Low,MaleLow,410.4
2006,Israel,Math,Male,Medium,MaleMedium,451.3
2009,Israel,Math,Male,Medium,MaleMedium,472.7
2012,Israel,Math,Male,Medium,MaleMedium,472.3
2015,Israel,Math,Male,Medium,MaleMedium,485.2
2018,Israel,Math,Male,Medium,MaleMedium,457.5
2022,Israel,Math,Male,Medium,MaleMedium,447.2
2025,Israel,Math,Male,Medium,MaleMedium,454
2006,Israel,Reading,Female,0,Female,459.5
2009,Israel,Reading,Female,0,Female,494.7
2012,Israel,Reading,Female,0,Female,507.5
2015,Israel,Reading,Female,0,Female,490.2
2018,Israel,Reading,Female,0,Female,493.2
2022,Israel,Reading,Female,0,Female,485.5
2025,Israel,Reading,Female,0,Female,455.1
2006,Israel,Reading,Female,High,FemaleHigh,490.4
2009,Israel,Reading,Female,High,FemaleHigh,549.1
2012,Israel,Reading,Female,High,FemaleHigh,554.7
2015,Israel,Reading,Female,High,FemaleHigh,536.8
2018,Israel,Reading,Female,High,FemaleHigh,537.3
2022,Israel,Reading,Female,High,FemaleHigh,535
2025,Israel,Reading,Female,High,FemaleHigh,491.4
2006,Israel,Reading,Female,Low,FemaleLow,415.8
2009,Israel,Reading,Female,Low,FemaleLow,456.1
2012,Israel,Reading,Female,Low,FemaleLow,463.8
2015,Israel,Reading,Female,Low,FemaleLow,446.1
2018,Israel,Reading,Female,Low,FemaleLow,432.3
2022,Israel,Reading,Female,Low,FemaleLow,429.3
2025,Israel,Reading,Female,Low,FemaleLow,428.1
2006,Israel,Reading,Female,Medium,FemaleMedium,468.1
2009,Israel,Reading,Female,Medium,FemaleMedium,513.8
2012,Israel,Reading,Female,Medium,FemaleMedium,514
2015,Israel,Reading,Female,Medium,FemaleMedium,496.6
2018,Israel,Reading,Female,Medium,FemaleMedium,489.2
2022,Israel,Reading,Female,Medium,FemaleMedium,488.6
2025,Israel,Reading,Female,Medium,FemaleMedium,466
2006,Israel,Reading,0,0,General,438.7
2009,Israel,Reading,0,0,General,474
2012,Israel,Reading,0,0,General,485.8
2015,Israel,Reading,0,0,General,479
2018,Israel,Reading,0,0,General,470.4
2022,Israel,Reading,0,0,General,473.8
2025,Israel,Reading,0,0,General,435.8
2006,Israel,Reading,0,High,GeneralHigh,465.7
2009,Israel,Reading,0,High,GeneralHigh,525.5
2012,Israel,Reading,0,High,GeneralHigh,534.9
2015,Israel,Reading,0,High,GeneralHigh,521
2018,Israel,Reading,0,High,GeneralHigh,522.4
2022,Israel,Reading,0,High,GeneralHigh,528
2025,Israel,Reading,0,High,GeneralHigh,482.1
2006,Israel,Reading,0,Low,GeneralLow,394.5
2009,Israel,Reading,0,Low,GeneralLow,434.6
2012,Israel,Reading,0,Low,GeneralLow,441.9
2015,Israel,Reading,0,Low,GeneralLow,432.9
2018,Israel,Reading,0,Low,GeneralLow,411
2022,Israel,Reading,0,Low,GeneralLow,414.5
2025,Israel,Reading,0,Low,GeneralLow,415.2
2006,Israel,Reading,0,Medium,GeneralMedium,445.9
2009,Israel,Reading,0,Medium,GeneralMedium,496.4
2012,Israel,Reading,0,Medium,GeneralMedium,489.9
2015,Israel,Reading,0,Medium,GeneralMedium,488.3
2018,Israel,Reading,0,Medium,GeneralMedium,465.6
2022,Israel,Reading,0,Medium,GeneralMedium,469.1
2025,Israel,Reading,0,Medium,GeneralMedium,452.6
2006,Israel,Reading,Male,0,Male,417.5
2009,Israel,Reading,Male,0,Male,452.5
2012,Israel,Reading,Male,0,Male,463.5
2015,Israel,Reading,Male,0,Male,467.3
2018,Israel,Reading,Male,0,Male,445.1
2022,Israel,Reading,Male,0,Male,462.5
2025,Israel,Reading,Male,0,Male,416.6
2006,Israel,Reading,Male,High,MaleHigh,445.9
2009,Israel,Reading,Male,High,MaleHigh,505.4
2012,Israel,Reading,Male,High,MaleHigh,517.5
2015,Israel,Reading,Male,High,MaleHigh,504.9
2018,Israel,Reading,Male,High,MaleHigh,503.5
2022,Israel,Reading,Male,High,MaleHigh,522.1
2025,Israel,Reading,Male,High,MaleHigh,472.1
2006,Israel,Reading,Male,Low,MaleLow,369.2
2009,Israel,Reading,Male,Low,MaleLow,408.7
2012,Israel,Reading,Male,Low,MaleLow,413.4
2015,Israel,Reading,Male,Low,MaleLow,415.3
2018,Israel,Reading,Male,Low,MaleLow,388
2022,Israel,Reading,Male,Low,MaleLow,396.3
2025,Israel,Reading,Male,Low,MaleLow,399.1
2006,Israel,Reading,Male,Medium,MaleMedium,421.4
2009,Israel,Reading,Male,Medium,MaleMedium,477.8
2012,Israel,Reading,Male,Medium,MaleMedium,465.8
2015,Israel,Reading,Male,Medium,MaleMedium,480.6
2018,Israel,Reading,Male,Medium,MaleMedium,441.3
2022,Israel,Reading,Male,Medium,MaleMedium,449.4
2025,Israel,Reading,Male,Medium,MaleMedium,438.1
2006,Israel,Science,Female,0,Female,452.2
2009,Israel,Science,Female,0,Female,456.2
2012,Israel,Science,Female,0,Female,470.4
2015,Israel,Science,Female,0,Female,464.4
2018,Israel,Science,Female,0,Female,471.3
2022,Israel,Science,Female,0,Female,465
2025,Israel,Science,Female,0,Female,448.7
2006,Israel,Science,Female,High,FemaleHigh,488.2
2009,Israel,Science,Female,High,FemaleHigh,515.8
2012,Israel,Science,Female,High,FemaleHigh,522
2015,Israel,Science,Female,High,FemaleHigh,511.8
2018,Israel,Science,Female,High,FemaleHigh,511.5
2022,Israel,Science,Female,High,FemaleHigh,513.6
2025,Israel,Science,Female,High,FemaleHigh,491.2
2006,Israel,Science,Female,Low,FemaleLow,408.6
2009,Israel,Science,Female,Low,FemaleLow,416.1
2012,Israel,Science,Female,Low,FemaleLow,424.3
2015,Israel,Science,Female,Low,FemaleLow,422
2018,Israel,Science,Female,Low,FemaleLow,417.5
2022,Israel,Science,Female,Low,FemaleLow,414
2025,Israel,Science,Female,Low,FemaleLow,416.7
2006,Israel,Science,Female,Medium,FemaleMedium,457
2009,Israel,Science,Female,Medium,FemaleMedium,474.4
2012,Israel,Science,Female,Medium,FemaleMedium,475.1
2015,Israel,Science,Female,Medium,FemaleMedium,468.8
2018,Israel,Science,Female,Medium,FemaleMedium,466
2022,Israel,Science,Female,Medium,FemaleMedium,463.3
2025,Israel,Science,Female,Medium,FemaleMedium,456.7
2006,Israel,Science,0,0,General,453.9
2009,Israel,Science,0,0,General,454.9
2012,Israel,Science,0,0,General,470.1
2015,Israel,Science,0,0,General,466.6
2018,Israel,Science,0,0,General,462.2
2022,Israel,Science,0,0,General,464.8
2025,Israel,Science,0,0,General,442
2006,Israel,Science,0,High,GeneralHigh,486
2009,Israel,Science,0,High,GeneralHigh,510
2012,Israel,Science,0,High,GeneralHigh,524.1
2015,Israel,Science,0,High,GeneralHigh,510.7
2018,Israel,Science,0,High,GeneralHigh,509.1
2022,Israel,Science,0,High,GeneralHigh,517.8
2025,Israel,Science,0,High,GeneralHigh,492.7
2006,Israel,Science,0,Low,GeneralLow,408.3
2009,Israel,Science,0,Low,GeneralLow,414.2
2012,Israel,Science,0,Low,GeneralLow,421.7
2015,Israel,Science,0,Low,GeneralLow,420.8
2018,Israel,Science,0,Low,GeneralLow,408.8
2022,Israel,Science,0,Low,GeneralLow,408.2
2025,Israel,Science,0,Low,GeneralLow,414.7
2006,Israel,Science,0,Medium,GeneralMedium,457.9
2009,Israel,Science,0,Medium,GeneralMedium,474.9
2012,Israel,Science,0,Medium,GeneralMedium,472.5
2015,Israel,Science,0,Medium,GeneralMedium,473.4
2018,Israel,Science,0,Medium,GeneralMedium,457.6
2022,Israel,Science,0,Medium,GeneralMedium,457.4
2025,Israel,Science,0,Medium,GeneralMedium,456.8
2006,Israel,Science,Male,0,Male,455.6
2009,Israel,Science,Male,0,Male,453.4
2012,Israel,Science,Male,0,Male,469.7
2015,Israel,Science,Male,0,Male,468.7
2018,Israel,Science,Male,0,Male,452
2022,Israel,Science,Male,0,Male,464.5
2025,Israel,Science,Male,0,Male,435.3
2006,Israel,Science,Male,High,MaleHigh,484.3
2009,Israel,Science,Male,High,MaleHigh,505
2012,Israel,Science,Male,High,MaleHigh,525.9
2015,Israel,Science,Male,High,MaleHigh,509.5
2018,Israel,Science,Male,High,MaleHigh,506
2022,Israel,Science,Male,High,MaleHigh,521.3
2025,Israel,Science,Male,High,MaleHigh,494.2
2006,Israel,Science,Male,Low,MaleLow,407.9
2009,Israel,Science,Male,Low,MaleLow,411.7
2012,Israel,Science,Male,Low,MaleLow,418.3
2015,Israel,Science,Male,Low,MaleLow,419.2
2018,Israel,Science,Male,Low,MaleLow,399.4
2022,Israel,Science,Male,Low,MaleLow,401.2
2025,Israel,Science,Male,Low,MaleLow,412.2
2006,Israel,Science,Male,Medium,MaleMedium,458.9
2009,Israel,Science,Male,Medium,MaleMedium,475.3
2012,Israel,Science,Male,Medium,MaleMedium,469.9
2015,Israel,Science,Male,Medium,MaleMedium,477.6
2018,Israel,Science,Male,Medium,MaleMedium,448.9
2022,Israel,Science,Male,Medium,MaleMedium,451.5
2025,Israel,Science,Male,Medium,MaleMedium,457
2006,Italy,Math,Female,0,Female,453.5
2009,Italy,Math,Female,0,Female,475.4
2012,Italy,Math,Female,0,Female,475.8
2015,Italy,Math,Female,0,Female,479.8
2018,Italy,Math,Female,0,Female,478.5
2022,Italy,Math,Female,0,Female,460.9
2025,Italy,Math,Female,0,Female,459.4
2006,Italy,Math,Female,High,FemaleHigh,490.6
2009,Italy,Math,Female,High,FemaleHigh,508.9
2012,Italy,Math,Female,High,FemaleHigh,509.2
2015,Italy,Math,Female,High,FemaleHigh,522
2018,Italy,Math,Female,High,FemaleHigh,524.6
2022,Italy,Math,Female,High,FemaleHigh,502
2025,Italy,Math,Female,High,FemaleHigh,502.4
2006,Italy,Math,Female,Low,FemaleLow,428.5
2009,Italy,Math,Female,Low,FemaleLow,452.7
2012,Italy,Math,Female,Low,FemaleLow,452.1
2015,Italy,Math,Female,Low,FemaleLow,456.2
2018,Italy,Math,Female,Low,FemaleLow,455.9
2022,Italy,Math,Female,Low,FemaleLow,436.3
2025,Italy,Math,Female,Low,FemaleLow,433.6
2006,Italy,Math,Female,Medium,FemaleMedium,467.5
2009,Italy,Math,Female,Medium,FemaleMedium,488.3
2012,Italy,Math,Female,Medium,FemaleMedium,488.4
2015,Italy,Math,Female,Medium,FemaleMedium,488.4
2018,Italy,Math,Female,Medium,FemaleMedium,492.9
2022,Italy,Math,Female,Medium,FemaleMedium,469.7
2025,Italy,Math,Female,Medium,FemaleMedium,471.9
2006,Italy,Math,0,0,General,461.7
2009,Italy,Math,0,0,General,482.9
2012,Italy,Math,0,0,General,485.3
2015,Italy,Math,0,0,General,489.7
2018,Italy,Math,0,0,General,486.6
2022,Italy,Math,0,0,General,471.3
2025,Italy,Math,0,0,General,467.8
2006,Italy,Math,0,High,GeneralHigh,496.6
2009,Italy,Math,0,High,GeneralHigh,520.7
2012,Italy,Math,0,High,GeneralHigh,523.1
2015,Italy,Math,0,High,GeneralHigh,529.3
2018,Italy,Math,0,High,GeneralHigh,532.8
2022,Italy,Math,0,High,GeneralHigh,516.1
2025,Italy,Math,0,High,GeneralHigh,510.1
2006,Italy,Math,0,Low,GeneralLow,436
2009,Italy,Math,0,Low,GeneralLow,458.6
2012,Italy,Math,0,Low,GeneralLow,458.5
2015,Italy,Math,0,Low,GeneralLow,464.6
2018,Italy,Math,0,Low,GeneralLow,464.6
2022,Italy,Math,0,Low,GeneralLow,444.2
2025,Italy,Math,0,Low,GeneralLow,443.4
2006,Italy,Math,0,Medium,GeneralMedium,474.4
2009,Italy,Math,0,Medium,GeneralMedium,494.8
2012,Italy,Math,0,Medium,GeneralMedium,496.8
2015,Italy,Math,0,Medium,GeneralMedium,498.3
2018,Italy,Math,0,Medium,GeneralMedium,498.5
2022,Italy,Math,0,Medium,GeneralMedium,479.1
2025,Italy,Math,0,Medium,GeneralMedium,480.4
2006,Italy,Math,Male,0,Male,470.1
2009,Italy,Math,Male,0,Male,490
2012,Italy,Math,Male,0,Male,494.2
2015,Italy,Math,Male,0,Male,499.8
2018,Italy,Math,Male,0,Male,494.1
2022,Italy,Math,Male,0,Male,482
2025,Italy,Math,Male,0,Male,476.3
2006,Italy,Math,Male,High,MaleHigh,501.9
2009,Italy,Math,Male,High,MaleHigh,531.7
2012,Italy,Math,Male,High,MaleHigh,535.4
2015,Italy,Math,Male,High,MaleHigh,535.3
2018,Italy,Math,Male,High,MaleHigh,539.9
2022,Italy,Math,Male,High,MaleHigh,528.8
2025,Italy,Math,Male,High,MaleHigh,518.3
2006,Italy,Math,Male,Low,MaleLow,444.5
2009,Italy,Math,Male,Low,MaleLow,464.3
2012,Italy,Math,Male,Low,MaleLow,464.9
2015,Italy,Math,Male,Low,MaleLow,474.2
2018,Italy,Math,Male,Low,MaleLow,473.1
2022,Italy,Math,Male,Low,MaleLow,452.7
2025,Italy,Math,Male,Low,MaleLow,454.2
2006,Italy,Math,Male,Medium,MaleMedium,481
2009,Italy,Math,Male,Medium,MaleMedium,500.8
2012,Italy,Math,Male,Medium,MaleMedium,504.4
2015,Italy,Math,Male,Medium,MaleMedium,508.7
2018,Italy,Math,Male,Medium,MaleMedium,503.8
2022,Italy,Math,Male,Medium,MaleMedium,489.5
2025,Italy,Math,Male,Medium,MaleMedium,488.5
2006,Italy,Reading,Female,0,Female,489
2009,Italy,Reading,Female,0,Female,509.5
2012,Italy,Reading,Female,0,Female,509.9
2015,Italy,Reading,Female,0,Female,492.7
2018,Italy,Reading,Female,0,Female,489.1
2022,Italy,Reading,Female,0,Female,491
2025,Italy,Reading,Female,0,Female,488.1
2006,Italy,Reading,Female,High,FemaleHigh,526.7
2009,Italy,Reading,Female,High,FemaleHigh,549.6
2012,Italy,Reading,Female,High,FemaleHigh,545.9
2015,Italy,Reading,Female,High,FemaleHigh,535.5
2018,Italy,Reading,Female,High,FemaleHigh,528
2022,Italy,Reading,Female,High,FemaleHigh,529.7
2025,Italy,Reading,Female,High,FemaleHigh,529.9
2006,Italy,Reading,Female,Low,FemaleLow,460.5
2009,Italy,Reading,Female,Low,FemaleLow,482.4
2012,Italy,Reading,Female,Low,FemaleLow,485.2
2015,Italy,Reading,Female,Low,FemaleLow,466.3
2018,Italy,Reading,Female,Low,FemaleLow,467.7
2022,Italy,Reading,Female,Low,FemaleLow,468.1
2025,Italy,Reading,Female,Low,FemaleLow,462.6
2006,Italy,Reading,Female,Medium,FemaleMedium,507.8
2009,Italy,Reading,Female,Medium,FemaleMedium,524.9
2012,Italy,Reading,Female,Medium,FemaleMedium,522.9
2015,Italy,Reading,Female,Medium,FemaleMedium,505.9
2018,Italy,Reading,Female,Medium,FemaleMedium,506.3
2022,Italy,Reading,Female,Medium,FemaleMedium,500.1
2025,Italy,Reading,Female,Medium,FemaleMedium,502.4
2006,Italy,Reading,0,0,General,468.5
2009,Italy,Reading,0,0,General,486.1
2012,Italy,Reading,0,0,General,489.8
2015,Italy,Reading,0,0,General,484.8
2018,Italy,Reading,0,0,General,476.3
2022,Italy,Reading,0,0,General,481.6
2025,Italy,Reading,0,0,General,474.3
2006,Italy,Reading,0,High,GeneralHigh,503.1
2009,Italy,Reading,0,High,GeneralHigh,530.4
2012,Italy,Reading,0,High,GeneralHigh,529
2015,Italy,Reading,0,High,GeneralHigh,524.4
2018,Italy,Reading,0,High,GeneralHigh,517.3
2022,Italy,Reading,0,High,GeneralHigh,522.1
2025,Italy,Reading,0,High,GeneralHigh,516.6
2006,Italy,Reading,0,Low,GeneralLow,441.8
2009,Italy,Reading,0,Low,GeneralLow,457.4
2012,Italy,Reading,0,Low,GeneralLow,462.8
2015,Italy,Reading,0,Low,GeneralLow,457.9
2018,Italy,Reading,0,Low,GeneralLow,456.2
2022,Italy,Reading,0,Low,GeneralLow,456.6
2025,Italy,Reading,0,Low,GeneralLow,451.2
2006,Italy,Reading,0,Medium,GeneralMedium,482.8
2009,Italy,Reading,0,Medium,GeneralMedium,500.1
2012,Italy,Reading,0,Medium,GeneralMedium,501.6
2015,Italy,Reading,0,Medium,GeneralMedium,496.3
2018,Italy,Reading,0,Medium,GeneralMedium,489.1
2022,Italy,Reading,0,Medium,GeneralMedium,490.6
2025,Italy,Reading,0,Medium,GeneralMedium,487.2
2006,Italy,Reading,Male,0,Male,447.7
2009,Italy,Reading,Male,0,Male,463.8
2012,Italy,Reading,Male,0,Male,470.9
2015,Italy,Reading,Male,0,Male,476.7
2018,Italy,Reading,Male,0,Male,464.3
2022,Italy,Reading,Male,0,Male,471.9
2025,Italy,Reading,Male,0,Male,460.2
2006,Italy,Reading,Male,High,MaleHigh,482
2009,Italy,Reading,Male,High,MaleHigh,512.7
2012,Italy,Reading,Male,High,MaleHigh,514.2
2015,Italy,Reading,Male,High,MaleHigh,515.2
2018,Italy,Reading,Male,High,MaleHigh,508.1
2022,Italy,Reading,Male,High,MaleHigh,515.2
2025,Italy,Reading,Male,High,MaleHigh,502.5
2006,Italy,Reading,Male,Low,MaleLow,420.6
2009,Italy,Reading,Male,Low,MaleLow,433.3
2012,Italy,Reading,Male,Low,MaleLow,440.4
2015,Italy,Reading,Male,Low,MaleLow,448.3
2018,Italy,Reading,Male,Low,MaleLow,444.9
2022,Italy,Reading,Male,Low,MaleLow,444.3
2025,Italy,Reading,Male,Low,MaleLow,438.6
2006,Italy,Reading,Male,Medium,MaleMedium,458.8
2009,Italy,Reading,Male,Medium,MaleMedium,477
2012,Italy,Reading,Male,Medium,MaleMedium,482.5
2015,Italy,Reading,Male,Medium,MaleMedium,486.4
2018,Italy,Reading,Male,Medium,MaleMedium,472.9
2022,Italy,Reading,Male,Medium,MaleMedium,480.2
2025,Italy,Reading,Male,Medium,MaleMedium,472.9
2006,Italy,Science,Female,0,Female,473.9
2009,Italy,Science,Female,0,Female,489.8
2012,Italy,Science,Female,0,Female,492.1
2015,Italy,Science,Female,0,Female,472.1
2018,Italy,Science,Female,0,Female,466.3
2022,Italy,Science,Female,0,Female,474.3
2025,Italy,Science,Female,0,Female,481.5
2006,Italy,Science,Female,High,FemaleHigh,513.9
2009,Italy,Science,Female,High,FemaleHigh,527.2
2012,Italy,Science,Female,High,FemaleHigh,526
2015,Italy,Science,Female,High,FemaleHigh,512.8
2018,Italy,Science,Female,High,FemaleHigh,503.2
2022,Italy,Science,Female,High,FemaleHigh,515.7
2025,Italy,Science,Female,High,FemaleHigh,522.5
2006,Italy,Science,Female,Low,FemaleLow,445.8
2009,Italy,Science,Female,Low,FemaleLow,463.3
2012,Italy,Science,Female,Low,FemaleLow,468.1
2015,Italy,Science,Female,Low,FemaleLow,449
2018,Italy,Science,Female,Low,FemaleLow,446.8
2022,Italy,Science,Female,Low,FemaleLow,449.4
2025,Italy,Science,Female,Low,FemaleLow,455.8
2006,Italy,Science,Female,Medium,FemaleMedium,490.8
2009,Italy,Science,Female,Medium,FemaleMedium,506
2012,Italy,Science,Female,Medium,FemaleMedium,504.2
2015,Italy,Science,Female,Medium,FemaleMedium,481.1
2018,Italy,Science,Female,Medium,FemaleMedium,480.7
2022,Italy,Science,Female,Medium,FemaleMedium,483.5
2025,Italy,Science,Female,Medium,FemaleMedium,496
2006,Italy,Science,0,0,General,475.4
2009,Italy,Science,0,0,General,488.8
2012,Italy,Science,0,0,General,493.5
2015,Italy,Science,0,0,General,480.5
2018,Italy,Science,0,0,General,468
2022,Italy,Science,0,0,General,477.5
2025,Italy,Science,0,0,General,483
2006,Italy,Science,0,High,GeneralHigh,512.1
2009,Italy,Science,0,High,GeneralHigh,530
2012,Italy,Science,0,High,GeneralHigh,530.2
2015,Italy,Science,0,High,GeneralHigh,518
2018,Italy,Science,0,High,GeneralHigh,505.9
2022,Italy,Science,0,High,GeneralHigh,523
2025,Italy,Science,0,High,GeneralHigh,524.8
2006,Italy,Science,0,Low,GeneralLow,447.8
2009,Italy,Science,0,Low,GeneralLow,460.6
2012,Italy,Science,0,Low,GeneralLow,467.2
2015,Italy,Science,0,Low,GeneralLow,456
2018,Italy,Science,0,Low,GeneralLow,449.2
2022,Italy,Science,0,Low,GeneralLow,449.7
2025,Italy,Science,0,Low,GeneralLow,459.1
2006,Italy,Science,0,Medium,GeneralMedium,489.5
2009,Italy,Science,0,Medium,GeneralMedium,504.3
2012,Italy,Science,0,Medium,GeneralMedium,505
2015,Italy,Science,0,Medium,GeneralMedium,489.7
2018,Italy,Science,0,Medium,GeneralMedium,478.9
2022,Italy,Science,0,Medium,GeneralMedium,486.2
2025,Italy,Science,0,Medium,GeneralMedium,496.1
2006,Italy,Science,Male,0,Male,476.9
2009,Italy,Science,Male,0,Male,487.9
2012,Italy,Science,Male,0,Male,494.9
2015,Italy,Science,Male,0,Male,489.1
2018,Italy,Science,Male,0,Male,469.6
2022,Italy,Science,Male,0,Male,480.8
2025,Italy,Science,Male,0,Male,484.5
2006,Italy,Science,Male,High,MaleHigh,510.6
2009,Italy,Science,Male,High,MaleHigh,532.7
2012,Italy,Science,Male,High,MaleHigh,533.8
2015,Italy,Science,Male,High,MaleHigh,522.3
2018,Italy,Science,Male,High,MaleHigh,508.2
2022,Italy,Science,Male,High,MaleHigh,529.6
2025,Italy,Science,Male,High,MaleHigh,527.3
2006,Italy,Science,Male,Low,MaleLow,450.1
2009,Italy,Science,Male,Low,MaleLow,458
2012,Italy,Science,Male,Low,MaleLow,466.3
2015,Italy,Science,Male,Low,MaleLow,463.9
2018,Italy,Science,Male,Low,MaleLow,451.6
2022,Italy,Science,Male,Low,MaleLow,450.1
2025,Italy,Science,Male,Low,MaleLow,462.9
2006,Italy,Science,Male,Medium,MaleMedium,488.3
2009,Italy,Science,Male,Medium,MaleMedium,502.8
2012,Italy,Science,Male,Medium,MaleMedium,505.8
2015,Italy,Science,Male,Medium,MaleMedium,498.7
2018,Italy,Science,Male,Medium,MaleMedium,477.2
2022,Italy,Science,Male,Medium,MaleMedium,489.2
2025,Italy,Science,Male,Medium,MaleMedium,496.3
2022,Jamaica,Math,Female,0,Female,383.6
2022,Jamaica,Math,Female,High,FemaleHigh,423.1
2022,Jamaica,Math,Female,Low,FemaleLow,371.7
2022,Jamaica,Math,Female,Medium,FemaleMedium,402.7
2022,Jamaica,Math,0,0,General,377.4
2022,Jamaica,Math,0,High,GeneralHigh,416.6
2022,Jamaica,Math,0,Low,GeneralLow,368.2
2022,Jamaica,Math,0,Medium,GeneralMedium,392.7
2022,Jamaica,Math,Male,0,Male,370.1
2022,Jamaica,Math,Male,High,MaleHigh,408.3
2022,Jamaica,Math,Male,Low,MaleLow,363.8
2022,Jamaica,Math,Male,Medium,MaleMedium,381.4
2022,Jamaica,Reading,Female,0,Female,425.8
2022,Jamaica,Reading,Female,High,FemaleHigh,483.8
2022,Jamaica,Reading,Female,Low,FemaleLow,410.1
2022,Jamaica,Reading,Female,Medium,FemaleMedium,451.6
2022,Jamaica,Reading,0,0,General,409.6
2022,Jamaica,Reading,0,High,GeneralHigh,464.3
2022,Jamaica,Reading,0,Low,GeneralLow,398.1
2022,Jamaica,Reading,0,Medium,GeneralMedium,428.6
2022,Jamaica,Reading,Male,0,Male,390.6
2022,Jamaica,Reading,Male,High,MaleHigh,439.3
2022,Jamaica,Reading,Male,Low,MaleLow,383.1
2022,Jamaica,Reading,Male,Medium,MaleMedium,402.9
2022,Jamaica,Science,Female,0,Female,412.1
2022,Jamaica,Science,Female,High,FemaleHigh,467.4
2022,Jamaica,Science,Female,Low,FemaleLow,397.9
2022,Jamaica,Science,Female,Medium,FemaleMedium,437.5
2022,Jamaica,Science,0,0,General,402.9
2022,Jamaica,Science,0,High,GeneralHigh,456.5
2022,Jamaica,Science,0,Low,GeneralLow,392.4
2022,Jamaica,Science,0,Medium,GeneralMedium,422.6
2022,Jamaica,Science,Male,0,Male,392.1
2022,Jamaica,Science,Male,High,MaleHigh,442.6
2022,Jamaica,Science,Male,Low,MaleLow,385.5
2022,Jamaica,Science,Male,Medium,MaleMedium,405.8
2006,Japan,Math,Female,0,Female,513.2
2009,Japan,Math,Female,0,Female,524.1
2012,Japan,Math,Female,0,Female,527
2015,Japan,Math,Female,0,Female,525.5
2018,Japan,Math,Female,0,Female,522
2022,Japan,Math,Female,0,Female,531.1
2025,Japan,Math,Female,0,Female,517
2006,Japan,Math,Female,High,FemaleHigh,547.5
2009,Japan,Math,Female,High,FemaleHigh,559.8
2012,Japan,Math,Female,High,FemaleHigh,565.2
2015,Japan,Math,Female,High,FemaleHigh,578.5
2018,Japan,Math,Female,High,FemaleHigh,554.4
2022,Japan,Math,Female,High,FemaleHigh,574.7
2025,Japan,Math,Female,High,FemaleHigh,568.6
2006,Japan,Math,Female,Low,FemaleLow,483.9
2009,Japan,Math,Female,Low,FemaleLow,498.9
2012,Japan,Math,Female,Low,FemaleLow,500.5
2015,Japan,Math,Female,Low,FemaleLow,500.4
2018,Japan,Math,Female,Low,FemaleLow,498
2022,Japan,Math,Female,Low,FemaleLow,499.1
2025,Japan,Math,Female,Low,FemaleLow,483.7
2006,Japan,Math,Female,Medium,FemaleMedium,528.4
2009,Japan,Math,Female,Medium,FemaleMedium,535.5
2012,Japan,Math,Female,Medium,FemaleMedium,544.7
2015,Japan,Math,Female,Medium,FemaleMedium,543.4
2018,Japan,Math,Female,Medium,FemaleMedium,534.9
2022,Japan,Math,Female,Medium,FemaleMedium,542.1
2025,Japan,Math,Female,Medium,FemaleMedium,532.8
2006,Japan,Math,0,0,General,523.1
2009,Japan,Math,0,0,General,529
2012,Japan,Math,0,0,General,536.4
2015,Japan,Math,0,0,General,532.4
2018,Japan,Math,0,0,General,527
2022,Japan,Math,0,0,General,535.6
2025,Japan,Math,0,0,General,525.4
2006,Japan,Math,0,High,GeneralHigh,550
2009,Japan,Math,0,High,GeneralHigh,568
2012,Japan,Math,0,High,GeneralHigh,578
2015,Japan,Math,0,High,GeneralHigh,579.9
2018,Japan,Math,0,High,GeneralHigh,558.8
2022,Japan,Math,0,High,GeneralHigh,579.9
2025,Japan,Math,0,High,GeneralHigh,568.3
2006,Japan,Math,0,Low,GeneralLow,495.6
2009,Japan,Math,0,Low,GeneralLow,501.1
2012,Japan,Math,0,Low,GeneralLow,511.7
2015,Japan,Math,0,Low,GeneralLow,509.1
2018,Japan,Math,0,Low,GeneralLow,501.1
2022,Japan,Math,0,Low,GeneralLow,501.3
2025,Japan,Math,0,Low,GeneralLow,496.1
2006,Japan,Math,0,Medium,GeneralMedium,538.8
2009,Japan,Math,0,Medium,GeneralMedium,543
2012,Japan,Math,0,Medium,GeneralMedium,552.4
2015,Japan,Math,0,Medium,GeneralMedium,550.9
2018,Japan,Math,0,Medium,GeneralMedium,542.6
2022,Japan,Math,0,Medium,GeneralMedium,548.5
2025,Japan,Math,0,Medium,GeneralMedium,543.5
2006,Japan,Math,Male,0,Male,532.9
2009,Japan,Math,Male,0,Male,533.6
2012,Japan,Math,Male,0,Male,544.9
2015,Japan,Math,Male,0,Male,539.3
2018,Japan,Math,Male,0,Male,532.2
2022,Japan,Math,Male,0,Male,540.1
2025,Japan,Math,Male,0,Male,533.3
2006,Japan,Math,Male,High,MaleHigh,552.4
2009,Japan,Math,Male,High,MaleHigh,576.2
2012,Japan,Math,Male,High,MaleHigh,589.7
2015,Japan,Math,Male,High,MaleHigh,581.3
2018,Japan,Math,Male,High,MaleHigh,563.4
2022,Japan,Math,Male,High,MaleHigh,585.6
2025,Japan,Math,Male,High,MaleHigh,568
2006,Japan,Math,Male,Low,MaleLow,507.8
2009,Japan,Math,Male,Low,MaleLow,503
2012,Japan,Math,Male,Low,MaleLow,522.1
2015,Japan,Math,Male,Low,MaleLow,517.7
2018,Japan,Math,Male,Low,MaleLow,504.3
2022,Japan,Math,Male,Low,MaleLow,503.6
2025,Japan,Math,Male,Low,MaleLow,507.7
2006,Japan,Math,Male,Medium,MaleMedium,548.7
2009,Japan,Math,Male,Medium,MaleMedium,550.4
2012,Japan,Math,Male,Medium,MaleMedium,559.4
2015,Japan,Math,Male,Medium,MaleMedium,558.4
2018,Japan,Math,Male,Medium,MaleMedium,551.2
2022,Japan,Math,Male,Medium,MaleMedium,554.6
2025,Japan,Math,Male,Medium,MaleMedium,553.6
2006,Japan,Reading,Female,0,Female,513.3
2009,Japan,Reading,Female,0,Female,539.9
2012,Japan,Reading,Female,0,Female,550.7
2015,Japan,Reading,Female,0,Female,522.7
2018,Japan,Reading,Female,0,Female,513.8
2022,Japan,Reading,Female,0,Female,524.1
2025,Japan,Reading,Female,0,Female,509.9
2006,Japan,Reading,Female,High,FemaleHigh,542.8
2009,Japan,Reading,Female,High,FemaleHigh,576.3
2012,Japan,Reading,Female,High,FemaleHigh,585
2015,Japan,Reading,Female,High,FemaleHigh,572.8
2018,Japan,Reading,Female,High,FemaleHigh,548.6
2022,Japan,Reading,Female,High,FemaleHigh,561.7
2025,Japan,Reading,Female,High,FemaleHigh,550.8
2006,Japan,Reading,Female,Low,FemaleLow,484
2009,Japan,Reading,Female,Low,FemaleLow,515.8
2012,Japan,Reading,Female,Low,FemaleLow,528
2015,Japan,Reading,Female,Low,FemaleLow,498.2
2018,Japan,Reading,Female,Low,FemaleLow,488.4
2022,Japan,Reading,Female,Low,FemaleLow,494.9
2025,Japan,Reading,Female,Low,FemaleLow,483.9
2006,Japan,Reading,Female,Medium,FemaleMedium,530.7
2009,Japan,Reading,Female,Medium,FemaleMedium,550.4
2012,Japan,Reading,Female,Medium,FemaleMedium,567.2
2015,Japan,Reading,Female,Medium,FemaleMedium,540.6
2018,Japan,Reading,Female,Medium,FemaleMedium,527.1
2022,Japan,Reading,Female,Medium,FemaleMedium,535.2
2025,Japan,Reading,Female,Medium,FemaleMedium,525.1
2006,Japan,Reading,0,0,General,498
2009,Japan,Reading,0,0,General,519.9
2012,Japan,Reading,0,0,General,538.1
2015,Japan,Reading,0,0,General,516
2018,Japan,Reading,0,0,General,503.9
2022,Japan,Reading,0,0,General,515.9
2025,Japan,Reading,0,0,General,502.7
2006,Japan,Reading,0,High,GeneralHigh,519.8
2009,Japan,Reading,0,High,GeneralHigh,560.4
2012,Japan,Reading,0,High,GeneralHigh,577.9
2015,Japan,Reading,0,High,GeneralHigh,562.8
2018,Japan,Reading,0,High,GeneralHigh,537.9
2022,Japan,Reading,0,High,GeneralHigh,553.9
2025,Japan,Reading,0,High,GeneralHigh,538.8
2006,Japan,Reading,0,Low,GeneralLow,470.8
2009,Japan,Reading,0,Low,GeneralLow,492.2
2012,Japan,Reading,0,Low,GeneralLow,516.2
2015,Japan,Reading,0,Low,GeneralLow,493.1
2018,Japan,Reading,0,Low,GeneralLow,476.8
2022,Japan,Reading,0,Low,GeneralLow,485
2025,Japan,Reading,0,Low,GeneralLow,479.9
2006,Japan,Reading,0,Medium,GeneralMedium,515.6
2009,Japan,Reading,0,Medium,GeneralMedium,534.1
2012,Japan,Reading,0,Medium,GeneralMedium,553.4
2015,Japan,Reading,0,Medium,GeneralMedium,534
2018,Japan,Reading,0,Medium,GeneralMedium,519.9
2022,Japan,Reading,0,Medium,GeneralMedium,528.7
2025,Japan,Reading,0,Medium,GeneralMedium,519.3
2006,Japan,Reading,Male,0,Male,482.7
2009,Japan,Reading,Male,0,Male,501
2012,Japan,Reading,Male,0,Male,526.6
2015,Japan,Reading,Male,0,Male,509.4
2018,Japan,Reading,Male,0,Male,493.4
2022,Japan,Reading,Male,0,Male,507.5
2025,Japan,Reading,Male,0,Male,495.9
2006,Japan,Reading,Male,High,MaleHigh,497.6
2009,Japan,Reading,Male,High,MaleHigh,544.3
2012,Japan,Reading,Male,High,MaleHigh,571.4
2015,Japan,Reading,Male,High,MaleHigh,552.2
2018,Japan,Reading,Male,High,MaleHigh,526.8
2022,Japan,Reading,Male,High,MaleHigh,545.1
2025,Japan,Reading,Male,High,MaleHigh,525.9
2006,Japan,Reading,Male,Low,MaleLow,457.1
2009,Japan,Reading,Male,Low,MaleLow,471.1
2012,Japan,Reading,Male,Low,MaleLow,505.2
2015,Japan,Reading,Male,Low,MaleLow,488.1
2018,Japan,Reading,Male,Low,MaleLow,465.2
2022,Japan,Reading,Male,Low,MaleLow,474.4
2025,Japan,Reading,Male,Low,MaleLow,476.2
2006,Japan,Reading,Male,Medium,MaleMedium,501.1
2009,Japan,Reading,Male,Medium,MaleMedium,518.3
2012,Japan,Reading,Male,Medium,MaleMedium,540.9
2015,Japan,Reading,Male,Medium,MaleMedium,527.4
2018,Japan,Reading,Male,Medium,MaleMedium,512
2022,Japan,Reading,Male,Medium,MaleMedium,522.4
2025,Japan,Reading,Male,Medium,MaleMedium,513.8
2006,Japan,Science,Female,0,Female,529.8
2009,Japan,Science,Female,0,Female,545.4
2012,Japan,Science,Female,0,Female,541
2015,Japan,Science,Female,0,Female,531.5
2018,Japan,Science,Female,0,Female,527.8
2022,Japan,Science,Female,0,Female,545.7
2025,Japan,Science,Female,0,Female,532.6
2006,Japan,Science,Female,High,FemaleHigh,561.2
2009,Japan,Science,Female,High,FemaleHigh,581.5
2012,Japan,Science,Female,High,FemaleHigh,572.7
2015,Japan,Science,Female,High,FemaleHigh,585.6
2018,Japan,Science,Female,High,FemaleHigh,560.3
2022,Japan,Science,Female,High,FemaleHigh,584.3
2025,Japan,Science,Female,High,FemaleHigh,581.1
2006,Japan,Science,Female,Low,FemaleLow,500.1
2009,Japan,Science,Female,Low,FemaleLow,521.2
2012,Japan,Science,Female,Low,FemaleLow,517.9
2015,Japan,Science,Female,Low,FemaleLow,505.8
2018,Japan,Science,Female,Low,FemaleLow,504.2
2022,Japan,Science,Female,Low,FemaleLow,517.5
2025,Japan,Science,Female,Low,FemaleLow,502.4
2006,Japan,Science,Female,Medium,FemaleMedium,546.7
2009,Japan,Science,Female,Medium,FemaleMedium,555.9
2012,Japan,Science,Female,Medium,FemaleMedium,558.2
2015,Japan,Science,Female,Medium,FemaleMedium,549.6
2018,Japan,Science,Female,Medium,FemaleMedium,540.3
2022,Japan,Science,Female,Medium,FemaleMedium,555.4
2025,Japan,Science,Female,Medium,FemaleMedium,548.6
2006,Japan,Science,0,0,General,531.4
2009,Japan,Science,0,0,General,539.4
2012,Japan,Science,0,0,General,546.7
2015,Japan,Science,0,0,General,538.4
2018,Japan,Science,0,0,General,529.1
2022,Japan,Science,0,0,General,546.6
2025,Japan,Science,0,0,General,537.6
2006,Japan,Science,0,High,GeneralHigh,555.4
2009,Japan,Science,0,High,GeneralHigh,576.7
2012,Japan,Science,0,High,GeneralHigh,582.9
2015,Japan,Science,0,High,GeneralHigh,586
2018,Japan,Science,0,High,GeneralHigh,561
2022,Japan,Science,0,High,GeneralHigh,585.9
2025,Japan,Science,0,High,GeneralHigh,578.7
2006,Japan,Science,0,Low,GeneralLow,504.4
2009,Japan,Science,0,Low,GeneralLow,513.4
2012,Japan,Science,0,Low,GeneralLow,525.6
2015,Japan,Science,0,Low,GeneralLow,515.1
2018,Japan,Science,0,Low,GeneralLow,504
2022,Japan,Science,0,Low,GeneralLow,517.3
2025,Japan,Science,0,Low,GeneralLow,511.9
2006,Japan,Science,0,Medium,GeneralMedium,547.9
2009,Japan,Science,0,Medium,GeneralMedium,552.9
2012,Japan,Science,0,Medium,GeneralMedium,561.8
2015,Japan,Science,0,Medium,GeneralMedium,556.4
2018,Japan,Science,0,Medium,GeneralMedium,544.2
2022,Japan,Science,0,Medium,GeneralMedium,557.5
2025,Japan,Science,0,Medium,GeneralMedium,554.4
2006,Japan,Science,Male,0,Male,533
2009,Japan,Science,Male,0,Male,533.8
2012,Japan,Science,Male,0,Male,551.9
2015,Japan,Science,Male,0,Male,545.1
2018,Japan,Science,Male,0,Male,530.6
2022,Japan,Science,Male,0,Male,547.6
2025,Japan,Science,Male,0,Male,542.3
2006,Japan,Science,Male,High,MaleHigh,549.9
2009,Japan,Science,Male,High,MaleHigh,571.7
2012,Japan,Science,Male,High,MaleHigh,592.3
2015,Japan,Science,Male,High,MaleHigh,586.5
2018,Japan,Science,Male,High,MaleHigh,561.8
2022,Japan,Science,Male,High,MaleHigh,587.6
2025,Japan,Science,Male,High,MaleHigh,576.1
2006,Japan,Science,Male,Low,MaleLow,508.8
2009,Japan,Science,Male,Low,MaleLow,506.5
2012,Japan,Science,Male,Low,MaleLow,532.7
2015,Japan,Science,Male,Low,MaleLow,524.2
2018,Japan,Science,Male,Low,MaleLow,503.8
2022,Japan,Science,Male,Low,MaleLow,517
2025,Japan,Science,Male,Low,MaleLow,520.9
2006,Japan,Science,Male,Medium,MaleMedium,549.1
2009,Japan,Science,Male,Medium,MaleMedium,550.1
2012,Japan,Science,Male,Medium,MaleMedium,565
2015,Japan,Science,Male,Medium,MaleMedium,563.1
2018,Japan,Science,Male,Medium,MaleMedium,548.4
2022,Japan,Science,Male,Medium,MaleMedium,559.5
2025,Japan,Science,Male,Medium,MaleMedium,560
2006,Jordan,Math,Female,0,Female,387.5
2009,Jordan,Math,Female,0,Female,386.9
2012,Jordan,Math,Female,0,Female,395.8
2015,Jordan,Math,Female,0,Female,387.4
2018,Jordan,Math,Female,0,Female,402.8
2022,Jordan,Math,Female,0,Female,368.5
2025,Jordan,Math,Female,0,Female,390.2
2006,Jordan,Math,Female,High,FemaleHigh,436.5
2009,Jordan,Math,Female,High,FemaleHigh,433.8
2012,Jordan,Math,Female,High,FemaleHigh,439.2
2015,Jordan,Math,Female,High,FemaleHigh,433.1
2018,Jordan,Math,Female,High,FemaleHigh,452
2022,Jordan,Math,Female,High,FemaleHigh,413.3
2025,Jordan,Math,Female,High,FemaleHigh,419.4
2006,Jordan,Math,Female,Low,FemaleLow,368.9
2009,Jordan,Math,Female,Low,FemaleLow,369.6
2012,Jordan,Math,Female,Low,FemaleLow,378.3
2015,Jordan,Math,Female,Low,FemaleLow,367.8
2018,Jordan,Math,Female,Low,FemaleLow,387.7
2022,Jordan,Math,Female,Low,FemaleLow,356.9
2025,Jordan,Math,Female,Low,FemaleLow,382.1
2006,Jordan,Math,Female,Medium,FemaleMedium,408
2009,Jordan,Math,Female,Medium,FemaleMedium,412.7
2012,Jordan,Math,Female,Medium,FemaleMedium,413.5
2015,Jordan,Math,Female,Medium,FemaleMedium,406.3
2018,Jordan,Math,Female,Medium,FemaleMedium,419.8
2022,Jordan,Math,Female,Medium,FemaleMedium,387.4
2025,Jordan,Math,Female,Medium,FemaleMedium,406.2
2006,Jordan,Math,0,0,General,384
2009,Jordan,Math,0,0,General,386.7
2012,Jordan,Math,0,0,General,385.6
2015,Jordan,Math,0,0,General,380.3
2018,Jordan,Math,0,0,General,399.8
2022,Jordan,Math,0,0,General,361.2
2025,Jordan,Math,0,0,General,387.6
2006,Jordan,Math,0,High,GeneralHigh,429.3
2009,Jordan,Math,0,High,GeneralHigh,434.5
2012,Jordan,Math,0,High,GeneralHigh,427.2
2015,Jordan,Math,0,High,GeneralHigh,421.3
2018,Jordan,Math,0,High,GeneralHigh,442.5
2022,Jordan,Math,0,High,GeneralHigh,392.9
2025,Jordan,Math,0,High,GeneralHigh,412.8
2006,Jordan,Math,0,Low,GeneralLow,364.2
2009,Jordan,Math,0,Low,GeneralLow,371.6
2012,Jordan,Math,0,Low,GeneralLow,370.3
2015,Jordan,Math,0,Low,GeneralLow,362.5
2018,Jordan,Math,0,Low,GeneralLow,385.8
2022,Jordan,Math,0,Low,GeneralLow,352.7
2025,Jordan,Math,0,Low,GeneralLow,381.2
2006,Jordan,Math,0,Medium,GeneralMedium,406.2
2009,Jordan,Math,0,Medium,GeneralMedium,405.7
2012,Jordan,Math,0,Medium,GeneralMedium,401.6
2015,Jordan,Math,0,Medium,GeneralMedium,399.7
2018,Jordan,Math,0,Medium,GeneralMedium,418.7
2022,Jordan,Math,0,Medium,GeneralMedium,376.7
2025,Jordan,Math,0,Medium,GeneralMedium,403.4
2006,Jordan,Math,Male,0,Male,380.5
2009,Jordan,Math,Male,0,Male,386.4
2012,Jordan,Math,Male,0,Male,375.1
2015,Jordan,Math,Male,0,Male,373
2018,Jordan,Math,Male,0,Male,396.6
2022,Jordan,Math,Male,0,Male,353.5
2025,Jordan,Math,Male,0,Male,384.9
2006,Jordan,Math,Male,High,MaleHigh,422.7
2009,Jordan,Math,Male,High,MaleHigh,435.1
2012,Jordan,Math,Male,High,MaleHigh,416.4
2015,Jordan,Math,Male,High,MaleHigh,408.6
2018,Jordan,Math,Male,High,MaleHigh,431.4
2022,Jordan,Math,Male,High,MaleHigh,369.3
2025,Jordan,Math,Male,High,MaleHigh,406.9
2006,Jordan,Math,Male,Low,MaleLow,359.1
2009,Jordan,Math,Male,Low,MaleLow,373.7
2012,Jordan,Math,Male,Low,MaleLow,361
2015,Jordan,Math,Male,Low,MaleLow,356.9
2018,Jordan,Math,Male,Low,MaleLow,383.8
2022,Jordan,Math,Male,Low,MaleLow,348
2025,Jordan,Math,Male,Low,MaleLow,380.1
2006,Jordan,Math,Male,Medium,MaleMedium,404.4
2009,Jordan,Math,Male,Medium,MaleMedium,399.4
2012,Jordan,Math,Male,Medium,MaleMedium,390.5
2015,Jordan,Math,Male,Medium,MaleMedium,393.4
2018,Jordan,Math,Male,Medium,MaleMedium,417.7
2022,Jordan,Math,Male,Medium,MaleMedium,365.6
2025,Jordan,Math,Male,Medium,MaleMedium,400.9
2006,Jordan,Reading,Female,0,Female,428.1
2009,Jordan,Reading,Female,0,Female,433.6
2012,Jordan,Reading,Female,0,Female,436
2015,Jordan,Reading,Female,0,Female,443.6
2018,Jordan,Reading,Female,0,Female,444.2
2022,Jordan,Reading,Female,0,Female,364.4
2025,Jordan,Reading,Female,0,Female,379
2006,Jordan,Reading,Female,High,FemaleHigh,474.7
2009,Jordan,Reading,Female,High,FemaleHigh,473.4
2012,Jordan,Reading,Female,High,FemaleHigh,473.5
2015,Jordan,Reading,Female,High,FemaleHigh,481.2
2018,Jordan,Reading,Female,High,FemaleHigh,487.8
2022,Jordan,Reading,Female,High,FemaleHigh,421.3
2025,Jordan,Reading,Female,High,FemaleHigh,407.5
2006,Jordan,Reading,Female,Low,FemaleLow,410
2009,Jordan,Reading,Female,Low,FemaleLow,418.1
2012,Jordan,Reading,Female,Low,FemaleLow,419.4
2015,Jordan,Reading,Female,Low,FemaleLow,427.9
2018,Jordan,Reading,Female,Low,FemaleLow,428.7
2022,Jordan,Reading,Female,Low,FemaleLow,349.4
2025,Jordan,Reading,Female,Low,FemaleLow,372
2006,Jordan,Reading,Female,Medium,FemaleMedium,448.8
2009,Jordan,Reading,Female,Medium,FemaleMedium,458.4
2012,Jordan,Reading,Female,Medium,FemaleMedium,454.7
2015,Jordan,Reading,Female,Medium,FemaleMedium,458.8
2018,Jordan,Reading,Female,Medium,FemaleMedium,464.5
2022,Jordan,Reading,Female,Medium,FemaleMedium,391.3
2025,Jordan,Reading,Female,Medium,FemaleMedium,395.4
2006,Jordan,Reading,0,0,General,400.6
2009,Jordan,Reading,0,0,General,405
2012,Jordan,Reading,0,0,General,399
2015,Jordan,Reading,0,0,General,408.1
2018,Jordan,Reading,0,0,General,419.1
2022,Jordan,Reading,0,0,General,342.2
2025,Jordan,Reading,0,0,General,362.6
2006,Jordan,Reading,0,High,GeneralHigh,445.6
2009,Jordan,Reading,0,High,GeneralHigh,449.7
2012,Jordan,Reading,0,High,GeneralHigh,433.3
2015,Jordan,Reading,0,High,GeneralHigh,444.8
2018,Jordan,Reading,0,High,GeneralHigh,460.6
2022,Jordan,Reading,0,High,GeneralHigh,384.5
2025,Jordan,Reading,0,High,GeneralHigh,386.2
2006,Jordan,Reading,0,Low,GeneralLow,380.1
2009,Jordan,Reading,0,Low,GeneralLow,391.3
2012,Jordan,Reading,0,Low,GeneralLow,387.8
2015,Jordan,Reading,0,Low,GeneralLow,392.8
2018,Jordan,Reading,0,Low,GeneralLow,404.1
2022,Jordan,Reading,0,Low,GeneralLow,331.1
2025,Jordan,Reading,0,Low,GeneralLow,359.4
2006,Jordan,Reading,0,Medium,GeneralMedium,424
2009,Jordan,Reading,0,Medium,GeneralMedium,423.9
2012,Jordan,Reading,0,Medium,GeneralMedium,415.1
2015,Jordan,Reading,0,Medium,GeneralMedium,424.7
2018,Jordan,Reading,0,Medium,GeneralMedium,441.8
2022,Jordan,Reading,0,Medium,GeneralMedium,363.4
2025,Jordan,Reading,0,Medium,GeneralMedium,378.1
2006,Jordan,Reading,Male,0,Male,372.8
2009,Jordan,Reading,Male,0,Male,376.8
2012,Jordan,Reading,Male,0,Male,361.2
2015,Jordan,Reading,Male,0,Male,371.9
2018,Jordan,Reading,Male,0,Male,393.1
2022,Jordan,Reading,Male,0,Male,318.3
2025,Jordan,Reading,Male,0,Male,346.2
2006,Jordan,Reading,Male,High,MaleHigh,419.3
2009,Jordan,Reading,Male,High,MaleHigh,427.7
2012,Jordan,Reading,Male,High,MaleHigh,397.1
2015,Jordan,Reading,Male,High,MaleHigh,405.1
2018,Jordan,Reading,Male,High,MaleHigh,428.7
2022,Jordan,Reading,Male,High,MaleHigh,342.1
2025,Jordan,Reading,Male,High,MaleHigh,367.1
2006,Jordan,Reading,Male,Low,MaleLow,348.4
2009,Jordan,Reading,Male,Low,MaleLow,363.1
2012,Jordan,Reading,Male,Low,MaleLow,350.6
2015,Jordan,Reading,Male,Low,MaleLow,355
2018,Jordan,Reading,Male,Low,MaleLow,377.7
2022,Jordan,Reading,Male,Low,MaleLow,311
2025,Jordan,Reading,Male,Low,MaleLow,344.1
2006,Jordan,Reading,Male,Medium,MaleMedium,400.5
2009,Jordan,Reading,Male,Medium,MaleMedium,393
2012,Jordan,Reading,Male,Medium,MaleMedium,378.2
2015,Jordan,Reading,Male,Medium,MaleMedium,392.6
2018,Jordan,Reading,Male,Medium,MaleMedium,420.2
2022,Jordan,Reading,Male,Medium,MaleMedium,334.5
2025,Jordan,Reading,Male,Medium,MaleMedium,362.5
2006,Jordan,Science,Female,0,Female,436.3
2009,Jordan,Science,Female,0,Female,433.1
2012,Jordan,Science,Female,0,Female,430.4
2015,Jordan,Science,Female,0,Female,428
2018,Jordan,Science,Female,0,Female,443.7
2022,Jordan,Science,Female,0,Female,390.4
2025,Jordan,Science,Female,0,Female,417
2006,Jordan,Science,Female,High,FemaleHigh,489.2
2009,Jordan,Science,Female,High,FemaleHigh,476.1
2012,Jordan,Science,Female,High,FemaleHigh,473.8
2015,Jordan,Science,Female,High,FemaleHigh,471
2018,Jordan,Science,Female,High,FemaleHigh,487.7
2022,Jordan,Science,Female,High,FemaleHigh,443
2025,Jordan,Science,Female,High,FemaleHigh,456.4
2006,Jordan,Science,Female,Low,FemaleLow,416.4
2009,Jordan,Science,Female,Low,FemaleLow,416.3
2012,Jordan,Science,Female,Low,FemaleLow,411.7
2015,Jordan,Science,Female,Low,FemaleLow,408.7
2018,Jordan,Science,Female,Low,FemaleLow,427.8
2022,Jordan,Science,Female,Low,FemaleLow,376.7
2025,Jordan,Science,Female,Low,FemaleLow,405.9
2006,Jordan,Science,Female,Medium,FemaleMedium,458
2009,Jordan,Science,Female,Medium,FemaleMedium,458.7
2012,Jordan,Science,Female,Medium,FemaleMedium,450.5
2015,Jordan,Science,Female,Medium,FemaleMedium,447
2018,Jordan,Science,Female,Medium,FemaleMedium,464.8
2022,Jordan,Science,Female,Medium,FemaleMedium,413.4
2025,Jordan,Science,Female,Medium,FemaleMedium,439.5
2006,Jordan,Science,0,0,General,422
2009,Jordan,Science,0,0,General,415.4
2012,Jordan,Science,0,0,General,409.4
2015,Jordan,Science,0,0,General,408.7
2018,Jordan,Science,0,0,General,429.3
2022,Jordan,Science,0,0,General,374.5
2025,Jordan,Science,0,0,General,406.9
2006,Jordan,Science,0,High,GeneralHigh,469.1
2009,Jordan,Science,0,High,GeneralHigh,461.2
2012,Jordan,Science,0,High,GeneralHigh,448
2015,Jordan,Science,0,High,GeneralHigh,448.2
2018,Jordan,Science,0,High,GeneralHigh,469.8
2022,Jordan,Science,0,High,GeneralHigh,412.2
2025,Jordan,Science,0,High,GeneralHigh,440.4
2006,Jordan,Science,0,Low,GeneralLow,401.4
2009,Jordan,Science,0,Low,GeneralLow,401.1
2012,Jordan,Science,0,Low,GeneralLow,394.6
2015,Jordan,Science,0,Low,GeneralLow,390.8
2018,Jordan,Science,0,Low,GeneralLow,414.5
2022,Jordan,Science,0,Low,GeneralLow,364.5
2025,Jordan,Science,0,Low,GeneralLow,399.1
2006,Jordan,Science,0,Medium,GeneralMedium,444.8
2009,Jordan,Science,0,Medium,GeneralMedium,434.8
2012,Jordan,Science,0,Medium,GeneralMedium,426.5
2015,Jordan,Science,0,Medium,GeneralMedium,427.7
2018,Jordan,Science,0,Medium,GeneralMedium,451.1
2022,Jordan,Science,0,Medium,GeneralMedium,392.5
2025,Jordan,Science,0,Medium,GeneralMedium,427.8
2006,Jordan,Science,Male,0,Male,407.5
2009,Jordan,Science,Male,0,Male,398
2012,Jordan,Science,Male,0,Male,387.8
2015,Jordan,Science,Male,0,Male,389
2018,Jordan,Science,Male,0,Male,414.3
2022,Jordan,Science,Male,0,Male,357.5
2025,Jordan,Science,Male,0,Male,396.9
2006,Jordan,Science,Male,High,MaleHigh,450.9
2009,Jordan,Science,Male,High,MaleHigh,447.3
2012,Jordan,Science,Male,High,MaleHigh,424.7
2015,Jordan,Science,Male,High,MaleHigh,423.3
2018,Jordan,Science,Male,High,MaleHigh,448.9
2022,Jordan,Science,Male,High,MaleHigh,376.5
2025,Jordan,Science,Male,High,MaleHigh,426.1
2006,Jordan,Science,Male,Low,MaleLow,385.4
2009,Jordan,Science,Male,Low,MaleLow,385.1
2012,Jordan,Science,Male,Low,MaleLow,374.6
2015,Jordan,Science,Male,Low,MaleLow,371.6
2018,Jordan,Science,Male,Low,MaleLow,400.4
2022,Jordan,Science,Male,Low,MaleLow,351.1
2025,Jordan,Science,Male,Low,MaleLow,390.8
2006,Jordan,Science,Male,Medium,MaleMedium,432.3
2009,Jordan,Science,Male,Medium,MaleMedium,413.3
2012,Jordan,Science,Male,Medium,MaleMedium,404.1
2015,Jordan,Science,Male,Medium,MaleMedium,409.5
2018,Jordan,Science,Male,Medium,MaleMedium,438
2022,Jordan,Science,Male,Medium,MaleMedium,370.9
2025,Jordan,Science,Male,Medium,MaleMedium,417.3
2009,Kazakhstan,Math,Female,0,Female,405.2
2012,Kazakhstan,Math,Female,0,Female,431.6
2018,Kazakhstan,Math,Female,0,Female,422.5
2022,Kazakhstan,Math,Female,0,Female,425.5
2025,Kazakhstan,Math,Female,0,Female,409.3
2009,Kazakhstan,Math,Female,High,FemaleHigh,448.4
2012,Kazakhstan,Math,Female,High,FemaleHigh,473.8
2018,Kazakhstan,Math,Female,High,FemaleHigh,450.8
2022,Kazakhstan,Math,Female,High,FemaleHigh,461.5
2025,Kazakhstan,Math,Female,High,FemaleHigh,438.6
2009,Kazakhstan,Math,Female,Low,FemaleLow,390.3
2012,Kazakhstan,Math,Female,Low,FemaleLow,416.5
2018,Kazakhstan,Math,Female,Low,FemaleLow,412.8
2022,Kazakhstan,Math,Female,Low,FemaleLow,413.9
2025,Kazakhstan,Math,Female,Low,FemaleLow,397
2009,Kazakhstan,Math,Female,Medium,FemaleMedium,426.5
2012,Kazakhstan,Math,Female,Medium,FemaleMedium,442.7
2018,Kazakhstan,Math,Female,Medium,FemaleMedium,432.6
2022,Kazakhstan,Math,Female,Medium,FemaleMedium,433.6
2025,Kazakhstan,Math,Female,Medium,FemaleMedium,424.2
2009,Kazakhstan,Math,0,0,General,404.9
2012,Kazakhstan,Math,0,0,General,431.8
2018,Kazakhstan,Math,0,0,General,423.1
2022,Kazakhstan,Math,0,0,General,425.4
2025,Kazakhstan,Math,0,0,General,413.7
2009,Kazakhstan,Math,0,High,GeneralHigh,449.5
2012,Kazakhstan,Math,0,High,GeneralHigh,472.4
2018,Kazakhstan,Math,0,High,GeneralHigh,451.4
2022,Kazakhstan,Math,0,High,GeneralHigh,463.7
2025,Kazakhstan,Math,0,High,GeneralHigh,445.6
2009,Kazakhstan,Math,0,Low,GeneralLow,390.8
2012,Kazakhstan,Math,0,Low,GeneralLow,417
2018,Kazakhstan,Math,0,Low,GeneralLow,413.9
2022,Kazakhstan,Math,0,Low,GeneralLow,413.1
2025,Kazakhstan,Math,0,Low,GeneralLow,404.2
2009,Kazakhstan,Math,0,Medium,GeneralMedium,425
2012,Kazakhstan,Math,0,Medium,GeneralMedium,444
2018,Kazakhstan,Math,0,Medium,GeneralMedium,432.7
2022,Kazakhstan,Math,0,Medium,GeneralMedium,434.5
2025,Kazakhstan,Math,0,Medium,GeneralMedium,428.5
2009,Kazakhstan,Math,Male,0,Male,404.6
2012,Kazakhstan,Math,Male,0,Male,432
2018,Kazakhstan,Math,Male,0,Male,423.8
2022,Kazakhstan,Math,Male,0,Male,425.3
2025,Kazakhstan,Math,Male,0,Male,418
2009,Kazakhstan,Math,Male,High,MaleHigh,450.6
2012,Kazakhstan,Math,Male,High,MaleHigh,471
2018,Kazakhstan,Math,Male,High,MaleHigh,452
2022,Kazakhstan,Math,Male,High,MaleHigh,466.2
2025,Kazakhstan,Math,Male,High,MaleHigh,453.7
2009,Kazakhstan,Math,Male,Low,MaleLow,391.2
2012,Kazakhstan,Math,Male,Low,MaleLow,417.5
2018,Kazakhstan,Math,Male,Low,MaleLow,414.8
2022,Kazakhstan,Math,Male,Low,MaleLow,412.4
2025,Kazakhstan,Math,Male,Low,MaleLow,411.1
2009,Kazakhstan,Math,Male,Medium,MaleMedium,423.5
2012,Kazakhstan,Math,Male,Medium,MaleMedium,445.3
2018,Kazakhstan,Math,Male,Medium,MaleMedium,432.8
2022,Kazakhstan,Math,Male,Medium,MaleMedium,435.3
2025,Kazakhstan,Math,Male,Medium,MaleMedium,433
2009,Kazakhstan,Reading,Female,0,Female,412.1
2012,Kazakhstan,Reading,Female,0,Female,411.1
2018,Kazakhstan,Reading,Female,0,Female,400.7
2022,Kazakhstan,Reading,Female,0,Female,400.3
2025,Kazakhstan,Reading,Female,0,Female,398.3
2009,Kazakhstan,Reading,Female,High,FemaleHigh,462.4
2012,Kazakhstan,Reading,Female,High,FemaleHigh,454.9
2018,Kazakhstan,Reading,Female,High,FemaleHigh,427.7
2022,Kazakhstan,Reading,Female,High,FemaleHigh,438
2025,Kazakhstan,Reading,Female,High,FemaleHigh,421.2
2009,Kazakhstan,Reading,Female,Low,FemaleLow,394.1
2012,Kazakhstan,Reading,Female,Low,FemaleLow,392.6
2018,Kazakhstan,Reading,Female,Low,FemaleLow,389.6
2022,Kazakhstan,Reading,Female,Low,FemaleLow,387.2
2025,Kazakhstan,Reading,Female,Low,FemaleLow,390.1
2009,Kazakhstan,Reading,Female,Medium,FemaleMedium,438.4
2012,Kazakhstan,Reading,Female,Medium,FemaleMedium,426.2
2018,Kazakhstan,Reading,Female,Medium,FemaleMedium,414.1
2022,Kazakhstan,Reading,Female,Medium,FemaleMedium,409.8
2025,Kazakhstan,Reading,Female,Medium,FemaleMedium,410.7
2009,Kazakhstan,Reading,0,0,General,390.4
2012,Kazakhstan,Reading,0,0,General,392.7
2018,Kazakhstan,Reading,0,0,General,386.9
2022,Kazakhstan,Reading,0,0,General,386.3
2025,Kazakhstan,Reading,0,0,General,384.8
2009,Kazakhstan,Reading,0,High,GeneralHigh,444.3
2012,Kazakhstan,Reading,0,High,GeneralHigh,436.4
2018,Kazakhstan,Reading,0,High,GeneralHigh,414.1
2022,Kazakhstan,Reading,0,High,GeneralHigh,427.1
2025,Kazakhstan,Reading,0,High,GeneralHigh,411.5
2009,Kazakhstan,Reading,0,Low,GeneralLow,372.7
2012,Kazakhstan,Reading,0,Low,GeneralLow,373.7
2018,Kazakhstan,Reading,0,Low,GeneralLow,376.3
2022,Kazakhstan,Reading,0,Low,GeneralLow,373.2
2025,Kazakhstan,Reading,0,Low,GeneralLow,379.4
2009,Kazakhstan,Reading,0,Medium,GeneralMedium,416.2
2012,Kazakhstan,Reading,0,Medium,GeneralMedium,409.9
2018,Kazakhstan,Reading,0,Medium,GeneralMedium,399.1
2022,Kazakhstan,Reading,0,Medium,GeneralMedium,395.6
2025,Kazakhstan,Reading,0,Medium,GeneralMedium,397.3
2009,Kazakhstan,Reading,Male,0,Male,369.3
2012,Kazakhstan,Reading,Male,0,Male,374.2
2018,Kazakhstan,Reading,Male,0,Male,373.8
2022,Kazakhstan,Reading,Male,0,Male,372.9
2025,Kazakhstan,Reading,Male,0,Male,371.7
2009,Kazakhstan,Reading,Male,High,MaleHigh,426.4
2012,Kazakhstan,Reading,Male,High,MaleHigh,417.1
2018,Kazakhstan,Reading,Male,High,MaleHigh,400.5
2022,Kazakhstan,Reading,Male,High,MaleHigh,414.8
2025,Kazakhstan,Reading,Male,High,MaleHigh,400.2
2009,Kazakhstan,Reading,Male,Low,MaleLow,352.3
2012,Kazakhstan,Reading,Male,Low,MaleLow,355.6
2018,Kazakhstan,Reading,Male,Low,MaleLow,363.8
2022,Kazakhstan,Reading,Male,Low,MaleLow,359.9
2025,Kazakhstan,Reading,Male,Low,MaleLow,369
2009,Kazakhstan,Reading,Male,Medium,MaleMedium,393.6
2012,Kazakhstan,Reading,Male,Medium,MaleMedium,392.4
2018,Kazakhstan,Reading,Male,Medium,MaleMedium,385.2
2022,Kazakhstan,Reading,Male,Medium,MaleMedium,382.5
2025,Kazakhstan,Reading,Male,Medium,MaleMedium,383.4
2009,Kazakhstan,Science,Female,0,Female,404.7
2012,Kazakhstan,Science,Female,0,Female,429
2018,Kazakhstan,Science,Female,0,Female,400.9
2022,Kazakhstan,Science,Female,0,Female,425.9
2025,Kazakhstan,Science,Female,0,Female,422.3
2009,Kazakhstan,Science,Female,High,FemaleHigh,441.3
2012,Kazakhstan,Science,Female,High,FemaleHigh,467.2
2018,Kazakhstan,Science,Female,High,FemaleHigh,427.9
2022,Kazakhstan,Science,Female,High,FemaleHigh,463.4
2025,Kazakhstan,Science,Female,High,FemaleHigh,448.3
2009,Kazakhstan,Science,Female,Low,FemaleLow,390.9
2012,Kazakhstan,Science,Female,Low,FemaleLow,412.7
2018,Kazakhstan,Science,Female,Low,FemaleLow,390.9
2022,Kazakhstan,Science,Female,Low,FemaleLow,413.5
2025,Kazakhstan,Science,Female,Low,FemaleLow,411.5
2009,Kazakhstan,Science,Female,Medium,FemaleMedium,425.4
2012,Kazakhstan,Science,Female,Medium,FemaleMedium,442.3
2018,Kazakhstan,Science,Female,Medium,FemaleMedium,412.1
2022,Kazakhstan,Science,Female,Medium,FemaleMedium,434.5
2025,Kazakhstan,Science,Female,Medium,FemaleMedium,437
2009,Kazakhstan,Science,0,0,General,400.4
2012,Kazakhstan,Science,0,0,General,424.7
2018,Kazakhstan,Science,0,0,General,397.1
2022,Kazakhstan,Science,0,0,General,423.2
2025,Kazakhstan,Science,0,0,General,419.5
2009,Kazakhstan,Science,0,High,GeneralHigh,441.4
2012,Kazakhstan,Science,0,High,GeneralHigh,463.3
2018,Kazakhstan,Science,0,High,GeneralHigh,423.2
2022,Kazakhstan,Science,0,High,GeneralHigh,461.3
2025,Kazakhstan,Science,0,High,GeneralHigh,448.5
2009,Kazakhstan,Science,0,Low,GeneralLow,386.6
2012,Kazakhstan,Science,0,Low,GeneralLow,408.1
2018,Kazakhstan,Science,0,Low,GeneralLow,388
2022,Kazakhstan,Science,0,Low,GeneralLow,410.6
2025,Kazakhstan,Science,0,Low,GeneralLow,411.8
2009,Kazakhstan,Science,0,Medium,GeneralMedium,420.6
2012,Kazakhstan,Science,0,Medium,GeneralMedium,439.5
2018,Kazakhstan,Science,0,Medium,GeneralMedium,406.8
2022,Kazakhstan,Science,0,Medium,GeneralMedium,432.5
2025,Kazakhstan,Science,0,Medium,GeneralMedium,434
2009,Kazakhstan,Science,Male,0,Male,396.2
2012,Kazakhstan,Science,Male,0,Male,420.4
2018,Kazakhstan,Science,Male,0,Male,393.5
2022,Kazakhstan,Science,Male,0,Male,420.6
2025,Kazakhstan,Science,Male,0,Male,416.9
2009,Kazakhstan,Science,Male,High,MaleHigh,441.5
2012,Kazakhstan,Science,Male,High,MaleHigh,459.3
2018,Kazakhstan,Science,Male,High,MaleHigh,418.5
2022,Kazakhstan,Science,Male,High,MaleHigh,458.9
2025,Kazakhstan,Science,Male,High,MaleHigh,448.8
2009,Kazakhstan,Science,Male,Low,MaleLow,382.6
2012,Kazakhstan,Science,Male,Low,MaleLow,403.8
2018,Kazakhstan,Science,Male,Low,MaleLow,385.3
2022,Kazakhstan,Science,Male,Low,MaleLow,407.8
2025,Kazakhstan,Science,Male,Low,MaleLow,412.1
2009,Kazakhstan,Science,Male,Medium,MaleMedium,415.7
2012,Kazakhstan,Science,Male,Medium,MaleMedium,436.5
2018,Kazakhstan,Science,Male,Medium,MaleMedium,402
2022,Kazakhstan,Science,Male,Medium,MaleMedium,430.6
2025,Kazakhstan,Science,Male,Medium,MaleMedium,430.9
2025,Kenya,Math,Female,0,Female,315.3
2025,Kenya,Math,Female,High,FemaleHigh,334.3
2025,Kenya,Math,Female,Low,FemaleLow,319
2025,Kenya,Math,Female,Medium,FemaleMedium,314
2025,Kenya,Math,0,0,General,325.9
2025,Kenya,Math,0,High,GeneralHigh,354.5
2025,Kenya,Math,0,Low,GeneralLow,328.5
2025,Kenya,Math,0,Medium,GeneralMedium,331.4
2025,Kenya,Math,Male,0,Male,335.5
2025,Kenya,Math,Male,High,MaleHigh,369.3
2025,Kenya,Math,Male,Low,MaleLow,337.7
2025,Kenya,Math,Male,Medium,MaleMedium,344.1
2025,Kenya,Reading,Female,0,Female,321.7
2025,Kenya,Reading,Female,High,FemaleHigh,346.7
2025,Kenya,Reading,Female,Low,FemaleLow,324.5
2025,Kenya,Reading,Female,Medium,FemaleMedium,327.4
2025,Kenya,Reading,0,0,General,320.2
2025,Kenya,Reading,0,High,GeneralHigh,353.1
2025,Kenya,Reading,0,Low,GeneralLow,322.2
2025,Kenya,Reading,0,Medium,GeneralMedium,331
2025,Kenya,Reading,Male,0,Male,318.9
2025,Kenya,Reading,Male,High,MaleHigh,357.7
2025,Kenya,Reading,Male,Low,MaleLow,320
2025,Kenya,Reading,Male,Medium,MaleMedium,333.6
2025,Kenya,Science,Female,0,Female,322.4
2025,Kenya,Science,Female,High,FemaleHigh,346.6
2025,Kenya,Science,Female,Low,FemaleLow,325.8
2025,Kenya,Science,Female,Medium,FemaleMedium,325.9
2025,Kenya,Science,0,0,General,334.9
2025,Kenya,Science,0,High,GeneralHigh,369.7
2025,Kenya,Science,0,Low,GeneralLow,337.1
2025,Kenya,Science,0,Medium,GeneralMedium,345.1
2025,Kenya,Science,Male,0,Male,346.2
2025,Kenya,Science,Male,High,MaleHigh,386.5
2025,Kenya,Science,Male,Low,MaleLow,348.1
2025,Kenya,Science,Male,Medium,MaleMedium,359.1
2006,Korea,Math,Female,0,Female,542.8
2009,Korea,Math,Female,0,Female,544.5
2012,Korea,Math,Female,0,Female,544.2
2015,Korea,Math,Female,0,Female,527.8
2018,Korea,Math,Female,0,Female,523.8
2022,Korea,Math,Female,0,Female,524.6
2025,Korea,Math,Female,0,Female,516.7
2006,Korea,Math,Female,High,FemaleHigh,589.1
2009,Korea,Math,Female,High,FemaleHigh,591.7
2012,Korea,Math,Female,High,FemaleHigh,586.4
2015,Korea,Math,Female,High,FemaleHigh,587.3
2018,Korea,Math,Female,High,FemaleHigh,568.8
2022,Korea,Math,Female,High,FemaleHigh,561.6
2025,Korea,Math,Female,High,FemaleHigh,556.8
2006,Korea,Math,Female,Low,FemaleLow,515.8
2009,Korea,Math,Female,Low,FemaleLow,520.6
2012,Korea,Math,Female,Low,FemaleLow,517.4
2015,Korea,Math,Female,Low,FemaleLow,500.7
2018,Korea,Math,Female,Low,FemaleLow,486.7
2022,Korea,Math,Female,Low,FemaleLow,478.2
2025,Korea,Math,Female,Low,FemaleLow,468.1
2006,Korea,Math,Female,Medium,FemaleMedium,547.8
2009,Korea,Math,Female,Medium,FemaleMedium,552.6
2012,Korea,Math,Female,Medium,FemaleMedium,552.5
2015,Korea,Math,Female,Medium,FemaleMedium,544.3
2018,Korea,Math,Female,Medium,FemaleMedium,527.2
2022,Korea,Math,Female,Medium,FemaleMedium,523.2
2025,Korea,Math,Female,Medium,FemaleMedium,525.6
2006,Korea,Math,0,0,General,547.5
2009,Korea,Math,0,0,General,546.2
2012,Korea,Math,0,0,General,553.8
2015,Korea,Math,0,0,General,524.1
2018,Korea,Math,0,0,General,525.9
2022,Korea,Math,0,0,General,527.3
2025,Korea,Math,0,0,General,522.3
2006,Korea,Math,0,High,GeneralHigh,593.9
2009,Korea,Math,0,High,GeneralHigh,595.3
2012,Korea,Math,0,High,GeneralHigh,599.7
2015,Korea,Math,0,High,GeneralHigh,589.7
2018,Korea,Math,0,High,GeneralHigh,571.5
2022,Korea,Math,0,High,GeneralHigh,569.9
2025,Korea,Math,0,High,GeneralHigh,565.3
2006,Korea,Math,0,Low,GeneralLow,520.3
2009,Korea,Math,0,Low,GeneralLow,519.6
2012,Korea,Math,0,Low,GeneralLow,522.1
2015,Korea,Math,0,Low,GeneralLow,494.3
2018,Korea,Math,0,Low,GeneralLow,488.9
2022,Korea,Math,0,Low,GeneralLow,481.2
2025,Korea,Math,0,Low,GeneralLow,477.6
2006,Korea,Math,0,Medium,GeneralMedium,551.8
2009,Korea,Math,0,Medium,GeneralMedium,559.3
2012,Korea,Math,0,Medium,GeneralMedium,561.9
2015,Korea,Math,0,Medium,GeneralMedium,545.2
2018,Korea,Math,0,Medium,GeneralMedium,532.2
2022,Korea,Math,0,Medium,GeneralMedium,529.4
2025,Korea,Math,0,Medium,GeneralMedium,532.5
2006,Korea,Math,Male,0,Male,552
2009,Korea,Math,Male,0,Male,547.8
2012,Korea,Math,Male,0,Male,562.1
2015,Korea,Math,Male,0,Male,520.8
2018,Korea,Math,Male,0,Male,527.9
2022,Korea,Math,Male,0,Male,529.7
2025,Korea,Math,Male,0,Male,527.6
2006,Korea,Math,Male,High,MaleHigh,598.3
2009,Korea,Math,Male,High,MaleHigh,598.8
2012,Korea,Math,Male,High,MaleHigh,609.8
2015,Korea,Math,Male,High,MaleHigh,592
2018,Korea,Math,Male,High,MaleHigh,574.4
2022,Korea,Math,Male,High,MaleHigh,579
2025,Korea,Math,Male,High,MaleHigh,573.6
2006,Korea,Math,Male,Low,MaleLow,524.7
2009,Korea,Math,Male,Low,MaleLow,518.8
2012,Korea,Math,Male,Low,MaleLow,526.7
2015,Korea,Math,Male,Low,MaleLow,489
2018,Korea,Math,Male,Low,MaleLow,490.8
2022,Korea,Math,Male,Low,MaleLow,483.3
2025,Korea,Math,Male,Low,MaleLow,485.7
2006,Korea,Math,Male,Medium,MaleMedium,555.6
2009,Korea,Math,Male,Medium,MaleMedium,565.6
2012,Korea,Math,Male,Medium,MaleMedium,569.8
2015,Korea,Math,Male,Medium,MaleMedium,546
2018,Korea,Math,Male,Medium,MaleMedium,536.8
2022,Korea,Math,Male,Medium,MaleMedium,535.3
2025,Korea,Math,Male,Medium,MaleMedium,539.8
2006,Korea,Reading,Female,0,Female,573.8
2009,Korea,Reading,Female,0,Female,558
2012,Korea,Reading,Female,0,Female,548.2
2015,Korea,Reading,Female,0,Female,538.6
2018,Korea,Reading,Female,0,Female,526.4
2022,Korea,Reading,Female,0,Female,533.3
2025,Korea,Reading,Female,0,Female,514.9
2006,Korea,Reading,Female,High,FemaleHigh,608.9
2009,Korea,Reading,Female,High,FemaleHigh,594.3
2012,Korea,Reading,Female,High,FemaleHigh,582.7
2015,Korea,Reading,Female,High,FemaleHigh,588.2
2018,Korea,Reading,Female,High,FemaleHigh,561.2
2022,Korea,Reading,Female,High,FemaleHigh,566.6
2025,Korea,Reading,Female,High,FemaleHigh,543.8
2006,Korea,Reading,Female,Low,FemaleLow,552.8
2009,Korea,Reading,Female,Low,FemaleLow,540.1
2012,Korea,Reading,Female,Low,FemaleLow,526.2
2015,Korea,Reading,Female,Low,FemaleLow,516.5
2018,Korea,Reading,Female,Low,FemaleLow,495.6
2022,Korea,Reading,Female,Low,FemaleLow,491.5
2025,Korea,Reading,Female,Low,FemaleLow,478.6
2006,Korea,Reading,Female,Medium,FemaleMedium,578.2
2009,Korea,Reading,Female,Medium,FemaleMedium,563.7
2012,Korea,Reading,Female,Medium,FemaleMedium,555.2
2015,Korea,Reading,Female,Medium,FemaleMedium,553
2018,Korea,Reading,Female,Medium,FemaleMedium,530.3
2022,Korea,Reading,Female,Medium,FemaleMedium,531.9
2025,Korea,Reading,Female,Medium,FemaleMedium,522.7
2006,Korea,Reading,0,0,General,556
2009,Korea,Reading,0,0,General,539.3
2012,Korea,Reading,0,0,General,535.8
2015,Korea,Reading,0,0,General,517.4
2018,Korea,Reading,0,0,General,514.1
2022,Korea,Reading,0,0,General,515.4
2025,Korea,Reading,0,0,General,500.6
2006,Korea,Reading,0,High,GeneralHigh,591
2009,Korea,Reading,0,High,GeneralHigh,580.1
2012,Korea,Reading,0,High,GeneralHigh,571.4
2015,Korea,Reading,0,High,GeneralHigh,569.9
2018,Korea,Reading,0,High,GeneralHigh,552.9
2022,Korea,Reading,0,High,GeneralHigh,554.5
2025,Korea,Reading,0,High,GeneralHigh,530.8
2006,Korea,Reading,0,Low,GeneralLow,535.3
2009,Korea,Reading,0,Low,GeneralLow,517.2
2012,Korea,Reading,0,Low,GeneralLow,511
2015,Korea,Reading,0,Low,GeneralLow,492.4
2018,Korea,Reading,0,Low,GeneralLow,481.1
2022,Korea,Reading,0,Low,GeneralLow,471.5
2025,Korea,Reading,0,Low,GeneralLow,465.9
2006,Korea,Reading,0,Medium,GeneralMedium,559.5
2009,Korea,Reading,0,Medium,GeneralMedium,550
2012,Korea,Reading,0,Medium,GeneralMedium,542.4
2015,Korea,Reading,0,Medium,GeneralMedium,537.1
2018,Korea,Reading,0,Medium,GeneralMedium,520.4
2022,Korea,Reading,0,Medium,GeneralMedium,518
2025,Korea,Reading,0,Medium,GeneralMedium,511.8
2006,Korea,Reading,Male,0,Male,538.8
2009,Korea,Reading,Male,0,Male,522.5
2012,Korea,Reading,Male,0,Male,525
2015,Korea,Reading,Male,0,Male,498.1
2018,Korea,Reading,Male,0,Male,502.8
2022,Korea,Reading,Male,0,Male,499.1
2025,Korea,Reading,Male,0,Male,486.8
2006,Korea,Reading,Male,High,MaleHigh,574.5
2009,Korea,Reading,Male,High,MaleHigh,566
2012,Korea,Reading,Male,High,MaleHigh,562.9
2015,Korea,Reading,Male,High,MaleHigh,552.9
2018,Korea,Reading,Male,High,MaleHigh,544.2
2022,Korea,Reading,Male,High,MaleHigh,541.3
2025,Korea,Reading,Male,High,MaleHigh,518
2006,Korea,Reading,Male,Low,MaleLow,518
2009,Korea,Reading,Male,Low,MaleLow,498
2012,Korea,Reading,Male,Low,MaleLow,496.2
2015,Korea,Reading,Male,Low,MaleLow,471.9
2018,Korea,Reading,Male,Low,MaleLow,469.1
2022,Korea,Reading,Male,Low,MaleLow,457.5
2025,Korea,Reading,Male,Low,MaleLow,455
2006,Korea,Reading,Male,Medium,MaleMedium,541.2
2009,Korea,Reading,Male,Medium,MaleMedium,537.3
2012,Korea,Reading,Male,Medium,MaleMedium,531.7
2015,Korea,Reading,Male,Medium,MaleMedium,521
2018,Korea,Reading,Male,Medium,MaleMedium,511.5
2022,Korea,Reading,Male,Medium,MaleMedium,504.5
2025,Korea,Reading,Male,Medium,MaleMedium,500.3
2006,Korea,Science,Female,0,Female,523.1
2009,Korea,Science,Female,0,Female,539.3
2012,Korea,Science,Female,0,Female,535.9
2015,Korea,Science,Female,0,Female,520.8
2018,Korea,Science,Female,0,Female,516.9
2022,Korea,Science,Female,0,Female,529.6
2025,Korea,Science,Female,0,Female,527.2
2006,Korea,Science,Female,High,FemaleHigh,562
2009,Korea,Science,Female,High,FemaleHigh,573.9
2012,Korea,Science,Female,High,FemaleHigh,566
2015,Korea,Science,Female,High,FemaleHigh,573.3
2018,Korea,Science,Female,High,FemaleHigh,554.5
2022,Korea,Science,Female,High,FemaleHigh,564.3
2025,Korea,Science,Female,High,FemaleHigh,558.5
2006,Korea,Science,Female,Low,FemaleLow,499.3
2009,Korea,Science,Female,Low,FemaleLow,520.4
2012,Korea,Science,Female,Low,FemaleLow,517.4
2015,Korea,Science,Female,Low,FemaleLow,497.7
2018,Korea,Science,Female,Low,FemaleLow,486.3
2022,Korea,Science,Female,Low,FemaleLow,490.6
2025,Korea,Science,Female,Low,FemaleLow,489
2006,Korea,Science,Female,Medium,FemaleMedium,528.6
2009,Korea,Science,Female,Medium,FemaleMedium,547
2012,Korea,Science,Female,Medium,FemaleMedium,541.4
2015,Korea,Science,Female,Medium,FemaleMedium,535.2
2018,Korea,Science,Female,Medium,FemaleMedium,520
2022,Korea,Science,Female,Medium,FemaleMedium,525.2
2025,Korea,Science,Female,Medium,FemaleMedium,534.8
2006,Korea,Science,0,0,General,522.1
2009,Korea,Science,0,0,General,538
2012,Korea,Science,0,0,General,537.8
2015,Korea,Science,0,0,General,515.8
2018,Korea,Science,0,0,General,519
2022,Korea,Science,0,0,General,527.8
2025,Korea,Science,0,0,General,526.1
2006,Korea,Science,0,High,GeneralHigh,560.3
2009,Korea,Science,0,High,GeneralHigh,577.4
2012,Korea,Science,0,High,GeneralHigh,569.3
2015,Korea,Science,0,High,GeneralHigh,571.2
2018,Korea,Science,0,High,GeneralHigh,557.1
2022,Korea,Science,0,High,GeneralHigh,566.9
2025,Korea,Science,0,High,GeneralHigh,558.9
2006,Korea,Science,0,Low,GeneralLow,498.9
2009,Korea,Science,0,Low,GeneralLow,515.9
2012,Korea,Science,0,Low,GeneralLow,516
2015,Korea,Science,0,Low,GeneralLow,490.8
2018,Korea,Science,0,Low,GeneralLow,488.9
2022,Korea,Science,0,Low,GeneralLow,486.4
2025,Korea,Science,0,Low,GeneralLow,491.5
2006,Korea,Science,0,Medium,GeneralMedium,526.6
2009,Korea,Science,0,Medium,GeneralMedium,549.6
2012,Korea,Science,0,Medium,GeneralMedium,543.5
2015,Korea,Science,0,Medium,GeneralMedium,534.3
2018,Korea,Science,0,Medium,GeneralMedium,524.1
2022,Korea,Science,0,Medium,GeneralMedium,528.9
2025,Korea,Science,0,Medium,GeneralMedium,535.8
2006,Korea,Science,Male,0,Male,521.2
2009,Korea,Science,Male,0,Male,536.8
2012,Korea,Science,Male,0,Male,539.4
2015,Korea,Science,Male,0,Male,511.2
2018,Korea,Science,Male,0,Male,520.9
2022,Korea,Science,Male,0,Male,526.2
2025,Korea,Science,Male,0,Male,525.1
2006,Korea,Science,Male,High,MaleHigh,558.9
2009,Korea,Science,Male,High,MaleHigh,581
2012,Korea,Science,Male,High,MaleHigh,571.8
2015,Korea,Science,Male,High,MaleHigh,569.3
2018,Korea,Science,Male,High,MaleHigh,559.8
2022,Korea,Science,Male,High,MaleHigh,569.7
2025,Korea,Science,Male,High,MaleHigh,559.3
2006,Korea,Science,Male,Low,MaleLow,498.6
2009,Korea,Science,Male,Low,MaleLow,512.1
2012,Korea,Science,Male,Low,MaleLow,514.6
2015,Korea,Science,Male,Low,MaleLow,484.9
2018,Korea,Science,Male,Low,MaleLow,491.1
2022,Korea,Science,Male,Low,MaleLow,483.5
2025,Korea,Science,Male,Low,MaleLow,493.7
2006,Korea,Science,Male,Medium,MaleMedium,524.7
2009,Korea,Science,Male,Medium,MaleMedium,551.9
2012,Korea,Science,Male,Medium,MaleMedium,545.3
2015,Korea,Science,Male,Medium,MaleMedium,533.4
2018,Korea,Science,Male,Medium,MaleMedium,527.9
2022,Korea,Science,Male,Medium,MaleMedium,532.4
2025,Korea,Science,Male,Medium,MaleMedium,536.9
2015,Kosovo,Math,Female,0,Female,356.7
2018,Kosovo,Math,Female,0,Female,363.8
2022,Kosovo,Math,Female,0,Female,354.8
2025,Kosovo,Math,Female,0,Female,350.9
2015,Kosovo,Math,Female,High,FemaleHigh,390.8
2018,Kosovo,Math,Female,High,FemaleHigh,402.4
2022,Kosovo,Math,Female,High,FemaleHigh,391.5
2025,Kosovo,Math,Female,High,FemaleHigh,383.9
2015,Kosovo,Math,Female,Low,FemaleLow,343
2018,Kosovo,Math,Female,Low,FemaleLow,353.8
2022,Kosovo,Math,Female,Low,FemaleLow,343.2
2025,Kosovo,Math,Female,Low,FemaleLow,344.7
2015,Kosovo,Math,Female,Medium,FemaleMedium,360.6
2018,Kosovo,Math,Female,Medium,FemaleMedium,374.2
2022,Kosovo,Math,Female,Medium,FemaleMedium,361.9
2025,Kosovo,Math,Female,Medium,FemaleMedium,363.7
2015,Kosovo,Math,0,0,General,361.5
2018,Kosovo,Math,0,0,General,365.9
2022,Kosovo,Math,0,0,General,355
2025,Kosovo,Math,0,0,General,350.4
2015,Kosovo,Math,0,High,GeneralHigh,393.9
2018,Kosovo,Math,0,High,GeneralHigh,402.6
2022,Kosovo,Math,0,High,GeneralHigh,390.9
2025,Kosovo,Math,0,High,GeneralHigh,384.9
2015,Kosovo,Math,0,Low,GeneralLow,349
2018,Kosovo,Math,0,Low,GeneralLow,355.5
2022,Kosovo,Math,0,Low,GeneralLow,344.8
2025,Kosovo,Math,0,Low,GeneralLow,346.8
2015,Kosovo,Math,0,Medium,GeneralMedium,363.6
2018,Kosovo,Math,0,Medium,GeneralMedium,376.8
2022,Kosovo,Math,0,Medium,GeneralMedium,360.1
2025,Kosovo,Math,0,Medium,GeneralMedium,362.9
2015,Kosovo,Math,Male,0,Male,366.2
2018,Kosovo,Math,Male,0,Male,368
2022,Kosovo,Math,Male,0,Male,355.2
2025,Kosovo,Math,Male,0,Male,349.9
2015,Kosovo,Math,Male,High,MaleHigh,396.7
2018,Kosovo,Math,Male,High,MaleHigh,402.8
2022,Kosovo,Math,Male,High,MaleHigh,390.4
2025,Kosovo,Math,Male,High,MaleHigh,385.8
2015,Kosovo,Math,Male,Low,MaleLow,355.5
2018,Kosovo,Math,Male,Low,MaleLow,357.4
2022,Kosovo,Math,Male,Low,MaleLow,346.5
2025,Kosovo,Math,Male,Low,MaleLow,349.6
2015,Kosovo,Math,Male,Medium,MaleMedium,366.3
2018,Kosovo,Math,Male,Medium,MaleMedium,379.1
2022,Kosovo,Math,Male,Medium,MaleMedium,358.3
2025,Kosovo,Math,Male,Medium,MaleMedium,362.2
2015,Kosovo,Reading,Female,0,Female,365.4
2018,Kosovo,Reading,Female,0,Female,365.7
2022,Kosovo,Reading,Female,0,Female,354.8
2025,Kosovo,Reading,Female,0,Female,357.6
2015,Kosovo,Reading,Female,High,FemaleHigh,397.8
2018,Kosovo,Reading,Female,High,FemaleHigh,402.3
2022,Kosovo,Reading,Female,High,FemaleHigh,391.7
2025,Kosovo,Reading,Female,High,FemaleHigh,389.7
2015,Kosovo,Reading,Female,Low,FemaleLow,352.4
2018,Kosovo,Reading,Female,Low,FemaleLow,356.6
2022,Kosovo,Reading,Female,Low,FemaleLow,344.6
2025,Kosovo,Reading,Female,Low,FemaleLow,351.6
2015,Kosovo,Reading,Female,Medium,FemaleMedium,369.1
2018,Kosovo,Reading,Female,Medium,FemaleMedium,375.5
2022,Kosovo,Reading,Female,Medium,FemaleMedium,360.4
2025,Kosovo,Reading,Female,Medium,FemaleMedium,370.1
2015,Kosovo,Reading,0,0,General,347.1
2018,Kosovo,Reading,0,0,General,353.1
2022,Kosovo,Reading,0,0,General,342.2
2025,Kosovo,Reading,0,0,General,340.5
2015,Kosovo,Reading,0,High,GeneralHigh,376.4
2018,Kosovo,Reading,0,High,GeneralHigh,388.4
2022,Kosovo,Reading,0,High,GeneralHigh,373.8
2025,Kosovo,Reading,0,High,GeneralHigh,371.3
2015,Kosovo,Reading,0,Low,GeneralLow,336.4
2018,Kosovo,Reading,0,Low,GeneralLow,344.2
2022,Kosovo,Reading,0,Low,GeneralLow,333.5
2025,Kosovo,Reading,0,Low,GeneralLow,339.1
2015,Kosovo,Reading,0,Medium,GeneralMedium,348.4
2018,Kosovo,Reading,0,Medium,GeneralMedium,361.7
2022,Kosovo,Reading,0,Medium,GeneralMedium,347
2025,Kosovo,Reading,0,Medium,GeneralMedium,353.1
2015,Kosovo,Reading,Male,0,Male,329.5
2018,Kosovo,Reading,Male,0,Male,340.5
2022,Kosovo,Reading,Male,0,Male,329.7
2025,Kosovo,Reading,Male,0,Male,322.5
2015,Kosovo,Reading,Male,High,MaleHigh,357.4
2018,Kosovo,Reading,Male,High,MaleHigh,375.2
2022,Kosovo,Reading,Male,High,MaleHigh,356.9
2025,Kosovo,Reading,Male,High,MaleHigh,353.7
2015,Kosovo,Reading,Male,Low,MaleLow,319.1
2018,Kosovo,Reading,Male,Low,MaleLow,331.1
2022,Kosovo,Reading,Male,Low,MaleLow,321.9
2025,Kosovo,Reading,Male,Low,MaleLow,322.6
2015,Kosovo,Reading,Male,Medium,MaleMedium,329.9
2018,Kosovo,Reading,Male,Medium,MaleMedium,349.4
2022,Kosovo,Reading,Male,Medium,MaleMedium,334
2025,Kosovo,Reading,Male,Medium,MaleMedium,335.9
2015,Kosovo,Science,Female,0,Female,383.2
2018,Kosovo,Science,Female,0,Female,367.7
2022,Kosovo,Science,Female,0,Female,359.9
2025,Kosovo,Science,Female,0,Female,366.1
2015,Kosovo,Science,Female,High,FemaleHigh,417.4
2018,Kosovo,Science,Female,High,FemaleHigh,405.1
2022,Kosovo,Science,Female,High,FemaleHigh,398.5
2025,Kosovo,Science,Female,High,FemaleHigh,402.2
2015,Kosovo,Science,Female,Low,FemaleLow,370.8
2018,Kosovo,Science,Female,Low,FemaleLow,359.1
2022,Kosovo,Science,Female,Low,FemaleLow,348.4
2025,Kosovo,Science,Female,Low,FemaleLow,358.2
2015,Kosovo,Science,Female,Medium,FemaleMedium,384.4
2018,Kosovo,Science,Female,Medium,FemaleMedium,377
2022,Kosovo,Science,Female,Medium,FemaleMedium,366.5
2025,Kosovo,Science,Female,Medium,FemaleMedium,381.9
2015,Kosovo,Science,0,0,General,378.4
2018,Kosovo,Science,0,0,General,364.9
2022,Kosovo,Science,0,0,General,357
2025,Kosovo,Science,0,0,General,357
2015,Kosovo,Science,0,High,GeneralHigh,410.5
2018,Kosovo,Science,0,High,GeneralHigh,398.1
2022,Kosovo,Science,0,High,GeneralHigh,393.1
2025,Kosovo,Science,0,High,GeneralHigh,392.6
2015,Kosovo,Science,0,Low,GeneralLow,367.3
2018,Kosovo,Science,0,Low,GeneralLow,356.3
2022,Kosovo,Science,0,Low,GeneralLow,346.7
2025,Kosovo,Science,0,Low,GeneralLow,353
2015,Kosovo,Science,0,Medium,GeneralMedium,377.8
2018,Kosovo,Science,0,Medium,GeneralMedium,374.4
2022,Kosovo,Science,0,Medium,GeneralMedium,362.7
2025,Kosovo,Science,0,Medium,GeneralMedium,371.6
2015,Kosovo,Science,Male,0,Male,373.8
2018,Kosovo,Science,Male,0,Male,362.1
2022,Kosovo,Science,Male,0,Male,354.2
2025,Kosovo,Science,Male,0,Male,347.5
2015,Kosovo,Science,Male,High,MaleHigh,404.3
2018,Kosovo,Science,Male,High,MaleHigh,391.5
2022,Kosovo,Science,Male,High,MaleHigh,388.1
2025,Kosovo,Science,Male,High,MaleHigh,383.4
2015,Kosovo,Science,Male,Low,MaleLow,363.6
2018,Kosovo,Science,Male,Low,MaleLow,353.3
2022,Kosovo,Science,Male,Low,MaleLow,344.9
2025,Kosovo,Science,Male,Low,MaleLow,346.2
2015,Kosovo,Science,Male,Medium,MaleMedium,371.8
2018,Kosovo,Science,Male,Medium,MaleMedium,372.1
2022,Kosovo,Science,Male,Medium,MaleMedium,359
2025,Kosovo,Science,Male,Medium,MaleMedium,361.2
2025,Kurdistan Region (Iraq),Math,Female,0,Female,339.4
2025,Kurdistan Region (Iraq),Math,Female,High,FemaleHigh,365.2
2025,Kurdistan Region (Iraq),Math,Female,Low,FemaleLow,339.3
2025,Kurdistan Region (Iraq),Math,Female,Medium,FemaleMedium,359.1
2025,Kurdistan Region (Iraq),Math,0,0,General,338.8
2025,Kurdistan Region (Iraq),Math,0,High,GeneralHigh,371.5
2025,Kurdistan Region (Iraq),Math,0,Low,GeneralLow,339.5
2025,Kurdistan Region (Iraq),Math,0,Medium,GeneralMedium,357
2025,Kurdistan Region (Iraq),Math,Male,0,Male,338.1
2025,Kurdistan Region (Iraq),Math,Male,High,MaleHigh,376.4
2025,Kurdistan Region (Iraq),Math,Male,Low,MaleLow,339.7
2025,Kurdistan Region (Iraq),Math,Male,Medium,MaleMedium,354.7
2025,Kurdistan Region (Iraq),Reading,Female,0,Female,328.1
2025,Kurdistan Region (Iraq),Reading,Female,High,FemaleHigh,351.2
2025,Kurdistan Region (Iraq),Reading,Female,Low,FemaleLow,328.2
2025,Kurdistan Region (Iraq),Reading,Female,Medium,FemaleMedium,348.3
2025,Kurdistan Region (Iraq),Reading,0,0,General,311.5
2025,Kurdistan Region (Iraq),Reading,0,High,GeneralHigh,340
2025,Kurdistan Region (Iraq),Reading,0,Low,GeneralLow,313.3
2025,Kurdistan Region (Iraq),Reading,0,Medium,GeneralMedium,330.4
2025,Kurdistan Region (Iraq),Reading,Male,0,Male,294.7
2025,Kurdistan Region (Iraq),Reading,Male,High,MaleHigh,331.1
2025,Kurdistan Region (Iraq),Reading,Male,Low,MaleLow,296.8
2025,Kurdistan Region (Iraq),Reading,Male,Medium,MaleMedium,311.1
2025,Kurdistan Region (Iraq),Science,Female,0,Female,365
2025,Kurdistan Region (Iraq),Science,Female,High,FemaleHigh,404.2
2025,Kurdistan Region (Iraq),Science,Female,Low,FemaleLow,364.6
2025,Kurdistan Region (Iraq),Science,Female,Medium,FemaleMedium,391.4
2025,Kurdistan Region (Iraq),Science,0,0,General,352.2
2025,Kurdistan Region (Iraq),Science,0,High,GeneralHigh,393.1
2025,Kurdistan Region (Iraq),Science,0,Low,GeneralLow,353.3
2025,Kurdistan Region (Iraq),Science,0,Medium,GeneralMedium,376.1
2025,Kurdistan Region (Iraq),Science,Male,0,Male,339.2
2025,Kurdistan Region (Iraq),Science,Male,High,MaleHigh,384.3
2025,Kurdistan Region (Iraq),Science,Male,Low,MaleLow,340.7
2025,Kurdistan Region (Iraq),Science,Male,Medium,MaleMedium,359.5
2025,Kyrgyzstan,Math,Female,0,Female,364
2025,Kyrgyzstan,Math,Female,High,FemaleHigh,397.7
2025,Kyrgyzstan,Math,Female,Low,FemaleLow,359
2025,Kyrgyzstan,Math,Female,Medium,FemaleMedium,383.8
2025,Kyrgyzstan,Math,0,0,General,363.8
2025,Kyrgyzstan,Math,0,High,GeneralHigh,402.2
2025,Kyrgyzstan,Math,0,Low,GeneralLow,360.2
2025,Kyrgyzstan,Math,0,Medium,GeneralMedium,386.1
2025,Kyrgyzstan,Math,Male,0,Male,363.6
2025,Kyrgyzstan,Math,Male,High,MaleHigh,408
2025,Kyrgyzstan,Math,Male,Low,MaleLow,361.4
2025,Kyrgyzstan,Math,Male,Medium,MaleMedium,388.8
2025,Kyrgyzstan,Reading,Female,0,Female,357.7
2025,Kyrgyzstan,Reading,Female,High,FemaleHigh,397.7
2025,Kyrgyzstan,Reading,Female,Low,FemaleLow,351.9
2025,Kyrgyzstan,Reading,Female,Medium,FemaleMedium,381.5
2025,Kyrgyzstan,Reading,0,0,General,344.4
2025,Kyrgyzstan,Reading,0,High,GeneralHigh,391.4
2025,Kyrgyzstan,Reading,0,Low,GeneralLow,340.1
2025,Kyrgyzstan,Reading,0,Medium,GeneralMedium,372.5
2025,Kyrgyzstan,Reading,Male,0,Male,331
2025,Kyrgyzstan,Reading,Male,High,MaleHigh,383.4
2025,Kyrgyzstan,Reading,Male,Low,MaleLow,327.9
2025,Kyrgyzstan,Reading,Male,Medium,MaleMedium,361.6
2025,Kyrgyzstan,Science,Female,0,Female,369.2
2025,Kyrgyzstan,Science,Female,High,FemaleHigh,400.5
2025,Kyrgyzstan,Science,Female,Low,FemaleLow,364.3
2025,Kyrgyzstan,Science,Female,Medium,FemaleMedium,391.1
2025,Kyrgyzstan,Science,0,0,General,362.5
2025,Kyrgyzstan,Science,0,High,GeneralHigh,399.8
2025,Kyrgyzstan,Science,0,Low,GeneralLow,359.3
2025,Kyrgyzstan,Science,0,Medium,GeneralMedium,387.9
2025,Kyrgyzstan,Science,Male,0,Male,355.8
2025,Kyrgyzstan,Science,Male,High,MaleHigh,399
2025,Kyrgyzstan,Science,Male,Low,MaleLow,354.2
2025,Kyrgyzstan,Science,Male,Medium,MaleMedium,384
2006,Latvia,Math,Female,0,Female,483.6
2009,Latvia,Math,Female,0,Female,481
2012,Latvia,Math,Female,0,Female,492.5
2015,Latvia,Math,Female,0,Female,483.3
2018,Latvia,Math,Female,0,Female,492.8
2022,Latvia,Math,Female,0,Female,478.5
2025,Latvia,Math,Female,0,Female,456.9
2006,Latvia,Math,Female,High,FemaleHigh,516.1
2009,Latvia,Math,Female,High,FemaleHigh,519.8
2012,Latvia,Math,Female,High,FemaleHigh,539
2015,Latvia,Math,Female,High,FemaleHigh,518
2018,Latvia,Math,Female,High,FemaleHigh,529
2022,Latvia,Math,Female,High,FemaleHigh,519.1
2025,Latvia,Math,Female,High,FemaleHigh,491.7
2006,Latvia,Math,Female,Low,FemaleLow,459.6
2009,Latvia,Math,Female,Low,FemaleLow,459
2012,Latvia,Math,Female,Low,FemaleLow,465.8
2015,Latvia,Math,Female,Low,FemaleLow,463.6
2018,Latvia,Math,Female,Low,FemaleLow,466.8
2022,Latvia,Math,Female,Low,FemaleLow,448.8
2025,Latvia,Math,Female,Low,FemaleLow,438.5
2006,Latvia,Math,Female,Medium,FemaleMedium,496.3
2009,Latvia,Math,Female,Medium,FemaleMedium,492.8
2012,Latvia,Math,Female,Medium,FemaleMedium,514.5
2015,Latvia,Math,Female,Medium,FemaleMedium,506.5
2018,Latvia,Math,Female,Medium,FemaleMedium,501.4
2022,Latvia,Math,Female,Medium,FemaleMedium,483.2
2025,Latvia,Math,Female,Medium,FemaleMedium,473.6
2006,Latvia,Math,0,0,General,486.2
2009,Latvia,Math,0,0,General,482
2012,Latvia,Math,0,0,General,490.6
2015,Latvia,Math,0,0,General,482.3
2018,Latvia,Math,0,0,General,496.1
2022,Latvia,Math,0,0,General,483.2
2025,Latvia,Math,0,0,General,460.5
2006,Latvia,Math,0,High,GeneralHigh,519.8
2009,Latvia,Math,0,High,GeneralHigh,520.9
2012,Latvia,Math,0,High,GeneralHigh,534.4
2015,Latvia,Math,0,High,GeneralHigh,515.6
2018,Latvia,Math,0,High,GeneralHigh,531.4
2022,Latvia,Math,0,High,GeneralHigh,523.7
2025,Latvia,Math,0,High,GeneralHigh,496.8
2006,Latvia,Math,0,Low,GeneralLow,462.2
2009,Latvia,Math,0,Low,GeneralLow,457.6
2012,Latvia,Math,0,Low,GeneralLow,463.8
2015,Latvia,Math,0,Low,GeneralLow,463.1
2018,Latvia,Math,0,Low,GeneralLow,470.5
2022,Latvia,Math,0,Low,GeneralLow,454.4
2025,Latvia,Math,0,Low,GeneralLow,445.8
2006,Latvia,Math,0,Medium,GeneralMedium,493.8
2009,Latvia,Math,0,Medium,GeneralMedium,494.9
2012,Latvia,Math,0,Medium,GeneralMedium,514.6
2015,Latvia,Math,0,Medium,GeneralMedium,506.3
2018,Latvia,Math,0,Medium,GeneralMedium,504.3
2022,Latvia,Math,0,Medium,GeneralMedium,490.9
2025,Latvia,Math,0,Medium,GeneralMedium,479.2
2006,Latvia,Math,Male,0,Male,488.8
2009,Latvia,Math,Male,0,Male,482.9
2012,Latvia,Math,Male,0,Male,488.7
2015,Latvia,Math,Male,0,Male,481.4
2018,Latvia,Math,Male,0,Male,499.6
2022,Latvia,Math,Male,0,Male,488
2025,Latvia,Math,Male,0,Male,464.2
2006,Latvia,Math,Male,High,MaleHigh,523.3
2009,Latvia,Math,Male,High,MaleHigh,521.9
2012,Latvia,Math,Male,High,MaleHigh,529.7
2015,Latvia,Math,Male,High,MaleHigh,513.1
2018,Latvia,Math,Male,High,MaleHigh,534
2022,Latvia,Math,Male,High,MaleHigh,529.2
2025,Latvia,Math,Male,High,MaleHigh,502.2
2006,Latvia,Math,Male,Low,MaleLow,465.4
2009,Latvia,Math,Male,Low,MaleLow,456
2012,Latvia,Math,Male,Low,MaleLow,461.7
2015,Latvia,Math,Male,Low,MaleLow,462.6
2018,Latvia,Math,Male,Low,MaleLow,474.6
2022,Latvia,Math,Male,Low,MaleLow,459.7
2025,Latvia,Math,Male,Low,MaleLow,454.2
2006,Latvia,Math,Male,Medium,MaleMedium,491.5
2009,Latvia,Math,Male,Medium,MaleMedium,496.8
2012,Latvia,Math,Male,Medium,MaleMedium,514.6
2015,Latvia,Math,Male,Medium,MaleMedium,506
2018,Latvia,Math,Male,Medium,MaleMedium,507.1
2022,Latvia,Math,Male,Medium,MaleMedium,498.7
2025,Latvia,Math,Male,Medium,MaleMedium,485.4
2006,Latvia,Reading,Female,0,Female,503.8
2009,Latvia,Reading,Female,0,Female,507.3
2012,Latvia,Reading,Female,0,Female,516.3
2015,Latvia,Reading,Female,0,Female,508.8
2018,Latvia,Reading,Female,0,Female,494.8
2022,Latvia,Reading,Female,0,Female,488.2
2025,Latvia,Reading,Female,0,Female,450.4
2006,Latvia,Reading,Female,High,FemaleHigh,540.5
2009,Latvia,Reading,Female,High,FemaleHigh,542.7
2012,Latvia,Reading,Female,High,FemaleHigh,557.5
2015,Latvia,Reading,Female,High,FemaleHigh,548.7
2018,Latvia,Reading,Female,High,FemaleHigh,527.7
2022,Latvia,Reading,Female,High,FemaleHigh,531
2025,Latvia,Reading,Female,High,FemaleHigh,484.4
2006,Latvia,Reading,Female,Low,FemaleLow,479.6
2009,Latvia,Reading,Female,Low,FemaleLow,487.1
2012,Latvia,Reading,Female,Low,FemaleLow,490.1
2015,Latvia,Reading,Female,Low,FemaleLow,486.9
2018,Latvia,Reading,Female,Low,FemaleLow,471.3
2022,Latvia,Reading,Female,Low,FemaleLow,457.2
2025,Latvia,Reading,Female,Low,FemaleLow,435.9
2006,Latvia,Reading,Female,Medium,FemaleMedium,513.1
2009,Latvia,Reading,Female,Medium,FemaleMedium,518.7
2012,Latvia,Reading,Female,Medium,FemaleMedium,540.2
2015,Latvia,Reading,Female,Medium,FemaleMedium,534.2
2018,Latvia,Reading,Female,Medium,FemaleMedium,503.4
2022,Latvia,Reading,Female,Medium,FemaleMedium,495.6
2025,Latvia,Reading,Female,Medium,FemaleMedium,468.2
2006,Latvia,Reading,0,0,General,479.5
2009,Latvia,Reading,0,0,General,484
2012,Latvia,Reading,0,0,General,488.7
2015,Latvia,Reading,0,0,General,487.8
2018,Latvia,Reading,0,0,General,478.7
2022,Latvia,Reading,0,0,General,474.6
2025,Latvia,Reading,0,0,General,429.7
2006,Latvia,Reading,0,High,GeneralHigh,513.9
2009,Latvia,Reading,0,High,GeneralHigh,521
2012,Latvia,Reading,0,High,GeneralHigh,529.7
2015,Latvia,Reading,0,High,GeneralHigh,523.8
2018,Latvia,Reading,0,High,GeneralHigh,512.1
2022,Latvia,Reading,0,High,GeneralHigh,517.5
2025,Latvia,Reading,0,High,GeneralHigh,464.3
2006,Latvia,Reading,0,Low,GeneralLow,457.2
2009,Latvia,Reading,0,Low,GeneralLow,462.4
2012,Latvia,Reading,0,Low,GeneralLow,463
2015,Latvia,Reading,0,Low,GeneralLow,468
2018,Latvia,Reading,0,Low,GeneralLow,456.1
2022,Latvia,Reading,0,Low,GeneralLow,445.6
2025,Latvia,Reading,0,Low,GeneralLow,421.3
2006,Latvia,Reading,0,Medium,GeneralMedium,483.9
2009,Latvia,Reading,0,Medium,GeneralMedium,494.2
2012,Latvia,Reading,0,Medium,GeneralMedium,512.6
2015,Latvia,Reading,0,Medium,GeneralMedium,511.7
2018,Latvia,Reading,0,Medium,GeneralMedium,485
2022,Latvia,Reading,0,Medium,GeneralMedium,483
2025,Latvia,Reading,0,Medium,GeneralMedium,450.6
2006,Latvia,Reading,Male,0,Male,453.8
2009,Latvia,Reading,Male,0,Male,460
2012,Latvia,Reading,Male,0,Male,461.6
2015,Latvia,Reading,Male,0,Male,466.8
2018,Latvia,Reading,Male,0,Male,462
2022,Latvia,Reading,Male,0,Male,460.6
2025,Latvia,Reading,Male,0,Male,408.7
2006,Latvia,Reading,Male,High,MaleHigh,488
2009,Latvia,Reading,Male,High,MaleHigh,499.7
2012,Latvia,Reading,Male,High,MaleHigh,500.6
2015,Latvia,Reading,Male,High,MaleHigh,497.2
2018,Latvia,Reading,Male,High,MaleHigh,495.8
2022,Latvia,Reading,Male,High,MaleHigh,501.6
2025,Latvia,Reading,Male,High,MaleHigh,443.1
2006,Latvia,Reading,Male,Low,MaleLow,430.6
2009,Latvia,Reading,Male,Low,MaleLow,435.1
2012,Latvia,Reading,Male,Low,MaleLow,436.1
2015,Latvia,Reading,Male,Low,MaleLow,449
2018,Latvia,Reading,Male,Low,MaleLow,438.8
2022,Latvia,Reading,Male,Low,MaleLow,434.6
2025,Latvia,Reading,Male,Low,MaleLow,404.6
2006,Latvia,Reading,Male,Medium,MaleMedium,456.4
2009,Latvia,Reading,Male,Medium,MaleMedium,471.1
2012,Latvia,Reading,Male,Medium,MaleMedium,486.3
2015,Latvia,Reading,Male,Medium,MaleMedium,489.4
2018,Latvia,Reading,Male,Medium,MaleMedium,467.5
2022,Latvia,Reading,Male,Medium,MaleMedium,470.1
2025,Latvia,Reading,Male,Medium,MaleMedium,431
2006,Latvia,Science,Female,0,Female,493
2009,Latvia,Science,Female,0,Female,497.2
2012,Latvia,Science,Female,0,Female,510
2015,Latvia,Science,Female,0,Female,495.6
2018,Latvia,Science,Female,0,Female,491.4
2022,Latvia,Science,Female,0,Female,493.2
2025,Latvia,Science,Female,0,Female,474.2
2006,Latvia,Science,Female,High,FemaleHigh,524.8
2009,Latvia,Science,Female,High,FemaleHigh,531.6
2012,Latvia,Science,Female,High,FemaleHigh,549.1
2015,Latvia,Science,Female,High,FemaleHigh,533.1
2018,Latvia,Science,Female,High,FemaleHigh,523.9
2022,Latvia,Science,Female,High,FemaleHigh,533.4
2025,Latvia,Science,Female,High,FemaleHigh,510.7
2006,Latvia,Science,Female,Low,FemaleLow,469.8
2009,Latvia,Science,Female,Low,FemaleLow,478
2012,Latvia,Science,Female,Low,FemaleLow,488
2015,Latvia,Science,Female,Low,FemaleLow,475.2
2018,Latvia,Science,Female,Low,FemaleLow,467.1
2022,Latvia,Science,Female,Low,FemaleLow,464.4
2025,Latvia,Science,Female,Low,FemaleLow,458
2006,Latvia,Science,Female,Medium,FemaleMedium,504.7
2009,Latvia,Science,Female,Medium,FemaleMedium,506.9
2012,Latvia,Science,Female,Medium,FemaleMedium,528.6
2015,Latvia,Science,Female,Medium,FemaleMedium,519
2018,Latvia,Science,Female,Medium,FemaleMedium,500.6
2022,Latvia,Science,Female,Medium,FemaleMedium,498.2
2025,Latvia,Science,Female,Medium,FemaleMedium,492.3
2006,Latvia,Science,0,0,General,489.5
2009,Latvia,Science,0,0,General,493.9
2012,Latvia,Science,0,0,General,502.2
2015,Latvia,Science,0,0,General,490.2
2018,Latvia,Science,0,0,General,487.3
2022,Latvia,Science,0,0,General,493.8
2025,Latvia,Science,0,0,General,468.4
2006,Latvia,Science,0,High,GeneralHigh,521.3
2009,Latvia,Science,0,High,GeneralHigh,529.4
2012,Latvia,Science,0,High,GeneralHigh,539.8
2015,Latvia,Science,0,High,GeneralHigh,523.8
2018,Latvia,Science,0,High,GeneralHigh,520
2022,Latvia,Science,0,High,GeneralHigh,534.8
2025,Latvia,Science,0,High,GeneralHigh,506.3
2006,Latvia,Science,0,Low,GeneralLow,467.3
2009,Latvia,Science,0,Low,GeneralLow,472.4
2012,Latvia,Science,0,Low,GeneralLow,479.7
2015,Latvia,Science,0,Low,GeneralLow,471.6
2018,Latvia,Science,0,Low,GeneralLow,463.5
2022,Latvia,Science,0,Low,GeneralLow,466.1
2025,Latvia,Science,0,Low,GeneralLow,457
2006,Latvia,Science,0,Medium,GeneralMedium,496.2
2009,Latvia,Science,0,Medium,GeneralMedium,504.7
2012,Latvia,Science,0,Medium,GeneralMedium,523.2
2015,Latvia,Science,0,Medium,GeneralMedium,513
2018,Latvia,Science,0,Medium,GeneralMedium,494.9
2022,Latvia,Science,0,Medium,GeneralMedium,500.9
2025,Latvia,Science,0,Medium,GeneralMedium,488.8
2006,Latvia,Science,Male,0,Male,485.9
2009,Latvia,Science,Male,0,Male,490.4
2012,Latvia,Science,Male,0,Male,494.5
2015,Latvia,Science,Male,0,Male,484.9
2018,Latvia,Science,Male,0,Male,483
2022,Latvia,Science,Male,0,Male,494.5
2025,Latvia,Science,Male,0,Male,462.5
2006,Latvia,Science,Male,High,MaleHigh,518
2009,Latvia,Science,Male,High,MaleHigh,527.2
2012,Latvia,Science,Male,High,MaleHigh,530.1
2015,Latvia,Science,Male,High,MaleHigh,513.8
2018,Latvia,Science,Male,High,MaleHigh,515.9
2022,Latvia,Science,Male,High,MaleHigh,536.5
2025,Latvia,Science,Male,High,MaleHigh,501.7
2006,Latvia,Science,Male,Low,MaleLow,464.2
2009,Latvia,Science,Male,Low,MaleLow,466.3
2012,Latvia,Science,Male,Low,MaleLow,471.6
2015,Latvia,Science,Male,Low,MaleLow,468
2018,Latvia,Science,Male,Low,MaleLow,459.3
2022,Latvia,Science,Male,Low,MaleLow,467.8
2025,Latvia,Science,Male,Low,MaleLow,455.9
2006,Latvia,Science,Male,Medium,MaleMedium,488.3
2009,Latvia,Science,Male,Medium,MaleMedium,502.7
2012,Latvia,Science,Male,Medium,MaleMedium,518.2
2015,Latvia,Science,Male,Medium,MaleMedium,507
2018,Latvia,Science,Male,Medium,MaleMedium,489.5
2022,Latvia,Science,Male,Medium,MaleMedium,503.6
2025,Latvia,Science,Male,Medium,MaleMedium,485
2015,Lebanon,Math,Female,0,Female,386
2018,Lebanon,Math,Female,0,Female,393.3
2025,Lebanon,Math,Female,0,Female,374
2015,Lebanon,Math,Female,High,FemaleHigh,457.9
2018,Lebanon,Math,Female,High,FemaleHigh,468.3
2025,Lebanon,Math,Female,High,FemaleHigh,422.4
2015,Lebanon,Math,Female,Low,FemaleLow,369.5
2018,Lebanon,Math,Female,Low,FemaleLow,373.7
2025,Lebanon,Math,Female,Low,FemaleLow,365.3
2015,Lebanon,Math,Female,Medium,FemaleMedium,405.5
2018,Lebanon,Math,Female,Medium,FemaleMedium,407.9
2025,Lebanon,Math,Female,Medium,FemaleMedium,383.8
2015,Lebanon,Math,0,0,General,396.2
2018,Lebanon,Math,0,0,General,393.5
2025,Lebanon,Math,0,0,General,377.1
2015,Lebanon,Math,0,High,GeneralHigh,470.1
2018,Lebanon,Math,0,High,GeneralHigh,464.6
2025,Lebanon,Math,0,High,GeneralHigh,422.9
2015,Lebanon,Math,0,Low,GeneralLow,377.6
2018,Lebanon,Math,0,Low,GeneralLow,373.8
2025,Lebanon,Math,0,Low,GeneralLow,367.7
2015,Lebanon,Math,0,Medium,GeneralMedium,412.1
2018,Lebanon,Math,0,Medium,GeneralMedium,405.6
2025,Lebanon,Math,0,Medium,GeneralMedium,388.4
2015,Lebanon,Math,Male,0,Male,408.1
2018,Lebanon,Math,Male,0,Male,393.6
2025,Lebanon,Math,Male,0,Male,380.8
2015,Lebanon,Math,Male,High,MaleHigh,479.1
2018,Lebanon,Math,Male,High,MaleHigh,460.9
2025,Lebanon,Math,Male,High,MaleHigh,423.5
2015,Lebanon,Math,Male,Low,MaleLow,388.4
2018,Lebanon,Math,Male,Low,MaleLow,374.1
2025,Lebanon,Math,Male,Low,MaleLow,370.9
2015,Lebanon,Math,Male,Medium,MaleMedium,419
2018,Lebanon,Math,Male,Medium,MaleMedium,403.3
2025,Lebanon,Math,Male,Medium,MaleMedium,394.1
2015,Lebanon,Reading,Female,0,Female,353.3
2018,Lebanon,Reading,Female,0,Female,366.3
2025,Lebanon,Reading,Female,0,Female,335.4
2015,Lebanon,Reading,Female,High,FemaleHigh,454.2
2018,Lebanon,Reading,Female,High,FemaleHigh,457.6
2025,Lebanon,Reading,Female,High,FemaleHigh,397.9
2015,Lebanon,Reading,Female,Low,FemaleLow,329.4
2018,Lebanon,Reading,Female,Low,FemaleLow,342.8
2025,Lebanon,Reading,Female,Low,FemaleLow,324.8
2015,Lebanon,Reading,Female,Medium,FemaleMedium,383.3
2018,Lebanon,Reading,Female,Medium,FemaleMedium,383.4
2025,Lebanon,Reading,Female,Medium,FemaleMedium,351.9
2015,Lebanon,Reading,0,0,General,346.5
2018,Lebanon,Reading,0,0,General,353.4
2025,Lebanon,Reading,0,0,General,330.9
2015,Lebanon,Reading,0,High,GeneralHigh,439.9
2018,Lebanon,Reading,0,High,GeneralHigh,438.4
2025,Lebanon,Reading,0,High,GeneralHigh,390.1
2015,Lebanon,Reading,0,Low,GeneralLow,322.2
2018,Lebanon,Reading,0,Low,GeneralLow,330.4
2025,Lebanon,Reading,0,Low,GeneralLow,320.6
2015,Lebanon,Reading,0,Medium,GeneralMedium,369.3
2018,Lebanon,Reading,0,Medium,GeneralMedium,367.3
2025,Lebanon,Reading,0,Medium,GeneralMedium,349.3
2015,Lebanon,Reading,Male,0,Male,338.8
2018,Lebanon,Reading,Male,0,Male,338.2
2025,Lebanon,Reading,Male,0,Male,325.7
2015,Lebanon,Reading,Male,High,MaleHigh,429.4
2018,Lebanon,Reading,Male,High,MaleHigh,418.6
2025,Lebanon,Reading,Male,High,MaleHigh,381.7
2015,Lebanon,Reading,Male,Low,MaleLow,312.6
2018,Lebanon,Reading,Male,Low,MaleLow,314.7
2025,Lebanon,Reading,Male,Low,MaleLow,314.9
2015,Lebanon,Reading,Male,Medium,MaleMedium,354.8
2018,Lebanon,Reading,Male,Medium,MaleMedium,350.4
2025,Lebanon,Reading,Male,Medium,MaleMedium,346
2015,Lebanon,Science,Female,0,Female,385.5
2018,Lebanon,Science,Female,0,Female,385.8
2025,Lebanon,Science,Female,0,Female,369.9
2015,Lebanon,Science,Female,High,FemaleHigh,456.2
2018,Lebanon,Science,Female,High,FemaleHigh,463.3
2025,Lebanon,Science,Female,High,FemaleHigh,436.2
2015,Lebanon,Science,Female,Low,FemaleLow,369.7
2018,Lebanon,Science,Female,Low,FemaleLow,365.3
2025,Lebanon,Science,Female,Low,FemaleLow,357.8
2015,Lebanon,Science,Female,Medium,FemaleMedium,404.2
2018,Lebanon,Science,Female,Medium,FemaleMedium,398.8
2025,Lebanon,Science,Female,Medium,FemaleMedium,385.3
2015,Lebanon,Science,0,0,General,386.5
2018,Lebanon,Science,0,0,General,383.7
2025,Lebanon,Science,0,0,General,372
2015,Lebanon,Science,0,High,GeneralHigh,456.7
2018,Lebanon,Science,0,High,GeneralHigh,456.8
2025,Lebanon,Science,0,High,GeneralHigh,433.6
2015,Lebanon,Science,0,Low,GeneralLow,369.2
2018,Lebanon,Science,0,Low,GeneralLow,363.8
2025,Lebanon,Science,0,Low,GeneralLow,360.7
2015,Lebanon,Science,0,Medium,GeneralMedium,401.2
2018,Lebanon,Science,0,Medium,GeneralMedium,393.6
2025,Lebanon,Science,0,Medium,GeneralMedium,388.4
2015,Lebanon,Science,Male,0,Male,387.6
2018,Lebanon,Science,Male,0,Male,381.2
2025,Lebanon,Science,Male,0,Male,374.5
2015,Lebanon,Science,Male,High,MaleHigh,457.1
2018,Lebanon,Science,Male,High,MaleHigh,450
2025,Lebanon,Science,Male,High,MaleHigh,430.9
2015,Lebanon,Science,Male,Low,MaleLow,368.5
2018,Lebanon,Science,Male,Low,MaleLow,361.9
2025,Lebanon,Science,Male,Low,MaleLow,364.8
2015,Lebanon,Science,Male,Medium,MaleMedium,398
2018,Lebanon,Science,Male,Medium,MaleMedium,388.1
2025,Lebanon,Science,Male,Medium,MaleMedium,392.2
2006,Liechtenstein,Math,Female,0,Female,525.1
2009,Liechtenstein,Math,Female,0,Female,523.2
2012,Liechtenstein,Math,Female,0,Female,523
2006,Liechtenstein,Math,Female,High,FemaleHigh,565.3
2009,Liechtenstein,Math,Female,High,FemaleHigh,557.9
2012,Liechtenstein,Math,Female,High,FemaleHigh,556.3
2006,Liechtenstein,Math,Female,Low,FemaleLow,478.9
2009,Liechtenstein,Math,Female,Low,FemaleLow,494.8
2012,Liechtenstein,Math,Female,Low,FemaleLow,480.7
2006,Liechtenstein,Math,Female,Medium,FemaleMedium,529.7
2009,Liechtenstein,Math,Female,Medium,FemaleMedium,532.5
2012,Liechtenstein,Math,Female,Medium,FemaleMedium,529.9
2006,Liechtenstein,Math,0,0,General,525
2009,Liechtenstein,Math,0,0,General,536
2012,Liechtenstein,Math,0,0,General,535
2006,Liechtenstein,Math,0,High,GeneralHigh,565.7
2009,Liechtenstein,Math,0,High,GeneralHigh,578.3
2012,Liechtenstein,Math,0,High,GeneralHigh,559.6
2006,Liechtenstein,Math,0,Low,GeneralLow,483.6
2009,Liechtenstein,Math,0,Low,GeneralLow,506.4
2012,Liechtenstein,Math,0,Low,GeneralLow,492.8
2006,Liechtenstein,Math,0,Medium,GeneralMedium,528.5
2009,Liechtenstein,Math,0,Medium,GeneralMedium,535.2
2012,Liechtenstein,Math,0,Medium,GeneralMedium,549.3
2006,Liechtenstein,Math,Male,0,Male,524.8
2009,Liechtenstein,Math,Male,0,Male,547.4
2012,Liechtenstein,Math,Male,0,Male,545.5
2006,Liechtenstein,Math,Male,High,MaleHigh,566.2
2009,Liechtenstein,Math,Male,High,MaleHigh,594.5
2012,Liechtenstein,Math,Male,High,MaleHigh,562.8
2006,Liechtenstein,Math,Male,Low,MaleLow,488.6
2009,Liechtenstein,Math,Male,Low,MaleLow,518.9
2012,Liechtenstein,Math,Male,Low,MaleLow,504.2
2006,Liechtenstein,Math,Male,Medium,MaleMedium,527
2009,Liechtenstein,Math,Male,Medium,MaleMedium,537.4
2012,Liechtenstein,Math,Male,Medium,MaleMedium,564.4
2006,Liechtenstein,Reading,Female,0,Female,531.1
2009,Liechtenstein,Reading,Female,0,Female,516.5
2012,Liechtenstein,Reading,Female,0,Female,528.5
2006,Liechtenstein,Reading,Female,High,FemaleHigh,571.9
2009,Liechtenstein,Reading,Female,High,FemaleHigh,539.7
2012,Liechtenstein,Reading,Female,High,FemaleHigh,557.9
2006,Liechtenstein,Reading,Female,Low,FemaleLow,483.8
2009,Liechtenstein,Reading,Female,Low,FemaleLow,491.5
2012,Liechtenstein,Reading,Female,Low,FemaleLow,497.1
2006,Liechtenstein,Reading,Female,Medium,FemaleMedium,536
2009,Liechtenstein,Reading,Female,Medium,FemaleMedium,530.2
2012,Liechtenstein,Reading,Female,Medium,FemaleMedium,527.6
2006,Liechtenstein,Reading,0,0,General,510.4
2009,Liechtenstein,Reading,0,0,General,499.3
2012,Liechtenstein,Reading,0,0,General,515.5
2006,Liechtenstein,Reading,0,High,GeneralHigh,552.1
2009,Liechtenstein,Reading,0,High,GeneralHigh,527.9
2012,Liechtenstein,Reading,0,High,GeneralHigh,539.4
2006,Liechtenstein,Reading,0,Low,GeneralLow,468.2
2009,Liechtenstein,Reading,0,Low,GeneralLow,474.4
2012,Liechtenstein,Reading,0,Low,GeneralLow,482.5
2006,Liechtenstein,Reading,0,Medium,GeneralMedium,513.9
2009,Liechtenstein,Reading,0,Medium,GeneralMedium,504.9
2012,Liechtenstein,Reading,0,Medium,GeneralMedium,522.5
2006,Liechtenstein,Reading,Male,0,Male,486.4
2009,Liechtenstein,Reading,Male,0,Male,484.1
2012,Liechtenstein,Reading,Male,0,Male,504.1
2006,Liechtenstein,Reading,Male,High,MaleHigh,526.6
2009,Liechtenstein,Reading,Male,High,MaleHigh,518.5
2012,Liechtenstein,Reading,Male,High,MaleHigh,521.4
2006,Liechtenstein,Reading,Male,Low,MaleLow,451.8
2009,Liechtenstein,Reading,Male,Low,MaleLow,456.1
2012,Liechtenstein,Reading,Male,Low,MaleLow,468.7
2006,Liechtenstein,Reading,Male,Medium,MaleMedium,487.9
2009,Liechtenstein,Reading,Male,Medium,MaleMedium,484.2
2012,Liechtenstein,Reading,Male,Medium,MaleMedium,518.5
2006,Liechtenstein,Science,Female,0,Female,527.4
2009,Liechtenstein,Science,Female,0,Female,511.5
2012,Liechtenstein,Science,Female,0,Female,515.7
2006,Liechtenstein,Science,Female,High,FemaleHigh,571.3
2009,Liechtenstein,Science,Female,High,FemaleHigh,540.8
2012,Liechtenstein,Science,Female,High,FemaleHigh,545.1
2006,Liechtenstein,Science,Female,Low,FemaleLow,474.2
2009,Liechtenstein,Science,Female,Low,FemaleLow,485.6
2012,Liechtenstein,Science,Female,Low,FemaleLow,478.1
2006,Liechtenstein,Science,Female,Medium,FemaleMedium,534.7
2009,Liechtenstein,Science,Female,Medium,FemaleMedium,521.7
2012,Liechtenstein,Science,Female,Medium,FemaleMedium,519.5
2006,Liechtenstein,Science,0,0,General,522.2
2009,Liechtenstein,Science,0,0,General,519.9
2012,Liechtenstein,Science,0,0,General,524.7
2006,Liechtenstein,Science,0,High,GeneralHigh,567.7
2009,Liechtenstein,Science,0,High,GeneralHigh,555.9
2012,Liechtenstein,Science,0,High,GeneralHigh,548.9
2006,Liechtenstein,Science,0,Low,GeneralLow,475
2009,Liechtenstein,Science,0,Low,GeneralLow,490
2012,Liechtenstein,Science,0,Low,GeneralLow,484.7
2006,Liechtenstein,Science,0,Medium,GeneralMedium,526.8
2009,Liechtenstein,Science,0,Medium,GeneralMedium,524.2
2012,Liechtenstein,Science,0,Medium,GeneralMedium,536.3
2006,Liechtenstein,Science,Male,0,Male,516
2009,Liechtenstein,Science,Male,0,Male,527.4
2012,Liechtenstein,Science,Male,0,Male,532.6
2006,Liechtenstein,Science,Male,High,MaleHigh,563
2009,Liechtenstein,Science,Male,High,MaleHigh,567.9
2012,Liechtenstein,Science,Male,High,MaleHigh,552.5
2006,Liechtenstein,Science,Male,Low,MaleLow,475.9
2009,Liechtenstein,Science,Male,Low,MaleLow,494.7
2012,Liechtenstein,Science,Male,Low,MaleLow,490.9
2006,Liechtenstein,Science,Male,Medium,MaleMedium,517.6
2009,Liechtenstein,Science,Male,Medium,MaleMedium,526.2
2012,Liechtenstein,Science,Male,Medium,MaleMedium,549.3
2006,Lithuania,Math,Female,0,Female,485.3
2009,Lithuania,Math,Female,0,Female,479.8
2012,Lithuania,Math,Female,0,Female,478.7
2015,Lithuania,Math,Female,0,Female,479
2018,Lithuania,Math,Female,0,Female,482.5
2022,Lithuania,Math,Female,0,Female,472.6
2025,Lithuania,Math,Female,0,Female,466
2006,Lithuania,Math,Female,High,FemaleHigh,534.1
2009,Lithuania,Math,Female,High,FemaleHigh,530.8
2012,Lithuania,Math,Female,High,FemaleHigh,522.1
2015,Lithuania,Math,Female,High,FemaleHigh,523.5
2018,Lithuania,Math,Female,High,FemaleHigh,525
2022,Lithuania,Math,Female,High,FemaleHigh,517
2025,Lithuania,Math,Female,High,FemaleHigh,500.4
2006,Lithuania,Math,Female,Low,FemaleLow,452.8
2009,Lithuania,Math,Female,Low,FemaleLow,448.7
2012,Lithuania,Math,Female,Low,FemaleLow,448.8
2015,Lithuania,Math,Female,Low,FemaleLow,451.1
2018,Lithuania,Math,Female,Low,FemaleLow,447.6
2022,Lithuania,Math,Female,Low,FemaleLow,433.9
2025,Lithuania,Math,Female,Low,FemaleLow,435.4
2006,Lithuania,Math,Female,Medium,FemaleMedium,488.6
2009,Lithuania,Math,Female,Medium,FemaleMedium,486.8
2012,Lithuania,Math,Female,Medium,FemaleMedium,493.3
2015,Lithuania,Math,Female,Medium,FemaleMedium,488.3
2018,Lithuania,Math,Female,Medium,FemaleMedium,491.5
2022,Lithuania,Math,Female,Medium,FemaleMedium,475.6
2025,Lithuania,Math,Female,Medium,FemaleMedium,475.6
2006,Lithuania,Math,0,0,General,486.4
2009,Lithuania,Math,0,0,General,476.6
2012,Lithuania,Math,0,0,General,478.8
2015,Lithuania,Math,0,0,General,478.4
2018,Lithuania,Math,0,0,General,481.2
2022,Lithuania,Math,0,0,General,475.1
2025,Lithuania,Math,0,0,General,470.5
2006,Lithuania,Math,0,High,GeneralHigh,533.8
2009,Lithuania,Math,0,High,GeneralHigh,527.8
2012,Lithuania,Math,0,High,GeneralHigh,522.6
2015,Lithuania,Math,0,High,GeneralHigh,520.1
2018,Lithuania,Math,0,High,GeneralHigh,525.6
2022,Lithuania,Math,0,High,GeneralHigh,521.3
2025,Lithuania,Math,0,High,GeneralHigh,507.4
2006,Lithuania,Math,0,Low,GeneralLow,452.7
2009,Lithuania,Math,0,Low,GeneralLow,444.6
2012,Lithuania,Math,0,Low,GeneralLow,449.4
2015,Lithuania,Math,0,Low,GeneralLow,451.3
2018,Lithuania,Math,0,Low,GeneralLow,448.9
2022,Lithuania,Math,0,Low,GeneralLow,438
2025,Lithuania,Math,0,Low,GeneralLow,445
2006,Lithuania,Math,0,Medium,GeneralMedium,490.6
2009,Lithuania,Math,0,Medium,GeneralMedium,483.7
2012,Lithuania,Math,0,Medium,GeneralMedium,492
2015,Lithuania,Math,0,Medium,GeneralMedium,486.5
2018,Lithuania,Math,0,Medium,GeneralMedium,486.7
2022,Lithuania,Math,0,Medium,GeneralMedium,480
2025,Lithuania,Math,0,Medium,GeneralMedium,480.7
2006,Lithuania,Math,Male,0,Male,487.5
2009,Lithuania,Math,Male,0,Male,473.5
2012,Lithuania,Math,Male,0,Male,478.9
2015,Lithuania,Math,Male,0,Male,477.8
2018,Lithuania,Math,Male,0,Male,480
2022,Lithuania,Math,Male,0,Male,477.7
2025,Lithuania,Math,Male,0,Male,475
2006,Lithuania,Math,Male,High,MaleHigh,533.6
2009,Lithuania,Math,Male,High,MaleHigh,524.9
2012,Lithuania,Math,Male,High,MaleHigh,523.1
2015,Lithuania,Math,Male,High,MaleHigh,516.9
2018,Lithuania,Math,Male,High,MaleHigh,526.1
2022,Lithuania,Math,Male,High,MaleHigh,526.1
2025,Lithuania,Math,Male,High,MaleHigh,514.6
2006,Lithuania,Math,Male,Low,MaleLow,452.6
2009,Lithuania,Math,Male,Low,MaleLow,440.5
2012,Lithuania,Math,Male,Low,MaleLow,450
2015,Lithuania,Math,Male,Low,MaleLow,451.5
2018,Lithuania,Math,Male,Low,MaleLow,450
2022,Lithuania,Math,Male,Low,MaleLow,441.9
2025,Lithuania,Math,Male,Low,MaleLow,455.1
2006,Lithuania,Math,Male,Medium,MaleMedium,492.4
2009,Lithuania,Math,Male,Medium,MaleMedium,480.9
2012,Lithuania,Math,Male,Medium,MaleMedium,490.6
2015,Lithuania,Math,Male,Medium,MaleMedium,484.9
2018,Lithuania,Math,Male,Medium,MaleMedium,482.1
2022,Lithuania,Math,Male,Medium,MaleMedium,484.4
2025,Lithuania,Math,Male,Medium,MaleMedium,486.3
2006,Lithuania,Reading,Female,0,Female,496.2
2009,Lithuania,Reading,Female,0,Female,498.2
2012,Lithuania,Reading,Female,0,Female,505.1
2015,Lithuania,Reading,Female,0,Female,492.2
2018,Lithuania,Reading,Female,0,Female,495.6
2022,Lithuania,Reading,Female,0,Female,487.1
2025,Lithuania,Reading,Female,0,Female,485.9
2006,Lithuania,Reading,Female,High,FemaleHigh,542.7
2009,Lithuania,Reading,Female,High,FemaleHigh,543.3
2012,Lithuania,Reading,Female,High,FemaleHigh,540.5
2015,Lithuania,Reading,Female,High,FemaleHigh,539.8
2018,Lithuania,Reading,Female,High,FemaleHigh,538
2022,Lithuania,Reading,Female,High,FemaleHigh,529
2025,Lithuania,Reading,Female,High,FemaleHigh,515.9
2006,Lithuania,Reading,Female,Low,FemaleLow,464.3
2009,Lithuania,Reading,Female,Low,FemaleLow,470.8
2012,Lithuania,Reading,Female,Low,FemaleLow,479.2
2015,Lithuania,Reading,Female,Low,FemaleLow,460.6
2018,Lithuania,Reading,Female,Low,FemaleLow,460.7
2022,Lithuania,Reading,Female,Low,FemaleLow,450.7
2025,Lithuania,Reading,Female,Low,FemaleLow,458.4
2006,Lithuania,Reading,Female,Medium,FemaleMedium,500.9
2009,Lithuania,Reading,Female,Medium,FemaleMedium,504.4
2012,Lithuania,Reading,Female,Medium,FemaleMedium,519.1
2015,Lithuania,Reading,Female,Medium,FemaleMedium,505.7
2018,Lithuania,Reading,Female,Medium,FemaleMedium,505
2022,Lithuania,Reading,Female,Medium,FemaleMedium,491.7
2025,Lithuania,Reading,Female,Medium,FemaleMedium,496.8
2006,Lithuania,Reading,0,0,General,470.1
2009,Lithuania,Reading,0,0,General,468.4
2012,Lithuania,Reading,0,0,General,477.3
2015,Lithuania,Reading,0,0,General,472.4
2018,Lithuania,Reading,0,0,General,475.9
2022,Lithuania,Reading,0,0,General,471.8
2025,Lithuania,Reading,0,0,General,464.1
2006,Lithuania,Reading,0,High,GeneralHigh,515.1
2009,Lithuania,Reading,0,High,GeneralHigh,513.2
2012,Lithuania,Reading,0,High,GeneralHigh,514.7
2015,Lithuania,Reading,0,High,GeneralHigh,517.3
2018,Lithuania,Reading,0,High,GeneralHigh,520.2
2022,Lithuania,Reading,0,High,GeneralHigh,515.7
2025,Lithuania,Reading,0,High,GeneralHigh,497.9
2006,Lithuania,Reading,0,Low,GeneralLow,438.8
2009,Lithuania,Reading,0,Low,GeneralLow,441.5
2012,Lithuania,Reading,0,Low,GeneralLow,451.6
2015,Lithuania,Reading,0,Low,GeneralLow,442
2018,Lithuania,Reading,0,Low,GeneralLow,444.2
2022,Lithuania,Reading,0,Low,GeneralLow,437
2025,Lithuania,Reading,0,Low,GeneralLow,441.4
2006,Lithuania,Reading,0,Medium,GeneralMedium,473
2009,Lithuania,Reading,0,Medium,GeneralMedium,472.8
2012,Lithuania,Reading,0,Medium,GeneralMedium,489.8
2015,Lithuania,Reading,0,Medium,GeneralMedium,483.5
2018,Lithuania,Reading,0,Medium,GeneralMedium,480.9
2022,Lithuania,Reading,0,Medium,GeneralMedium,477.7
2025,Lithuania,Reading,0,Medium,GeneralMedium,476.8
2006,Lithuania,Reading,Male,0,Male,444.8
2009,Lithuania,Reading,Male,0,Male,439.5
2012,Lithuania,Reading,Male,0,Male,450
2015,Lithuania,Reading,Male,0,Male,453.2
2018,Lithuania,Reading,Male,0,Male,457
2022,Lithuania,Reading,Male,0,Male,456.3
2025,Lithuania,Reading,Male,0,Male,442.3
2006,Lithuania,Reading,Male,High,MaleHigh,488.6
2009,Lithuania,Reading,Male,High,MaleHigh,483.8
2012,Lithuania,Reading,Male,High,MaleHigh,489.8
2015,Lithuania,Reading,Male,High,MaleHigh,495.7
2018,Lithuania,Reading,Male,High,MaleHigh,502.6
2022,Lithuania,Reading,Male,High,MaleHigh,500.6
2025,Lithuania,Reading,Male,High,MaleHigh,479.3
2006,Lithuania,Reading,Male,Low,MaleLow,412.3
2009,Lithuania,Reading,Male,Low,MaleLow,411.5
2012,Lithuania,Reading,Male,Low,MaleLow,424
2015,Lithuania,Reading,Male,Low,MaleLow,422.3
2018,Lithuania,Reading,Male,Low,MaleLow,428.3
2022,Lithuania,Reading,Male,Low,MaleLow,424
2025,Lithuania,Reading,Male,Low,MaleLow,423.7
2006,Lithuania,Reading,Male,Medium,MaleMedium,448.7
2009,Lithuania,Reading,Male,Medium,MaleMedium,444.4
2012,Lithuania,Reading,Male,Medium,MaleMedium,460.3
2015,Lithuania,Reading,Male,Medium,MaleMedium,464
2018,Lithuania,Reading,Male,Medium,MaleMedium,458
2022,Lithuania,Reading,Male,Medium,MaleMedium,463.5
2025,Lithuania,Reading,Male,Medium,MaleMedium,454.3
2006,Lithuania,Science,Female,0,Female,492.7
2009,Lithuania,Science,Female,0,Female,500.1
2012,Lithuania,Science,Female,0,Female,503.2
2015,Lithuania,Science,Female,0,Female,479.2
2018,Lithuania,Science,Female,0,Female,485.2
2022,Lithuania,Science,Female,0,Female,487.3
2025,Lithuania,Science,Female,0,Female,492.8
2006,Lithuania,Science,Female,High,FemaleHigh,540.7
2009,Lithuania,Science,Female,High,FemaleHigh,544
2012,Lithuania,Science,Female,High,FemaleHigh,539.5
2015,Lithuania,Science,Female,High,FemaleHigh,527.5
2018,Lithuania,Science,Female,High,FemaleHigh,526.4
2022,Lithuania,Science,Female,High,FemaleHigh,530.4
2025,Lithuania,Science,Female,High,FemaleHigh,525.9
2006,Lithuania,Science,Female,Low,FemaleLow,461.9
2009,Lithuania,Science,Female,Low,FemaleLow,473
2012,Lithuania,Science,Female,Low,FemaleLow,477.6
2015,Lithuania,Science,Female,Low,FemaleLow,448.4
2018,Lithuania,Science,Female,Low,FemaleLow,452.4
2022,Lithuania,Science,Female,Low,FemaleLow,450.2
2025,Lithuania,Science,Female,Low,FemaleLow,464.7
2006,Lithuania,Science,Female,Medium,FemaleMedium,493.8
2009,Lithuania,Science,Female,Medium,FemaleMedium,506.7
2012,Lithuania,Science,Female,Medium,FemaleMedium,516.2
2015,Lithuania,Science,Female,Medium,FemaleMedium,489.7
2018,Lithuania,Science,Female,Medium,FemaleMedium,491.9
2022,Lithuania,Science,Female,Medium,FemaleMedium,491.1
2025,Lithuania,Science,Female,Medium,FemaleMedium,501.4
2006,Lithuania,Science,0,0,General,488
2009,Lithuania,Science,0,0,General,491.4
2012,Lithuania,Science,0,0,General,495.7
2015,Lithuania,Science,0,0,General,475.4
2018,Lithuania,Science,0,0,General,482.1
2022,Lithuania,Science,0,0,General,484.5
2025,Lithuania,Science,0,0,General,487.7
2006,Lithuania,Science,0,High,GeneralHigh,533
2009,Lithuania,Science,0,High,GeneralHigh,535.9
2012,Lithuania,Science,0,High,GeneralHigh,534.8
2015,Lithuania,Science,0,High,GeneralHigh,520.2
2018,Lithuania,Science,0,High,GeneralHigh,525.2
2022,Lithuania,Science,0,High,GeneralHigh,528.9
2025,Lithuania,Science,0,High,GeneralHigh,523.5
2006,Lithuania,Science,0,Low,GeneralLow,457.3
2009,Lithuania,Science,0,Low,GeneralLow,463.1
2012,Lithuania,Science,0,Low,GeneralLow,469.5
2015,Lithuania,Science,0,Low,GeneralLow,446.1
2018,Lithuania,Science,0,Low,GeneralLow,452
2022,Lithuania,Science,0,Low,GeneralLow,449.2
2025,Lithuania,Science,0,Low,GeneralLow,464
2006,Lithuania,Science,0,Medium,GeneralMedium,489.9
2009,Lithuania,Science,0,Medium,GeneralMedium,497.9
2012,Lithuania,Science,0,Medium,GeneralMedium,507.1
2015,Lithuania,Science,0,Medium,GeneralMedium,484.4
2018,Lithuania,Science,0,Medium,GeneralMedium,485.5
2022,Lithuania,Science,0,Medium,GeneralMedium,489.8
2025,Lithuania,Science,0,Medium,GeneralMedium,497.8
2006,Lithuania,Science,Male,0,Male,483.4
2009,Lithuania,Science,Male,0,Male,482.9
2012,Lithuania,Science,Male,0,Male,488.3
2015,Lithuania,Science,Male,0,Male,471.8
2018,Lithuania,Science,Male,0,Male,479.1
2022,Lithuania,Science,Male,0,Male,481.6
2025,Lithuania,Science,Male,0,Male,482.7
2006,Lithuania,Science,Male,High,MaleHigh,525.6
2009,Lithuania,Science,Male,High,MaleHigh,528
2012,Lithuania,Science,Male,High,MaleHigh,530.3
2015,Lithuania,Science,Male,High,MaleHigh,513.2
2018,Lithuania,Science,Male,High,MaleHigh,523.9
2022,Lithuania,Science,Male,High,MaleHigh,527.2
2025,Lithuania,Science,Male,High,MaleHigh,521.1
2006,Lithuania,Science,Male,Low,MaleLow,452.5
2009,Lithuania,Science,Male,Low,MaleLow,452.8
2012,Lithuania,Science,Male,Low,MaleLow,461.4
2015,Lithuania,Science,Male,Low,MaleLow,443.6
2018,Lithuania,Science,Male,Low,MaleLow,451.5
2022,Lithuania,Science,Male,Low,MaleLow,448.2
2025,Lithuania,Science,Male,Low,MaleLow,463.3
2006,Lithuania,Science,Male,Medium,MaleMedium,486.6
2009,Lithuania,Science,Male,Medium,MaleMedium,490
2012,Lithuania,Science,Male,Medium,MaleMedium,497.8
2015,Lithuania,Science,Male,Medium,MaleMedium,479.8
2018,Lithuania,Science,Male,Medium,MaleMedium,479.3
2022,Lithuania,Science,Male,Medium,MaleMedium,488.6
2025,Lithuania,Science,Male,Medium,MaleMedium,493.7
2006,Luxembourg,Math,Female,0,Female,481.6
2009,Luxembourg,Math,Female,0,Female,479.2
2012,Luxembourg,Math,Female,0,Female,477.1
2015,Luxembourg,Math,Female,0,Female,480.1
2018,Luxembourg,Math,Female,0,Female,479.6
2025,Luxembourg,Math,Female,0,Female,448.5
2006,Luxembourg,Math,Female,High,FemaleHigh,524.3
2009,Luxembourg,Math,Female,High,FemaleHigh,526.9
2012,Luxembourg,Math,Female,High,FemaleHigh,529.5
2015,Luxembourg,Math,Female,High,FemaleHigh,531.7
2018,Luxembourg,Math,Female,High,FemaleHigh,536.9
2025,Luxembourg,Math,Female,High,FemaleHigh,504.9
2006,Luxembourg,Math,Female,Low,FemaleLow,436.5
2009,Luxembourg,Math,Female,Low,FemaleLow,430.4
2012,Luxembourg,Math,Female,Low,FemaleLow,432.3
2015,Luxembourg,Math,Female,Low,FemaleLow,438.8
2018,Luxembourg,Math,Female,Low,FemaleLow,436.3
2025,Luxembourg,Math,Female,Low,FemaleLow,404.9
2006,Luxembourg,Math,Female,Medium,FemaleMedium,492.1
2009,Luxembourg,Math,Female,Medium,FemaleMedium,484.9
2012,Luxembourg,Math,Female,Medium,FemaleMedium,485
2015,Luxembourg,Math,Female,Medium,FemaleMedium,480.5
2018,Luxembourg,Math,Female,Medium,FemaleMedium,476.2
2025,Luxembourg,Math,Female,Medium,FemaleMedium,446.4
2006,Luxembourg,Math,0,0,General,490
2009,Luxembourg,Math,0,0,General,489.1
2012,Luxembourg,Math,0,0,General,489.8
2015,Luxembourg,Math,0,0,General,485.8
2018,Luxembourg,Math,0,0,General,483.4
2025,Luxembourg,Math,0,0,General,458.1
2006,Luxembourg,Math,0,High,GeneralHigh,532.5
2009,Luxembourg,Math,0,High,GeneralHigh,536.3
2012,Luxembourg,Math,0,High,GeneralHigh,538.8
2015,Luxembourg,Math,0,High,GeneralHigh,538
2018,Luxembourg,Math,0,High,GeneralHigh,539.7
2025,Luxembourg,Math,0,High,GeneralHigh,516.6
2006,Luxembourg,Math,0,Low,GeneralLow,445
2009,Luxembourg,Math,0,Low,GeneralLow,439.4
2012,Luxembourg,Math,0,Low,GeneralLow,446.1
2015,Luxembourg,Math,0,Low,GeneralLow,444.3
2018,Luxembourg,Math,0,Low,GeneralLow,441.3
2025,Luxembourg,Math,0,Low,GeneralLow,415
2006,Luxembourg,Math,0,Medium,GeneralMedium,496.1
2009,Luxembourg,Math,0,Medium,GeneralMedium,492.4
2012,Luxembourg,Math,0,Medium,GeneralMedium,495.4
2015,Luxembourg,Math,0,Medium,GeneralMedium,484.7
2018,Luxembourg,Math,0,Medium,GeneralMedium,480.6
2025,Luxembourg,Math,0,Medium,GeneralMedium,457.9
2006,Luxembourg,Math,Male,0,Male,498.2
2009,Luxembourg,Math,Male,0,Male,498.6
2012,Luxembourg,Math,Male,0,Male,502.2
2015,Luxembourg,Math,Male,0,Male,491.5
2018,Luxembourg,Math,Male,0,Male,487.1
2025,Luxembourg,Math,Male,0,Male,467.4
2006,Luxembourg,Math,Male,High,MaleHigh,539.3
2009,Luxembourg,Math,Male,High,MaleHigh,545
2012,Luxembourg,Math,Male,High,MaleHigh,546.8
2015,Luxembourg,Math,Male,High,MaleHigh,544.3
2018,Luxembourg,Math,Male,High,MaleHigh,542.5
2025,Luxembourg,Math,Male,High,MaleHigh,527.7
2006,Luxembourg,Math,Male,Low,MaleLow,453.7
2009,Luxembourg,Math,Male,Low,MaleLow,449.1
2012,Luxembourg,Math,Male,Low,MaleLow,461.2
2015,Luxembourg,Math,Male,Low,MaleLow,450.3
2018,Luxembourg,Math,Male,Low,MaleLow,446.3
2025,Luxembourg,Math,Male,Low,MaleLow,426.7
2006,Luxembourg,Math,Male,Medium,MaleMedium,500.5
2009,Luxembourg,Math,Male,Medium,MaleMedium,499.7
2012,Luxembourg,Math,Male,Medium,MaleMedium,505.6
2015,Luxembourg,Math,Male,Medium,MaleMedium,488.8
2018,Luxembourg,Math,Male,Medium,MaleMedium,484.8
2025,Luxembourg,Math,Male,Medium,MaleMedium,469.2
2006,Luxembourg,Reading,Female,0,Female,495.4
2009,Luxembourg,Reading,Female,0,Female,492.1
2012,Luxembourg,Reading,Female,0,Female,503
2015,Luxembourg,Reading,Female,0,Female,492
2018,Luxembourg,Reading,Female,0,Female,484.8
2025,Luxembourg,Reading,Female,0,Female,458.3
2006,Luxembourg,Reading,Female,High,FemaleHigh,543.7
2009,Luxembourg,Reading,Female,High,FemaleHigh,540.8
2012,Luxembourg,Reading,Female,High,FemaleHigh,557
2015,Luxembourg,Reading,Female,High,FemaleHigh,549.7
2018,Luxembourg,Reading,Female,High,FemaleHigh,542.5
2025,Luxembourg,Reading,Female,High,FemaleHigh,521.7
2006,Luxembourg,Reading,Female,Low,FemaleLow,442.9
2009,Luxembourg,Reading,Female,Low,FemaleLow,439.6
2012,Luxembourg,Reading,Female,Low,FemaleLow,455.6
2015,Luxembourg,Reading,Female,Low,FemaleLow,444.5
2018,Luxembourg,Reading,Female,Low,FemaleLow,437.6
2025,Luxembourg,Reading,Female,Low,FemaleLow,408.8
2006,Luxembourg,Reading,Female,Medium,FemaleMedium,508.9
2009,Luxembourg,Reading,Female,Medium,FemaleMedium,501.6
2012,Luxembourg,Reading,Female,Medium,FemaleMedium,513.7
2015,Luxembourg,Reading,Female,Medium,FemaleMedium,494.4
2018,Luxembourg,Reading,Female,Medium,FemaleMedium,487.3
2025,Luxembourg,Reading,Female,Medium,FemaleMedium,457
2006,Luxembourg,Reading,0,0,General,479.4
2009,Luxembourg,Reading,0,0,General,472.2
2012,Luxembourg,Reading,0,0,General,487.8
2015,Luxembourg,Reading,0,0,General,481.4
2018,Luxembourg,Reading,0,0,General,470
2025,Luxembourg,Reading,0,0,General,443.2
2006,Luxembourg,Reading,0,High,GeneralHigh,526
2009,Luxembourg,Reading,0,High,GeneralHigh,519.8
2012,Luxembourg,Reading,0,High,GeneralHigh,537.8
2015,Luxembourg,Reading,0,High,GeneralHigh,538.8
2018,Luxembourg,Reading,0,High,GeneralHigh,529.1
2025,Luxembourg,Reading,0,High,GeneralHigh,506.8
2006,Luxembourg,Reading,0,Low,GeneralLow,426.4
2009,Luxembourg,Reading,0,Low,GeneralLow,418.7
2012,Luxembourg,Reading,0,Low,GeneralLow,443.6
2015,Luxembourg,Reading,0,Low,GeneralLow,434.4
2018,Luxembourg,Reading,0,Low,GeneralLow,424.3
2025,Luxembourg,Reading,0,Low,GeneralLow,397.9
2006,Luxembourg,Reading,0,Medium,GeneralMedium,490
2009,Luxembourg,Reading,0,Medium,GeneralMedium,480.5
2012,Luxembourg,Reading,0,Medium,GeneralMedium,494.1
2015,Luxembourg,Reading,0,Medium,GeneralMedium,482.3
2018,Luxembourg,Reading,0,Medium,GeneralMedium,470.8
2025,Luxembourg,Reading,0,Medium,GeneralMedium,444.5
2006,Luxembourg,Reading,Male,0,Male,463.7
2009,Luxembourg,Reading,Male,0,Male,452.7
2012,Luxembourg,Reading,Male,0,Male,473
2015,Luxembourg,Reading,Male,0,Male,470.7
2018,Luxembourg,Reading,Male,0,Male,455.6
2025,Luxembourg,Reading,Male,0,Male,428.8
2006,Luxembourg,Reading,Male,High,MaleHigh,511.5
2009,Luxembourg,Reading,Male,High,MaleHigh,500.6
2012,Luxembourg,Reading,Male,High,MaleHigh,521
2015,Luxembourg,Reading,Male,High,MaleHigh,528
2018,Luxembourg,Reading,Male,High,MaleHigh,515.6
2025,Luxembourg,Reading,Male,High,MaleHigh,492.4
2006,Luxembourg,Reading,Male,Low,MaleLow,409.4
2009,Luxembourg,Reading,Male,Low,MaleLow,396
2012,Luxembourg,Reading,Male,Low,MaleLow,430.3
2015,Luxembourg,Reading,Male,Low,MaleLow,423.7
2018,Luxembourg,Reading,Male,Low,MaleLow,411
2025,Luxembourg,Reading,Male,Low,MaleLow,385.2
2006,Luxembourg,Reading,Male,Medium,MaleMedium,469.3
2009,Luxembourg,Reading,Male,Medium,MaleMedium,460.3
2012,Luxembourg,Reading,Male,Medium,MaleMedium,475
2015,Luxembourg,Reading,Male,Medium,MaleMedium,470.3
2018,Luxembourg,Reading,Male,Medium,MaleMedium,455.3
2025,Luxembourg,Reading,Male,Medium,MaleMedium,432.3
2006,Luxembourg,Science,Female,0,Female,481.6
2009,Luxembourg,Science,Female,0,Female,480.5
2012,Luxembourg,Science,Female,0,Female,483.5
2015,Luxembourg,Science,Female,0,Female,479
2018,Luxembourg,Science,Female,0,Female,479.1
2025,Luxembourg,Science,Female,0,Female,473
2006,Luxembourg,Science,Female,High,FemaleHigh,529.1
2009,Luxembourg,Science,Female,High,FemaleHigh,531.5
2012,Luxembourg,Science,Female,High,FemaleHigh,539.2
2015,Luxembourg,Science,Female,High,FemaleHigh,536.6
2018,Luxembourg,Science,Female,High,FemaleHigh,536.3
2025,Luxembourg,Science,Female,High,FemaleHigh,543.2
2006,Luxembourg,Science,Female,Low,FemaleLow,430.1
2009,Luxembourg,Science,Female,Low,FemaleLow,424.3
2012,Luxembourg,Science,Female,Low,FemaleLow,433
2015,Luxembourg,Science,Female,Low,FemaleLow,431.9
2018,Luxembourg,Science,Female,Low,FemaleLow,432.4
2025,Luxembourg,Science,Female,Low,FemaleLow,416.5
2006,Luxembourg,Science,Female,Medium,FemaleMedium,494.7
2009,Luxembourg,Science,Female,Medium,FemaleMedium,491.2
2012,Luxembourg,Science,Female,Medium,FemaleMedium,496.2
2015,Luxembourg,Science,Female,Medium,FemaleMedium,480.2
2018,Luxembourg,Science,Female,Medium,FemaleMedium,481.1
2025,Luxembourg,Science,Female,Medium,FemaleMedium,474.2
2006,Luxembourg,Science,0,0,General,486.3
2009,Luxembourg,Science,0,0,General,483.9
2012,Luxembourg,Science,0,0,General,491.2
2015,Luxembourg,Science,0,0,General,482.8
2018,Luxembourg,Science,0,0,General,476.8
2025,Luxembourg,Science,0,0,General,473.8
2006,Luxembourg,Science,0,High,GeneralHigh,533.5
2009,Luxembourg,Science,0,High,GeneralHigh,535
2012,Luxembourg,Science,0,High,GeneralHigh,544.6
2015,Luxembourg,Science,0,High,GeneralHigh,540.7
2018,Luxembourg,Science,0,High,GeneralHigh,533.6
2025,Luxembourg,Science,0,High,GeneralHigh,544.3
2006,Luxembourg,Science,0,Low,GeneralLow,434.2
2009,Luxembourg,Science,0,Low,GeneralLow,425.4
2012,Luxembourg,Science,0,Low,GeneralLow,441.3
2015,Luxembourg,Science,0,Low,GeneralLow,435.5
2018,Luxembourg,Science,0,Low,GeneralLow,432.1
2025,Luxembourg,Science,0,Low,GeneralLow,420.7
2006,Luxembourg,Science,0,Medium,GeneralMedium,495.4
2009,Luxembourg,Science,0,Medium,GeneralMedium,493.2
2012,Luxembourg,Science,0,Medium,GeneralMedium,500.3
2015,Luxembourg,Science,0,Medium,GeneralMedium,483.1
2018,Luxembourg,Science,0,Medium,GeneralMedium,478.2
2025,Luxembourg,Science,0,Medium,GeneralMedium,475.7
2006,Luxembourg,Science,Male,0,Male,490.9
2009,Luxembourg,Science,Male,0,Male,487.3
2012,Luxembourg,Science,Male,0,Male,498.7
2015,Luxembourg,Science,Male,0,Male,486.7
2018,Luxembourg,Science,Male,0,Male,474.5
2025,Luxembourg,Science,Male,0,Male,474.5
2006,Luxembourg,Science,Male,High,MaleHigh,537.1
2009,Luxembourg,Science,Male,High,MaleHigh,538.2
2012,Luxembourg,Science,Male,High,MaleHigh,549.3
2015,Luxembourg,Science,Male,High,MaleHigh,544.8
2018,Luxembourg,Science,Male,High,MaleHigh,530.9
2025,Luxembourg,Science,Male,High,MaleHigh,545.4
2006,Luxembourg,Science,Male,Low,MaleLow,438.5
2009,Luxembourg,Science,Male,Low,MaleLow,426.7
2012,Luxembourg,Science,Male,Low,MaleLow,450.5
2015,Luxembourg,Science,Male,Low,MaleLow,439.4
2018,Luxembourg,Science,Male,Low,MaleLow,431.7
2025,Luxembourg,Science,Male,Low,MaleLow,425.6
2006,Luxembourg,Science,Male,Medium,MaleMedium,496.2
2009,Luxembourg,Science,Male,Medium,MaleMedium,495.2
2012,Luxembourg,Science,Male,Medium,MaleMedium,504.3
2015,Luxembourg,Science,Male,Medium,MaleMedium,485.8
2018,Luxembourg,Science,Male,Medium,MaleMedium,475.4
2025,Luxembourg,Science,Male,Medium,MaleMedium,477.2
2006,Macao (China),Math,Female,0,Female,519.6
2009,Macao (China),Math,Female,0,Female,519.6
2012,Macao (China),Math,Female,0,Female,536.7
2015,Macao (China),Math,Female,0,Female,547.9
2018,Macao (China),Math,Female,0,Female,555.8
2022,Macao (China),Math,Female,0,Female,544
2025,Macao (China),Math,Female,0,Female,539.8
2006,Macao (China),Math,Female,High,FemaleHigh,543.1
2009,Macao (China),Math,Female,High,FemaleHigh,546.9
2012,Macao (China),Math,Female,High,FemaleHigh,585.5
2015,Macao (China),Math,Female,High,FemaleHigh,584
2018,Macao (China),Math,Female,High,FemaleHigh,577.1
2022,Macao (China),Math,Female,High,FemaleHigh,584.3
2025,Macao (China),Math,Female,High,FemaleHigh,580.6
2006,Macao (China),Math,Female,Low,FemaleLow,516.4
2009,Macao (China),Math,Female,Low,FemaleLow,515
2012,Macao (China),Math,Female,Low,FemaleLow,532.8
2015,Macao (China),Math,Female,Low,FemaleLow,538.7
2018,Macao (China),Math,Female,Low,FemaleLow,549
2022,Macao (China),Math,Female,Low,FemaleLow,531.5
2025,Macao (China),Math,Female,Low,FemaleLow,526.3
2006,Macao (China),Math,Female,Medium,FemaleMedium,528.3
2009,Macao (China),Math,Female,Medium,FemaleMedium,527.9
2012,Macao (China),Math,Female,Medium,FemaleMedium,545
2015,Macao (China),Math,Female,Medium,FemaleMedium,560.1
2018,Macao (China),Math,Female,Medium,FemaleMedium,562.1
2022,Macao (China),Math,Female,Medium,FemaleMedium,552.6
2025,Macao (China),Math,Female,Medium,FemaleMedium,549.1
2006,Macao (China),Math,0,0,General,525
2009,Macao (China),Math,0,0,General,525.3
2012,Macao (China),Math,0,0,General,538.1
2015,Macao (China),Math,0,0,General,543.8
2018,Macao (China),Math,0,0,General,557.7
2022,Macao (China),Math,0,0,General,551.9
2025,Macao (China),Math,0,0,General,549.3
2006,Macao (China),Math,0,High,GeneralHigh,554.4
2009,Macao (China),Math,0,High,GeneralHigh,554.2
2012,Macao (China),Math,0,High,GeneralHigh,587.3
2015,Macao (China),Math,0,High,GeneralHigh,575.4
2018,Macao (China),Math,0,High,GeneralHigh,580
2022,Macao (China),Math,0,High,GeneralHigh,593
2025,Macao (China),Math,0,High,GeneralHigh,592.9
2006,Macao (China),Math,0,Low,GeneralLow,522.3
2009,Macao (China),Math,0,Low,GeneralLow,520.5
2012,Macao (China),Math,0,Low,GeneralLow,534.3
2015,Macao (China),Math,0,Low,GeneralLow,537.4
2018,Macao (China),Math,0,Low,GeneralLow,551
2022,Macao (China),Math,0,Low,GeneralLow,539.7
2025,Macao (China),Math,0,Low,GeneralLow,537
2006,Macao (China),Math,0,Medium,GeneralMedium,530.4
2009,Macao (China),Math,0,Medium,GeneralMedium,534.2
2012,Macao (China),Math,0,Medium,GeneralMedium,548.3
2015,Macao (China),Math,0,Medium,GeneralMedium,550.8
2018,Macao (China),Math,0,Medium,GeneralMedium,565.5
2022,Macao (China),Math,0,Medium,GeneralMedium,561.8
2025,Macao (China),Math,0,Medium,GeneralMedium,559.8
2006,Macao (China),Math,Male,0,Male,530.3
2009,Macao (China),Math,Male,0,Male,530.8
2012,Macao (China),Math,Male,0,Male,539.5
2015,Macao (China),Math,Male,0,Male,539.7
2018,Macao (China),Math,Male,0,Male,559.5
2022,Macao (China),Math,Male,0,Male,559.5
2025,Macao (China),Math,Male,0,Male,558.3
2006,Macao (China),Math,Male,High,MaleHigh,564.7
2009,Macao (China),Math,Male,High,MaleHigh,560.9
2012,Macao (China),Math,Male,High,MaleHigh,589.7
2015,Macao (China),Math,Male,High,MaleHigh,566.9
2018,Macao (China),Math,Male,High,MaleHigh,583.8
2022,Macao (China),Math,Male,High,MaleHigh,602.4
2025,Macao (China),Math,Male,High,MaleHigh,605.9
2006,Macao (China),Math,Male,Low,MaleLow,528
2009,Macao (China),Math,Male,Low,MaleLow,525.7
2012,Macao (China),Math,Male,Low,MaleLow,535.7
2015,Macao (China),Math,Male,Low,MaleLow,536.1
2018,Macao (China),Math,Male,Low,MaleLow,552.9
2022,Macao (China),Math,Male,Low,MaleLow,547.2
2025,Macao (China),Math,Male,Low,MaleLow,547
2006,Macao (China),Math,Male,Medium,MaleMedium,532.6
2009,Macao (China),Math,Male,Medium,MaleMedium,541.1
2012,Macao (China),Math,Male,Medium,MaleMedium,551.4
2015,Macao (China),Math,Male,Medium,MaleMedium,541.3
2018,Macao (China),Math,Male,Medium,MaleMedium,569.1
2022,Macao (China),Math,Male,Medium,MaleMedium,570.8
2025,Macao (China),Math,Male,Medium,MaleMedium,570.1
2006,Macao (China),Reading,Female,0,Female,505.5
2009,Macao (China),Reading,Female,0,Female,503.9
2012,Macao (China),Reading,Female,0,Female,527.2
2015,Macao (China),Reading,Female,0,Female,524.5
2018,Macao (China),Reading,Female,0,Female,536.3
2022,Macao (China),Reading,Female,0,Female,517.8
2025,Macao (China),Reading,Female,0,Female,512.5
2006,Macao (China),Reading,Female,High,FemaleHigh,531.5
2009,Macao (China),Reading,Female,High,FemaleHigh,519.2
2012,Macao (China),Reading,Female,High,FemaleHigh,565.8
2015,Macao (China),Reading,Female,High,FemaleHigh,556.6
2018,Macao (China),Reading,Female,High,FemaleHigh,557.4
2022,Macao (China),Reading,Female,High,FemaleHigh,551.6
2025,Macao (China),Reading,Female,High,FemaleHigh,539
2006,Macao (China),Reading,Female,Low,FemaleLow,502.8
2009,Macao (China),Reading,Female,Low,FemaleLow,500.7
2012,Macao (China),Reading,Female,Low,FemaleLow,525.1
2015,Macao (China),Reading,Female,Low,FemaleLow,515.7
2018,Macao (China),Reading,Female,Low,FemaleLow,530.7
2022,Macao (China),Reading,Female,Low,FemaleLow,509.4
2025,Macao (China),Reading,Female,Low,FemaleLow,504.5
2006,Macao (China),Reading,Female,Medium,FemaleMedium,511.4
2009,Macao (China),Reading,Female,Medium,FemaleMedium,511.1
2012,Macao (China),Reading,Female,Medium,FemaleMedium,525.6
2015,Macao (China),Reading,Female,Medium,FemaleMedium,536.5
2018,Macao (China),Reading,Female,Medium,FemaleMedium,539.7
2022,Macao (China),Reading,Female,Medium,FemaleMedium,520.2
2025,Macao (China),Reading,Female,Medium,FemaleMedium,517.4
2006,Macao (China),Reading,0,0,General,492.3
2009,Macao (China),Reading,0,0,General,486.6
2012,Macao (China),Reading,0,0,General,508.9
2015,Macao (China),Reading,0,0,General,508.7
2018,Macao (China),Reading,0,0,General,525.1
2022,Macao (China),Reading,0,0,General,510.4
2025,Macao (China),Reading,0,0,General,501.1
2006,Macao (China),Reading,0,High,GeneralHigh,525.2
2009,Macao (China),Reading,0,High,GeneralHigh,506.5
2012,Macao (China),Reading,0,High,GeneralHigh,552.9
2015,Macao (China),Reading,0,High,GeneralHigh,537.7
2018,Macao (China),Reading,0,High,GeneralHigh,548.3
2022,Macao (China),Reading,0,High,GeneralHigh,542.8
2025,Macao (China),Reading,0,High,GeneralHigh,529.7
2006,Macao (China),Reading,0,Low,GeneralLow,490.3
2009,Macao (China),Reading,0,Low,GeneralLow,482.9
2012,Macao (China),Reading,0,Low,GeneralLow,506.3
2015,Macao (China),Reading,0,Low,GeneralLow,502.4
2018,Macao (China),Reading,0,Low,GeneralLow,518.9
2022,Macao (China),Reading,0,Low,GeneralLow,502.6
2025,Macao (China),Reading,0,Low,GeneralLow,494.8
2006,Macao (China),Reading,0,Medium,GeneralMedium,493.6
2009,Macao (China),Reading,0,Medium,GeneralMedium,494.3
2012,Macao (China),Reading,0,Medium,GeneralMedium,510.5
2015,Macao (China),Reading,0,Medium,GeneralMedium,515.4
2018,Macao (China),Reading,0,Medium,GeneralMedium,531.3
2022,Macao (China),Reading,0,Medium,GeneralMedium,513.9
2025,Macao (China),Reading,0,Medium,GeneralMedium,505.8
2006,Macao (China),Reading,Male,0,Male,479.4
2009,Macao (China),Reading,Male,0,Male,469.8
2012,Macao (China),Reading,Male,0,Male,491.6
2015,Macao (China),Reading,Male,0,Male,493
2018,Macao (China),Reading,Male,0,Male,514.3
2022,Macao (China),Reading,Male,0,Male,503.4
2025,Macao (China),Reading,Male,0,Male,490.2
2006,Macao (China),Reading,Male,High,MaleHigh,519.5
2009,Macao (China),Reading,Male,High,MaleHigh,495
2012,Macao (China),Reading,Male,High,MaleHigh,536.8
2015,Macao (China),Reading,Male,High,MaleHigh,519
2018,Macao (China),Reading,Male,High,MaleHigh,536.5
2022,Macao (China),Reading,Male,High,MaleHigh,533.3
2025,Macao (China),Reading,Male,High,MaleHigh,519.7
2006,Macao (China),Reading,Male,Low,MaleLow,478.2
2009,Macao (China),Reading,Male,Low,MaleLow,466
2012,Macao (China),Reading,Male,Low,MaleLow,488.8
2015,Macao (China),Reading,Male,Low,MaleLow,489.4
2018,Macao (China),Reading,Male,Low,MaleLow,508.1
2022,Macao (China),Reading,Male,Low,MaleLow,496.4
2025,Macao (China),Reading,Male,Low,MaleLow,485.7
2006,Macao (China),Reading,Male,Medium,MaleMedium,474.9
2009,Macao (China),Reading,Male,Medium,MaleMedium,476
2012,Macao (China),Reading,Male,Medium,MaleMedium,496
2015,Macao (China),Reading,Male,Medium,MaleMedium,493.7
2018,Macao (China),Reading,Male,Medium,MaleMedium,522.7
2022,Macao (China),Reading,Male,Medium,MaleMedium,507.7
2025,Macao (China),Reading,Male,Medium,MaleMedium,494.7
2006,Macao (China),Science,Female,0,Female,508.9
2009,Macao (China),Science,Female,0,Female,512.3
2012,Macao (China),Science,Female,0,Female,521.2
2015,Macao (China),Science,Female,0,Female,532.4
2018,Macao (China),Science,Female,0,Female,544.5
2022,Macao (China),Science,Female,0,Female,542.1
2025,Macao (China),Science,Female,0,Female,540.5
2006,Macao (China),Science,Female,High,FemaleHigh,531.5
2009,Macao (China),Science,Female,High,FemaleHigh,527.4
2012,Macao (China),Science,Female,High,FemaleHigh,566
2015,Macao (China),Science,Female,High,FemaleHigh,566.1
2018,Macao (China),Science,Female,High,FemaleHigh,568.6
2022,Macao (China),Science,Female,High,FemaleHigh,569.2
2025,Macao (China),Science,Female,High,FemaleHigh,576.7
2006,Macao (China),Science,Female,Low,FemaleLow,506.3
2009,Macao (China),Science,Female,Low,FemaleLow,509.6
2012,Macao (China),Science,Female,Low,FemaleLow,517.8
2015,Macao (China),Science,Female,Low,FemaleLow,524.2
2018,Macao (China),Science,Female,Low,FemaleLow,539.4
2022,Macao (China),Science,Female,Low,FemaleLow,534.8
2025,Macao (China),Science,Female,Low,FemaleLow,528.7
2006,Macao (China),Science,Female,Medium,FemaleMedium,515.6
2009,Macao (China),Science,Female,Medium,FemaleMedium,517.7
2012,Macao (China),Science,Female,Medium,FemaleMedium,524.9
2015,Macao (China),Science,Female,Medium,FemaleMedium,542.2
2018,Macao (China),Science,Female,Medium,FemaleMedium,545.6
2022,Macao (China),Science,Female,Medium,FemaleMedium,545.1
2025,Macao (China),Science,Female,Medium,FemaleMedium,548.2
2006,Macao (China),Science,0,0,General,510.8
2009,Macao (China),Science,0,0,General,511.1
2012,Macao (China),Science,0,0,General,520.6
2015,Macao (China),Science,0,0,General,528.5
2018,Macao (China),Science,0,0,General,543.6
2022,Macao (China),Science,0,0,General,543.1
2025,Macao (China),Science,0,0,General,540.8
2006,Macao (China),Science,0,High,GeneralHigh,540.8
2009,Macao (China),Science,0,High,GeneralHigh,532
2012,Macao (China),Science,0,High,GeneralHigh,565.4
2015,Macao (China),Science,0,High,GeneralHigh,556.9
2018,Macao (China),Science,0,High,GeneralHigh,565.9
2022,Macao (China),Science,0,High,GeneralHigh,569.6
2025,Macao (China),Science,0,High,GeneralHigh,578.8
2006,Macao (China),Science,0,Low,GeneralLow,508.6
2009,Macao (China),Science,0,Low,GeneralLow,507.9
2012,Macao (China),Science,0,Low,GeneralLow,517.3
2015,Macao (China),Science,0,Low,GeneralLow,523.5
2018,Macao (China),Science,0,Low,GeneralLow,538.7
2022,Macao (China),Science,0,Low,GeneralLow,536
2025,Macao (China),Science,0,Low,GeneralLow,530.4
2006,Macao (China),Science,0,Medium,GeneralMedium,513.8
2009,Macao (China),Science,0,Medium,GeneralMedium,516.6
2012,Macao (China),Science,0,Medium,GeneralMedium,526
2015,Macao (China),Science,0,Medium,GeneralMedium,532.2
2018,Macao (China),Science,0,Medium,GeneralMedium,547
2022,Macao (China),Science,0,Medium,GeneralMedium,547.6
2025,Macao (China),Science,0,Medium,GeneralMedium,549.5
2006,Macao (China),Science,Male,0,Male,512.7
2009,Macao (China),Science,Male,0,Male,509.8
2012,Macao (China),Science,Male,0,Male,519.9
2015,Macao (China),Science,Male,0,Male,524.7
2018,Macao (China),Science,Male,0,Male,542.7
2022,Macao (China),Science,Male,0,Male,544
2025,Macao (China),Science,Male,0,Male,541.1
2006,Macao (China),Science,Male,High,MaleHigh,549.2
2009,Macao (China),Science,Male,High,MaleHigh,536.2
2012,Macao (China),Science,Male,High,MaleHigh,564.7
2015,Macao (China),Science,Male,High,MaleHigh,547.7
2018,Macao (China),Science,Male,High,MaleHigh,562.4
2022,Macao (China),Science,Male,High,MaleHigh,570.1
2025,Macao (China),Science,Male,High,MaleHigh,581
2006,Macao (China),Science,Male,Low,MaleLow,510.9
2009,Macao (China),Science,Male,Low,MaleLow,506.2
2012,Macao (China),Science,Male,Low,MaleLow,516.9
2015,Macao (China),Science,Male,Low,MaleLow,522.9
2018,Macao (China),Science,Male,Low,MaleLow,538
2022,Macao (China),Science,Male,Low,MaleLow,537
2025,Macao (China),Science,Male,Low,MaleLow,531.9
2006,Macao (China),Science,Male,Medium,MaleMedium,511.9
2009,Macao (China),Science,Male,Medium,MaleMedium,515.3
2012,Macao (China),Science,Male,Medium,MaleMedium,527.1
2015,Macao (China),Science,Male,Medium,MaleMedium,521.9
2018,Macao (China),Science,Male,Medium,MaleMedium,548.5
2022,Macao (China),Science,Male,Medium,MaleMedium,550.1
2025,Macao (China),Science,Male,Medium,MaleMedium,550.7
2009,Malaysia,Math,Female,0,Female,405.7
2012,Malaysia,Math,Female,0,Female,424.3
2018,Malaysia,Math,Female,0,Female,443.5
2022,Malaysia,Math,Female,0,Female,413.9
2025,Malaysia,Math,Female,0,Female,394.5
2009,Malaysia,Math,Female,High,FemaleHigh,455.8
2012,Malaysia,Math,Female,High,FemaleHigh,497.7
2018,Malaysia,Math,Female,High,FemaleHigh,511.5
2022,Malaysia,Math,Female,High,FemaleHigh,476.9
2025,Malaysia,Math,Female,High,FemaleHigh,458.5
2009,Malaysia,Math,Female,Low,FemaleLow,392
2012,Malaysia,Math,Female,Low,FemaleLow,407.1
2018,Malaysia,Math,Female,Low,FemaleLow,423.9
2022,Malaysia,Math,Female,Low,FemaleLow,395.8
2025,Malaysia,Math,Female,Low,FemaleLow,377.5
2009,Malaysia,Math,Female,Medium,FemaleMedium,421.6
2012,Malaysia,Math,Female,Medium,FemaleMedium,452
2018,Malaysia,Math,Female,Medium,FemaleMedium,475.5
2022,Malaysia,Math,Female,Medium,FemaleMedium,435.2
2025,Malaysia,Math,Female,Medium,FemaleMedium,417.2
2009,Malaysia,Math,0,0,General,404.3
2012,Malaysia,Math,0,0,General,420.5
2018,Malaysia,Math,0,0,General,440.2
2022,Malaysia,Math,0,0,General,408.7
2025,Malaysia,Math,0,0,General,397.4
2009,Malaysia,Math,0,High,GeneralHigh,459.9
2012,Malaysia,Math,0,High,GeneralHigh,490
2018,Malaysia,Math,0,High,GeneralHigh,510.8
2022,Malaysia,Math,0,High,GeneralHigh,481.1
2025,Malaysia,Math,0,High,GeneralHigh,465.9
2009,Malaysia,Math,0,Low,GeneralLow,389.8
2012,Malaysia,Math,0,Low,GeneralLow,403.1
2018,Malaysia,Math,0,Low,GeneralLow,421.5
2022,Malaysia,Math,0,Low,GeneralLow,389.4
2025,Malaysia,Math,0,Low,GeneralLow,378.9
2009,Malaysia,Math,0,Medium,GeneralMedium,420.3
2012,Malaysia,Math,0,Medium,GeneralMedium,449.7
2018,Malaysia,Math,0,Medium,GeneralMedium,468.4
2022,Malaysia,Math,0,Medium,GeneralMedium,431.6
2025,Malaysia,Math,0,Medium,GeneralMedium,425.2
2009,Malaysia,Math,Male,0,Male,402.8
2012,Malaysia,Math,Male,0,Male,416.5
2018,Malaysia,Math,Male,0,Male,436.8
2022,Malaysia,Math,Male,0,Male,403.5
2025,Malaysia,Math,Male,0,Male,400.4
2009,Malaysia,Math,Male,High,MaleHigh,465.2
2012,Malaysia,Math,Male,High,MaleHigh,482.8
2018,Malaysia,Math,Male,High,MaleHigh,509.9
2022,Malaysia,Math,Male,High,MaleHigh,485.9
2025,Malaysia,Math,Male,High,MaleHigh,475
2009,Malaysia,Math,Male,Low,MaleLow,387.5
2012,Malaysia,Math,Male,Low,MaleLow,398.7
2018,Malaysia,Math,Male,Low,MaleLow,418.9
2022,Malaysia,Math,Male,Low,MaleLow,383.1
2025,Malaysia,Math,Male,Low,MaleLow,380.4
2009,Malaysia,Math,Male,Medium,MaleMedium,419.2
2012,Malaysia,Math,Male,Medium,MaleMedium,447.3
2018,Malaysia,Math,Male,Medium,MaleMedium,461.9
2022,Malaysia,Math,Male,Medium,MaleMedium,427.9
2025,Malaysia,Math,Male,Medium,MaleMedium,432.7
2009,Malaysia,Reading,Female,0,Female,430.9
2012,Malaysia,Reading,Female,0,Female,417.6
2018,Malaysia,Reading,Female,0,Female,427.7
2022,Malaysia,Reading,Female,0,Female,403.6
2025,Malaysia,Reading,Female,0,Female,403.5
2009,Malaysia,Reading,Female,High,FemaleHigh,478
2012,Malaysia,Reading,Female,High,FemaleHigh,477.3
2018,Malaysia,Reading,Female,High,FemaleHigh,499.3
2022,Malaysia,Reading,Female,High,FemaleHigh,464.7
2025,Malaysia,Reading,Female,High,FemaleHigh,456.8
2009,Malaysia,Reading,Female,Low,FemaleLow,417.9
2012,Malaysia,Reading,Female,Low,FemaleLow,404.9
2018,Malaysia,Reading,Female,Low,FemaleLow,407.3
2022,Malaysia,Reading,Female,Low,FemaleLow,387
2025,Malaysia,Reading,Female,Low,FemaleLow,390.8
2009,Malaysia,Reading,Female,Medium,FemaleMedium,446.4
2012,Malaysia,Reading,Female,Medium,FemaleMedium,436.4
2018,Malaysia,Reading,Female,Medium,FemaleMedium,460.4
2022,Malaysia,Reading,Female,Medium,FemaleMedium,421.7
2025,Malaysia,Reading,Female,Medium,FemaleMedium,420.9
2009,Malaysia,Reading,0,0,General,413.8
2012,Malaysia,Reading,0,0,General,398.2
2018,Malaysia,Reading,0,0,General,415
2022,Malaysia,Reading,0,0,General,388.1
2025,Malaysia,Reading,0,0,General,392.8
2009,Malaysia,Reading,0,High,GeneralHigh,462.6
2012,Malaysia,Reading,0,High,GeneralHigh,455.3
2018,Malaysia,Reading,0,High,GeneralHigh,488
2022,Malaysia,Reading,0,High,GeneralHigh,459.7
2025,Malaysia,Reading,0,High,GeneralHigh,452.3
2009,Malaysia,Reading,0,Low,GeneralLow,401.7
2012,Malaysia,Reading,0,Low,GeneralLow,384.5
2018,Malaysia,Reading,0,Low,GeneralLow,395.6
2022,Malaysia,Reading,0,Low,GeneralLow,370.3
2025,Malaysia,Reading,0,Low,GeneralLow,378.2
2009,Malaysia,Reading,0,Medium,GeneralMedium,427
2012,Malaysia,Reading,0,Medium,GeneralMedium,420.3
2018,Malaysia,Reading,0,Medium,GeneralMedium,443.3
2022,Malaysia,Reading,0,Medium,GeneralMedium,407.9
2025,Malaysia,Reading,0,Medium,GeneralMedium,417.2
2009,Malaysia,Reading,Male,0,Male,396.1
2012,Malaysia,Reading,Male,0,Male,377.5
2018,Malaysia,Reading,Male,0,Male,401.6
2022,Malaysia,Reading,Male,0,Male,372.6
2025,Malaysia,Reading,Male,0,Male,381.8
2009,Malaysia,Reading,Male,High,MaleHigh,442.8
2012,Malaysia,Reading,Male,High,MaleHigh,434.5
2018,Malaysia,Reading,Male,High,MaleHigh,473.5
2022,Malaysia,Reading,Male,High,MaleHigh,454
2025,Malaysia,Reading,Male,High,MaleHigh,446.9
2009,Malaysia,Reading,Male,Low,MaleLow,384.4
2012,Malaysia,Reading,Male,Low,MaleLow,362.6
2018,Malaysia,Reading,Male,Low,MaleLow,383.1
2022,Malaysia,Reading,Male,Low,MaleLow,353.8
2025,Malaysia,Reading,Male,Low,MaleLow,365
2009,Malaysia,Reading,Male,Medium,MaleMedium,409.6
2012,Malaysia,Reading,Male,Medium,MaleMedium,402.7
2018,Malaysia,Reading,Male,Medium,MaleMedium,427.8
2022,Malaysia,Reading,Male,Medium,MaleMedium,393.8
2025,Malaysia,Reading,Male,Medium,MaleMedium,413.7
2009,Malaysia,Science,Female,0,Female,427.2
2012,Malaysia,Science,Female,0,Female,424.9
2018,Malaysia,Science,Female,0,Female,440.7
2022,Malaysia,Science,Female,0,Female,423
2025,Malaysia,Science,Female,0,Female,419.8
2009,Malaysia,Science,Female,High,FemaleHigh,473.5
2012,Malaysia,Science,Female,High,FemaleHigh,487.7
2018,Malaysia,Science,Female,High,FemaleHigh,507.9
2022,Malaysia,Science,Female,High,FemaleHigh,484.7
2025,Malaysia,Science,Female,High,FemaleHigh,481.2
2009,Malaysia,Science,Female,Low,FemaleLow,415.6
2012,Malaysia,Science,Female,Low,FemaleLow,411.1
2018,Malaysia,Science,Female,Low,FemaleLow,421.2
2022,Malaysia,Science,Female,Low,FemaleLow,406.8
2025,Malaysia,Science,Female,Low,FemaleLow,404.2
2009,Malaysia,Science,Female,Medium,FemaleMedium,439.2
2012,Malaysia,Science,Female,Medium,FemaleMedium,446.2
2018,Malaysia,Science,Female,Medium,FemaleMedium,471.5
2022,Malaysia,Science,Female,Medium,FemaleMedium,439.3
2025,Malaysia,Science,Female,Medium,FemaleMedium,441.6
2009,Malaysia,Science,0,0,General,422.2
2012,Malaysia,Science,0,0,General,419.5
2018,Malaysia,Science,0,0,General,437.6
2022,Malaysia,Science,0,0,General,416.3
2025,Malaysia,Science,0,0,General,419.2
2009,Malaysia,Science,0,High,GeneralHigh,470.1
2012,Malaysia,Science,0,High,GeneralHigh,482.3
2018,Malaysia,Science,0,High,GeneralHigh,505.2
2022,Malaysia,Science,0,High,GeneralHigh,487.1
2025,Malaysia,Science,0,High,GeneralHigh,485.6
2009,Malaysia,Science,0,Low,GeneralLow,410.4
2012,Malaysia,Science,0,Low,GeneralLow,405
2018,Malaysia,Science,0,Low,GeneralLow,419.4
2022,Malaysia,Science,0,Low,GeneralLow,398.6
2025,Malaysia,Science,0,Low,GeneralLow,401.7
2009,Malaysia,Science,0,Medium,GeneralMedium,434.6
2012,Malaysia,Science,0,Medium,GeneralMedium,442.6
2018,Malaysia,Science,0,Medium,GeneralMedium,464.1
2022,Malaysia,Science,0,Medium,GeneralMedium,435.7
2025,Malaysia,Science,0,Medium,GeneralMedium,448.3
2009,Malaysia,Science,Male,0,Male,417.1
2012,Malaysia,Science,Male,0,Male,413.8
2018,Malaysia,Science,Male,0,Male,434.4
2022,Malaysia,Science,Male,0,Male,409.6
2025,Malaysia,Science,Male,0,Male,418.6
2009,Malaysia,Science,Male,High,MaleHigh,465.7
2012,Malaysia,Science,Male,High,MaleHigh,477.3
2018,Malaysia,Science,Male,High,MaleHigh,501.7
2022,Malaysia,Science,Male,High,MaleHigh,489.7
2025,Malaysia,Science,Male,High,MaleHigh,491
2009,Malaysia,Science,Male,Low,MaleLow,404.9
2012,Malaysia,Science,Male,Low,MaleLow,398.4
2018,Malaysia,Science,Male,Low,MaleLow,417.5
2022,Malaysia,Science,Male,Low,MaleLow,390.5
2025,Malaysia,Science,Male,Low,MaleLow,399
2009,Malaysia,Science,Male,Medium,MaleMedium,430.6
2012,Malaysia,Science,Male,Medium,MaleMedium,438.6
2018,Malaysia,Science,Male,Medium,MaleMedium,457.4
2022,Malaysia,Science,Male,Medium,MaleMedium,432.1
2025,Malaysia,Science,Male,Medium,MaleMedium,454.6
2015,Malta,Math,Female,0,Female,480.7
2018,Malta,Math,Female,0,Female,478.4
2022,Malta,Math,Female,0,Female,465.2
2025,Malta,Math,Female,0,Female,442.9
2015,Malta,Math,Female,High,FemaleHigh,525.2
2018,Malta,Math,Female,High,FemaleHigh,523.8
2022,Malta,Math,Female,High,FemaleHigh,505.6
2025,Malta,Math,Female,High,FemaleHigh,482.1
2015,Malta,Math,Female,Low,FemaleLow,448.3
2018,Malta,Math,Female,Low,FemaleLow,445.8
2022,Malta,Math,Female,Low,FemaleLow,435.2
2025,Malta,Math,Female,Low,FemaleLow,415.6
2015,Malta,Math,Female,Medium,FemaleMedium,496.6
2018,Malta,Math,Female,Medium,FemaleMedium,483.3
2022,Malta,Math,Female,Medium,FemaleMedium,466.9
2025,Malta,Math,Female,Medium,FemaleMedium,451.5
2015,Malta,Math,0,0,General,478.6
2018,Malta,Math,0,0,General,471.7
2022,Malta,Math,0,0,General,466
2025,Malta,Math,0,0,General,439.1
2015,Malta,Math,0,High,GeneralHigh,526
2018,Malta,Math,0,High,GeneralHigh,516.5
2022,Malta,Math,0,High,GeneralHigh,509
2025,Malta,Math,0,High,GeneralHigh,479.3
2015,Malta,Math,0,Low,GeneralLow,446.1
2018,Malta,Math,0,Low,GeneralLow,441.6
2022,Malta,Math,0,Low,GeneralLow,437.1
2025,Malta,Math,0,Low,GeneralLow,416.3
2015,Malta,Math,0,Medium,GeneralMedium,491.2
2018,Malta,Math,0,Medium,GeneralMedium,473
2022,Malta,Math,0,Medium,GeneralMedium,467.6
2025,Malta,Math,0,Medium,GeneralMedium,452.7
2015,Malta,Math,Male,0,Male,476.7
2018,Malta,Math,Male,0,Male,465.6
2022,Malta,Math,Male,0,Male,466.7
2025,Malta,Math,Male,0,Male,435.3
2015,Malta,Math,Male,High,MaleHigh,526.8
2018,Malta,Math,Male,High,MaleHigh,510.3
2022,Malta,Math,Male,High,MaleHigh,512.4
2025,Malta,Math,Male,High,MaleHigh,476.3
2015,Malta,Math,Male,Low,MaleLow,443.9
2018,Malta,Math,Male,Low,MaleLow,437.5
2022,Malta,Math,Male,Low,MaleLow,439
2025,Malta,Math,Male,Low,MaleLow,417.1
2015,Malta,Math,Male,Medium,MaleMedium,486.2
2018,Malta,Math,Male,Medium,MaleMedium,463
2022,Malta,Math,Male,Medium,MaleMedium,468.2
2025,Malta,Math,Male,Medium,MaleMedium,453.9
2015,Malta,Reading,Female,0,Female,468.1
2018,Malta,Reading,Female,0,Female,473.6
2022,Malta,Reading,Female,0,Female,465.3
2025,Malta,Reading,Female,0,Female,438.3
2015,Malta,Reading,Female,High,FemaleHigh,522.1
2018,Malta,Reading,Female,High,FemaleHigh,516.3
2022,Malta,Reading,Female,High,FemaleHigh,512.9
2025,Malta,Reading,Female,High,FemaleHigh,472.2
2015,Malta,Reading,Female,Low,FemaleLow,432.1
2018,Malta,Reading,Female,Low,FemaleLow,441.7
2022,Malta,Reading,Female,Low,FemaleLow,429.8
2025,Malta,Reading,Female,Low,FemaleLow,417
2015,Malta,Reading,Female,Medium,FemaleMedium,481.7
2018,Malta,Reading,Female,Medium,FemaleMedium,479.6
2022,Malta,Reading,Female,Medium,FemaleMedium,471.8
2025,Malta,Reading,Female,Medium,FemaleMedium,446.2
2015,Malta,Reading,0,0,General,446.7
2018,Malta,Reading,0,0,General,448.2
2022,Malta,Reading,0,0,General,445.3
2025,Malta,Reading,0,0,General,414.6
2015,Malta,Reading,0,High,GeneralHigh,501.8
2018,Malta,Reading,0,High,GeneralHigh,488.5
2022,Malta,Reading,0,High,GeneralHigh,491.3
2025,Malta,Reading,0,High,GeneralHigh,448.7
2015,Malta,Reading,0,Low,GeneralLow,411.7
2018,Malta,Reading,0,Low,GeneralLow,419.5
2022,Malta,Reading,0,Low,GeneralLow,414.5
2025,Malta,Reading,0,Low,GeneralLow,400.5
2015,Malta,Reading,0,Medium,GeneralMedium,456.5
2018,Malta,Reading,0,Medium,GeneralMedium,451.2
2022,Malta,Reading,0,Medium,GeneralMedium,449.5
2025,Malta,Reading,0,Medium,GeneralMedium,430
2015,Malta,Reading,Male,0,Male,425.9
2018,Malta,Reading,Male,0,Male,425
2022,Malta,Reading,Male,0,Male,426.5
2025,Malta,Reading,Male,0,Male,391.6
2015,Malta,Reading,Male,High,MaleHigh,482.8
2018,Malta,Reading,Male,High,MaleHigh,465.3
2022,Malta,Reading,Male,High,MaleHigh,469.6
2025,Malta,Reading,Male,High,MaleHigh,423.8
2015,Malta,Reading,Male,Low,MaleLow,390.4
2018,Malta,Reading,Male,Low,MaleLow,397.6
2022,Malta,Reading,Male,Low,MaleLow,398.9
2025,Malta,Reading,Male,Low,MaleLow,381.9
2015,Malta,Reading,Male,Medium,MaleMedium,433.7
2018,Malta,Reading,Male,Medium,MaleMedium,423.2
2022,Malta,Reading,Male,Medium,MaleMedium,430.2
2025,Malta,Reading,Male,Medium,MaleMedium,413.3
2015,Malta,Science,Female,0,Female,470.2
2018,Malta,Science,Female,0,Female,467.5
2022,Malta,Science,Female,0,Female,471.5
2025,Malta,Science,Female,0,Female,462
2015,Malta,Science,Female,High,FemaleHigh,530.3
2018,Malta,Science,Female,High,FemaleHigh,510.9
2022,Malta,Science,Female,High,FemaleHigh,517.5
2025,Malta,Science,Female,High,FemaleHigh,502.4
2015,Malta,Science,Female,Low,FemaleLow,431.2
2018,Malta,Science,Female,Low,FemaleLow,433
2022,Malta,Science,Female,Low,FemaleLow,434.5
2025,Malta,Science,Female,Low,FemaleLow,432.6
2015,Malta,Science,Female,Medium,FemaleMedium,482.2
2018,Malta,Science,Female,Medium,FemaleMedium,476.8
2022,Malta,Science,Female,Medium,FemaleMedium,478.2
2025,Malta,Science,Female,Medium,FemaleMedium,472.8
2015,Malta,Science,0,0,General,464.8
2018,Malta,Science,0,0,General,456.6
2022,Malta,Science,0,0,General,465.6
2025,Malta,Science,0,0,General,452.5
2015,Malta,Science,0,High,GeneralHigh,523.5
2018,Malta,Science,0,High,GeneralHigh,498.9
2022,Malta,Science,0,High,GeneralHigh,510.8
2025,Malta,Science,0,High,GeneralHigh,493.4
2015,Malta,Science,0,Low,GeneralLow,426.4
2018,Malta,Science,0,Low,GeneralLow,425
2022,Malta,Science,0,Low,GeneralLow,433.6
2025,Malta,Science,0,Low,GeneralLow,429.5
2015,Malta,Science,0,Medium,GeneralMedium,475.8
2018,Malta,Science,0,Medium,GeneralMedium,461.9
2022,Malta,Science,0,Medium,GeneralMedium,470.7
2025,Malta,Science,0,Medium,GeneralMedium,468.4
2015,Malta,Science,Male,0,Male,459.5
2018,Malta,Science,Male,0,Male,446.6
2022,Malta,Science,Male,0,Male,460
2025,Malta,Science,Male,0,Male,443.3
2015,Malta,Science,Male,High,MaleHigh,517
2018,Malta,Science,Male,High,MaleHigh,488.9
2022,Malta,Science,Male,High,MaleHigh,504
2025,Malta,Science,Male,High,MaleHigh,483.9
2015,Malta,Science,Male,Low,MaleLow,421.4
2018,Malta,Science,Male,Low,MaleLow,417.1
2022,Malta,Science,Male,Low,MaleLow,432.6
2025,Malta,Science,Male,Low,MaleLow,426.1
2015,Malta,Science,Male,Medium,MaleMedium,470
2018,Malta,Science,Male,Medium,MaleMedium,447.3
2022,Malta,Science,Male,Medium,MaleMedium,464.2
2025,Malta,Science,Male,Medium,MaleMedium,464.1
2012,Massachusetts (USA),Math,Female,0,Female,508.9
2015,Massachusetts (USA),Math,Female,0,Female,495.6
2012,Massachusetts (USA),Math,Female,High,FemaleHigh,552.5
2015,Massachusetts (USA),Math,Female,High,FemaleHigh,533.3
2012,Massachusetts (USA),Math,Female,Low,FemaleLow,454.9
2015,Massachusetts (USA),Math,Female,Low,FemaleLow,459.8
2012,Massachusetts (USA),Math,Female,Medium,FemaleMedium,491.1
2015,Massachusetts (USA),Math,Female,Medium,FemaleMedium,490.7
2012,Massachusetts (USA),Math,0,0,General,513.5
2015,Massachusetts (USA),Math,0,0,General,500.1
2012,Massachusetts (USA),Math,0,High,GeneralHigh,557.5
2015,Massachusetts (USA),Math,0,High,GeneralHigh,536.9
2012,Massachusetts (USA),Math,0,Low,GeneralLow,457.8
2015,Massachusetts (USA),Math,0,Low,GeneralLow,461.7
2012,Massachusetts (USA),Math,0,Medium,GeneralMedium,495.7
2015,Massachusetts (USA),Math,0,Medium,GeneralMedium,499.3
2012,Massachusetts (USA),Math,Male,0,Male,518.5
2015,Massachusetts (USA),Math,Male,0,Male,504.6
2012,Massachusetts (USA),Math,Male,High,MaleHigh,562.9
2015,Massachusetts (USA),Math,Male,High,MaleHigh,540.4
2012,Massachusetts (USA),Math,Male,Low,MaleLow,461.3
2015,Massachusetts (USA),Math,Male,Low,MaleLow,463.6
2012,Massachusetts (USA),Math,Male,Medium,MaleMedium,500.1
2015,Massachusetts (USA),Math,Male,Medium,MaleMedium,508.4
2012,Massachusetts (USA),Reading,Female,0,Female,542.3
2015,Massachusetts (USA),Reading,Female,0,Female,536.1
2012,Massachusetts (USA),Reading,Female,High,FemaleHigh,582.1
2015,Massachusetts (USA),Reading,Female,High,FemaleHigh,569.6
2012,Massachusetts (USA),Reading,Female,Low,FemaleLow,493.8
2015,Massachusetts (USA),Reading,Female,Low,FemaleLow,503.8
2012,Massachusetts (USA),Reading,Female,Medium,FemaleMedium,526
2015,Massachusetts (USA),Reading,Female,Medium,FemaleMedium,532.7
2012,Massachusetts (USA),Reading,0,0,General,527.1
2015,Massachusetts (USA),Reading,0,0,General,527
2012,Massachusetts (USA),Reading,0,High,GeneralHigh,567
2015,Massachusetts (USA),Reading,0,High,GeneralHigh,560.4
2012,Massachusetts (USA),Reading,0,Low,GeneralLow,479.5
2015,Massachusetts (USA),Reading,0,Low,GeneralLow,491.9
2012,Massachusetts (USA),Reading,0,Medium,GeneralMedium,508.9
2015,Massachusetts (USA),Reading,0,Medium,GeneralMedium,527.6
2012,Massachusetts (USA),Reading,Male,0,Male,510.8
2015,Massachusetts (USA),Reading,Male,0,Male,518
2012,Massachusetts (USA),Reading,Male,High,MaleHigh,550.7
2015,Massachusetts (USA),Reading,Male,High,MaleHigh,551.6
2012,Massachusetts (USA),Reading,Male,Low,MaleLow,462.5
2015,Massachusetts (USA),Reading,Male,Low,MaleLow,479.7
2012,Massachusetts (USA),Reading,Male,Medium,MaleMedium,492.5
2015,Massachusetts (USA),Reading,Male,Medium,MaleMedium,522.2
2012,Massachusetts (USA),Science,Female,0,Female,526
2015,Massachusetts (USA),Science,Female,0,Female,524.4
2012,Massachusetts (USA),Science,Female,High,FemaleHigh,567.2
2015,Massachusetts (USA),Science,Female,High,FemaleHigh,566.9
2012,Massachusetts (USA),Science,Female,Low,FemaleLow,472.3
2015,Massachusetts (USA),Science,Female,Low,FemaleLow,484.7
2012,Massachusetts (USA),Science,Female,Medium,FemaleMedium,511.3
2015,Massachusetts (USA),Science,Female,Medium,FemaleMedium,518.2
2012,Massachusetts (USA),Science,0,0,General,527.4
2015,Massachusetts (USA),Science,0,0,General,529.4
2012,Massachusetts (USA),Science,0,High,GeneralHigh,569.7
2015,Massachusetts (USA),Science,0,High,GeneralHigh,571.1
2012,Massachusetts (USA),Science,0,Low,GeneralLow,473
2015,Massachusetts (USA),Science,0,Low,GeneralLow,487.5
2012,Massachusetts (USA),Science,0,Medium,GeneralMedium,510.9
2015,Massachusetts (USA),Science,0,Medium,GeneralMedium,527
2012,Massachusetts (USA),Science,Male,0,Male,528.9
2015,Massachusetts (USA),Science,Male,0,Male,534.3
2012,Massachusetts (USA),Science,Male,High,MaleHigh,572.4
2015,Massachusetts (USA),Science,Male,High,MaleHigh,575.1
2012,Massachusetts (USA),Science,Male,Low,MaleLow,473.7
2015,Massachusetts (USA),Science,Male,Low,MaleLow,490.4
2012,Massachusetts (USA),Science,Male,Medium,MaleMedium,510.5
2015,Massachusetts (USA),Science,Male,Medium,MaleMedium,536.4
2025,Mauritius,Math,Female,0,Female,404.8
2025,Mauritius,Math,Female,High,FemaleHigh,463.9
2025,Mauritius,Math,Female,Low,FemaleLow,391.1
2025,Mauritius,Math,Female,Medium,FemaleMedium,439.5
2025,Mauritius,Math,0,0,General,406.9
2025,Mauritius,Math,0,High,GeneralHigh,464.7
2025,Mauritius,Math,0,Low,GeneralLow,394.1
2025,Mauritius,Math,0,Medium,GeneralMedium,441.6
2025,Mauritius,Math,Male,0,Male,408.9
2025,Mauritius,Math,Male,High,MaleHigh,465.4
2025,Mauritius,Math,Male,Low,MaleLow,397.4
2025,Mauritius,Math,Male,Medium,MaleMedium,443.7
2025,Mauritius,Reading,Female,0,Female,415.3
2025,Mauritius,Reading,Female,High,FemaleHigh,473.4
2025,Mauritius,Reading,Female,Low,FemaleLow,401.2
2025,Mauritius,Reading,Female,Medium,FemaleMedium,450.7
2025,Mauritius,Reading,0,0,General,405.3
2025,Mauritius,Reading,0,High,GeneralHigh,459.4
2025,Mauritius,Reading,0,Low,GeneralLow,393.1
2025,Mauritius,Reading,0,Medium,GeneralMedium,438.6
2025,Mauritius,Reading,Male,0,Male,395.1
2025,Mauritius,Reading,Male,High,MaleHigh,447.6
2025,Mauritius,Reading,Male,Low,MaleLow,384.3
2025,Mauritius,Reading,Male,Medium,MaleMedium,426.4
2025,Mauritius,Science,Female,0,Female,440.9
2025,Mauritius,Science,Female,High,FemaleHigh,515
2025,Mauritius,Science,Female,Low,FemaleLow,423.6
2025,Mauritius,Science,Female,Medium,FemaleMedium,483.8
2025,Mauritius,Science,0,0,General,438.2
2025,Mauritius,Science,0,High,GeneralHigh,507.8
2025,Mauritius,Science,0,Low,GeneralLow,422.8
2025,Mauritius,Science,0,Medium,GeneralMedium,480.4
2025,Mauritius,Science,Male,0,Male,435.4
2025,Mauritius,Science,Male,High,MaleHigh,501.7
2025,Mauritius,Science,Male,Low,MaleLow,422
2025,Mauritius,Science,Male,Medium,MaleMedium,476.9
2006,Mexico,Math,Female,0,Female,401.3
2009,Mexico,Math,Female,0,Female,411.8
2012,Mexico,Math,Female,0,Female,406.4
2015,Mexico,Math,Female,0,Female,404.3
2018,Mexico,Math,Female,0,Female,403.2
2022,Mexico,Math,Female,0,Female,389.3
2025,Mexico,Math,Female,0,Female,380
2006,Mexico,Math,Female,High,FemaleHigh,456.6
2009,Mexico,Math,Female,High,FemaleHigh,470
2012,Mexico,Math,Female,High,FemaleHigh,456.4
2015,Mexico,Math,Female,High,FemaleHigh,451.6
2018,Mexico,Math,Female,High,FemaleHigh,461.7
2022,Mexico,Math,Female,High,FemaleHigh,446.1
2025,Mexico,Math,Female,High,FemaleHigh,424.3
2006,Mexico,Math,Female,Low,FemaleLow,384.1
2009,Mexico,Math,Female,Low,FemaleLow,399.2
2012,Mexico,Math,Female,Low,FemaleLow,396.5
2015,Mexico,Math,Female,Low,FemaleLow,396.5
2018,Mexico,Math,Female,Low,FemaleLow,391.4
2022,Mexico,Math,Female,Low,FemaleLow,378.3
2025,Mexico,Math,Female,Low,FemaleLow,370.5
2006,Mexico,Math,Female,Medium,FemaleMedium,428.9
2009,Mexico,Math,Female,Medium,FemaleMedium,445.7
2012,Mexico,Math,Female,Medium,FemaleMedium,426.3
2015,Mexico,Math,Female,Medium,FemaleMedium,426.3
2018,Mexico,Math,Female,Medium,FemaleMedium,429.5
2022,Mexico,Math,Female,Medium,FemaleMedium,406.2
2025,Mexico,Math,Female,Medium,FemaleMedium,400
2006,Mexico,Math,0,0,General,405.7
2009,Mexico,Math,0,0,General,418.5
2012,Mexico,Math,0,0,General,413.3
2015,Mexico,Math,0,0,General,408
2018,Mexico,Math,0,0,General,408.8
2022,Mexico,Math,0,0,General,395
2025,Mexico,Math,0,0,General,387.6
2006,Mexico,Math,0,High,GeneralHigh,464.8
2009,Mexico,Math,0,High,GeneralHigh,478.4
2012,Mexico,Math,0,High,GeneralHigh,463.3
2015,Mexico,Math,0,High,GeneralHigh,455
2018,Mexico,Math,0,High,GeneralHigh,463.6
2022,Mexico,Math,0,High,GeneralHigh,446.4
2025,Mexico,Math,0,High,GeneralHigh,429.1
2006,Mexico,Math,0,Low,GeneralLow,387.7
2009,Mexico,Math,0,Low,GeneralLow,404.8
2012,Mexico,Math,0,Low,GeneralLow,402.6
2015,Mexico,Math,0,Low,GeneralLow,400
2018,Mexico,Math,0,Low,GeneralLow,397.5
2022,Mexico,Math,0,Low,GeneralLow,383.3
2025,Mexico,Math,0,Low,GeneralLow,377.6
2006,Mexico,Math,0,Medium,GeneralMedium,433.5
2009,Mexico,Math,0,Medium,GeneralMedium,451.8
2012,Mexico,Math,0,Medium,GeneralMedium,433.8
2015,Mexico,Math,0,Medium,GeneralMedium,429.6
2018,Mexico,Math,0,Medium,GeneralMedium,435.6
2022,Mexico,Math,0,Medium,GeneralMedium,413.5
2025,Mexico,Math,0,Medium,GeneralMedium,408.7
2006,Mexico,Math,Male,0,Male,410.3
2009,Mexico,Math,Male,0,Male,425.4
2012,Mexico,Math,Male,0,Male,420.4
2015,Mexico,Math,Male,0,Male,411.6
2018,Mexico,Math,Male,0,Male,414.9
2022,Mexico,Math,Male,0,Male,401.4
2025,Mexico,Math,Male,0,Male,395.8
2006,Mexico,Math,Male,High,MaleHigh,473.8
2009,Mexico,Math,Male,High,MaleHigh,486
2012,Mexico,Math,Male,High,MaleHigh,469.9
2015,Mexico,Math,Male,High,MaleHigh,458.1
2018,Mexico,Math,Male,High,MaleHigh,465.6
2022,Mexico,Math,Male,High,MaleHigh,446.7
2025,Mexico,Math,Male,High,MaleHigh,434
2006,Mexico,Math,Male,Low,MaleLow,391.6
2009,Mexico,Math,Male,Low,MaleLow,410.8
2012,Mexico,Math,Male,Low,MaleLow,409.2
2015,Mexico,Math,Male,Low,MaleLow,403.5
2018,Mexico,Math,Male,Low,MaleLow,404.2
2022,Mexico,Math,Male,Low,MaleLow,389.1
2025,Mexico,Math,Male,Low,MaleLow,385.9
2006,Mexico,Math,Male,Medium,MaleMedium,438.5
2009,Mexico,Math,Male,Medium,MaleMedium,457.3
2012,Mexico,Math,Male,Medium,MaleMedium,440.8
2015,Mexico,Math,Male,Medium,MaleMedium,432.5
2018,Mexico,Math,Male,Medium,MaleMedium,441.4
2022,Mexico,Math,Male,Medium,MaleMedium,421
2025,Mexico,Math,Male,Medium,MaleMedium,416.7
2006,Mexico,Reading,Female,0,Female,426.7
2009,Mexico,Reading,Female,0,Female,437.6
2012,Mexico,Reading,Female,0,Female,435.3
2015,Mexico,Reading,Female,0,Female,431.2
2018,Mexico,Reading,Female,0,Female,425.8
2022,Mexico,Reading,Female,0,Female,419
2025,Mexico,Reading,Female,0,Female,413.8
2006,Mexico,Reading,Female,High,FemaleHigh,483.4
2009,Mexico,Reading,Female,High,FemaleHigh,496.6
2012,Mexico,Reading,Female,High,FemaleHigh,490.6
2015,Mexico,Reading,Female,High,FemaleHigh,488.1
2018,Mexico,Reading,Female,High,FemaleHigh,498.7
2022,Mexico,Reading,Female,High,FemaleHigh,492.7
2025,Mexico,Reading,Female,High,FemaleHigh,466.8
2006,Mexico,Reading,Female,Low,FemaleLow,408.7
2009,Mexico,Reading,Female,Low,FemaleLow,424.1
2012,Mexico,Reading,Female,Low,FemaleLow,424.1
2015,Mexico,Reading,Female,Low,FemaleLow,421.4
2018,Mexico,Reading,Female,Low,FemaleLow,412
2022,Mexico,Reading,Female,Low,FemaleLow,403.8
2025,Mexico,Reading,Female,Low,FemaleLow,401.5
2006,Mexico,Reading,Female,Medium,FemaleMedium,456.2
2009,Mexico,Reading,Female,Medium,FemaleMedium,475.2
2012,Mexico,Reading,Female,Medium,FemaleMedium,459.3
2015,Mexico,Reading,Female,Medium,FemaleMedium,458.8
2018,Mexico,Reading,Female,Medium,FemaleMedium,462.6
2022,Mexico,Reading,Female,Medium,FemaleMedium,445.2
2025,Mexico,Reading,Female,Medium,FemaleMedium,441.7
2006,Mexico,Reading,0,0,General,410.5
2009,Mexico,Reading,0,0,General,425.3
2012,Mexico,Reading,0,0,General,423.6
2015,Mexico,Reading,0,0,General,423.3
2018,Mexico,Reading,0,0,General,420.5
2022,Mexico,Reading,0,0,General,415.4
2025,Mexico,Reading,0,0,General,407.9
2006,Mexico,Reading,0,High,GeneralHigh,472
2009,Mexico,Reading,0,High,GeneralHigh,484.5
2012,Mexico,Reading,0,High,GeneralHigh,476.6
2015,Mexico,Reading,0,High,GeneralHigh,480.8
2018,Mexico,Reading,0,High,GeneralHigh,485.4
2022,Mexico,Reading,0,High,GeneralHigh,482.2
2025,Mexico,Reading,0,High,GeneralHigh,455.4
2006,Mexico,Reading,0,Low,GeneralLow,391.4
2009,Mexico,Reading,0,Low,GeneralLow,411.1
2012,Mexico,Reading,0,Low,GeneralLow,412.2
2015,Mexico,Reading,0,Low,GeneralLow,413.3
2018,Mexico,Reading,0,Low,GeneralLow,407.6
2022,Mexico,Reading,0,Low,GeneralLow,399.4
2025,Mexico,Reading,0,Low,GeneralLow,395.8
2006,Mexico,Reading,0,Medium,GeneralMedium,441.2
2009,Mexico,Reading,0,Medium,GeneralMedium,460.8
2012,Mexico,Reading,0,Medium,GeneralMedium,446.5
2015,Mexico,Reading,0,Medium,GeneralMedium,448.3
2018,Mexico,Reading,0,Medium,GeneralMedium,453.7
2022,Mexico,Reading,0,Medium,GeneralMedium,442.3
2025,Mexico,Reading,0,Medium,GeneralMedium,435.3
2006,Mexico,Reading,Male,0,Male,393.1
2009,Mexico,Reading,Male,0,Male,412.7
2012,Mexico,Reading,Male,0,Male,411.4
2015,Mexico,Reading,Male,0,Male,415.5
2018,Mexico,Reading,Male,0,Male,414.7
2022,Mexico,Reading,Male,0,Male,411.2
2025,Mexico,Reading,Male,0,Male,401.6
2006,Mexico,Reading,Male,High,MaleHigh,459.4
2009,Mexico,Reading,Male,High,MaleHigh,473.5
2012,Mexico,Reading,Male,High,MaleHigh,463.2
2015,Mexico,Reading,Male,High,MaleHigh,474
2018,Mexico,Reading,Male,High,MaleHigh,470.5
2022,Mexico,Reading,Male,High,MaleHigh,472.1
2025,Mexico,Reading,Male,High,MaleHigh,443.5
2006,Mexico,Reading,Male,Low,MaleLow,372.8
2009,Mexico,Reading,Male,Low,MaleLow,397.2
2012,Mexico,Reading,Male,Low,MaleLow,399.3
2015,Mexico,Reading,Male,Low,MaleLow,405.2
2018,Mexico,Reading,Male,Low,MaleLow,402.6
2022,Mexico,Reading,Male,Low,MaleLow,394.3
2025,Mexico,Reading,Male,Low,MaleLow,389.2
2006,Mexico,Reading,Male,Medium,MaleMedium,425.3
2009,Mexico,Reading,Male,Medium,MaleMedium,447.7
2012,Mexico,Reading,Male,Medium,MaleMedium,434.6
2015,Mexico,Reading,Male,Medium,MaleMedium,439.2
2018,Mexico,Reading,Male,Medium,MaleMedium,445.2
2022,Mexico,Reading,Male,Medium,MaleMedium,439.2
2025,Mexico,Reading,Male,Medium,MaleMedium,429.4
2006,Mexico,Science,Female,0,Female,406.4
2009,Mexico,Science,Female,0,Female,412.7
2012,Mexico,Science,Female,0,Female,411.8
2015,Mexico,Science,Female,0,Female,411.6
2018,Mexico,Science,Female,0,Female,414.7
2022,Mexico,Science,Female,0,Female,403.5
2025,Mexico,Science,Female,0,Female,407.4
2006,Mexico,Science,Female,High,FemaleHigh,460
2009,Mexico,Science,Female,High,FemaleHigh,470.3
2012,Mexico,Science,Female,High,FemaleHigh,457.5
2015,Mexico,Science,Female,High,FemaleHigh,462
2018,Mexico,Science,Female,High,FemaleHigh,476.9
2022,Mexico,Science,Female,High,FemaleHigh,467
2025,Mexico,Science,Female,High,FemaleHigh,457.6
2006,Mexico,Science,Female,Low,FemaleLow,390.3
2009,Mexico,Science,Female,Low,FemaleLow,399.9
2012,Mexico,Science,Female,Low,FemaleLow,402.4
2015,Mexico,Science,Female,Low,FemaleLow,403
2018,Mexico,Science,Female,Low,FemaleLow,401.6
2022,Mexico,Science,Female,Low,FemaleLow,390.3
2025,Mexico,Science,Female,Low,FemaleLow,395.7
2006,Mexico,Science,Female,Medium,FemaleMedium,430.7
2009,Mexico,Science,Female,Medium,FemaleMedium,447.8
2012,Mexico,Science,Female,Medium,FemaleMedium,432.1
2015,Mexico,Science,Female,Medium,FemaleMedium,434.6
2018,Mexico,Science,Female,Medium,FemaleMedium,445.4
2022,Mexico,Science,Female,Medium,FemaleMedium,425.5
2025,Mexico,Science,Female,Medium,FemaleMedium,434.1
2006,Mexico,Science,0,0,General,409.7
2009,Mexico,Science,0,0,General,415.9
2012,Mexico,Science,0,0,General,414.9
2015,Mexico,Science,0,0,General,415.7
2018,Mexico,Science,0,0,General,419.2
2022,Mexico,Science,0,0,General,409.9
2025,Mexico,Science,0,0,General,413.6
2006,Mexico,Science,0,High,GeneralHigh,468.4
2009,Mexico,Science,0,High,GeneralHigh,475
2012,Mexico,Science,0,High,GeneralHigh,460.4
2015,Mexico,Science,0,High,GeneralHigh,467.8
2018,Mexico,Science,0,High,GeneralHigh,475
2022,Mexico,Science,0,High,GeneralHigh,466.9
2025,Mexico,Science,0,High,GeneralHigh,459.1
2006,Mexico,Science,0,Low,GeneralLow,392.5
2009,Mexico,Science,0,Low,GeneralLow,402.2
2012,Mexico,Science,0,Low,GeneralLow,404.8
2015,Mexico,Science,0,Low,GeneralLow,406.6
2018,Mexico,Science,0,Low,GeneralLow,407.2
2022,Mexico,Science,0,Low,GeneralLow,396.1
2025,Mexico,Science,0,Low,GeneralLow,401.7
2006,Mexico,Science,0,Medium,GeneralMedium,434.3
2009,Mexico,Science,0,Medium,GeneralMedium,449.6
2012,Mexico,Science,0,Medium,GeneralMedium,435.7
2015,Mexico,Science,0,Medium,GeneralMedium,438.6
2018,Mexico,Science,0,Medium,GeneralMedium,447
2022,Mexico,Science,0,Medium,GeneralMedium,432.7
2025,Mexico,Science,0,Medium,GeneralMedium,440
2006,Mexico,Science,Male,0,Male,413.1
2009,Mexico,Science,Male,0,Male,419.2
2012,Mexico,Science,Male,0,Male,418.1
2015,Mexico,Science,Male,0,Male,419.8
2018,Mexico,Science,Male,0,Male,424.1
2022,Mexico,Science,Male,0,Male,417.1
2025,Mexico,Science,Male,0,Male,420.2
2006,Mexico,Science,Male,High,MaleHigh,477.5
2009,Mexico,Science,Male,High,MaleHigh,479.2
2012,Mexico,Science,Male,High,MaleHigh,463.2
2015,Mexico,Science,Male,High,MaleHigh,473.3
2018,Mexico,Science,Male,High,MaleHigh,472.7
2022,Mexico,Science,Male,High,MaleHigh,466.8
2025,Mexico,Science,Male,High,MaleHigh,460.8
2006,Mexico,Science,Male,Low,MaleLow,394.9
2009,Mexico,Science,Male,Low,MaleLow,404.6
2012,Mexico,Science,Male,Low,MaleLow,407.4
2015,Mexico,Science,Male,Low,MaleLow,410.2
2018,Mexico,Science,Male,Low,MaleLow,413.5
2022,Mexico,Science,Male,Low,MaleLow,403
2025,Mexico,Science,Male,Low,MaleLow,408.6
2006,Mexico,Science,Male,Medium,MaleMedium,438.1
2009,Mexico,Science,Male,Medium,MaleMedium,451.2
2012,Mexico,Science,Male,Medium,MaleMedium,438.9
2015,Mexico,Science,Male,Medium,MaleMedium,442
2018,Mexico,Science,Male,Medium,MaleMedium,448.5
2022,Mexico,Science,Male,Medium,MaleMedium,440.2
2025,Mexico,Science,Male,Medium,MaleMedium,445.4
2022,Mongolia,Math,Female,0,Female,427.4
2025,Mongolia,Math,Female,0,Female,422.8
2022,Mongolia,Math,Female,High,FemaleHigh,503.9
2025,Mongolia,Math,Female,High,FemaleHigh,474.3
2022,Mongolia,Math,Female,Low,FemaleLow,404.5
2025,Mongolia,Math,Female,Low,FemaleLow,407
2022,Mongolia,Math,Female,Medium,FemaleMedium,455.4
2025,Mongolia,Math,Female,Medium,FemaleMedium,457.2
2022,Mongolia,Math,0,0,General,424.6
2025,Mongolia,Math,0,0,General,418.6
2022,Mongolia,Math,0,High,GeneralHigh,504.9
2025,Mongolia,Math,0,High,GeneralHigh,484.3
2022,Mongolia,Math,0,Low,GeneralLow,402.5
2025,Mongolia,Math,0,Low,GeneralLow,402.6
2022,Mongolia,Math,0,Medium,GeneralMedium,453.8
2025,Mongolia,Math,0,Medium,GeneralMedium,453.4
2022,Mongolia,Math,Male,0,Male,421.8
2025,Mongolia,Math,Male,0,Male,414.4
2022,Mongolia,Math,Male,High,MaleHigh,506.1
2025,Mongolia,Math,Male,High,MaleHigh,495.3
2022,Mongolia,Math,Male,Low,MaleLow,400.6
2025,Mongolia,Math,Male,Low,MaleLow,398.1
2022,Mongolia,Math,Male,Medium,MaleMedium,452.3
2025,Mongolia,Math,Male,Medium,MaleMedium,449.2
2022,Mongolia,Reading,Female,0,Female,390.9
2025,Mongolia,Reading,Female,0,Female,389.7
2022,Mongolia,Reading,Female,High,FemaleHigh,448
2025,Mongolia,Reading,Female,High,FemaleHigh,428.7
2022,Mongolia,Reading,Female,Low,FemaleLow,371.8
2025,Mongolia,Reading,Female,Low,FemaleLow,377.7
2022,Mongolia,Reading,Female,Medium,FemaleMedium,416.3
2025,Mongolia,Reading,Female,Medium,FemaleMedium,417.9
2022,Mongolia,Reading,0,0,General,378.4
2025,Mongolia,Reading,0,0,General,374.3
2022,Mongolia,Reading,0,High,GeneralHigh,440.5
2025,Mongolia,Reading,0,High,GeneralHigh,419.6
2022,Mongolia,Reading,0,Low,GeneralLow,359.8
2025,Mongolia,Reading,0,Low,GeneralLow,363.1
2022,Mongolia,Reading,0,Medium,GeneralMedium,405
2025,Mongolia,Reading,0,Medium,GeneralMedium,402.1
2022,Mongolia,Reading,Male,0,Male,366.2
2025,Mongolia,Reading,Male,0,Male,358.3
2022,Mongolia,Reading,Male,High,MaleHigh,430.9
2025,Mongolia,Reading,Male,High,MaleHigh,409.7
2022,Mongolia,Reading,Male,Low,MaleLow,348.4
2025,Mongolia,Reading,Male,Low,MaleLow,347.7
2022,Mongolia,Reading,Male,Medium,MaleMedium,393.5
2025,Mongolia,Reading,Male,Medium,MaleMedium,384.9
2022,Mongolia,Science,Female,0,Female,419.8
2025,Mongolia,Science,Female,0,Female,435.6
2022,Mongolia,Science,Female,High,FemaleHigh,483.9
2025,Mongolia,Science,Female,High,FemaleHigh,482.8
2022,Mongolia,Science,Female,Low,FemaleLow,400.4
2025,Mongolia,Science,Female,Low,FemaleLow,421.5
2022,Mongolia,Science,Female,Medium,FemaleMedium,443.8
2025,Mongolia,Science,Female,Medium,FemaleMedium,468.1
2022,Mongolia,Science,0,0,General,412.4
2025,Mongolia,Science,0,0,General,424
2022,Mongolia,Science,0,High,GeneralHigh,480.3
2025,Mongolia,Science,0,High,GeneralHigh,483
2022,Mongolia,Science,0,Low,GeneralLow,393.6
2025,Mongolia,Science,0,Low,GeneralLow,410.4
2022,Mongolia,Science,0,Medium,GeneralMedium,437.6
2025,Mongolia,Science,0,Medium,GeneralMedium,456.2
2022,Mongolia,Science,Male,0,Male,405.1
2025,Mongolia,Science,Male,0,Male,412.1
2022,Mongolia,Science,Male,High,MaleHigh,475.8
2025,Mongolia,Science,Male,High,MaleHigh,483.2
2022,Mongolia,Science,Male,Low,MaleLow,387.2
2025,Mongolia,Science,Male,Low,MaleLow,398.7
2022,Mongolia,Science,Male,Medium,MaleMedium,431.2
2025,Mongolia,Science,Male,Medium,MaleMedium,443.2
2006,Montenegro,Math,Female,0,Female,393.3
2009,Montenegro,Math,Female,0,Female,396.3
2012,Montenegro,Math,Female,0,Female,409.6
2015,Montenegro,Math,Female,0,Female,417.7
2018,Montenegro,Math,Female,0,Female,425.3
2022,Montenegro,Math,Female,0,Female,405.8
2025,Montenegro,Math,Female,0,Female,411.2
2006,Montenegro,Math,Female,High,FemaleHigh,433.7
2009,Montenegro,Math,Female,High,FemaleHigh,438.4
2012,Montenegro,Math,Female,High,FemaleHigh,456
2015,Montenegro,Math,Female,High,FemaleHigh,455.7
2018,Montenegro,Math,Female,High,FemaleHigh,460.8
2022,Montenegro,Math,Female,High,FemaleHigh,449.1
2025,Montenegro,Math,Female,High,FemaleHigh,450
2006,Montenegro,Math,Female,Low,FemaleLow,370.8
2009,Montenegro,Math,Female,Low,FemaleLow,377.7
2012,Montenegro,Math,Female,Low,FemaleLow,390.1
2015,Montenegro,Math,Female,Low,FemaleLow,401.6
2018,Montenegro,Math,Female,Low,FemaleLow,407.4
2022,Montenegro,Math,Female,Low,FemaleLow,385.9
2025,Montenegro,Math,Female,Low,FemaleLow,395
2006,Montenegro,Math,Female,Medium,FemaleMedium,398
2009,Montenegro,Math,Female,Medium,FemaleMedium,411.5
2012,Montenegro,Math,Female,Medium,FemaleMedium,422.6
2015,Montenegro,Math,Female,Medium,FemaleMedium,425
2018,Montenegro,Math,Female,Medium,FemaleMedium,436.5
2022,Montenegro,Math,Female,Medium,FemaleMedium,413.2
2025,Montenegro,Math,Female,Medium,FemaleMedium,431.3
2006,Montenegro,Math,0,0,General,399.3
2009,Montenegro,Math,0,0,General,402.5
2012,Montenegro,Math,0,0,General,409.6
2015,Montenegro,Math,0,0,General,417.9
2018,Montenegro,Math,0,0,General,429.6
2022,Montenegro,Math,0,0,General,405.6
2025,Montenegro,Math,0,0,General,411.1
2006,Montenegro,Math,0,High,GeneralHigh,431.9
2009,Montenegro,Math,0,High,GeneralHigh,444.6
2012,Montenegro,Math,0,High,GeneralHigh,461
2015,Montenegro,Math,0,High,GeneralHigh,453.5
2018,Montenegro,Math,0,High,GeneralHigh,463.3
2022,Montenegro,Math,0,High,GeneralHigh,447.1
2025,Montenegro,Math,0,High,GeneralHigh,451.6
2006,Montenegro,Math,0,Low,GeneralLow,377.3
2009,Montenegro,Math,0,Low,GeneralLow,383
2012,Montenegro,Math,0,Low,GeneralLow,388.4
2015,Montenegro,Math,0,Low,GeneralLow,402.5
2018,Montenegro,Math,0,Low,GeneralLow,410.9
2022,Montenegro,Math,0,Low,GeneralLow,385.4
2025,Montenegro,Math,0,Low,GeneralLow,395.4
2006,Montenegro,Math,0,Medium,GeneralMedium,404.1
2009,Montenegro,Math,0,Medium,GeneralMedium,415.6
2012,Montenegro,Math,0,Medium,GeneralMedium,419.7
2015,Montenegro,Math,0,Medium,GeneralMedium,424.3
2018,Montenegro,Math,0,Medium,GeneralMedium,440.9
2022,Montenegro,Math,0,Medium,GeneralMedium,417.1
2025,Montenegro,Math,0,Medium,GeneralMedium,432.1
2006,Montenegro,Math,Male,0,Male,404.9
2009,Montenegro,Math,Male,0,Male,408.4
2012,Montenegro,Math,Male,0,Male,409.7
2015,Montenegro,Math,Male,0,Male,418.1
2018,Montenegro,Math,Male,0,Male,433.6
2022,Montenegro,Math,Male,0,Male,405.4
2025,Montenegro,Math,Male,0,Male,411
2006,Montenegro,Math,Male,High,MaleHigh,430.6
2009,Montenegro,Math,Male,High,MaleHigh,449.7
2012,Montenegro,Math,Male,High,MaleHigh,465.7
2015,Montenegro,Math,Male,High,MaleHigh,451.3
2018,Montenegro,Math,Male,High,MaleHigh,465.4
2022,Montenegro,Math,Male,High,MaleHigh,445
2025,Montenegro,Math,Male,High,MaleHigh,453.1
2006,Montenegro,Math,Male,Low,MaleLow,384.4
2009,Montenegro,Math,Male,Low,MaleLow,388.6
2012,Montenegro,Math,Male,Low,MaleLow,386.4
2015,Montenegro,Math,Male,Low,MaleLow,403.4
2018,Montenegro,Math,Male,Low,MaleLow,414.3
2022,Montenegro,Math,Male,Low,MaleLow,384.9
2025,Montenegro,Math,Male,Low,MaleLow,395.7
2006,Montenegro,Math,Male,Medium,MaleMedium,409.4
2009,Montenegro,Math,Male,Medium,MaleMedium,419.4
2012,Montenegro,Math,Male,Medium,MaleMedium,417.1
2015,Montenegro,Math,Male,Medium,MaleMedium,423.7
2018,Montenegro,Math,Male,Medium,MaleMedium,444.7
2022,Montenegro,Math,Male,Medium,MaleMedium,421
2025,Montenegro,Math,Male,Medium,MaleMedium,432.8
2006,Montenegro,Reading,Female,0,Female,415.3
2009,Montenegro,Reading,Female,0,Female,434.5
2012,Montenegro,Reading,Female,0,Female,453
2015,Montenegro,Reading,Female,0,Female,444.2
2018,Montenegro,Reading,Female,0,Female,436.8
2022,Montenegro,Reading,Female,0,Female,423.3
2025,Montenegro,Reading,Female,0,Female,439.9
2006,Montenegro,Reading,Female,High,FemaleHigh,454.8
2009,Montenegro,Reading,Female,High,FemaleHigh,483.2
2012,Montenegro,Reading,Female,High,FemaleHigh,499
2015,Montenegro,Reading,Female,High,FemaleHigh,486.6
2018,Montenegro,Reading,Female,High,FemaleHigh,474.7
2022,Montenegro,Reading,Female,High,FemaleHigh,465.3
2025,Montenegro,Reading,Female,High,FemaleHigh,482
2006,Montenegro,Reading,Female,Low,FemaleLow,392.5
2009,Montenegro,Reading,Female,Low,FemaleLow,414.2
2012,Montenegro,Reading,Female,Low,FemaleLow,433.7
2015,Montenegro,Reading,Female,Low,FemaleLow,426.7
2018,Montenegro,Reading,Female,Low,FemaleLow,418.9
2022,Montenegro,Reading,Female,Low,FemaleLow,402.3
2025,Montenegro,Reading,Female,Low,FemaleLow,422.5
2006,Montenegro,Reading,Female,Medium,FemaleMedium,420.8
2009,Montenegro,Reading,Female,Medium,FemaleMedium,449
2012,Montenegro,Reading,Female,Medium,FemaleMedium,467
2015,Montenegro,Reading,Female,Medium,FemaleMedium,453.2
2018,Montenegro,Reading,Female,Medium,FemaleMedium,447.4
2022,Montenegro,Reading,Female,Medium,FemaleMedium,432.7
2025,Montenegro,Reading,Female,Medium,FemaleMedium,461.8
2006,Montenegro,Reading,0,0,General,392
2009,Montenegro,Reading,0,0,General,407.5
2012,Montenegro,Reading,0,0,General,422.1
2015,Montenegro,Reading,0,0,General,426.9
2018,Montenegro,Reading,0,0,General,421.1
2022,Montenegro,Reading,0,0,General,405
2025,Montenegro,Reading,0,0,General,418.4
2006,Montenegro,Reading,0,High,GeneralHigh,420.5
2009,Montenegro,Reading,0,High,GeneralHigh,452.9
2012,Montenegro,Reading,0,High,GeneralHigh,474.4
2015,Montenegro,Reading,0,High,GeneralHigh,469.4
2018,Montenegro,Reading,0,High,GeneralHigh,454.7
2022,Montenegro,Reading,0,High,GeneralHigh,444.8
2025,Montenegro,Reading,0,High,GeneralHigh,462.3
2006,Montenegro,Reading,0,Low,GeneralLow,372.8
2009,Montenegro,Reading,0,Low,GeneralLow,387.5
2012,Montenegro,Reading,0,Low,GeneralLow,401.2
2015,Montenegro,Reading,0,Low,GeneralLow,409.4
2018,Montenegro,Reading,0,Low,GeneralLow,403.3
2022,Montenegro,Reading,0,Low,GeneralLow,383.9
2025,Montenegro,Reading,0,Low,GeneralLow,403.4
2006,Montenegro,Reading,0,Medium,GeneralMedium,396.1
2009,Montenegro,Reading,0,Medium,GeneralMedium,419.8
2012,Montenegro,Reading,0,Medium,GeneralMedium,432.3
2015,Montenegro,Reading,0,Medium,GeneralMedium,434.4
2018,Montenegro,Reading,0,Medium,GeneralMedium,431.1
2022,Montenegro,Reading,0,Medium,GeneralMedium,418.4
2025,Montenegro,Reading,0,Medium,GeneralMedium,440
2006,Montenegro,Reading,Male,0,Male,370.2
2009,Montenegro,Reading,Male,0,Male,381.9
2012,Montenegro,Reading,Male,0,Male,391.3
2015,Montenegro,Reading,Male,0,Male,410.4
2018,Montenegro,Reading,Male,0,Male,406.6
2022,Montenegro,Reading,Male,0,Male,387.6
2025,Montenegro,Reading,Male,0,Male,398.8
2006,Montenegro,Reading,Male,High,MaleHigh,393.2
2009,Montenegro,Reading,Male,High,MaleHigh,428.4
2012,Montenegro,Reading,Male,High,MaleHigh,451.5
2015,Montenegro,Reading,Male,High,MaleHigh,452.4
2018,Montenegro,Reading,Male,High,MaleHigh,438.4
2022,Montenegro,Reading,Male,High,MaleHigh,422.4
2025,Montenegro,Reading,Male,High,MaleHigh,444.4
2006,Montenegro,Reading,Male,Low,MaleLow,351.3
2009,Montenegro,Reading,Male,Low,MaleLow,360.2
2012,Montenegro,Reading,Male,Low,MaleLow,364.8
2015,Montenegro,Reading,Male,Low,MaleLow,391.6
2018,Montenegro,Reading,Male,Low,MaleLow,387.8
2022,Montenegro,Reading,Male,Low,MaleLow,366.9
2025,Montenegro,Reading,Male,Low,MaleLow,383.5
2006,Montenegro,Reading,Male,Medium,MaleMedium,374.6
2009,Montenegro,Reading,Male,Medium,MaleMedium,392.7
2012,Montenegro,Reading,Male,Medium,MaleMedium,402
2015,Montenegro,Reading,Male,Medium,MaleMedium,418.3
2018,Montenegro,Reading,Male,Medium,MaleMedium,416.7
2022,Montenegro,Reading,Male,Medium,MaleMedium,404.5
2025,Montenegro,Reading,Male,Medium,MaleMedium,421.7
2006,Montenegro,Science,Female,0,Female,412.8
2009,Montenegro,Science,Female,0,Female,407.7
2012,Montenegro,Science,Female,0,Female,418.5
2015,Montenegro,Science,Female,0,Female,413.8
2018,Montenegro,Science,Female,0,Female,417.5
2022,Montenegro,Science,Female,0,Female,407.1
2025,Montenegro,Science,Female,0,Female,441.6
2006,Montenegro,Science,Female,High,FemaleHigh,452.2
2009,Montenegro,Science,Female,High,FemaleHigh,446.9
2012,Montenegro,Science,Female,High,FemaleHigh,463
2015,Montenegro,Science,Female,High,FemaleHigh,449
2018,Montenegro,Science,Female,High,FemaleHigh,451
2022,Montenegro,Science,Female,High,FemaleHigh,450.1
2025,Montenegro,Science,Female,High,FemaleHigh,483
2006,Montenegro,Science,Female,Low,FemaleLow,391.7
2009,Montenegro,Science,Female,Low,FemaleLow,390.7
2012,Montenegro,Science,Female,Low,FemaleLow,400.5
2015,Montenegro,Science,Female,Low,FemaleLow,398.5
2018,Montenegro,Science,Female,Low,FemaleLow,402.1
2022,Montenegro,Science,Female,Low,FemaleLow,385.4
2025,Montenegro,Science,Female,Low,FemaleLow,423.5
2006,Montenegro,Science,Female,Medium,FemaleMedium,416.2
2009,Montenegro,Science,Female,Medium,FemaleMedium,421
2012,Montenegro,Science,Female,Medium,FemaleMedium,431
2015,Montenegro,Science,Female,Medium,FemaleMedium,421.5
2018,Montenegro,Science,Female,Medium,FemaleMedium,425.3
2022,Montenegro,Science,Female,Medium,FemaleMedium,417
2025,Montenegro,Science,Female,Medium,FemaleMedium,464.6
2006,Montenegro,Science,0,0,General,411.8
2009,Montenegro,Science,0,0,General,401.3
2012,Montenegro,Science,0,0,General,410.1
2015,Montenegro,Science,0,0,General,411.3
2018,Montenegro,Science,0,0,General,415.2
2022,Montenegro,Science,0,0,General,403.1
2025,Montenegro,Science,0,0,General,435.2
2006,Montenegro,Science,0,High,GeneralHigh,442.3
2009,Montenegro,Science,0,High,GeneralHigh,439.5
2012,Montenegro,Science,0,High,GeneralHigh,459.9
2015,Montenegro,Science,0,High,GeneralHigh,446.8
2018,Montenegro,Science,0,High,GeneralHigh,446.9
2022,Montenegro,Science,0,High,GeneralHigh,445.8
2025,Montenegro,Science,0,High,GeneralHigh,478
2006,Montenegro,Science,0,Low,GeneralLow,392.5
2009,Montenegro,Science,0,Low,GeneralLow,384.1
2012,Montenegro,Science,0,Low,GeneralLow,389.6
2015,Montenegro,Science,0,Low,GeneralLow,396.4
2018,Montenegro,Science,0,Low,GeneralLow,398.7
2022,Montenegro,Science,0,Low,GeneralLow,381.5
2025,Montenegro,Science,0,Low,GeneralLow,418.9
2006,Montenegro,Science,0,Medium,GeneralMedium,414.6
2009,Montenegro,Science,0,Medium,GeneralMedium,412.1
2012,Montenegro,Science,0,Medium,GeneralMedium,421
2015,Montenegro,Science,0,Medium,GeneralMedium,417.4
2018,Montenegro,Science,0,Medium,GeneralMedium,423.9
2022,Montenegro,Science,0,Medium,GeneralMedium,415.9
2025,Montenegro,Science,0,Medium,GeneralMedium,458
2006,Montenegro,Science,Male,0,Male,410.8
2009,Montenegro,Science,Male,0,Male,395.1
2012,Montenegro,Science,Male,0,Male,401.7
2015,Montenegro,Science,Male,0,Male,408.9
2018,Montenegro,Science,Male,0,Male,413
2022,Montenegro,Science,Male,0,Male,399.3
2025,Montenegro,Science,Male,0,Male,429.4
2006,Montenegro,Science,Male,High,MaleHigh,434.5
2009,Montenegro,Science,Male,High,MaleHigh,433.5
2012,Montenegro,Science,Male,High,MaleHigh,457
2015,Montenegro,Science,Male,High,MaleHigh,444.7
2018,Montenegro,Science,Male,High,MaleHigh,443.5
2022,Montenegro,Science,Male,High,MaleHigh,441.1
2025,Montenegro,Science,Male,High,MaleHigh,473.4
2006,Montenegro,Science,Male,Low,MaleLow,393.4
2009,Montenegro,Science,Male,Low,MaleLow,377.4
2012,Montenegro,Science,Male,Low,MaleLow,377.5
2015,Montenegro,Science,Male,Low,MaleLow,394.2
2018,Montenegro,Science,Male,Low,MaleLow,395.3
2022,Montenegro,Science,Male,Low,MaleLow,378
2025,Montenegro,Science,Male,Low,MaleLow,414.1
2006,Montenegro,Science,Male,Medium,MaleMedium,413.2
2009,Montenegro,Science,Male,Medium,MaleMedium,403.8
2012,Montenegro,Science,Male,Medium,MaleMedium,412.3
2015,Montenegro,Science,Male,Medium,MaleMedium,413.8
2018,Montenegro,Science,Male,Medium,MaleMedium,422.6
2022,Montenegro,Science,Male,Medium,MaleMedium,414.9
2025,Montenegro,Science,Male,Medium,MaleMedium,452.5
2018,Morocco,Math,Female,0,Female,367.3
2022,Morocco,Math,Female,0,Female,366.7
2025,Morocco,Math,Female,0,Female,355.7
2018,Morocco,Math,Female,High,FemaleHigh,430.4
2022,Morocco,Math,Female,High,FemaleHigh,445
2025,Morocco,Math,Female,High,FemaleHigh,424.7
2018,Morocco,Math,Female,Low,FemaleLow,359.5
2022,Morocco,Math,Female,Low,FemaleLow,359
2025,Morocco,Math,Female,Low,FemaleLow,348.4
2018,Morocco,Math,Female,Medium,FemaleMedium,412.7
2022,Morocco,Math,Female,Medium,FemaleMedium,406.9
2025,Morocco,Math,Female,Medium,FemaleMedium,396.9
2018,Morocco,Math,0,0,General,367.7
2022,Morocco,Math,0,0,General,364.8
2025,Morocco,Math,0,0,General,354.8
2018,Morocco,Math,0,High,GeneralHigh,438.2
2022,Morocco,Math,0,High,GeneralHigh,447.2
2025,Morocco,Math,0,High,GeneralHigh,427.4
2018,Morocco,Math,0,Low,GeneralLow,359.7
2022,Morocco,Math,0,Low,GeneralLow,356.8
2025,Morocco,Math,0,Low,GeneralLow,348.1
2018,Morocco,Math,0,Medium,GeneralMedium,412.9
2022,Morocco,Math,0,Medium,GeneralMedium,400.2
2025,Morocco,Math,0,Medium,GeneralMedium,397
2018,Morocco,Math,Male,0,Male,368.1
2022,Morocco,Math,Male,0,Male,362.9
2025,Morocco,Math,Male,0,Male,353.8
2018,Morocco,Math,Male,High,MaleHigh,446.9
2022,Morocco,Math,Male,High,MaleHigh,449
2025,Morocco,Math,Male,High,MaleHigh,431.3
2018,Morocco,Math,Male,Low,MaleLow,359.8
2022,Morocco,Math,Male,Low,MaleLow,354.6
2025,Morocco,Math,Male,Low,MaleLow,347.7
2018,Morocco,Math,Male,Medium,MaleMedium,413.1
2022,Morocco,Math,Male,Medium,MaleMedium,394.4
2025,Morocco,Math,Male,Medium,MaleMedium,397.1
2018,Morocco,Reading,Female,0,Female,372.9
2022,Morocco,Reading,Female,0,Female,350.4
2025,Morocco,Reading,Female,0,Female,329.1
2018,Morocco,Reading,Female,High,FemaleHigh,433.5
2022,Morocco,Reading,Female,High,FemaleHigh,417.6
2025,Morocco,Reading,Female,High,FemaleHigh,401.6
2018,Morocco,Reading,Female,Low,FemaleLow,365.9
2022,Morocco,Reading,Female,Low,FemaleLow,343.6
2025,Morocco,Reading,Female,Low,FemaleLow,321.6
2018,Morocco,Reading,Female,Medium,FemaleMedium,414
2022,Morocco,Reading,Female,Medium,FemaleMedium,387.9
2025,Morocco,Reading,Female,Medium,FemaleMedium,369.9
2018,Morocco,Reading,0,0,General,359.4
2022,Morocco,Reading,0,0,General,339.4
2025,Morocco,Reading,0,0,General,321.1
2018,Morocco,Reading,0,High,GeneralHigh,424.9
2022,Morocco,Reading,0,High,GeneralHigh,409.7
2025,Morocco,Reading,0,High,GeneralHigh,396.7
2018,Morocco,Reading,0,Low,GeneralLow,352.2
2022,Morocco,Reading,0,Low,GeneralLow,332.6
2025,Morocco,Reading,0,Low,GeneralLow,314.9
2018,Morocco,Reading,0,Medium,GeneralMedium,399
2022,Morocco,Reading,0,Medium,GeneralMedium,370.4
2025,Morocco,Reading,0,Medium,GeneralMedium,360.5
2018,Morocco,Reading,Male,0,Male,347
2022,Morocco,Reading,Male,0,Male,328.7
2025,Morocco,Reading,Male,0,Male,312.5
2018,Morocco,Reading,Male,High,MaleHigh,415.3
2022,Morocco,Reading,Male,High,MaleHigh,403.4
2025,Morocco,Reading,Male,High,MaleHigh,389.5
2018,Morocco,Reading,Male,Low,MaleLow,339.6
2022,Morocco,Reading,Male,Low,MaleLow,321.7
2025,Morocco,Reading,Male,Low,MaleLow,307.2
2018,Morocco,Reading,Male,Medium,MaleMedium,387
2022,Morocco,Reading,Male,Medium,MaleMedium,355.2
2025,Morocco,Reading,Male,Medium,MaleMedium,351.5
2018,Morocco,Science,Female,0,Female,381.3
2022,Morocco,Science,Female,0,Female,370.1
2025,Morocco,Science,Female,0,Female,359.3
2018,Morocco,Science,Female,High,FemaleHigh,429
2022,Morocco,Science,Female,High,FemaleHigh,439.6
2025,Morocco,Science,Female,High,FemaleHigh,437.6
2018,Morocco,Science,Female,Low,FemaleLow,375.2
2022,Morocco,Science,Female,Low,FemaleLow,363.1
2025,Morocco,Science,Female,Low,FemaleLow,351.5
2018,Morocco,Science,Female,Medium,FemaleMedium,416.5
2022,Morocco,Science,Female,Medium,FemaleMedium,408.6
2025,Morocco,Science,Female,Medium,FemaleMedium,403.9
2018,Morocco,Science,0,0,General,376.6
2022,Morocco,Science,0,0,General,365.4
2025,Morocco,Science,0,0,General,358
2018,Morocco,Science,0,High,GeneralHigh,432.1
2022,Morocco,Science,0,High,GeneralHigh,438.8
2025,Morocco,Science,0,High,GeneralHigh,436.7
2018,Morocco,Science,0,Low,GeneralLow,370.2
2022,Morocco,Science,0,Low,GeneralLow,358.2
2025,Morocco,Science,0,Low,GeneralLow,351.1
2018,Morocco,Science,0,Medium,GeneralMedium,411.5
2022,Morocco,Science,0,Medium,GeneralMedium,398.7
2025,Morocco,Science,0,Medium,GeneralMedium,404.1
2018,Morocco,Science,Male,0,Male,372.3
2022,Morocco,Science,Male,0,Male,360.8
2025,Morocco,Science,Male,0,Male,356.6
2018,Morocco,Science,Male,High,MaleHigh,435.4
2022,Morocco,Science,Male,High,MaleHigh,438.2
2025,Morocco,Science,Male,High,MaleHigh,435.5
2018,Morocco,Science,Male,Low,MaleLow,365.5
2022,Morocco,Science,Male,Low,MaleLow,353.3
2025,Morocco,Science,Male,Low,MaleLow,350.6
2018,Morocco,Science,Male,Medium,MaleMedium,407.4
2022,Morocco,Science,Male,Medium,MaleMedium,390
2025,Morocco,Science,Male,Medium,MaleMedium,404.3
2018,Moscow Region (RUS),Math,Female,0,Female,494.1
2018,Moscow Region (RUS),Math,Female,High,FemaleHigh,516.5
2018,Moscow Region (RUS),Math,Female,Low,FemaleLow,467.2
2018,Moscow Region (RUS),Math,Female,Medium,FemaleMedium,490.3
2018,Moscow Region (RUS),Math,0,0,General,494.9
2018,Moscow Region (RUS),Math,0,High,GeneralHigh,518.1
2018,Moscow Region (RUS),Math,0,Low,GeneralLow,468
2018,Moscow Region (RUS),Math,0,Medium,GeneralMedium,491.7
2018,Moscow Region (RUS),Math,Male,0,Male,495.7
2018,Moscow Region (RUS),Math,Male,High,MaleHigh,519.7
2018,Moscow Region (RUS),Math,Male,Low,MaleLow,468.6
2018,Moscow Region (RUS),Math,Male,Medium,MaleMedium,493.1
2018,Moscow Region (RUS),Reading,Female,0,Female,502.6
2018,Moscow Region (RUS),Reading,Female,High,FemaleHigh,524.2
2018,Moscow Region (RUS),Reading,Female,Low,FemaleLow,477.5
2018,Moscow Region (RUS),Reading,Female,Medium,FemaleMedium,498.9
2018,Moscow Region (RUS),Reading,0,0,General,485.9
2018,Moscow Region (RUS),Reading,0,High,GeneralHigh,506.9
2018,Moscow Region (RUS),Reading,0,Low,GeneralLow,461.2
2018,Moscow Region (RUS),Reading,0,Medium,GeneralMedium,484.1
2018,Moscow Region (RUS),Reading,Male,0,Male,470.4
2018,Moscow Region (RUS),Reading,Male,High,MaleHigh,490.2
2018,Moscow Region (RUS),Reading,Male,Low,MaleLow,447.5
2018,Moscow Region (RUS),Reading,Male,Medium,MaleMedium,469.8
2018,Moscow Region (RUS),Science,Female,0,Female,488.6
2018,Moscow Region (RUS),Science,Female,High,FemaleHigh,509.4
2018,Moscow Region (RUS),Science,Female,Low,FemaleLow,464.1
2018,Moscow Region (RUS),Science,Female,Medium,FemaleMedium,485
2018,Moscow Region (RUS),Science,0,0,General,485.1
2018,Moscow Region (RUS),Science,0,High,GeneralHigh,505.1
2018,Moscow Region (RUS),Science,0,Low,GeneralLow,461.7
2018,Moscow Region (RUS),Science,0,Medium,GeneralMedium,483
2018,Moscow Region (RUS),Science,Male,0,Male,481.8
2018,Moscow Region (RUS),Science,Male,High,MaleHigh,500.8
2018,Moscow Region (RUS),Science,Male,Low,MaleLow,459.6
2018,Moscow Region (RUS),Science,Male,Medium,MaleMedium,481
2006,Netherlands,Math,Female,0,Female,524.1
2009,Netherlands,Math,Female,0,Female,517.3
2012,Netherlands,Math,Female,0,Female,517.7
2015,Netherlands,Math,Female,0,Female,511
2018,Netherlands,Math,Female,0,Female,518.5
2022,Netherlands,Math,Female,0,Female,487.2
2006,Netherlands,Math,Female,High,FemaleHigh,566.2
2009,Netherlands,Math,Female,High,FemaleHigh,566
2012,Netherlands,Math,Female,High,FemaleHigh,555.5
2015,Netherlands,Math,Female,High,FemaleHigh,554
2018,Netherlands,Math,Female,High,FemaleHigh,561.9
2022,Netherlands,Math,Female,High,FemaleHigh,541.1
2006,Netherlands,Math,Female,Low,FemaleLow,486.3
2009,Netherlands,Math,Female,Low,FemaleLow,475.4
2012,Netherlands,Math,Female,Low,FemaleLow,483.5
2015,Netherlands,Math,Female,Low,FemaleLow,478
2018,Netherlands,Math,Female,Low,FemaleLow,478.5
2022,Netherlands,Math,Female,Low,FemaleLow,439.2
2006,Netherlands,Math,Female,Medium,FemaleMedium,520.3
2009,Netherlands,Math,Female,Medium,FemaleMedium,510.8
2012,Netherlands,Math,Female,Medium,FemaleMedium,516.3
2015,Netherlands,Math,Female,Medium,FemaleMedium,508.3
2018,Netherlands,Math,Female,Medium,FemaleMedium,510.3
2022,Netherlands,Math,Female,Medium,FemaleMedium,481.7
2006,Netherlands,Math,0,0,General,530.7
2009,Netherlands,Math,0,0,General,525.8
2012,Netherlands,Math,0,0,General,523
2015,Netherlands,Math,0,0,General,512.3
2018,Netherlands,Math,0,0,General,519.2
2022,Netherlands,Math,0,0,General,492.7
2025,Netherlands,Math,0,0,General,483.3
2006,Netherlands,Math,0,High,GeneralHigh,569.6
2009,Netherlands,Math,0,High,GeneralHigh,568
2012,Netherlands,Math,0,High,GeneralHigh,559.6
2015,Netherlands,Math,0,High,GeneralHigh,553.8
2018,Netherlands,Math,0,High,GeneralHigh,559.1
2022,Netherlands,Math,0,High,GeneralHigh,545.6
2025,Netherlands,Math,0,High,GeneralHigh,538
2006,Netherlands,Math,0,Low,GeneralLow,493.9
2009,Netherlands,Math,0,Low,GeneralLow,487.3
2012,Netherlands,Math,0,Low,GeneralLow,486.6
2015,Netherlands,Math,0,Low,GeneralLow,480.3
2018,Netherlands,Math,0,Low,GeneralLow,481.4
2022,Netherlands,Math,0,Low,GeneralLow,447.8
2025,Netherlands,Math,0,Low,GeneralLow,443.8
2006,Netherlands,Math,0,Medium,GeneralMedium,525.4
2009,Netherlands,Math,0,Medium,GeneralMedium,520.2
2012,Netherlands,Math,0,Medium,GeneralMedium,523.4
2015,Netherlands,Math,0,Medium,GeneralMedium,509.4
2018,Netherlands,Math,0,Medium,GeneralMedium,511.5
2022,Netherlands,Math,0,Medium,GeneralMedium,483.3
2025,Netherlands,Math,0,Medium,GeneralMedium,488.2
2006,Netherlands,Math,Male,0,Male,536.9
2009,Netherlands,Math,Male,0,Male,534.5
2012,Netherlands,Math,Male,0,Male,528
2015,Netherlands,Math,Male,0,Male,513.5
2018,Netherlands,Math,Male,0,Male,519.9
2022,Netherlands,Math,Male,0,Male,497.9
2006,Netherlands,Math,Male,High,MaleHigh,572.6
2009,Netherlands,Math,Male,High,MaleHigh,570
2012,Netherlands,Math,Male,High,MaleHigh,563.3
2015,Netherlands,Math,Male,High,MaleHigh,553.5
2018,Netherlands,Math,Male,High,MaleHigh,556.4
2022,Netherlands,Math,Male,High,MaleHigh,549.6
2006,Netherlands,Math,Male,Low,MaleLow,502.2
2009,Netherlands,Math,Male,Low,MaleLow,500.4
2012,Netherlands,Math,Male,Low,MaleLow,489.6
2015,Netherlands,Math,Male,Low,MaleLow,482.6
2018,Netherlands,Math,Male,Low,MaleLow,484.5
2022,Netherlands,Math,Male,Low,MaleLow,456.5
2006,Netherlands,Math,Male,Medium,MaleMedium,530.2
2009,Netherlands,Math,Male,Medium,MaleMedium,529.6
2012,Netherlands,Math,Male,Medium,MaleMedium,530.2
2015,Netherlands,Math,Male,Medium,MaleMedium,510.5
2018,Netherlands,Math,Male,Medium,MaleMedium,512.6
2022,Netherlands,Math,Male,Medium,MaleMedium,485
2006,Netherlands,Reading,Female,0,Female,519
2009,Netherlands,Reading,Female,0,Female,520.5
2012,Netherlands,Reading,Female,0,Female,524.8
2015,Netherlands,Reading,Female,0,Female,514.7
2018,Netherlands,Reading,Female,0,Female,499.2
2022,Netherlands,Reading,Female,0,Female,472.5
2006,Netherlands,Reading,Female,High,FemaleHigh,561.8
2009,Netherlands,Reading,Female,High,FemaleHigh,566.9
2012,Netherlands,Reading,Female,High,FemaleHigh,561.9
2015,Netherlands,Reading,Female,High,FemaleHigh,563.9
2018,Netherlands,Reading,Female,High,FemaleHigh,542.3
2022,Netherlands,Reading,Female,High,FemaleHigh,526.8
2006,Netherlands,Reading,Female,Low,FemaleLow,480.1
2009,Netherlands,Reading,Female,Low,FemaleLow,481.2
2012,Netherlands,Reading,Female,Low,FemaleLow,491.2
2015,Netherlands,Reading,Female,Low,FemaleLow,477.8
2018,Netherlands,Reading,Female,Low,FemaleLow,461.6
2022,Netherlands,Reading,Female,Low,FemaleLow,425.2
2006,Netherlands,Reading,Female,Medium,FemaleMedium,515.6
2009,Netherlands,Reading,Female,Medium,FemaleMedium,514.5
2012,Netherlands,Reading,Female,Medium,FemaleMedium,523.5
2015,Netherlands,Reading,Female,Medium,FemaleMedium,511.2
2018,Netherlands,Reading,Female,Medium,FemaleMedium,492
2022,Netherlands,Reading,Female,Medium,FemaleMedium,468.9
2006,Netherlands,Reading,0,0,General,506.7
2009,Netherlands,Reading,0,0,General,508.4
2012,Netherlands,Reading,0,0,General,511.2
2015,Netherlands,Reading,0,0,General,503
2018,Netherlands,Reading,0,0,General,484.8
2022,Netherlands,Reading,0,0,General,459.2
2025,Netherlands,Reading,0,0,General,441.3
2006,Netherlands,Reading,0,High,GeneralHigh,546.6
2009,Netherlands,Reading,0,High,GeneralHigh,547.7
2012,Netherlands,Reading,0,High,GeneralHigh,547
2015,Netherlands,Reading,0,High,GeneralHigh,549.9
2018,Netherlands,Reading,0,High,GeneralHigh,525.4
2022,Netherlands,Reading,0,High,GeneralHigh,511.9
2025,Netherlands,Reading,0,High,GeneralHigh,493.4
2006,Netherlands,Reading,0,Low,GeneralLow,468.4
2009,Netherlands,Reading,0,Low,GeneralLow,474.2
2012,Netherlands,Reading,0,Low,GeneralLow,474.7
2015,Netherlands,Reading,0,Low,GeneralLow,467.3
2018,Netherlands,Reading,0,Low,GeneralLow,449.8
2022,Netherlands,Reading,0,Low,GeneralLow,415.6
2025,Netherlands,Reading,0,Low,GeneralLow,405.1
2006,Netherlands,Reading,0,Medium,GeneralMedium,502
2009,Netherlands,Reading,0,Medium,GeneralMedium,502.5
2012,Netherlands,Reading,0,Medium,GeneralMedium,512.7
2015,Netherlands,Reading,0,Medium,GeneralMedium,499.8
2018,Netherlands,Reading,0,Medium,GeneralMedium,476.6
2022,Netherlands,Reading,0,Medium,GeneralMedium,451.6
2025,Netherlands,Reading,0,Medium,GeneralMedium,445.9
2006,Netherlands,Reading,Male,0,Male,494.9
2009,Netherlands,Reading,Male,0,Male,496.2
2012,Netherlands,Reading,Male,0,Male,498.3
2015,Netherlands,Reading,Male,0,Male,491.1
2018,Netherlands,Reading,Male,0,Male,470.4
2022,Netherlands,Reading,Male,0,Male,446.7
2006,Netherlands,Reading,Male,High,MaleHigh,533.1
2009,Netherlands,Reading,Male,High,MaleHigh,529.3
2012,Netherlands,Reading,Male,High,MaleHigh,533.4
2015,Netherlands,Reading,Male,High,MaleHigh,535.8
2018,Netherlands,Reading,Male,High,MaleHigh,509.2
2022,Netherlands,Reading,Male,High,MaleHigh,498.8
2006,Netherlands,Reading,Male,Low,MaleLow,455.8
2009,Netherlands,Reading,Male,Low,MaleLow,466.5
2012,Netherlands,Reading,Male,Low,MaleLow,458.7
2015,Netherlands,Reading,Male,Low,MaleLow,456.6
2018,Netherlands,Reading,Male,Low,MaleLow,437.1
2022,Netherlands,Reading,Male,Low,MaleLow,406
2006,Netherlands,Reading,Male,Medium,MaleMedium,489.2
2009,Netherlands,Reading,Male,Medium,MaleMedium,490.5
2012,Netherlands,Reading,Male,Medium,MaleMedium,502.2
2015,Netherlands,Reading,Male,Medium,MaleMedium,488.3
2018,Netherlands,Reading,Male,Medium,MaleMedium,461.3
2022,Netherlands,Reading,Male,Medium,MaleMedium,434.3
2006,Netherlands,Science,Female,0,Female,521.2
2009,Netherlands,Science,Female,0,Female,520.3
2012,Netherlands,Science,Female,0,Female,520.4
2015,Netherlands,Science,Female,0,Female,506.5
2018,Netherlands,Science,Female,0,Female,507.5
2022,Netherlands,Science,Female,0,Female,487.1
2006,Netherlands,Science,Female,High,FemaleHigh,567.1
2009,Netherlands,Science,Female,High,FemaleHigh,573.6
2012,Netherlands,Science,Female,High,FemaleHigh,561.6
2015,Netherlands,Science,Female,High,FemaleHigh,556.5
2018,Netherlands,Science,Female,High,FemaleHigh,555.6
2022,Netherlands,Science,Female,High,FemaleHigh,543.3
2006,Netherlands,Science,Female,Low,FemaleLow,478.8
2009,Netherlands,Science,Female,Low,FemaleLow,472.8
2012,Netherlands,Science,Female,Low,FemaleLow,483.4
2015,Netherlands,Science,Female,Low,FemaleLow,465.3
2018,Netherlands,Science,Female,Low,FemaleLow,463.6
2022,Netherlands,Science,Female,Low,FemaleLow,438.1
2006,Netherlands,Science,Female,Medium,FemaleMedium,518.1
2009,Netherlands,Science,Female,Medium,FemaleMedium,514.5
2012,Netherlands,Science,Female,Medium,FemaleMedium,518.9
2015,Netherlands,Science,Female,Medium,FemaleMedium,505.6
2018,Netherlands,Science,Female,Medium,FemaleMedium,498.5
2022,Netherlands,Science,Female,Medium,FemaleMedium,481.7
2006,Netherlands,Science,0,0,General,524.9
2009,Netherlands,Science,0,0,General,522.2
2012,Netherlands,Science,0,0,General,522.1
2015,Netherlands,Science,0,0,General,508.6
2018,Netherlands,Science,0,0,General,503.4
2022,Netherlands,Science,0,0,General,488.3
2025,Netherlands,Science,0,0,General,485.5
2006,Netherlands,Science,0,High,GeneralHigh,568.3
2009,Netherlands,Science,0,High,GeneralHigh,566.8
2012,Netherlands,Science,0,High,GeneralHigh,560.5
2015,Netherlands,Science,0,High,GeneralHigh,557.3
2018,Netherlands,Science,0,High,GeneralHigh,547.2
2022,Netherlands,Science,0,High,GeneralHigh,543.5
2025,Netherlands,Science,0,High,GeneralHigh,540.8
2006,Netherlands,Science,0,Low,GeneralLow,482.6
2009,Netherlands,Science,0,Low,GeneralLow,479.9
2012,Netherlands,Science,0,Low,GeneralLow,483.2
2015,Netherlands,Science,0,Low,GeneralLow,469.3
2018,Netherlands,Science,0,Low,GeneralLow,462.6
2022,Netherlands,Science,0,Low,GeneralLow,442.3
2025,Netherlands,Science,0,Low,GeneralLow,444
2006,Netherlands,Science,0,Medium,GeneralMedium,520.1
2009,Netherlands,Science,0,Medium,GeneralMedium,517.9
2012,Netherlands,Science,0,Medium,GeneralMedium,523.4
2015,Netherlands,Science,0,Medium,GeneralMedium,506.6
2018,Netherlands,Science,0,Medium,GeneralMedium,494.6
2022,Netherlands,Science,0,Medium,GeneralMedium,479.3
2025,Netherlands,Science,0,Medium,GeneralMedium,491.6
2006,Netherlands,Science,Male,0,Male,528.4
2009,Netherlands,Science,Male,0,Male,524.2
2012,Netherlands,Science,Male,0,Male,523.6
2015,Netherlands,Science,Male,0,Male,510.6
2018,Netherlands,Science,Male,0,Male,499.3
2022,Netherlands,Science,Male,0,Male,489.5
2006,Netherlands,Science,Male,High,MaleHigh,569.3
2009,Netherlands,Science,Male,High,MaleHigh,560.3
2012,Netherlands,Science,Male,High,MaleHigh,559.5
2015,Netherlands,Science,Male,High,MaleHigh,558.1
2018,Netherlands,Science,Male,High,MaleHigh,539.2
2022,Netherlands,Science,Male,High,MaleHigh,543.8
2006,Netherlands,Science,Male,Low,MaleLow,486.7
2009,Netherlands,Science,Male,Low,MaleLow,487.8
2012,Netherlands,Science,Male,Low,MaleLow,483.1
2015,Netherlands,Science,Male,Low,MaleLow,473.5
2018,Netherlands,Science,Male,Low,MaleLow,461.6
2022,Netherlands,Science,Male,Low,MaleLow,446.6
2006,Netherlands,Science,Male,Medium,MaleMedium,522.1
2009,Netherlands,Science,Male,Medium,MaleMedium,521.3
2012,Netherlands,Science,Male,Medium,MaleMedium,527.8
2015,Netherlands,Science,Male,Medium,MaleMedium,507.6
2018,Netherlands,Science,Male,Medium,MaleMedium,490.8
2022,Netherlands,Science,Male,Medium,MaleMedium,476.8
2006,New Zealand,Math,Female,0,Female,516.8
2009,New Zealand,Math,Female,0,Female,515.3
2012,New Zealand,Math,Female,0,Female,492.1
2015,New Zealand,Math,Female,0,Female,490.9
2018,New Zealand,Math,Female,0,Female,490
2022,New Zealand,Math,Female,0,Female,473.8
2006,New Zealand,Math,Female,High,FemaleHigh,556.2
2009,New Zealand,Math,Female,High,FemaleHigh,573.2
2012,New Zealand,Math,Female,High,FemaleHigh,547.4
2015,New Zealand,Math,Female,High,FemaleHigh,532.1
2018,New Zealand,Math,Female,High,FemaleHigh,526.6
2022,New Zealand,Math,Female,High,FemaleHigh,520.6
2006,New Zealand,Math,Female,Low,FemaleLow,478.8
2009,New Zealand,Math,Female,Low,FemaleLow,469.8
2012,New Zealand,Math,Female,Low,FemaleLow,451.6
2015,New Zealand,Math,Female,Low,FemaleLow,454.6
2018,New Zealand,Math,Female,Low,FemaleLow,454.5
2022,New Zealand,Math,Female,Low,FemaleLow,431.3
2006,New Zealand,Math,Female,Medium,FemaleMedium,523.2
2009,New Zealand,Math,Female,Medium,FemaleMedium,528.9
2012,New Zealand,Math,Female,Medium,FemaleMedium,500.6
2015,New Zealand,Math,Female,Medium,FemaleMedium,495.6
2018,New Zealand,Math,Female,Medium,FemaleMedium,490.2
2022,New Zealand,Math,Female,Medium,FemaleMedium,468.8
2006,New Zealand,Math,0,0,General,522
2009,New Zealand,Math,0,0,General,519.3
2012,New Zealand,Math,0,0,General,499.7
2015,New Zealand,Math,0,0,General,495.2
2018,New Zealand,Math,0,0,General,494.5
2022,New Zealand,Math,0,0,General,479.1
2025,New Zealand,Math,0,0,General,479.6
2006,New Zealand,Math,0,High,GeneralHigh,558.8
2009,New Zealand,Math,0,High,GeneralHigh,578.4
2012,New Zealand,Math,0,High,GeneralHigh,559.1
2015,New Zealand,Math,0,High,GeneralHigh,538.9
2018,New Zealand,Math,0,High,GeneralHigh,533.2
2022,New Zealand,Math,0,High,GeneralHigh,526.1
2025,New Zealand,Math,0,High,GeneralHigh,526.8
2006,New Zealand,Math,0,Low,GeneralLow,485.9
2009,New Zealand,Math,0,Low,GeneralLow,478.7
2012,New Zealand,Math,0,Low,GeneralLow,458.5
2015,New Zealand,Math,0,Low,GeneralLow,457.9
2018,New Zealand,Math,0,Low,GeneralLow,458.9
2022,New Zealand,Math,0,Low,GeneralLow,436.1
2025,New Zealand,Math,0,Low,GeneralLow,449.7
2006,New Zealand,Math,0,Medium,GeneralMedium,528.3
2009,New Zealand,Math,0,Medium,GeneralMedium,528.2
2012,New Zealand,Math,0,Medium,GeneralMedium,510.8
2015,New Zealand,Math,0,Medium,GeneralMedium,500.1
2018,New Zealand,Math,0,Medium,GeneralMedium,495
2022,New Zealand,Math,0,Medium,GeneralMedium,481.1
2025,New Zealand,Math,0,Medium,GeneralMedium,482.2
2006,New Zealand,Math,Male,0,Male,527.5
2009,New Zealand,Math,Male,0,Male,523.1
2012,New Zealand,Math,Male,0,Male,507.1
2015,New Zealand,Math,Male,0,Male,499.5
2018,New Zealand,Math,Male,0,Male,498.9
2022,New Zealand,Math,Male,0,Male,484.2
2006,New Zealand,Math,Male,High,MaleHigh,561.4
2009,New Zealand,Math,Male,High,MaleHigh,583.4
2012,New Zealand,Math,Male,High,MaleHigh,571.3
2015,New Zealand,Math,Male,High,MaleHigh,545.7
2018,New Zealand,Math,Male,High,MaleHigh,540
2022,New Zealand,Math,Male,High,MaleHigh,531.9
2006,New Zealand,Math,Male,Low,MaleLow,493.3
2009,New Zealand,Math,Male,Low,MaleLow,487.9
2012,New Zealand,Math,Male,Low,MaleLow,465.1
2015,New Zealand,Math,Male,Low,MaleLow,461.1
2018,New Zealand,Math,Male,Low,MaleLow,463.3
2022,New Zealand,Math,Male,Low,MaleLow,440.3
2006,New Zealand,Math,Male,Medium,MaleMedium,534
2009,New Zealand,Math,Male,Medium,MaleMedium,527.5
2012,New Zealand,Math,Male,Medium,MaleMedium,520.7
2015,New Zealand,Math,Male,Medium,MaleMedium,504.8
2018,New Zealand,Math,Male,Medium,MaleMedium,499.6
2022,New Zealand,Math,Male,Medium,MaleMedium,493.5
2006,New Zealand,Reading,Female,0,Female,539.1
2009,New Zealand,Reading,Female,0,Female,544.2
2012,New Zealand,Reading,Female,0,Female,529.8
2015,New Zealand,Reading,Female,0,Female,525.5
2018,New Zealand,Reading,Female,0,Female,520.3
2022,New Zealand,Reading,Female,0,Female,513.9
2006,New Zealand,Reading,Female,High,FemaleHigh,584.9
2009,New Zealand,Reading,Female,High,FemaleHigh,596.9
2012,New Zealand,Reading,Female,High,FemaleHigh,584.5
2015,New Zealand,Reading,Female,High,FemaleHigh,569.6
2018,New Zealand,Reading,Female,High,FemaleHigh,564
2022,New Zealand,Reading,Female,High,FemaleHigh,561.8
2006,New Zealand,Reading,Female,Low,FemaleLow,497.2
2009,New Zealand,Reading,Female,Low,FemaleLow,504.6
2012,New Zealand,Reading,Female,Low,FemaleLow,489.8
2015,New Zealand,Reading,Female,Low,FemaleLow,487.4
2018,New Zealand,Reading,Female,Low,FemaleLow,483
2022,New Zealand,Reading,Female,Low,FemaleLow,474.1
2006,New Zealand,Reading,Female,Medium,FemaleMedium,544.5
2009,New Zealand,Reading,Female,Medium,FemaleMedium,555.4
2012,New Zealand,Reading,Female,Medium,FemaleMedium,538.6
2015,New Zealand,Reading,Female,Medium,FemaleMedium,531.7
2018,New Zealand,Reading,Female,Medium,FemaleMedium,518
2022,New Zealand,Reading,Female,Medium,FemaleMedium,507.6
2006,New Zealand,Reading,0,0,General,521
2009,New Zealand,Reading,0,0,General,520.9
2012,New Zealand,Reading,0,0,General,512.2
2015,New Zealand,Reading,0,0,General,509.3
2018,New Zealand,Reading,0,0,General,505.7
2022,New Zealand,Reading,0,0,General,500.9
2025,New Zealand,Reading,0,0,General,497
2006,New Zealand,Reading,0,High,GeneralHigh,562.6
2009,New Zealand,Reading,0,High,GeneralHigh,579.5
2012,New Zealand,Reading,0,High,GeneralHigh,572
2015,New Zealand,Reading,0,High,GeneralHigh,555.5
2018,New Zealand,Reading,0,High,GeneralHigh,550.8
2022,New Zealand,Reading,0,High,GeneralHigh,546.9
2025,New Zealand,Reading,0,High,GeneralHigh,544.6
2006,New Zealand,Reading,0,Low,GeneralLow,479.1
2009,New Zealand,Reading,0,Low,GeneralLow,483.3
2012,New Zealand,Reading,0,Low,GeneralLow,471.7
2015,New Zealand,Reading,0,Low,GeneralLow,470
2018,New Zealand,Reading,0,Low,GeneralLow,468.1
2022,New Zealand,Reading,0,Low,GeneralLow,461.6
2025,New Zealand,Reading,0,Low,GeneralLow,470.9
2006,New Zealand,Reading,0,Medium,GeneralMedium,529.1
2009,New Zealand,Reading,0,Medium,GeneralMedium,528.1
2012,New Zealand,Reading,0,Medium,GeneralMedium,523.8
2015,New Zealand,Reading,0,Medium,GeneralMedium,516.3
2018,New Zealand,Reading,0,Medium,GeneralMedium,505.7
2022,New Zealand,Reading,0,Medium,GeneralMedium,502.4
2025,New Zealand,Reading,0,Medium,GeneralMedium,504
2006,New Zealand,Reading,Male,0,Male,501.7
2009,New Zealand,Reading,Male,0,Male,498.5
2012,New Zealand,Reading,Male,0,Male,495.4
2015,New Zealand,Reading,Male,0,Male,493.2
2018,New Zealand,Reading,Male,0,Male,491.4
2022,New Zealand,Reading,Male,0,Male,488
2006,New Zealand,Reading,Male,High,MaleHigh,539.8
2009,New Zealand,Reading,Male,High,MaleHigh,562.4
2012,New Zealand,Reading,Male,High,MaleHigh,559
2015,New Zealand,Reading,Male,High,MaleHigh,541.4
2018,New Zealand,Reading,Male,High,MaleHigh,537.2
2022,New Zealand,Reading,Male,High,MaleHigh,531.4
2006,New Zealand,Reading,Male,Low,MaleLow,460.2
2009,New Zealand,Reading,Male,Low,MaleLow,461.3
2012,New Zealand,Reading,Male,Low,MaleLow,454.6
2015,New Zealand,Reading,Male,Low,MaleLow,452.8
2018,New Zealand,Reading,Male,Low,MaleLow,453.1
2022,New Zealand,Reading,Male,Low,MaleLow,449.5
2006,New Zealand,Reading,Male,Medium,MaleMedium,511.9
2009,New Zealand,Reading,Male,Medium,MaleMedium,503.3
2012,New Zealand,Reading,Male,Medium,MaleMedium,509.5
2015,New Zealand,Reading,Male,Medium,MaleMedium,500.5
2018,New Zealand,Reading,Male,Medium,MaleMedium,494.2
2022,New Zealand,Reading,Male,Medium,MaleMedium,496.9
2006,New Zealand,Science,Female,0,Female,532.2
2009,New Zealand,Science,Female,0,Female,535.2
2012,New Zealand,Science,Female,0,Female,513.3
2015,New Zealand,Science,Female,0,Female,510.7
2018,New Zealand,Science,Female,0,Female,507.6
2022,New Zealand,Science,Female,0,Female,504.4
2006,New Zealand,Science,Female,High,FemaleHigh,580
2009,New Zealand,Science,Female,High,FemaleHigh,588.3
2012,New Zealand,Science,Female,High,FemaleHigh,571.1
2015,New Zealand,Science,Female,High,FemaleHigh,558.9
2018,New Zealand,Science,Female,High,FemaleHigh,549.9
2022,New Zealand,Science,Female,High,FemaleHigh,553.9
2006,New Zealand,Science,Female,Low,FemaleLow,486.3
2009,New Zealand,Science,Female,Low,FemaleLow,493.6
2012,New Zealand,Science,Female,Low,FemaleLow,471.2
2015,New Zealand,Science,Female,Low,FemaleLow,468.7
2018,New Zealand,Science,Female,Low,FemaleLow,468.9
2022,New Zealand,Science,Female,Low,FemaleLow,457.5
2006,New Zealand,Science,Female,Medium,FemaleMedium,539.6
2009,New Zealand,Science,Female,Medium,FemaleMedium,548.5
2012,New Zealand,Science,Female,Medium,FemaleMedium,522.5
2015,New Zealand,Science,Female,Medium,FemaleMedium,516.8
2018,New Zealand,Science,Female,Medium,FemaleMedium,507.1
2022,New Zealand,Science,Female,Medium,FemaleMedium,501.7
2006,New Zealand,Science,0,0,General,530.4
2009,New Zealand,Science,0,0,General,532
2012,New Zealand,Science,0,0,General,515.6
2015,New Zealand,Science,0,0,General,513.3
2018,New Zealand,Science,0,0,General,508.5
2022,New Zealand,Science,0,0,General,504.1
2025,New Zealand,Science,0,0,General,509.4
2006,New Zealand,Science,0,High,GeneralHigh,574.9
2009,New Zealand,Science,0,High,GeneralHigh,590.5
2012,New Zealand,Science,0,High,GeneralHigh,577.3
2015,New Zealand,Science,0,High,GeneralHigh,562.8
2018,New Zealand,Science,0,High,GeneralHigh,552.9
2022,New Zealand,Science,0,High,GeneralHigh,553.6
2025,New Zealand,Science,0,High,GeneralHigh,559.5
2006,New Zealand,Science,0,Low,GeneralLow,486
2009,New Zealand,Science,0,Low,GeneralLow,492.5
2012,New Zealand,Science,0,Low,GeneralLow,473.2
2015,New Zealand,Science,0,Low,GeneralLow,470.8
2018,New Zealand,Science,0,Low,GeneralLow,469.7
2022,New Zealand,Science,0,Low,GeneralLow,458.9
2025,New Zealand,Science,0,Low,GeneralLow,477.7
2006,New Zealand,Science,0,Medium,GeneralMedium,538.6
2009,New Zealand,Science,0,Medium,GeneralMedium,541.6
2012,New Zealand,Science,0,Medium,GeneralMedium,528.5
2015,New Zealand,Science,0,Medium,GeneralMedium,520.1
2018,New Zealand,Science,0,Medium,GeneralMedium,508.6
2022,New Zealand,Science,0,Medium,GeneralMedium,507.3
2025,New Zealand,Science,0,Medium,GeneralMedium,516.9
2006,New Zealand,Science,Male,0,Male,528.5
2009,New Zealand,Science,Male,0,Male,529
2012,New Zealand,Science,Male,0,Male,517.9
2015,New Zealand,Science,Male,0,Male,515.8
2018,New Zealand,Science,Male,0,Male,509.3
2022,New Zealand,Science,Male,0,Male,503.6
2006,New Zealand,Science,Male,High,MaleHigh,569.7
2009,New Zealand,Science,Male,High,MaleHigh,592.7
2012,New Zealand,Science,Male,High,MaleHigh,583.6
2015,New Zealand,Science,Male,High,MaleHigh,566.8
2018,New Zealand,Science,Male,High,MaleHigh,555.9
2022,New Zealand,Science,Male,High,MaleHigh,553.3
2006,New Zealand,Science,Male,Low,MaleLow,485.6
2009,New Zealand,Science,Male,Low,MaleLow,491.3
2012,New Zealand,Science,Male,Low,MaleLow,475.2
2015,New Zealand,Science,Male,Low,MaleLow,472.9
2018,New Zealand,Science,Male,Low,MaleLow,470.6
2022,New Zealand,Science,Male,Low,MaleLow,459.7
2006,New Zealand,Science,Male,Medium,MaleMedium,537.5
2009,New Zealand,Science,Male,Medium,MaleMedium,535.4
2012,New Zealand,Science,Male,Medium,MaleMedium,534.4
2015,New Zealand,Science,Male,Medium,MaleMedium,523.6
2018,New Zealand,Science,Male,Medium,MaleMedium,510
2022,New Zealand,Science,Male,Medium,MaleMedium,512.9
2015,North Carolina (USA),Math,Female,0,Female,468.1
2015,North Carolina (USA),Math,Female,High,FemaleHigh,512.6
2015,North Carolina (USA),Math,Female,Low,FemaleLow,438.3
2015,North Carolina (USA),Math,Female,Medium,FemaleMedium,470.3
2015,North Carolina (USA),Math,0,0,General,470.9
2015,North Carolina (USA),Math,0,High,GeneralHigh,513.9
2015,North Carolina (USA),Math,0,Low,GeneralLow,440.1
2015,North Carolina (USA),Math,0,Medium,GeneralMedium,472.7
2015,North Carolina (USA),Math,Male,0,Male,473.7
2015,North Carolina (USA),Math,Male,High,MaleHigh,515.1
2015,North Carolina (USA),Math,Male,Low,MaleLow,442.1
2015,North Carolina (USA),Math,Male,Medium,MaleMedium,474.8
2015,North Carolina (USA),Reading,Female,0,Female,512.6
2015,North Carolina (USA),Reading,Female,High,FemaleHigh,550.8
2015,North Carolina (USA),Reading,Female,Low,FemaleLow,487.3
2015,North Carolina (USA),Reading,Female,Medium,FemaleMedium,514.6
2015,North Carolina (USA),Reading,0,0,General,499.9
2015,North Carolina (USA),Reading,0,High,GeneralHigh,537.8
2015,North Carolina (USA),Reading,0,Low,GeneralLow,473.3
2015,North Carolina (USA),Reading,0,Medium,GeneralMedium,500.9
2015,North Carolina (USA),Reading,Male,0,Male,487.3
2015,North Carolina (USA),Reading,Male,High,MaleHigh,525.3
2015,North Carolina (USA),Reading,Male,Low,MaleLow,457.2
2015,North Carolina (USA),Reading,Male,Medium,MaleMedium,489.2
2015,North Carolina (USA),Science,Female,0,Female,501.6
2015,North Carolina (USA),Science,Female,High,FemaleHigh,545
2015,North Carolina (USA),Science,Female,Low,FemaleLow,473.4
2015,North Carolina (USA),Science,Female,Medium,FemaleMedium,502.7
2015,North Carolina (USA),Science,0,0,General,502.4
2015,North Carolina (USA),Science,0,High,GeneralHigh,545.8
2015,North Carolina (USA),Science,0,Low,GeneralLow,471.8
2015,North Carolina (USA),Science,0,Medium,GeneralMedium,503.6
2015,North Carolina (USA),Science,Male,0,Male,503.1
2015,North Carolina (USA),Science,Male,High,MaleHigh,546.6
2015,North Carolina (USA),Science,Male,Low,MaleLow,469.9
2015,North Carolina (USA),Science,Male,Medium,MaleMedium,504.5
2015,North Macedonia,Math,Female,0,Female,374.7
2018,North Macedonia,Math,Female,0,Female,398.3
2022,North Macedonia,Math,Female,0,Female,391.9
2025,North Macedonia,Math,Female,0,Female,381.2
2015,North Macedonia,Math,Female,High,FemaleHigh,411.3
2018,North Macedonia,Math,Female,High,FemaleHigh,464
2022,North Macedonia,Math,Female,High,FemaleHigh,439.3
2025,North Macedonia,Math,Female,High,FemaleHigh,430.8
2015,North Macedonia,Math,Female,Low,FemaleLow,355.9
2018,North Macedonia,Math,Female,Low,FemaleLow,373.7
2022,North Macedonia,Math,Female,Low,FemaleLow,368.8
2025,North Macedonia,Math,Female,Low,FemaleLow,368.4
2015,North Macedonia,Math,Female,Medium,FemaleMedium,384.2
2018,North Macedonia,Math,Female,Medium,FemaleMedium,413.6
2022,North Macedonia,Math,Female,Medium,FemaleMedium,405.5
2025,North Macedonia,Math,Female,Medium,FemaleMedium,398
2015,North Macedonia,Math,0,0,General,371.3
2018,North Macedonia,Math,0,0,General,394.4
2022,North Macedonia,Math,0,0,General,388.6
2025,North Macedonia,Math,0,0,General,379.8
2015,North Macedonia,Math,0,High,GeneralHigh,411.1
2018,North Macedonia,Math,0,High,GeneralHigh,453.3
2022,North Macedonia,Math,0,High,GeneralHigh,436.6
2025,North Macedonia,Math,0,High,GeneralHigh,429.1
2015,North Macedonia,Math,0,Low,GeneralLow,352.3
2018,North Macedonia,Math,0,Low,GeneralLow,372.6
2022,North Macedonia,Math,0,Low,GeneralLow,366.1
2025,North Macedonia,Math,0,Low,GeneralLow,371.6
2015,North Macedonia,Math,0,Medium,GeneralMedium,382.7
2018,North Macedonia,Math,0,Medium,GeneralMedium,411.1
2022,North Macedonia,Math,0,Medium,GeneralMedium,404
2025,North Macedonia,Math,0,Medium,GeneralMedium,400
2015,North Macedonia,Math,Male,0,Male,368.2
2018,North Macedonia,Math,Male,0,Male,390.9
2022,North Macedonia,Math,Male,0,Male,385.5
2025,North Macedonia,Math,Male,0,Male,378.4
2015,North Macedonia,Math,Male,High,MaleHigh,410.8
2018,North Macedonia,Math,Male,High,MaleHigh,442
2022,North Macedonia,Math,Male,High,MaleHigh,433.8
2025,North Macedonia,Math,Male,High,MaleHigh,427.4
2015,North Macedonia,Math,Male,Low,MaleLow,349.2
2018,North Macedonia,Math,Male,Low,MaleLow,371.6
2022,North Macedonia,Math,Male,Low,MaleLow,363.5
2025,North Macedonia,Math,Male,Low,MaleLow,375.3
2015,North Macedonia,Math,Male,Medium,MaleMedium,381.4
2018,North Macedonia,Math,Male,Medium,MaleMedium,409
2022,North Macedonia,Math,Male,Medium,MaleMedium,402.8
2025,North Macedonia,Math,Male,Medium,MaleMedium,402
2015,North Macedonia,Reading,Female,0,Female,375.8
2018,North Macedonia,Reading,Female,0,Female,419.8
2022,North Macedonia,Reading,Female,0,Female,372
2025,North Macedonia,Reading,Female,0,Female,373.2
2015,North Macedonia,Reading,Female,High,FemaleHigh,402.7
2018,North Macedonia,Reading,Female,High,FemaleHigh,478.1
2022,North Macedonia,Reading,Female,High,FemaleHigh,412.4
2025,North Macedonia,Reading,Female,High,FemaleHigh,414.2
2015,North Macedonia,Reading,Female,Low,FemaleLow,360.5
2018,North Macedonia,Reading,Female,Low,FemaleLow,396.7
2022,North Macedonia,Reading,Female,Low,FemaleLow,352.4
2025,North Macedonia,Reading,Female,Low,FemaleLow,364.7
2015,North Macedonia,Reading,Female,Medium,FemaleMedium,385
2018,North Macedonia,Reading,Female,Medium,FemaleMedium,435
2022,North Macedonia,Reading,Female,Medium,FemaleMedium,383.6
2025,North Macedonia,Reading,Female,Medium,FemaleMedium,387.4
2015,North Macedonia,Reading,0,0,General,351.7
2018,North Macedonia,Reading,0,0,General,392.7
2022,North Macedonia,Reading,0,0,General,358.5
2025,North Macedonia,Reading,0,0,General,357.4
2015,North Macedonia,Reading,0,High,GeneralHigh,385.5
2018,North Macedonia,Reading,0,High,GeneralHigh,448.7
2022,North Macedonia,Reading,0,High,GeneralHigh,398.6
2025,North Macedonia,Reading,0,High,GeneralHigh,397.9
2015,North Macedonia,Reading,0,Low,GeneralLow,335.1
2018,North Macedonia,Reading,0,Low,GeneralLow,371.9
2022,North Macedonia,Reading,0,Low,GeneralLow,340.1
2025,North Macedonia,Reading,0,Low,GeneralLow,354.6
2015,North Macedonia,Reading,0,Medium,GeneralMedium,362.2
2018,North Macedonia,Reading,0,Medium,GeneralMedium,407.9
2022,North Macedonia,Reading,0,Medium,GeneralMedium,371.4
2025,North Macedonia,Reading,0,Medium,GeneralMedium,376.3
2015,North Macedonia,Reading,Male,0,Male,330.1
2018,North Macedonia,Reading,Male,0,Male,368.1
2022,North Macedonia,Reading,Male,0,Male,346.2
2025,North Macedonia,Reading,Male,0,Male,342.1
2015,North Macedonia,Reading,Male,High,MaleHigh,367.5
2018,North Macedonia,Reading,Male,High,MaleHigh,417.9
2022,North Macedonia,Reading,Male,High,MaleHigh,384
2025,North Macedonia,Reading,Male,High,MaleHigh,381.5
2015,North Macedonia,Reading,Male,Low,MaleLow,313
2018,North Macedonia,Reading,Male,Low,MaleLow,349
2022,North Macedonia,Reading,Male,Low,MaleLow,328.5
2025,North Macedonia,Reading,Male,Low,MaleLow,342.8
2015,North Macedonia,Reading,Male,Medium,MaleMedium,342.1
2018,North Macedonia,Reading,Male,Medium,MaleMedium,384.6
2022,North Macedonia,Reading,Male,Medium,MaleMedium,360.7
2025,North Macedonia,Reading,Male,Medium,MaleMedium,364.5
2015,North Macedonia,Science,Female,0,Female,394.4
2018,North Macedonia,Science,Female,0,Female,423
2022,North Macedonia,Science,Female,0,Female,387.7
2025,North Macedonia,Science,Female,0,Female,388.7
2015,North Macedonia,Science,Female,High,FemaleHigh,425.8
2018,North Macedonia,Science,Female,High,FemaleHigh,480.9
2022,North Macedonia,Science,Female,High,FemaleHigh,437.1
2025,North Macedonia,Science,Female,High,FemaleHigh,437.7
2015,North Macedonia,Science,Female,Low,FemaleLow,378.9
2018,North Macedonia,Science,Female,Low,FemaleLow,400.3
2022,North Macedonia,Science,Female,Low,FemaleLow,365.1
2025,North Macedonia,Science,Female,Low,FemaleLow,377.4
2015,North Macedonia,Science,Female,Medium,FemaleMedium,401.4
2018,North Macedonia,Science,Female,Medium,FemaleMedium,438.2
2022,North Macedonia,Science,Female,Medium,FemaleMedium,399.7
2025,North Macedonia,Science,Female,Medium,FemaleMedium,406
2015,North Macedonia,Science,0,0,General,383.7
2018,North Macedonia,Science,0,0,General,413
2022,North Macedonia,Science,0,0,General,379.9
2025,North Macedonia,Science,0,0,General,378.5
2015,North Macedonia,Science,0,High,GeneralHigh,418
2018,North Macedonia,Science,0,High,GeneralHigh,466.9
2022,North Macedonia,Science,0,High,GeneralHigh,428.8
2025,North Macedonia,Science,0,High,GeneralHigh,427.4
2015,North Macedonia,Science,0,Low,GeneralLow,368.7
2018,North Macedonia,Science,0,Low,GeneralLow,393
2022,North Macedonia,Science,0,Low,GeneralLow,358.3
2025,North Macedonia,Science,0,Low,GeneralLow,371.7
2015,North Macedonia,Science,0,Medium,GeneralMedium,391
2018,North Macedonia,Science,0,Medium,GeneralMedium,428.2
2022,North Macedonia,Science,0,Medium,GeneralMedium,393.6
2025,North Macedonia,Science,0,Medium,GeneralMedium,400.1
2015,North Macedonia,Science,Male,0,Male,374.1
2018,North Macedonia,Science,Male,0,Male,404.1
2022,North Macedonia,Science,Male,0,Male,372.7
2025,North Macedonia,Science,Male,0,Male,368.6
2015,North Macedonia,Science,Male,High,MaleHigh,409.8
2018,North Macedonia,Science,Male,High,MaleHigh,452.3
2022,North Macedonia,Science,Male,High,MaleHigh,420
2025,North Macedonia,Science,Male,High,MaleHigh,417
2015,North Macedonia,Science,Male,Low,MaleLow,359.8
2018,North Macedonia,Science,Male,Low,MaleLow,386.2
2022,North Macedonia,Science,Male,Low,MaleLow,351.9
2025,North Macedonia,Science,Male,Low,MaleLow,365
2015,North Macedonia,Science,Male,Medium,MaleMedium,381.8
2018,North Macedonia,Science,Male,Medium,MaleMedium,419.6
2022,North Macedonia,Science,Male,Medium,MaleMedium,388.1
2025,North Macedonia,Science,Male,Medium,MaleMedium,393.8
2006,Norway,Math,Female,0,Female,486.7
2009,Norway,Math,Female,0,Female,495.4
2012,Norway,Math,Female,0,Female,488.3
2015,Norway,Math,Female,0,Female,502.9
2018,Norway,Math,Female,0,Female,504.5
2022,Norway,Math,Female,0,Female,468.8
2025,Norway,Math,Female,0,Female,448.9
2006,Norway,Math,Female,High,FemaleHigh,512.7
2009,Norway,Math,Female,High,FemaleHigh,524.4
2012,Norway,Math,Female,High,FemaleHigh,514.9
2015,Norway,Math,Female,High,FemaleHigh,528.1
2018,Norway,Math,Female,High,FemaleHigh,530.9
2022,Norway,Math,Female,High,FemaleHigh,496.1
2025,Norway,Math,Female,High,FemaleHigh,478.4
2006,Norway,Math,Female,Low,FemaleLow,451
2009,Norway,Math,Female,Low,FemaleLow,451.5
2012,Norway,Math,Female,Low,FemaleLow,456.1
2015,Norway,Math,Female,Low,FemaleLow,468.4
2018,Norway,Math,Female,Low,FemaleLow,457.7
2022,Norway,Math,Female,Low,FemaleLow,428
2025,Norway,Math,Female,Low,FemaleLow,408
2006,Norway,Math,Female,Medium,FemaleMedium,482.8
2009,Norway,Math,Female,Medium,FemaleMedium,491.1
2012,Norway,Math,Female,Medium,FemaleMedium,480.1
2015,Norway,Math,Female,Medium,FemaleMedium,492.5
2018,Norway,Math,Female,Medium,FemaleMedium,494.3
2022,Norway,Math,Female,Medium,FemaleMedium,456
2025,Norway,Math,Female,Medium,FemaleMedium,447.3
2006,Norway,Math,0,0,General,489.8
2009,Norway,Math,0,0,General,498
2012,Norway,Math,0,0,General,489.4
2015,Norway,Math,0,0,General,501.7
2018,Norway,Math,0,0,General,501
2022,Norway,Math,0,0,General,468.4
2025,Norway,Math,0,0,General,451.8
2006,Norway,Math,0,High,GeneralHigh,514.6
2009,Norway,Math,0,High,GeneralHigh,525.8
2012,Norway,Math,0,High,GeneralHigh,515.7
2015,Norway,Math,0,High,GeneralHigh,526.3
2018,Norway,Math,0,High,GeneralHigh,525.9
2022,Norway,Math,0,High,GeneralHigh,496.9
2025,Norway,Math,0,High,GeneralHigh,485.3
2006,Norway,Math,0,Low,GeneralLow,453.4
2009,Norway,Math,0,Low,GeneralLow,454.3
2012,Norway,Math,0,Low,GeneralLow,457.3
2015,Norway,Math,0,Low,GeneralLow,464
2018,Norway,Math,0,Low,GeneralLow,457.5
2022,Norway,Math,0,Low,GeneralLow,427
2025,Norway,Math,0,Low,GeneralLow,412.9
2006,Norway,Math,0,Medium,GeneralMedium,485.1
2009,Norway,Math,0,Medium,GeneralMedium,492.2
2012,Norway,Math,0,Medium,GeneralMedium,481.5
2015,Norway,Math,0,Medium,GeneralMedium,494.8
2018,Norway,Math,0,Medium,GeneralMedium,492
2022,Norway,Math,0,Medium,GeneralMedium,457.3
2025,Norway,Math,0,Medium,GeneralMedium,448.9
2006,Norway,Math,Male,0,Male,492.8
2009,Norway,Math,Male,0,Male,500.4
2012,Norway,Math,Male,0,Male,490.4
2015,Norway,Math,Male,0,Male,500.6
2018,Norway,Math,Male,0,Male,497.5
2022,Norway,Math,Male,0,Male,468.1
2025,Norway,Math,Male,0,Male,454.6
2006,Norway,Math,Male,High,MaleHigh,516.1
2009,Norway,Math,Male,High,MaleHigh,527
2012,Norway,Math,Male,High,MaleHigh,516.4
2015,Norway,Math,Male,High,MaleHigh,524.6
2018,Norway,Math,Male,High,MaleHigh,521.2
2022,Norway,Math,Male,High,MaleHigh,497.7
2025,Norway,Math,Male,High,MaleHigh,492.3
2006,Norway,Math,Male,Low,MaleLow,456
2009,Norway,Math,Male,Low,MaleLow,457.3
2012,Norway,Math,Male,Low,MaleLow,458.6
2015,Norway,Math,Male,Low,MaleLow,459.3
2018,Norway,Math,Male,Low,MaleLow,457.3
2022,Norway,Math,Male,Low,MaleLow,426
2025,Norway,Math,Male,Low,MaleLow,417.5
2006,Norway,Math,Male,Medium,MaleMedium,487.2
2009,Norway,Math,Male,Medium,MaleMedium,493.3
2012,Norway,Math,Male,Medium,MaleMedium,482.9
2015,Norway,Math,Male,Medium,MaleMedium,497.2
2018,Norway,Math,Male,Medium,MaleMedium,489.5
2022,Norway,Math,Male,Medium,MaleMedium,458.4
2025,Norway,Math,Male,Medium,MaleMedium,450.5
2006,Norway,Reading,Female,0,Female,508
2009,Norway,Reading,Female,0,Female,527.4
2012,Norway,Reading,Female,0,Female,527.8
2015,Norway,Reading,Female,0,Female,533.4
2018,Norway,Reading,Female,0,Female,523.2
2022,Norway,Reading,Female,0,Female,498
2025,Norway,Reading,Female,0,Female,472.5
2006,Norway,Reading,Female,High,FemaleHigh,534.9
2009,Norway,Reading,Female,High,FemaleHigh,557.5
2012,Norway,Reading,Female,High,FemaleHigh,555.7
2015,Norway,Reading,Female,High,FemaleHigh,559.2
2018,Norway,Reading,Female,High,FemaleHigh,550.4
2022,Norway,Reading,Female,High,FemaleHigh,529.8
2025,Norway,Reading,Female,High,FemaleHigh,503.2
2006,Norway,Reading,Female,Low,FemaleLow,465.7
2009,Norway,Reading,Female,Low,FemaleLow,485.5
2012,Norway,Reading,Female,Low,FemaleLow,495.8
2015,Norway,Reading,Female,Low,FemaleLow,501
2018,Norway,Reading,Female,Low,FemaleLow,476.5
2022,Norway,Reading,Female,Low,FemaleLow,450.6
2025,Norway,Reading,Female,Low,FemaleLow,434.4
2006,Norway,Reading,Female,Medium,FemaleMedium,506.8
2009,Norway,Reading,Female,Medium,FemaleMedium,521.8
2012,Norway,Reading,Female,Medium,FemaleMedium,521.8
2015,Norway,Reading,Female,Medium,FemaleMedium,523.1
2018,Norway,Reading,Female,Medium,FemaleMedium,514.1
2022,Norway,Reading,Female,Medium,FemaleMedium,483.6
2025,Norway,Reading,Female,Medium,FemaleMedium,474.3
2006,Norway,Reading,0,0,General,484.3
2009,Norway,Reading,0,0,General,503.2
2012,Norway,Reading,0,0,General,503.9
2015,Norway,Reading,0,0,General,513.2
2018,Norway,Reading,0,0,General,499.5
2022,Norway,Reading,0,0,General,476.5
2025,Norway,Reading,0,0,General,452.8
2006,Norway,Reading,0,High,GeneralHigh,508.2
2009,Norway,Reading,0,High,GeneralHigh,530.7
2012,Norway,Reading,0,High,GeneralHigh,531.5
2015,Norway,Reading,0,High,GeneralHigh,537.9
2018,Norway,Reading,0,High,GeneralHigh,525.8
2022,Norway,Reading,0,High,GeneralHigh,509
2025,Norway,Reading,0,High,GeneralHigh,488.3
2006,Norway,Reading,0,Low,GeneralLow,442.8
2009,Norway,Reading,0,Low,GeneralLow,461.4
2012,Norway,Reading,0,Low,GeneralLow,473.1
2015,Norway,Reading,0,Low,GeneralLow,476.5
2018,Norway,Reading,0,Low,GeneralLow,453
2022,Norway,Reading,0,Low,GeneralLow,429.4
2025,Norway,Reading,0,Low,GeneralLow,417.6
2006,Norway,Reading,0,Medium,GeneralMedium,482.5
2009,Norway,Reading,0,Medium,GeneralMedium,497.6
2012,Norway,Reading,0,Medium,GeneralMedium,498.3
2015,Norway,Reading,0,Medium,GeneralMedium,508
2018,Norway,Reading,0,Medium,GeneralMedium,492.8
2022,Norway,Reading,0,Medium,GeneralMedium,464.1
2025,Norway,Reading,0,Medium,GeneralMedium,453.7
2006,Norway,Reading,Male,0,Male,462.1
2009,Norway,Reading,Male,0,Male,480.1
2012,Norway,Reading,Male,0,Male,481.3
2015,Norway,Reading,Male,0,Male,493.5
2018,Norway,Reading,Male,0,Male,476.2
2022,Norway,Reading,Male,0,Male,456.2
2025,Norway,Reading,Male,0,Male,433.7
2006,Norway,Reading,Male,High,MaleHigh,485.5
2009,Norway,Reading,Male,High,MaleHigh,507.6
2012,Norway,Reading,Male,High,MaleHigh,509.7
2015,Norway,Reading,Male,High,MaleHigh,517.3
2018,Norway,Reading,Male,High,MaleHigh,502.4
2022,Norway,Reading,Male,High,MaleHigh,488.7
2025,Norway,Reading,Male,High,MaleHigh,473.1
2006,Norway,Reading,Male,Low,MaleLow,418.1
2009,Norway,Reading,Male,Low,MaleLow,436.3
2012,Norway,Reading,Male,Low,MaleLow,449
2015,Norway,Reading,Male,Low,MaleLow,450.6
2018,Norway,Reading,Male,Low,MaleLow,430.7
2022,Norway,Reading,Male,Low,MaleLow,409.4
2025,Norway,Reading,Male,Low,MaleLow,401.5
2006,Norway,Reading,Male,Medium,MaleMedium,459.5
2009,Norway,Reading,Male,Medium,MaleMedium,473
2012,Norway,Reading,Male,Medium,MaleMedium,475.5
2015,Norway,Reading,Male,Medium,MaleMedium,493
2018,Norway,Reading,Male,Medium,MaleMedium,469.7
2022,Norway,Reading,Male,Medium,MaleMedium,446.2
2025,Norway,Reading,Male,Medium,MaleMedium,432.9
2006,Norway,Science,Female,0,Female,488.8
2009,Norway,Science,Female,0,Female,501.7
2012,Norway,Science,Female,0,Female,496.3
2015,Norway,Science,Female,0,Female,497
2018,Norway,Science,Female,0,Female,495.8
2022,Norway,Science,Female,0,Female,485.2
2025,Norway,Science,Female,0,Female,475.3
2006,Norway,Science,Female,High,FemaleHigh,514.8
2009,Norway,Science,Female,High,FemaleHigh,532.1
2012,Norway,Science,Female,High,FemaleHigh,525.4
2015,Norway,Science,Female,High,FemaleHigh,524.5
2018,Norway,Science,Female,High,FemaleHigh,524.3
2022,Norway,Science,Female,High,FemaleHigh,517.2
2025,Norway,Science,Female,High,FemaleHigh,504
2006,Norway,Science,Female,Low,FemaleLow,451.5
2009,Norway,Science,Female,Low,FemaleLow,458.1
2012,Norway,Science,Female,Low,FemaleLow,463
2015,Norway,Science,Female,Low,FemaleLow,460.8
2018,Norway,Science,Female,Low,FemaleLow,447.9
2022,Norway,Science,Female,Low,FemaleLow,436.8
2025,Norway,Science,Female,Low,FemaleLow,435
2006,Norway,Science,Female,Medium,FemaleMedium,485.8
2009,Norway,Science,Female,Medium,FemaleMedium,496.6
2012,Norway,Science,Female,Medium,FemaleMedium,489
2015,Norway,Science,Female,Medium,FemaleMedium,484.8
2018,Norway,Science,Female,Medium,FemaleMedium,485.4
2022,Norway,Science,Female,Medium,FemaleMedium,471.7
2025,Norway,Science,Female,Medium,FemaleMedium,475.9
2006,Norway,Science,0,0,General,486.5
2009,Norway,Science,0,0,General,499.9
2012,Norway,Science,0,0,General,494.5
2015,Norway,Science,0,0,General,498.5
2018,Norway,Science,0,0,General,490.4
2022,Norway,Science,0,0,General,478.2
2025,Norway,Science,0,0,General,470.2
2006,Norway,Science,0,High,GeneralHigh,510.4
2009,Norway,Science,0,High,GeneralHigh,530.1
2012,Norway,Science,0,High,GeneralHigh,522.6
2015,Norway,Science,0,High,GeneralHigh,525.3
2018,Norway,Science,0,High,GeneralHigh,518.1
2022,Norway,Science,0,High,GeneralHigh,510.5
2025,Norway,Science,0,High,GeneralHigh,503.5
2006,Norway,Science,0,Low,GeneralLow,449.1
2009,Norway,Science,0,Low,GeneralLow,454.5
2012,Norway,Science,0,Low,GeneralLow,461.1
2015,Norway,Science,0,Low,GeneralLow,457.6
2018,Norway,Science,0,Low,GeneralLow,443.5
2022,Norway,Science,0,Low,GeneralLow,430.7
2025,Norway,Science,0,Low,GeneralLow,432.1
2006,Norway,Science,0,Medium,GeneralMedium,483
2009,Norway,Science,0,Medium,GeneralMedium,493.3
2012,Norway,Science,0,Medium,GeneralMedium,488
2015,Norway,Science,0,Medium,GeneralMedium,491.1
2018,Norway,Science,0,Medium,GeneralMedium,481.7
2022,Norway,Science,0,Medium,GeneralMedium,466.5
2025,Norway,Science,0,Medium,GeneralMedium,470.3
2006,Norway,Science,Male,0,Male,484.4
2009,Norway,Science,Male,0,Male,498.1
2012,Norway,Science,Male,0,Male,492.8
2015,Norway,Science,Male,0,Male,499.9
2018,Norway,Science,Male,0,Male,485.1
2022,Norway,Science,Male,0,Male,471.7
2025,Norway,Science,Male,0,Male,465.3
2006,Norway,Science,Male,High,MaleHigh,506.6
2009,Norway,Science,Male,High,MaleHigh,528.3
2012,Norway,Science,Male,High,MaleHigh,520.1
2015,Norway,Science,Male,High,MaleHigh,526.2
2018,Norway,Science,Male,High,MaleHigh,512.2
2022,Norway,Science,Male,High,MaleHigh,503.9
2025,Norway,Science,Male,High,MaleHigh,503.1
2006,Norway,Science,Male,Low,MaleLow,446.5
2009,Norway,Science,Male,Low,MaleLow,450.7
2012,Norway,Science,Male,Low,MaleLow,459
2015,Norway,Science,Male,Low,MaleLow,454.2
2018,Norway,Science,Male,Low,MaleLow,439.3
2022,Norway,Science,Male,Low,MaleLow,424.9
2025,Norway,Science,Male,Low,MaleLow,429.2
2006,Norway,Science,Male,Medium,MaleMedium,480.3
2009,Norway,Science,Male,Medium,MaleMedium,489.9
2012,Norway,Science,Male,Medium,MaleMedium,487.1
2015,Norway,Science,Male,Medium,MaleMedium,497.3
2018,Norway,Science,Male,Medium,MaleMedium,477.6
2022,Norway,Science,Male,Medium,MaleMedium,461.7
2025,Norway,Science,Male,Medium,MaleMedium,464.8
2022,Palestinian Authority,Math,Female,0,Female,372.7
2025,Palestinian Authority,Math,Female,0,Female,366.2
2022,Palestinian Authority,Math,Female,High,FemaleHigh,427
2025,Palestinian Authority,Math,Female,High,FemaleHigh,403.8
2022,Palestinian Authority,Math,Female,Low,FemaleLow,360.8
2025,Palestinian Authority,Math,Female,Low,FemaleLow,358.1
2022,Palestinian Authority,Math,Female,Medium,FemaleMedium,400.1
2025,Palestinian Authority,Math,Female,Medium,FemaleMedium,391.4
2022,Palestinian Authority,Math,0,0,General,365.7
2025,Palestinian Authority,Math,0,0,General,354.3
2022,Palestinian Authority,Math,0,High,GeneralHigh,402.4
2025,Palestinian Authority,Math,0,High,GeneralHigh,393.3
2022,Palestinian Authority,Math,0,Low,GeneralLow,356.4
2025,Palestinian Authority,Math,0,Low,GeneralLow,350.5
2022,Palestinian Authority,Math,0,Medium,GeneralMedium,388.2
2025,Palestinian Authority,Math,0,Medium,GeneralMedium,380
2022,Palestinian Authority,Math,Male,0,Male,357.1
2025,Palestinian Authority,Math,Male,0,Male,339
2022,Palestinian Authority,Math,Male,High,MaleHigh,377.3
2025,Palestinian Authority,Math,Male,High,MaleHigh,377.1
2022,Palestinian Authority,Math,Male,Low,MaleLow,350.6
2025,Palestinian Authority,Math,Male,Low,MaleLow,337.7
2022,Palestinian Authority,Math,Male,Medium,MaleMedium,374.1
2025,Palestinian Authority,Math,Male,Medium,MaleMedium,363.9
2022,Palestinian Authority,Reading,Female,0,Female,371.1
2025,Palestinian Authority,Reading,Female,0,Female,374.1
2022,Palestinian Authority,Reading,Female,High,FemaleHigh,423.6
2025,Palestinian Authority,Reading,Female,High,FemaleHigh,408.3
2022,Palestinian Authority,Reading,Female,Low,FemaleLow,360.1
2025,Palestinian Authority,Reading,Female,Low,FemaleLow,368.1
2022,Palestinian Authority,Reading,Female,Medium,FemaleMedium,397.1
2025,Palestinian Authority,Reading,Female,Medium,FemaleMedium,397.8
2022,Palestinian Authority,Reading,0,0,General,349.2
2025,Palestinian Authority,Reading,0,0,General,349.9
2022,Palestinian Authority,Reading,0,High,GeneralHigh,384.2
2025,Palestinian Authority,Reading,0,High,GeneralHigh,387.6
2022,Palestinian Authority,Reading,0,Low,GeneralLow,341.4
2025,Palestinian Authority,Reading,0,Low,GeneralLow,349.9
2022,Palestinian Authority,Reading,0,Medium,GeneralMedium,369.6
2025,Palestinian Authority,Reading,0,Medium,GeneralMedium,375.9
2022,Palestinian Authority,Reading,Male,0,Male,321.7
2025,Palestinian Authority,Reading,Male,0,Male,318.5
2022,Palestinian Authority,Reading,Male,High,MaleHigh,344
2025,Palestinian Authority,Reading,Male,High,MaleHigh,355.6
2022,Palestinian Authority,Reading,Male,Low,MaleLow,316.3
2025,Palestinian Authority,Reading,Male,Low,MaleLow,319.2
2022,Palestinian Authority,Reading,Male,Medium,MaleMedium,337.3
2025,Palestinian Authority,Reading,Male,Medium,MaleMedium,345
2022,Palestinian Authority,Science,Female,0,Female,382
2025,Palestinian Authority,Science,Female,0,Female,374.7
2022,Palestinian Authority,Science,Female,High,FemaleHigh,435.9
2025,Palestinian Authority,Science,Female,High,FemaleHigh,411.6
2022,Palestinian Authority,Science,Female,Low,FemaleLow,370.4
2025,Palestinian Authority,Science,Female,Low,FemaleLow,368
2022,Palestinian Authority,Science,Female,Medium,FemaleMedium,409.9
2025,Palestinian Authority,Science,Female,Medium,FemaleMedium,400
2022,Palestinian Authority,Science,0,0,General,368.8
2025,Palestinian Authority,Science,0,0,General,358.7
2022,Palestinian Authority,Science,0,High,GeneralHigh,403.6
2025,Palestinian Authority,Science,0,High,GeneralHigh,397.5
2022,Palestinian Authority,Science,0,Low,GeneralLow,359.7
2025,Palestinian Authority,Science,0,Low,GeneralLow,357.3
2022,Palestinian Authority,Science,0,Medium,GeneralMedium,392
2025,Palestinian Authority,Science,0,Medium,GeneralMedium,385
2022,Palestinian Authority,Science,Male,0,Male,352.3
2025,Palestinian Authority,Science,Male,0,Male,338.1
2022,Palestinian Authority,Science,Male,High,MaleHigh,370.7
2025,Palestinian Authority,Science,Male,High,MaleHigh,375.8
2022,Palestinian Authority,Science,Male,Low,MaleLow,345.3
2025,Palestinian Authority,Science,Male,Low,MaleLow,339.3
2022,Palestinian Authority,Science,Male,Medium,MaleMedium,370.9
2025,Palestinian Authority,Science,Male,Medium,MaleMedium,363.8
2018,Panama,Math,Female,0,Female,349
2022,Panama,Math,Female,0,Female,354.7
2018,Panama,Math,Female,High,FemaleHigh,411.8
2022,Panama,Math,Female,High,FemaleHigh,425.1
2018,Panama,Math,Female,Low,FemaleLow,333.8
2022,Panama,Math,Female,Low,FemaleLow,336.8
2018,Panama,Math,Female,Medium,FemaleMedium,377.5
2022,Panama,Math,Female,Medium,FemaleMedium,377.8
2018,Panama,Math,0,0,General,352.8
2022,Panama,Math,0,0,General,356.6
2018,Panama,Math,0,High,GeneralHigh,421
2022,Panama,Math,0,High,GeneralHigh,430.2
2018,Panama,Math,0,Low,GeneralLow,336
2022,Panama,Math,0,Low,GeneralLow,338.8
2018,Panama,Math,0,Medium,GeneralMedium,381.6
2022,Panama,Math,0,Medium,GeneralMedium,379.1
2018,Panama,Math,Male,0,Male,356.7
2022,Panama,Math,Male,0,Male,358.4
2018,Panama,Math,Male,High,MaleHigh,429.9
2022,Panama,Math,Male,High,MaleHigh,435.8
2018,Panama,Math,Male,Low,MaleLow,338.3
2022,Panama,Math,Male,Low,MaleLow,340.8
2018,Panama,Math,Male,Medium,MaleMedium,385.3
2022,Panama,Math,Male,Medium,MaleMedium,380.3
2018,Panama,Reading,Female,0,Female,384.1
2022,Panama,Reading,Female,0,Female,401.5
2018,Panama,Reading,Female,High,FemaleHigh,450.4
2022,Panama,Reading,Female,High,FemaleHigh,483.4
2018,Panama,Reading,Female,Low,FemaleLow,366.6
2022,Panama,Reading,Female,Low,FemaleLow,380.2
2018,Panama,Reading,Female,Medium,FemaleMedium,422.6
2022,Panama,Reading,Female,Medium,FemaleMedium,436.2
2018,Panama,Reading,0,0,General,377
2022,Panama,Reading,0,0,General,392
2018,Panama,Reading,0,High,GeneralHigh,449.5
2022,Panama,Reading,0,High,GeneralHigh,473.4
2018,Panama,Reading,0,Low,GeneralLow,358.2
2022,Panama,Reading,0,Low,GeneralLow,371.2
2018,Panama,Reading,0,Medium,GeneralMedium,413.1
2022,Panama,Reading,0,Medium,GeneralMedium,424.1
2018,Panama,Reading,Male,0,Male,369.7
2022,Panama,Reading,Male,0,Male,382.5
2018,Panama,Reading,Male,High,MaleHigh,448.7
2022,Panama,Reading,Male,High,MaleHigh,462.4
2018,Panama,Reading,Male,Low,MaleLow,349.3
2022,Panama,Reading,Male,Low,MaleLow,362
2018,Panama,Reading,Male,Medium,MaleMedium,404.3
2022,Panama,Reading,Male,Medium,MaleMedium,413.1
2018,Panama,Science,Female,0,Female,364.4
2022,Panama,Science,Female,0,Female,387
2018,Panama,Science,Female,High,FemaleHigh,432.7
2022,Panama,Science,Female,High,FemaleHigh,470
2018,Panama,Science,Female,Low,FemaleLow,348.3
2022,Panama,Science,Female,Low,FemaleLow,364.1
2018,Panama,Science,Female,Medium,FemaleMedium,396.4
2022,Panama,Science,Female,Medium,FemaleMedium,417
2018,Panama,Science,0,0,General,364.6
2022,Panama,Science,0,0,General,387.8
2018,Panama,Science,0,High,GeneralHigh,438
2022,Panama,Science,0,High,GeneralHigh,474.8
2018,Panama,Science,0,Low,GeneralLow,346.9
2022,Panama,Science,0,Low,GeneralLow,365.1
2018,Panama,Science,0,Medium,GeneralMedium,396.4
2022,Panama,Science,0,Medium,GeneralMedium,417.3
2018,Panama,Science,Male,0,Male,364.8
2022,Panama,Science,Male,0,Male,388.6
2018,Panama,Science,Male,High,MaleHigh,443
2022,Panama,Science,Male,High,MaleHigh,480.1
2018,Panama,Science,Male,Low,MaleLow,345.5
2022,Panama,Science,Male,Low,MaleLow,366.1
2018,Panama,Science,Male,Medium,MaleMedium,396.4
2022,Panama,Science,Male,Medium,MaleMedium,417.5
2022,Paraguay,Math,Female,0,Female,332
2025,Paraguay,Math,Female,0,Female,326.4
2022,Paraguay,Math,Female,High,FemaleHigh,418.6
2025,Paraguay,Math,Female,High,FemaleHigh,372.1
2022,Paraguay,Math,Female,Low,FemaleLow,317.4
2025,Paraguay,Math,Female,Low,FemaleLow,316.8
2022,Paraguay,Math,Female,Medium,FemaleMedium,363.7
2025,Paraguay,Math,Female,Medium,FemaleMedium,357.6
2022,Paraguay,Math,0,0,General,337.5
2025,Paraguay,Math,0,0,General,333.7
2022,Paraguay,Math,0,High,GeneralHigh,418.2
2025,Paraguay,Math,0,High,GeneralHigh,381.9
2022,Paraguay,Math,0,Low,GeneralLow,323.8
2025,Paraguay,Math,0,Low,GeneralLow,325.2
2022,Paraguay,Math,0,Medium,GeneralMedium,365.6
2025,Paraguay,Math,0,Medium,GeneralMedium,362.9
2022,Paraguay,Math,Male,0,Male,343.4
2025,Paraguay,Math,Male,0,Male,341.2
2022,Paraguay,Math,Male,High,MaleHigh,417.8
2025,Paraguay,Math,Male,High,MaleHigh,390.1
2022,Paraguay,Math,Male,Low,MaleLow,330.8
2025,Paraguay,Math,Male,Low,MaleLow,334.7
2022,Paraguay,Math,Male,Medium,MaleMedium,367.2
2025,Paraguay,Math,Male,Medium,MaleMedium,368.3
2022,Paraguay,Reading,Female,0,Female,382.3
2025,Paraguay,Reading,Female,0,Female,361.3
2022,Paraguay,Reading,Female,High,FemaleHigh,467.7
2025,Paraguay,Reading,Female,High,FemaleHigh,413.8
2022,Paraguay,Reading,Female,Low,FemaleLow,366.8
2025,Paraguay,Reading,Female,Low,FemaleLow,351.4
2022,Paraguay,Reading,Female,Medium,FemaleMedium,419.1
2025,Paraguay,Reading,Female,Medium,FemaleMedium,394.9
2022,Paraguay,Reading,0,0,General,373.2
2025,Paraguay,Reading,0,0,General,352.2
2022,Paraguay,Reading,0,High,GeneralHigh,454.4
2025,Paraguay,Reading,0,High,GeneralHigh,404.9
2022,Paraguay,Reading,0,Low,GeneralLow,358.9
2025,Paraguay,Reading,0,Low,GeneralLow,344.7
2022,Paraguay,Reading,0,Medium,GeneralMedium,403.2
2025,Paraguay,Reading,0,Medium,GeneralMedium,382.8
2022,Paraguay,Reading,Male,0,Male,363.6
2025,Paraguay,Reading,Male,0,Male,343.1
2022,Paraguay,Reading,Male,High,MaleHigh,440.1
2025,Paraguay,Reading,Male,High,MaleHigh,397.5
2022,Paraguay,Reading,Male,Low,MaleLow,350.3
2025,Paraguay,Reading,Male,Low,MaleLow,337.2
2022,Paraguay,Reading,Male,Medium,MaleMedium,389.3
2025,Paraguay,Reading,Male,Medium,MaleMedium,370.6
2022,Paraguay,Science,Female,0,Female,366.8
2025,Paraguay,Science,Female,0,Female,353.3
2022,Paraguay,Science,Female,High,FemaleHigh,450.7
2025,Paraguay,Science,Female,High,FemaleHigh,410.6
2022,Paraguay,Science,Female,Low,FemaleLow,352
2025,Paraguay,Science,Female,Low,FemaleLow,342.7
2022,Paraguay,Science,Female,Medium,FemaleMedium,400.7
2025,Paraguay,Science,Female,Medium,FemaleMedium,391
2022,Paraguay,Science,0,0,General,368.3
2025,Paraguay,Science,0,0,General,355.2
2022,Paraguay,Science,0,High,GeneralHigh,446.7
2025,Paraguay,Science,0,High,GeneralHigh,414.5
2022,Paraguay,Science,0,Low,GeneralLow,354.5
2025,Paraguay,Science,0,Low,GeneralLow,346.2
2022,Paraguay,Science,0,Medium,GeneralMedium,397.4
2025,Paraguay,Science,0,Medium,GeneralMedium,391.1
2022,Paraguay,Science,Male,0,Male,370
2025,Paraguay,Science,Male,0,Male,357.2
2022,Paraguay,Science,Male,High,MaleHigh,442.5
2025,Paraguay,Science,Male,High,MaleHigh,417.8
2022,Paraguay,Science,Male,Low,MaleLow,357.3
2025,Paraguay,Science,Male,Low,MaleLow,350.2
2022,Paraguay,Science,Male,Medium,MaleMedium,394.5
2025,Paraguay,Science,Male,Medium,MaleMedium,391.3
2012,Perm (Russian Federation),Math,Female,0,Female,479.8
2012,Perm (Russian Federation),Math,Female,High,FemaleHigh,523.1
2012,Perm (Russian Federation),Math,Female,Low,FemaleLow,456.8
2012,Perm (Russian Federation),Math,Female,Medium,FemaleMedium,489.2
2012,Perm (Russian Federation),Math,0,0,General,483.6
2012,Perm (Russian Federation),Math,0,High,GeneralHigh,523.8
2012,Perm (Russian Federation),Math,0,Low,GeneralLow,458.9
2012,Perm (Russian Federation),Math,0,Medium,GeneralMedium,498.2
2012,Perm (Russian Federation),Math,Male,0,Male,487.1
2012,Perm (Russian Federation),Math,Male,High,MaleHigh,524.4
2012,Perm (Russian Federation),Math,Male,Low,MaleLow,460.6
2012,Perm (Russian Federation),Math,Male,Medium,MaleMedium,507.5
2012,Perm (Russian Federation),Reading,Female,0,Female,501.3
2012,Perm (Russian Federation),Reading,Female,High,FemaleHigh,549.5
2012,Perm (Russian Federation),Reading,Female,Low,FemaleLow,472.3
2012,Perm (Russian Federation),Reading,Female,Medium,FemaleMedium,515.2
2012,Perm (Russian Federation),Reading,0,0,General,482.3
2012,Perm (Russian Federation),Reading,0,High,GeneralHigh,528.8
2012,Perm (Russian Federation),Reading,0,Low,GeneralLow,452.7
2012,Perm (Russian Federation),Reading,0,Medium,GeneralMedium,500.4
2012,Perm (Russian Federation),Reading,Male,0,Male,464.6
2012,Perm (Russian Federation),Reading,Male,High,MaleHigh,510.5
2012,Perm (Russian Federation),Reading,Male,Low,MaleLow,436
2012,Perm (Russian Federation),Reading,Male,Medium,MaleMedium,485
2012,Perm (Russian Federation),Science,Female,0,Female,478.8
2012,Perm (Russian Federation),Science,Female,High,FemaleHigh,519.1
2012,Perm (Russian Federation),Science,Female,Low,FemaleLow,455.2
2012,Perm (Russian Federation),Science,Female,Medium,FemaleMedium,489.4
2012,Perm (Russian Federation),Science,0,0,General,479.9
2012,Perm (Russian Federation),Science,0,High,GeneralHigh,521.2
2012,Perm (Russian Federation),Science,0,Low,GeneralLow,454.8
2012,Perm (Russian Federation),Science,0,Medium,GeneralMedium,494.3
2012,Perm (Russian Federation),Science,Male,0,Male,480.8
2012,Perm (Russian Federation),Science,Male,High,MaleHigh,523
2012,Perm (Russian Federation),Science,Male,Low,MaleLow,454.5
2012,Perm (Russian Federation),Science,Male,Medium,MaleMedium,499.4
2009,Peru,Math,Female,0,Female,356.2
2012,Peru,Math,Female,0,Female,358.9
2015,Peru,Math,Female,0,Female,381.8
2018,Peru,Math,Female,0,Female,391.5
2022,Peru,Math,Female,0,Female,383.7
2025,Peru,Math,Female,0,Female,375.9
2009,Peru,Math,Female,High,FemaleHigh,454.8
2012,Peru,Math,Female,High,FemaleHigh,440.5
2015,Peru,Math,Female,High,FemaleHigh,458.4
2018,Peru,Math,Female,High,FemaleHigh,465.7
2022,Peru,Math,Female,High,FemaleHigh,436.9
2025,Peru,Math,Female,High,FemaleHigh,433.8
2009,Peru,Math,Female,Low,FemaleLow,338.5
2012,Peru,Math,Female,Low,FemaleLow,342.1
2015,Peru,Math,Female,Low,FemaleLow,364.8
2018,Peru,Math,Female,Low,FemaleLow,377
2022,Peru,Math,Female,Low,FemaleLow,370.8
2025,Peru,Math,Female,Low,FemaleLow,365.3
2009,Peru,Math,Female,Medium,FemaleMedium,405.4
2012,Peru,Math,Female,Medium,FemaleMedium,405.8
2015,Peru,Math,Female,Medium,FemaleMedium,417.9
2018,Peru,Math,Female,Medium,FemaleMedium,430.1
2022,Peru,Math,Female,Medium,FemaleMedium,423.6
2025,Peru,Math,Female,Medium,FemaleMedium,414.7
2009,Peru,Math,0,0,General,365.1
2012,Peru,Math,0,0,General,368.1
2015,Peru,Math,0,0,General,386.6
2018,Peru,Math,0,0,General,399.8
2022,Peru,Math,0,0,General,391.2
2025,Peru,Math,0,0,General,382.4
2009,Peru,Math,0,High,GeneralHigh,466.9
2012,Peru,Math,0,High,GeneralHigh,449.9
2015,Peru,Math,0,High,GeneralHigh,459.2
2018,Peru,Math,0,High,GeneralHigh,483.7
2022,Peru,Math,0,High,GeneralHigh,457.7
2025,Peru,Math,0,High,GeneralHigh,441.7
2009,Peru,Math,0,Low,GeneralLow,348.4
2012,Peru,Math,0,Low,GeneralLow,352.2
2015,Peru,Math,0,Low,GeneralLow,370.2
2018,Peru,Math,0,Low,GeneralLow,384.5
2022,Peru,Math,0,Low,GeneralLow,376.9
2025,Peru,Math,0,Low,GeneralLow,372.5
2009,Peru,Math,0,Medium,GeneralMedium,413.2
2012,Peru,Math,0,Medium,GeneralMedium,410.9
2015,Peru,Math,0,Medium,GeneralMedium,420.2
2018,Peru,Math,0,Medium,GeneralMedium,438.8
2022,Peru,Math,0,Medium,GeneralMedium,428.8
2025,Peru,Math,0,Medium,GeneralMedium,421.9
2009,Peru,Math,Male,0,Male,373.8
2012,Peru,Math,Male,0,Male,377.8
2015,Peru,Math,Male,0,Male,391.3
2018,Peru,Math,Male,0,Male,407.8
2022,Peru,Math,Male,0,Male,398.8
2025,Peru,Math,Male,0,Male,388.7
2009,Peru,Math,Male,High,MaleHigh,480.7
2012,Peru,Math,Male,High,MaleHigh,461
2015,Peru,Math,Male,High,MaleHigh,459.9
2018,Peru,Math,Male,High,MaleHigh,500.4
2022,Peru,Math,Male,High,MaleHigh,476.3
2025,Peru,Math,Male,High,MaleHigh,449.2
2009,Peru,Math,Male,Low,MaleLow,358
2012,Peru,Math,Male,Low,MaleLow,363
2015,Peru,Math,Male,Low,MaleLow,375.7
2018,Peru,Math,Male,Low,MaleLow,391.7
2022,Peru,Math,Male,Low,MaleLow,383.2
2025,Peru,Math,Male,Low,MaleLow,379.6
2009,Peru,Math,Male,Medium,MaleMedium,421.1
2012,Peru,Math,Male,Medium,MaleMedium,415.8
2015,Peru,Math,Male,Medium,MaleMedium,422.5
2018,Peru,Math,Male,Medium,MaleMedium,447.5
2022,Peru,Math,Male,Medium,MaleMedium,433.5
2025,Peru,Math,Male,Medium,MaleMedium,429.3
2009,Peru,Reading,Female,0,Female,380.9
2012,Peru,Reading,Female,0,Female,394.7
2015,Peru,Reading,Female,0,Female,401.4
2018,Peru,Reading,Female,0,Female,405.9
2022,Peru,Reading,Female,0,Female,412.3
2025,Peru,Reading,Female,0,Female,398.9
2009,Peru,Reading,Female,High,FemaleHigh,488.1
2012,Peru,Reading,Female,High,FemaleHigh,488.3
2015,Peru,Reading,Female,High,FemaleHigh,490.4
2018,Peru,Reading,Female,High,FemaleHigh,496.4
2022,Peru,Reading,Female,High,FemaleHigh,470.4
2025,Peru,Reading,Female,High,FemaleHigh,459.8
2009,Peru,Reading,Female,Low,FemaleLow,361.5
2012,Peru,Reading,Female,Low,FemaleLow,375.4
2015,Peru,Reading,Female,Low,FemaleLow,380.8
2018,Peru,Reading,Female,Low,FemaleLow,388.3
2022,Peru,Reading,Female,Low,FemaleLow,397.6
2025,Peru,Reading,Female,Low,FemaleLow,387.3
2009,Peru,Reading,Female,Medium,FemaleMedium,435.2
2012,Peru,Reading,Female,Medium,FemaleMedium,448.7
2015,Peru,Reading,Female,Medium,FemaleMedium,448.3
2018,Peru,Reading,Female,Medium,FemaleMedium,451.9
2022,Peru,Reading,Female,Medium,FemaleMedium,459.4
2025,Peru,Reading,Female,Medium,FemaleMedium,443.3
2009,Peru,Reading,0,0,General,369.7
2012,Peru,Reading,0,0,General,384.2
2015,Peru,Reading,0,0,General,397.5
2018,Peru,Reading,0,0,General,400.5
2022,Peru,Reading,0,0,General,408.2
2025,Peru,Reading,0,0,General,390.1
2009,Peru,Reading,0,High,GeneralHigh,480.3
2012,Peru,Reading,0,High,GeneralHigh,476.5
2015,Peru,Reading,0,High,GeneralHigh,480.5
2018,Peru,Reading,0,High,GeneralHigh,494
2022,Peru,Reading,0,High,GeneralHigh,478.2
2025,Peru,Reading,0,High,GeneralHigh,453.2
2009,Peru,Reading,0,Low,GeneralLow,351.7
2012,Peru,Reading,0,Low,GeneralLow,366.5
2015,Peru,Reading,0,Low,GeneralLow,378.1
2018,Peru,Reading,0,Low,GeneralLow,382.8
2022,Peru,Reading,0,Low,GeneralLow,392.6
2025,Peru,Reading,0,Low,GeneralLow,379.7
2009,Peru,Reading,0,Medium,GeneralMedium,422.3
2012,Peru,Reading,0,Medium,GeneralMedium,431.7
2015,Peru,Reading,0,Medium,GeneralMedium,439.6
2018,Peru,Reading,0,Medium,GeneralMedium,447
2022,Peru,Reading,0,Medium,GeneralMedium,450.6
2025,Peru,Reading,0,Medium,GeneralMedium,434.9
2009,Peru,Reading,Male,0,Male,358.7
2012,Peru,Reading,Male,0,Male,373
2015,Peru,Reading,Male,0,Male,393.7
2018,Peru,Reading,Male,0,Male,395.4
2022,Peru,Reading,Male,0,Male,404.2
2025,Peru,Reading,Male,0,Male,381.7
2009,Peru,Reading,Male,High,MaleHigh,471.3
2012,Peru,Reading,Male,High,MaleHigh,462.5
2015,Peru,Reading,Male,High,MaleHigh,470.9
2018,Peru,Reading,Male,High,MaleHigh,491.8
2022,Peru,Reading,Male,High,MaleHigh,485.1
2025,Peru,Reading,Male,High,MaleHigh,447
2009,Peru,Reading,Male,Low,MaleLow,342.2
2012,Peru,Reading,Male,Low,MaleLow,357
2015,Peru,Reading,Male,Low,MaleLow,375.5
2018,Peru,Reading,Male,Low,MaleLow,377.4
2022,Peru,Reading,Male,Low,MaleLow,387.3
2025,Peru,Reading,Male,Low,MaleLow,372.2
2009,Peru,Reading,Male,Medium,MaleMedium,409.2
2012,Peru,Reading,Male,Medium,MaleMedium,415.2
2015,Peru,Reading,Male,Medium,MaleMedium,431.5
2018,Peru,Reading,Male,Medium,MaleMedium,442.1
2022,Peru,Reading,Male,Medium,MaleMedium,442.5
2025,Peru,Reading,Male,Medium,MaleMedium,426.2
2009,Peru,Science,Female,0,Female,367.1
2012,Peru,Science,Female,0,Female,370.3
2015,Peru,Science,Female,0,Female,391.7
2018,Peru,Science,Female,0,Female,397.4
2022,Peru,Science,Female,0,Female,400.6
2025,Peru,Science,Female,0,Female,400
2009,Peru,Science,Female,High,FemaleHigh,464.3
2012,Peru,Science,Female,High,FemaleHigh,443.8
2015,Peru,Science,Female,High,FemaleHigh,465.2
2018,Peru,Science,Female,High,FemaleHigh,471.3
2022,Peru,Science,Female,High,FemaleHigh,461.3
2025,Peru,Science,Female,High,FemaleHigh,461
2009,Peru,Science,Female,Low,FemaleLow,350.6
2012,Peru,Science,Female,Low,FemaleLow,354.7
2015,Peru,Science,Female,Low,FemaleLow,375.5
2018,Peru,Science,Female,Low,FemaleLow,382.7
2022,Peru,Science,Female,Low,FemaleLow,387
2025,Peru,Science,Female,Low,FemaleLow,389
2009,Peru,Science,Female,Medium,FemaleMedium,409.7
2012,Peru,Science,Female,Medium,FemaleMedium,415.7
2015,Peru,Science,Female,Medium,FemaleMedium,426.6
2018,Peru,Science,Female,Medium,FemaleMedium,436.4
2022,Peru,Science,Female,Medium,FemaleMedium,441
2025,Peru,Science,Female,Medium,FemaleMedium,441
2009,Peru,Science,0,0,General,369.4
2012,Peru,Science,0,0,General,373.1
2015,Peru,Science,0,0,General,396.7
2018,Peru,Science,0,0,General,404.2
2022,Peru,Science,0,0,General,407.8
2025,Peru,Science,0,0,General,405.6
2009,Peru,Science,0,High,GeneralHigh,464.4
2012,Peru,Science,0,High,GeneralHigh,444.5
2015,Peru,Science,0,High,GeneralHigh,466.8
2018,Peru,Science,0,High,GeneralHigh,484.8
2022,Peru,Science,0,High,GeneralHigh,479.9
2025,Peru,Science,0,High,GeneralHigh,467.2
2009,Peru,Science,0,Low,GeneralLow,353.6
2012,Peru,Science,0,Low,GeneralLow,359.1
2015,Peru,Science,0,Low,GeneralLow,380.9
2018,Peru,Science,0,Low,GeneralLow,388.9
2022,Peru,Science,0,Low,GeneralLow,392.7
2025,Peru,Science,0,Low,GeneralLow,395.7
2009,Peru,Science,0,Medium,GeneralMedium,414.2
2012,Peru,Science,0,Medium,GeneralMedium,412.1
2015,Peru,Science,0,Medium,GeneralMedium,430.1
2018,Peru,Science,0,Medium,GeneralMedium,444
2022,Peru,Science,0,Medium,GeneralMedium,446.5
2025,Peru,Science,0,Medium,GeneralMedium,446.9
2009,Peru,Science,Male,0,Male,371.6
2012,Peru,Science,Male,0,Male,376.1
2015,Peru,Science,Male,0,Male,401.6
2018,Peru,Science,Male,0,Male,410.7
2022,Peru,Science,Male,0,Male,415
2025,Peru,Science,Male,0,Male,411.1
2009,Peru,Science,Male,High,MaleHigh,464.6
2012,Peru,Science,Male,High,MaleHigh,445.3
2015,Peru,Science,Male,High,MaleHigh,468.4
2018,Peru,Science,Male,High,MaleHigh,497.4
2022,Peru,Science,Male,High,MaleHigh,496.6
2025,Peru,Science,Male,High,MaleHigh,473.1
2009,Peru,Science,Male,Low,MaleLow,356.6
2012,Peru,Science,Male,Low,MaleLow,363.7
2015,Peru,Science,Male,Low,MaleLow,386.3
2018,Peru,Science,Male,Low,MaleLow,394.8
2022,Peru,Science,Male,Low,MaleLow,398.6
2025,Peru,Science,Male,Low,MaleLow,402.2
2009,Peru,Science,Male,Medium,MaleMedium,418.9
2012,Peru,Science,Male,Medium,MaleMedium,408.6
2015,Peru,Science,Male,Medium,MaleMedium,433.4
2018,Peru,Science,Male,Medium,MaleMedium,451.5
2022,Peru,Science,Male,Medium,MaleMedium,451.4
2025,Peru,Science,Male,Medium,MaleMedium,453
2018,Philippines,Math,Female,0,Female,358
2022,Philippines,Math,Female,0,Female,361.7
2025,Philippines,Math,Female,0,Female,373.5
2018,Philippines,Math,Female,High,FemaleHigh,450.6
2022,Philippines,Math,Female,High,FemaleHigh,439.8
2025,Philippines,Math,Female,High,FemaleHigh,428.6
2018,Philippines,Math,Female,Low,FemaleLow,348.5
2022,Philippines,Math,Female,Low,FemaleLow,354.5
2025,Philippines,Math,Female,Low,FemaleLow,367.9
2018,Philippines,Math,Female,Medium,FemaleMedium,408.7
2022,Philippines,Math,Female,Medium,FemaleMedium,393
2025,Philippines,Math,Female,Medium,FemaleMedium,409.6
2018,Philippines,Math,0,0,General,352.6
2022,Philippines,Math,0,0,General,354.7
2025,Philippines,Math,0,0,General,370.6
2018,Philippines,Math,0,High,GeneralHigh,442.9
2022,Philippines,Math,0,High,GeneralHigh,414.3
2025,Philippines,Math,0,High,GeneralHigh,432
2018,Philippines,Math,0,Low,GeneralLow,343.1
2022,Philippines,Math,0,Low,GeneralLow,349
2025,Philippines,Math,0,Low,GeneralLow,365.1
2018,Philippines,Math,0,Medium,GeneralMedium,400.9
2022,Philippines,Math,0,Medium,GeneralMedium,376.4
2025,Philippines,Math,0,Medium,GeneralMedium,407.3
2018,Philippines,Math,Male,0,Male,346.4
2022,Philippines,Math,Male,0,Male,347.5
2025,Philippines,Math,Male,0,Male,367.8
2018,Philippines,Math,Male,High,MaleHigh,432.7
2022,Philippines,Math,Male,High,MaleHigh,385.4
2025,Philippines,Math,Male,High,MaleHigh,435.7
2018,Philippines,Math,Male,Low,MaleLow,336.9
2022,Philippines,Math,Male,Low,MaleLow,343
2025,Philippines,Math,Male,Low,MaleLow,362.2
2018,Philippines,Math,Male,Medium,MaleMedium,393.3
2022,Philippines,Math,Male,Medium,MaleMedium,363.8
2025,Philippines,Math,Male,Medium,MaleMedium,405.2
2018,Philippines,Reading,Female,0,Female,352.3
2022,Philippines,Reading,Female,0,Female,363.6
2025,Philippines,Reading,Female,0,Female,380.2
2018,Philippines,Reading,Female,High,FemaleHigh,468.7
2022,Philippines,Reading,Female,High,FemaleHigh,468.7
2025,Philippines,Reading,Female,High,FemaleHigh,464.4
2018,Philippines,Reading,Female,Low,FemaleLow,340.5
2022,Philippines,Reading,Female,Low,FemaleLow,353.4
2025,Philippines,Reading,Female,Low,FemaleLow,371.1
2018,Philippines,Reading,Female,Medium,FemaleMedium,414
2022,Philippines,Reading,Female,Medium,FemaleMedium,410
2025,Philippines,Reading,Female,Medium,FemaleMedium,439.6
2018,Philippines,Reading,0,0,General,339.7
2022,Philippines,Reading,0,0,General,346.5
2025,Philippines,Reading,0,0,General,366.9
2018,Philippines,Reading,0,High,GeneralHigh,449.9
2022,Philippines,Reading,0,High,GeneralHigh,427
2025,Philippines,Reading,0,High,GeneralHigh,459.6
2018,Philippines,Reading,0,Low,GeneralLow,328.4
2022,Philippines,Reading,0,Low,GeneralLow,338.4
2025,Philippines,Reading,0,Low,GeneralLow,358.3
2018,Philippines,Reading,0,Medium,GeneralMedium,395.9
2022,Philippines,Reading,0,Medium,GeneralMedium,377.8
2025,Philippines,Reading,0,Medium,GeneralMedium,423.9
2018,Philippines,Reading,Male,0,Male,325.4
2022,Philippines,Reading,Male,0,Male,329
2025,Philippines,Reading,Male,0,Male,353.6
2018,Philippines,Reading,Male,High,MaleHigh,424.9
2022,Philippines,Reading,Male,High,MaleHigh,380
2025,Philippines,Reading,Male,High,MaleHigh,454.4
2018,Philippines,Reading,Male,Low,MaleLow,314.6
2022,Philippines,Reading,Male,Low,MaleLow,322.3
2025,Philippines,Reading,Male,Low,MaleLow,345
2018,Philippines,Reading,Male,Medium,MaleMedium,378.2
2022,Philippines,Reading,Male,Medium,MaleMedium,353.4
2025,Philippines,Reading,Male,Medium,MaleMedium,409.3
2018,Philippines,Science,Female,0,Female,358.5
2022,Philippines,Science,Female,0,Female,363.4
2025,Philippines,Science,Female,0,Female,379.5
2018,Philippines,Science,Female,High,FemaleHigh,457.1
2022,Philippines,Science,Female,High,FemaleHigh,467.8
2025,Philippines,Science,Female,High,FemaleHigh,460.6
2018,Philippines,Science,Female,Low,FemaleLow,348.6
2022,Philippines,Science,Female,Low,FemaleLow,354.4
2025,Philippines,Science,Female,Low,FemaleLow,370.6
2018,Philippines,Science,Female,Medium,FemaleMedium,410.4
2022,Philippines,Science,Female,Medium,FemaleMedium,403.9
2025,Philippines,Science,Female,Medium,FemaleMedium,437.6
2018,Philippines,Science,0,0,General,356.9
2022,Philippines,Science,0,0,General,356.2
2025,Philippines,Science,0,0,General,373.3
2018,Philippines,Science,0,High,GeneralHigh,449.7
2022,Philippines,Science,0,High,GeneralHigh,438.9
2025,Philippines,Science,0,High,GeneralHigh,464.3
2018,Philippines,Science,0,Low,GeneralLow,347.3
2022,Philippines,Science,0,Low,GeneralLow,348.5
2025,Philippines,Science,0,Low,GeneralLow,364.7
2018,Philippines,Science,0,Medium,GeneralMedium,405.9
2022,Philippines,Science,0,Medium,GeneralMedium,386
2025,Philippines,Science,0,Medium,GeneralMedium,429.5
2018,Philippines,Science,Male,0,Male,355.1
2022,Philippines,Science,Male,0,Male,348.7
2025,Philippines,Science,Male,0,Male,367.1
2018,Philippines,Science,Male,High,MaleHigh,439.8
2022,Philippines,Science,Male,High,MaleHigh,406.3
2025,Philippines,Science,Male,High,MaleHigh,468.1
2018,Philippines,Science,Male,Low,MaleLow,345.8
2022,Philippines,Science,Male,Low,MaleLow,342.1
2025,Philippines,Science,Male,Low,MaleLow,358.6
2018,Philippines,Science,Male,Medium,MaleMedium,401.5
2022,Philippines,Science,Male,Medium,MaleMedium,372.3
2025,Philippines,Science,Male,Medium,MaleMedium,422.1
2006,Poland,Math,Female,0,Female,490.9
2009,Poland,Math,Female,0,Female,493.1
2012,Poland,Math,Female,0,Female,515.5
2015,Poland,Math,Female,0,Female,498.6
2018,Poland,Math,Female,0,Female,514.9
2022,Poland,Math,Female,0,Female,486.2
2025,Poland,Math,Female,0,Female,477.8
2006,Poland,Math,Female,High,FemaleHigh,541.2
2009,Poland,Math,Female,High,FemaleHigh,550.7
2012,Poland,Math,Female,High,FemaleHigh,570.2
2015,Poland,Math,Female,High,FemaleHigh,559.1
2018,Poland,Math,Female,High,FemaleHigh,569.6
2022,Poland,Math,Female,High,FemaleHigh,536.9
2025,Poland,Math,Female,High,FemaleHigh,522.2
2006,Poland,Math,Female,Low,FemaleLow,470.4
2009,Poland,Math,Female,Low,FemaleLow,471.9
2012,Poland,Math,Female,Low,FemaleLow,491.6
2015,Poland,Math,Female,Low,FemaleLow,477.5
2018,Poland,Math,Female,Low,FemaleLow,489.1
2022,Poland,Math,Female,Low,FemaleLow,457.2
2025,Poland,Math,Female,Low,FemaleLow,450.1
2006,Poland,Math,Female,Medium,FemaleMedium,510.8
2009,Poland,Math,Female,Medium,FemaleMedium,509.5
2012,Poland,Math,Female,Medium,FemaleMedium,526.9
2015,Poland,Math,Female,Medium,FemaleMedium,520.3
2018,Poland,Math,Female,Medium,FemaleMedium,521.4
2022,Poland,Math,Female,Medium,FemaleMedium,497.5
2025,Poland,Math,Female,Medium,FemaleMedium,492.5
2006,Poland,Math,0,0,General,495.4
2009,Poland,Math,0,0,General,494.8
2012,Poland,Math,0,0,General,517.5
2015,Poland,Math,0,0,General,504.5
2018,Poland,Math,0,0,General,515.6
2022,Poland,Math,0,0,General,489
2025,Poland,Math,0,0,General,484.1
2006,Poland,Math,0,High,GeneralHigh,547.7
2009,Poland,Math,0,High,GeneralHigh,555.1
2012,Poland,Math,0,High,GeneralHigh,574.4
2015,Poland,Math,0,High,GeneralHigh,558.7
2018,Poland,Math,0,High,GeneralHigh,568.1
2022,Poland,Math,0,High,GeneralHigh,540.7
2025,Poland,Math,0,High,GeneralHigh,530.1
2006,Poland,Math,0,Low,GeneralLow,473.5
2009,Poland,Math,0,Low,GeneralLow,472.5
2012,Poland,Math,0,Low,GeneralLow,490.9
2015,Poland,Math,0,Low,GeneralLow,484.7
2018,Poland,Math,0,Low,GeneralLow,490
2022,Poland,Math,0,Low,GeneralLow,459
2025,Poland,Math,0,Low,GeneralLow,458.3
2006,Poland,Math,0,Medium,GeneralMedium,514.6
2009,Poland,Math,0,Medium,GeneralMedium,512.7
2012,Poland,Math,0,Medium,GeneralMedium,531.3
2015,Poland,Math,0,Medium,GeneralMedium,527.7
2018,Poland,Math,0,Medium,GeneralMedium,525.1
2022,Poland,Math,0,Medium,GeneralMedium,502.5
2025,Poland,Math,0,Medium,GeneralMedium,503.4
2006,Poland,Math,Male,0,Male,500
2009,Poland,Math,Male,0,Male,496.6
2012,Poland,Math,Male,0,Male,519.6
2015,Poland,Math,Male,0,Male,510.1
2018,Poland,Math,Male,0,Male,516.3
2022,Poland,Math,Male,0,Male,491.7
2025,Poland,Math,Male,0,Male,490.3
2006,Poland,Math,Male,High,MaleHigh,554.1
2009,Poland,Math,Male,High,MaleHigh,559.4
2012,Poland,Math,Male,High,MaleHigh,578.9
2015,Poland,Math,Male,High,MaleHigh,558.3
2018,Poland,Math,Male,High,MaleHigh,566.5
2022,Poland,Math,Male,High,MaleHigh,544.5
2025,Poland,Math,Male,High,MaleHigh,538.3
2006,Poland,Math,Male,Low,MaleLow,476.7
2009,Poland,Math,Male,Low,MaleLow,473.1
2012,Poland,Math,Male,Low,MaleLow,490.1
2015,Poland,Math,Male,Low,MaleLow,491.5
2018,Poland,Math,Male,Low,MaleLow,491
2022,Poland,Math,Male,Low,MaleLow,460.8
2025,Poland,Math,Male,Low,MaleLow,466.5
2006,Poland,Math,Male,Medium,MaleMedium,518
2009,Poland,Math,Male,Medium,MaleMedium,515.7
2012,Poland,Math,Male,Medium,MaleMedium,535.4
2015,Poland,Math,Male,Medium,MaleMedium,534.7
2018,Poland,Math,Male,Medium,MaleMedium,528.6
2022,Poland,Math,Male,Medium,MaleMedium,507.1
2025,Poland,Math,Male,Medium,MaleMedium,514.5
2006,Poland,Reading,Female,0,Female,527.6
2009,Poland,Reading,Female,0,Female,525.3
2012,Poland,Reading,Female,0,Female,538.7
2015,Poland,Reading,Female,0,Female,520.7
2018,Poland,Reading,Female,0,Female,528.2
2022,Poland,Reading,Female,0,Female,503.2
2025,Poland,Reading,Female,0,Female,500.1
2006,Poland,Reading,Female,High,FemaleHigh,581.6
2009,Poland,Reading,Female,High,FemaleHigh,577
2012,Poland,Reading,Female,High,FemaleHigh,584.9
2015,Poland,Reading,Female,High,FemaleHigh,574.9
2018,Poland,Reading,Female,High,FemaleHigh,579.1
2022,Poland,Reading,Female,High,FemaleHigh,555.6
2025,Poland,Reading,Female,High,FemaleHigh,543
2006,Poland,Reading,Female,Low,FemaleLow,504.9
2009,Poland,Reading,Female,Low,FemaleLow,506.2
2012,Poland,Reading,Female,Low,FemaleLow,517
2015,Poland,Reading,Female,Low,FemaleLow,499.2
2018,Poland,Reading,Female,Low,FemaleLow,503
2022,Poland,Reading,Female,Low,FemaleLow,473.6
2025,Poland,Reading,Female,Low,FemaleLow,472.8
2006,Poland,Reading,Female,Medium,FemaleMedium,550.5
2009,Poland,Reading,Female,Medium,FemaleMedium,542.1
2012,Poland,Reading,Female,Medium,FemaleMedium,553.5
2015,Poland,Reading,Female,Medium,FemaleMedium,547.3
2018,Poland,Reading,Female,Medium,FemaleMedium,537.4
2022,Poland,Reading,Female,Medium,FemaleMedium,517
2025,Poland,Reading,Female,Medium,FemaleMedium,517.7
2006,Poland,Reading,0,0,General,507.6
2009,Poland,Reading,0,0,General,500.5
2012,Poland,Reading,0,0,General,518.2
2015,Poland,Reading,0,0,General,505.7
2018,Poland,Reading,0,0,General,511.9
2022,Poland,Reading,0,0,General,488.7
2025,Poland,Reading,0,0,General,481.5
2006,Poland,Reading,0,High,GeneralHigh,565.6
2009,Poland,Reading,0,High,GeneralHigh,557.7
2012,Poland,Reading,0,High,GeneralHigh,566.5
2015,Poland,Reading,0,High,GeneralHigh,559.4
2018,Poland,Reading,0,High,GeneralHigh,562
2022,Poland,Reading,0,High,GeneralHigh,541.1
2025,Poland,Reading,0,High,GeneralHigh,525.5
2006,Poland,Reading,0,Low,GeneralLow,483.6
2009,Poland,Reading,0,Low,GeneralLow,479.4
2012,Poland,Reading,0,Low,GeneralLow,494.9
2015,Poland,Reading,0,Low,GeneralLow,485.2
2018,Poland,Reading,0,Low,GeneralLow,487.3
2022,Poland,Reading,0,Low,GeneralLow,459.2
2025,Poland,Reading,0,Low,GeneralLow,457.4
2006,Poland,Reading,0,Medium,GeneralMedium,528.2
2009,Poland,Reading,0,Medium,GeneralMedium,519
2012,Poland,Reading,0,Medium,GeneralMedium,532.9
2015,Poland,Reading,0,Medium,GeneralMedium,530.7
2018,Poland,Reading,0,Medium,GeneralMedium,522.2
2022,Poland,Reading,0,Medium,GeneralMedium,503.2
2025,Poland,Reading,0,Medium,GeneralMedium,504
2006,Poland,Reading,Male,0,Male,487.4
2009,Poland,Reading,Male,0,Male,475.7
2012,Poland,Reading,Male,0,Male,496.7
2015,Poland,Reading,Male,0,Male,491.2
2018,Poland,Reading,Male,0,Male,495.5
2022,Poland,Reading,Male,0,Male,474.6
2025,Poland,Reading,Male,0,Male,463.4
2006,Poland,Reading,Male,High,MaleHigh,550
2009,Poland,Reading,Male,High,MaleHigh,538.7
2012,Poland,Reading,Male,High,MaleHigh,547.2
2015,Poland,Reading,Male,High,MaleHigh,542.6
2018,Poland,Reading,Male,High,MaleHigh,543.6
2022,Poland,Reading,Male,High,MaleHigh,526.4
2025,Poland,Reading,Male,High,MaleHigh,507.2
2006,Poland,Reading,Male,Low,MaleLow,460.7
2009,Poland,Reading,Male,Low,MaleLow,452.1
2012,Poland,Reading,Male,Low,MaleLow,470.4
2015,Poland,Reading,Male,Low,MaleLow,471.9
2018,Poland,Reading,Male,Low,MaleLow,471.5
2022,Poland,Reading,Male,Low,MaleLow,444.6
2025,Poland,Reading,Male,Low,MaleLow,441.7
2006,Poland,Reading,Male,Medium,MaleMedium,508
2009,Poland,Reading,Male,Medium,MaleMedium,496.5
2012,Poland,Reading,Male,Medium,MaleMedium,514
2015,Poland,Reading,Male,Medium,MaleMedium,515
2018,Poland,Reading,Male,Medium,MaleMedium,507.6
2022,Poland,Reading,Male,Medium,MaleMedium,490.5
2025,Poland,Reading,Male,Medium,MaleMedium,490.2
2006,Poland,Science,Female,0,Female,496.1
2009,Poland,Science,Female,0,Female,511
2012,Poland,Science,Female,0,Female,527.1
2015,Poland,Science,Female,0,Female,498.3
2018,Poland,Science,Female,0,Female,511.2
2022,Poland,Science,Female,0,Female,500
2025,Poland,Science,Female,0,Female,495.7
2006,Poland,Science,Female,High,FemaleHigh,550.9
2009,Poland,Science,Female,High,FemaleHigh,562.4
2012,Poland,Science,Female,High,FemaleHigh,577.7
2015,Poland,Science,Female,High,FemaleHigh,561.7
2018,Poland,Science,Female,High,FemaleHigh,561.5
2022,Poland,Science,Female,High,FemaleHigh,551.3
2025,Poland,Science,Female,High,FemaleHigh,539.3
2006,Poland,Science,Female,Low,FemaleLow,474.9
2009,Poland,Science,Female,Low,FemaleLow,492.4
2012,Poland,Science,Female,Low,FemaleLow,506.3
2015,Poland,Science,Female,Low,FemaleLow,475.3
2018,Poland,Science,Female,Low,FemaleLow,486.5
2022,Poland,Science,Female,Low,FemaleLow,471
2025,Poland,Science,Female,Low,FemaleLow,467.7
2006,Poland,Science,Female,Medium,FemaleMedium,515.2
2009,Poland,Science,Female,Medium,FemaleMedium,526.1
2012,Poland,Science,Female,Medium,FemaleMedium,535.6
2015,Poland,Science,Female,Medium,FemaleMedium,523
2018,Poland,Science,Female,Medium,FemaleMedium,519
2022,Poland,Science,Female,Medium,FemaleMedium,511.4
2025,Poland,Science,Female,Medium,FemaleMedium,512.3
2006,Poland,Science,0,0,General,497.8
2009,Poland,Science,0,0,General,508.1
2012,Poland,Science,0,0,General,525.8
2015,Poland,Science,0,0,General,501.4
2018,Poland,Science,0,0,General,511
2022,Poland,Science,0,0,General,499.2
2025,Poland,Science,0,0,General,495.1
2006,Poland,Science,0,High,GeneralHigh,555.1
2009,Poland,Science,0,High,GeneralHigh,565.8
2012,Poland,Science,0,High,GeneralHigh,577.4
2015,Poland,Science,0,High,GeneralHigh,559.8
2018,Poland,Science,0,High,GeneralHigh,559.6
2022,Poland,Science,0,High,GeneralHigh,548.7
2025,Poland,Science,0,High,GeneralHigh,540.8
2006,Poland,Science,0,Low,GeneralLow,475.1
2009,Poland,Science,0,Low,GeneralLow,487.4
2012,Poland,Science,0,Low,GeneralLow,502.5
2015,Poland,Science,0,Low,GeneralLow,479.7
2018,Poland,Science,0,Low,GeneralLow,486.6
2022,Poland,Science,0,Low,GeneralLow,469.8
2025,Poland,Science,0,Low,GeneralLow,469.2
2006,Poland,Science,0,Medium,GeneralMedium,515.8
2009,Poland,Science,0,Medium,GeneralMedium,524.4
2012,Poland,Science,0,Medium,GeneralMedium,538
2015,Poland,Science,0,Medium,GeneralMedium,527
2018,Poland,Science,0,Medium,GeneralMedium,521.2
2022,Poland,Science,0,Medium,GeneralMedium,513.4
2025,Poland,Science,0,Medium,GeneralMedium,515.8
2006,Poland,Science,Male,0,Male,499.5
2009,Poland,Science,Male,0,Male,505.1
2012,Poland,Science,Male,0,Male,524.4
2015,Poland,Science,Male,0,Male,504.5
2018,Poland,Science,Male,0,Male,510.9
2022,Poland,Science,Male,0,Male,498.3
2025,Poland,Science,Male,0,Male,494.4
2006,Poland,Science,Male,High,MaleHigh,559.1
2009,Poland,Science,Male,High,MaleHigh,569.1
2012,Poland,Science,Male,High,MaleHigh,577
2015,Poland,Science,Male,High,MaleHigh,557.7
2018,Poland,Science,Male,High,MaleHigh,557.5
2022,Poland,Science,Male,High,MaleHigh,546
2025,Poland,Science,Male,High,MaleHigh,542.3
2006,Poland,Science,Male,Low,MaleLow,475.3
2009,Poland,Science,Male,Low,MaleLow,482.3
2012,Poland,Science,Male,Low,MaleLow,498.3
2015,Poland,Science,Male,Low,MaleLow,483.9
2018,Poland,Science,Male,Low,MaleLow,486.7
2022,Poland,Science,Male,Low,MaleLow,468.5
2025,Poland,Science,Male,Low,MaleLow,470.7
2006,Poland,Science,Male,Medium,MaleMedium,516.3
2009,Poland,Science,Male,Medium,MaleMedium,522.7
2012,Poland,Science,Male,Medium,MaleMedium,540.3
2015,Poland,Science,Male,Medium,MaleMedium,530.9
2018,Poland,Science,Male,Medium,MaleMedium,523.3
2022,Poland,Science,Male,Medium,MaleMedium,515.3
2025,Poland,Science,Male,Medium,MaleMedium,519.4
2006,Portugal,Math,Female,0,Female,459
2009,Portugal,Math,Female,0,Female,481.1
2012,Portugal,Math,Female,0,Female,481.3
2015,Portugal,Math,Female,0,Female,486.6
2018,Portugal,Math,Female,0,Female,487.9
2022,Portugal,Math,Female,0,Female,466.5
2025,Portugal,Math,Female,0,Female,454.7
2006,Portugal,Math,Female,High,FemaleHigh,517
2009,Portugal,Math,Female,High,FemaleHigh,544.8
2012,Portugal,Math,Female,High,FemaleHigh,549.3
2015,Portugal,Math,Female,High,FemaleHigh,543.8
2018,Portugal,Math,Female,High,FemaleHigh,540.5
2022,Portugal,Math,Female,High,FemaleHigh,520.7
2025,Portugal,Math,Female,High,FemaleHigh,509.6
2006,Portugal,Math,Female,Low,FemaleLow,437.8
2009,Portugal,Math,Female,Low,FemaleLow,453.5
2012,Portugal,Math,Female,Low,FemaleLow,458.5
2015,Portugal,Math,Female,Low,FemaleLow,462.9
2018,Portugal,Math,Female,Low,FemaleLow,458.6
2022,Portugal,Math,Female,Low,FemaleLow,437.3
2025,Portugal,Math,Female,Low,FemaleLow,424.4
2006,Portugal,Math,Female,Medium,FemaleMedium,481.8
2009,Portugal,Math,Female,Medium,FemaleMedium,499.4
2012,Portugal,Math,Female,Medium,FemaleMedium,500.6
2015,Portugal,Math,Female,Medium,FemaleMedium,500.1
2018,Portugal,Math,Female,Medium,FemaleMedium,509.5
2022,Portugal,Math,Female,Medium,FemaleMedium,471.6
2025,Portugal,Math,Female,Medium,FemaleMedium,462.2
2006,Portugal,Math,0,0,General,466.2
2009,Portugal,Math,0,0,General,486.9
2012,Portugal,Math,0,0,General,487.1
2015,Portugal,Math,0,0,General,491.6
2018,Portugal,Math,0,0,General,492.5
2022,Portugal,Math,0,0,General,471.9
2025,Portugal,Math,0,0,General,459.9
2006,Portugal,Math,0,High,GeneralHigh,525.7
2009,Portugal,Math,0,High,GeneralHigh,550.4
2012,Portugal,Math,0,High,GeneralHigh,555.2
2015,Portugal,Math,0,High,GeneralHigh,549.5
2018,Portugal,Math,0,High,GeneralHigh,550.2
2022,Portugal,Math,0,High,GeneralHigh,526.6
2025,Portugal,Math,0,High,GeneralHigh,514.9
2006,Portugal,Math,0,Low,GeneralLow,444.1
2009,Portugal,Math,0,Low,GeneralLow,458
2012,Portugal,Math,0,Low,GeneralLow,464.1
2015,Portugal,Math,0,Low,GeneralLow,466.6
2018,Portugal,Math,0,Low,GeneralLow,463.7
2022,Portugal,Math,0,Low,GeneralLow,440.5
2025,Portugal,Math,0,Low,GeneralLow,430.1
2006,Portugal,Math,0,Medium,GeneralMedium,486.2
2009,Portugal,Math,0,Medium,GeneralMedium,504.5
2012,Portugal,Math,0,Medium,GeneralMedium,506
2015,Portugal,Math,0,Medium,GeneralMedium,503.4
2018,Portugal,Math,0,Medium,GeneralMedium,507
2022,Portugal,Math,0,Medium,GeneralMedium,479.2
2025,Portugal,Math,0,Medium,GeneralMedium,471.1
2006,Portugal,Math,Male,0,Male,473.9
2009,Portugal,Math,Male,0,Male,492.9
2012,Portugal,Math,Male,0,Male,492.7
2015,Portugal,Math,Male,0,Male,496.6
2018,Portugal,Math,Male,0,Male,496.9
2022,Portugal,Math,Male,0,Male,477.2
2025,Portugal,Math,Male,0,Male,465.3
2006,Portugal,Math,Male,High,MaleHigh,533.7
2009,Portugal,Math,Male,High,MaleHigh,555.6
2012,Portugal,Math,Male,High,MaleHigh,560.7
2015,Portugal,Math,Male,High,MaleHigh,554.7
2018,Portugal,Math,Male,High,MaleHigh,559.6
2022,Portugal,Math,Male,High,MaleHigh,532.4
2025,Portugal,Math,Male,High,MaleHigh,520.5
2006,Portugal,Math,Male,Low,MaleLow,451
2009,Portugal,Math,Male,Low,MaleLow,463.1
2012,Portugal,Math,Male,Low,MaleLow,469.6
2015,Portugal,Math,Male,Low,MaleLow,470.5
2018,Portugal,Math,Male,Low,MaleLow,468.7
2022,Portugal,Math,Male,Low,MaleLow,443.9
2025,Portugal,Math,Male,Low,MaleLow,436.2
2006,Portugal,Math,Male,Medium,MaleMedium,491.2
2009,Portugal,Math,Male,Medium,MaleMedium,509.6
2012,Portugal,Math,Male,Medium,MaleMedium,511.2
2015,Portugal,Math,Male,Medium,MaleMedium,506.4
2018,Portugal,Math,Male,Medium,MaleMedium,504.7
2022,Portugal,Math,Male,Medium,MaleMedium,485.9
2025,Portugal,Math,Male,Medium,MaleMedium,479.8
2006,Portugal,Reading,Female,0,Female,488.2
2009,Portugal,Reading,Female,0,Female,507.9
2012,Portugal,Reading,Female,0,Female,507.6
2015,Portugal,Reading,Female,0,Female,506.6
2018,Portugal,Reading,Female,0,Female,504.1
2022,Portugal,Reading,Female,0,Female,487.2
2025,Portugal,Reading,Female,0,Female,478.7
2006,Portugal,Reading,Female,High,FemaleHigh,552.9
2009,Portugal,Reading,Female,High,FemaleHigh,558.9
2012,Portugal,Reading,Female,High,FemaleHigh,562.5
2015,Portugal,Reading,Female,High,FemaleHigh,560
2018,Portugal,Reading,Female,High,FemaleHigh,554.2
2022,Portugal,Reading,Female,High,FemaleHigh,535
2025,Portugal,Reading,Female,High,FemaleHigh,523.1
2006,Portugal,Reading,Female,Low,FemaleLow,463.9
2009,Portugal,Reading,Female,Low,FemaleLow,486.1
2012,Portugal,Reading,Female,Low,FemaleLow,488.6
2015,Portugal,Reading,Female,Low,FemaleLow,483.2
2018,Portugal,Reading,Female,Low,FemaleLow,477.1
2022,Portugal,Reading,Female,Low,FemaleLow,461.5
2025,Portugal,Reading,Female,Low,FemaleLow,455
2006,Portugal,Reading,Female,Medium,FemaleMedium,516
2009,Portugal,Reading,Female,Medium,FemaleMedium,522.3
2012,Portugal,Reading,Female,Medium,FemaleMedium,529.6
2015,Portugal,Reading,Female,Medium,FemaleMedium,521.1
2018,Portugal,Reading,Female,Medium,FemaleMedium,523.7
2022,Portugal,Reading,Female,Medium,FemaleMedium,493.6
2025,Portugal,Reading,Female,Medium,FemaleMedium,486.6
2006,Portugal,Reading,0,0,General,472.3
2009,Portugal,Reading,0,0,General,489.3
2012,Portugal,Reading,0,0,General,487.8
2015,Portugal,Reading,0,0,General,498.1
2018,Portugal,Reading,0,0,General,491.8
2022,Portugal,Reading,0,0,General,476.6
2025,Portugal,Reading,0,0,General,462
2006,Portugal,Reading,0,High,GeneralHigh,536.6
2009,Portugal,Reading,0,High,GeneralHigh,543.2
2012,Portugal,Reading,0,High,GeneralHigh,546
2015,Portugal,Reading,0,High,GeneralHigh,550.6
2018,Portugal,Reading,0,High,GeneralHigh,543.8
2022,Portugal,Reading,0,High,GeneralHigh,523.9
2025,Portugal,Reading,0,High,GeneralHigh,507.2
2006,Portugal,Reading,0,Low,GeneralLow,447.5
2009,Portugal,Reading,0,Low,GeneralLow,465.1
2012,Portugal,Reading,0,Low,GeneralLow,467.8
2015,Portugal,Reading,0,Low,GeneralLow,474.4
2018,Portugal,Reading,0,Low,GeneralLow,466.2
2022,Portugal,Reading,0,Low,GeneralLow,450.3
2025,Portugal,Reading,0,Low,GeneralLow,439.5
2006,Portugal,Reading,0,Medium,GeneralMedium,497.5
2009,Portugal,Reading,0,Medium,GeneralMedium,504.7
2012,Portugal,Reading,0,Medium,GeneralMedium,508.9
2015,Portugal,Reading,0,Medium,GeneralMedium,510
2018,Portugal,Reading,0,Medium,GeneralMedium,504.2
2022,Portugal,Reading,0,Medium,GeneralMedium,482.9
2025,Portugal,Reading,0,Medium,GeneralMedium,473.7
2006,Portugal,Reading,Male,0,Male,455.3
2009,Portugal,Reading,Male,0,Male,469.9
2012,Portugal,Reading,Male,0,Male,468.4
2015,Portugal,Reading,Male,0,Male,489.9
2018,Portugal,Reading,Male,0,Male,479.8
2022,Portugal,Reading,Male,0,Male,466.3
2025,Portugal,Reading,Male,0,Male,445.2
2006,Portugal,Reading,Male,High,MaleHigh,521.7
2009,Portugal,Reading,Male,High,MaleHigh,528.2
2012,Portugal,Reading,Male,High,MaleHigh,530.7
2015,Portugal,Reading,Male,High,MaleHigh,542
2018,Portugal,Reading,Male,High,MaleHigh,533.7
2022,Portugal,Reading,Male,High,MaleHigh,513.1
2025,Portugal,Reading,Male,High,MaleHigh,490.6
2006,Portugal,Reading,Male,Low,MaleLow,429.4
2009,Portugal,Reading,Male,Low,MaleLow,442
2012,Portugal,Reading,Male,Low,MaleLow,446.8
2015,Portugal,Reading,Male,Low,MaleLow,465.3
2018,Portugal,Reading,Male,Low,MaleLow,455.2
2022,Portugal,Reading,Male,Low,MaleLow,438.7
2025,Portugal,Reading,Male,Low,MaleLow,422.7
2006,Portugal,Reading,Male,Medium,MaleMedium,476.5
2009,Portugal,Reading,Male,Medium,MaleMedium,486.8
2012,Portugal,Reading,Male,Medium,MaleMedium,489
2015,Portugal,Reading,Male,Medium,MaleMedium,499.9
2018,Portugal,Reading,Male,Medium,MaleMedium,485.7
2022,Portugal,Reading,Male,Medium,MaleMedium,473.6
2025,Portugal,Reading,Male,Medium,MaleMedium,461.2
2006,Portugal,Science,Female,0,Female,471.9
2009,Portugal,Science,Female,0,Female,494.7
2012,Portugal,Science,Female,0,Female,490.2
2015,Portugal,Science,Female,0,Female,496.1
2018,Portugal,Science,Female,0,Female,489.1
2022,Portugal,Science,Female,0,Female,485.2
2025,Portugal,Science,Female,0,Female,483.8
2006,Portugal,Science,Female,High,FemaleHigh,528.4
2009,Portugal,Science,Female,High,FemaleHigh,547.2
2012,Portugal,Science,Female,High,FemaleHigh,549.5
2015,Portugal,Science,Female,High,FemaleHigh,551.6
2018,Portugal,Science,Female,High,FemaleHigh,539.3
2022,Portugal,Science,Female,High,FemaleHigh,535.9
2025,Portugal,Science,Female,High,FemaleHigh,534.6
2006,Portugal,Science,Female,Low,FemaleLow,450.2
2009,Portugal,Science,Female,Low,FemaleLow,471.8
2012,Portugal,Science,Female,Low,FemaleLow,470.1
2015,Portugal,Science,Female,Low,FemaleLow,472.1
2018,Portugal,Science,Female,Low,FemaleLow,461
2022,Portugal,Science,Female,Low,FemaleLow,456.7
2025,Portugal,Science,Female,Low,FemaleLow,456
2006,Portugal,Science,Female,Medium,FemaleMedium,497.9
2009,Portugal,Science,Female,Medium,FemaleMedium,510.5
2012,Portugal,Science,Female,Medium,FemaleMedium,510.8
2015,Portugal,Science,Female,Medium,FemaleMedium,509.6
2018,Portugal,Science,Female,Medium,FemaleMedium,507.4
2022,Portugal,Science,Female,Medium,FemaleMedium,492.4
2025,Portugal,Science,Female,Medium,FemaleMedium,492.4
2006,Portugal,Science,0,0,General,474.3
2009,Portugal,Science,0,0,General,492.9
2012,Portugal,Science,0,0,General,489.3
2015,Portugal,Science,0,0,General,501.1
2018,Portugal,Science,0,0,General,491.7
2022,Portugal,Science,0,0,General,484.4
2025,Portugal,Science,0,0,General,481.7
2006,Portugal,Science,0,High,GeneralHigh,531.9
2009,Portugal,Science,0,High,GeneralHigh,549.3
2012,Portugal,Science,0,High,GeneralHigh,549.1
2015,Portugal,Science,0,High,GeneralHigh,557.2
2018,Portugal,Science,0,High,GeneralHigh,546.3
2022,Portugal,Science,0,High,GeneralHigh,533.6
2025,Portugal,Science,0,High,GeneralHigh,532.3
2006,Portugal,Science,0,Low,GeneralLow,452.4
2009,Portugal,Science,0,Low,GeneralLow,467.6
2012,Portugal,Science,0,Low,GeneralLow,468.5
2015,Portugal,Science,0,Low,GeneralLow,476.1
2018,Portugal,Science,0,Low,GeneralLow,463.7
2022,Portugal,Science,0,Low,GeneralLow,455.9
2025,Portugal,Science,0,Low,GeneralLow,454.9
2006,Portugal,Science,0,Medium,GeneralMedium,495.8
2009,Portugal,Science,0,Medium,GeneralMedium,508.7
2012,Portugal,Science,0,Medium,GeneralMedium,510.1
2015,Portugal,Science,0,Medium,GeneralMedium,512.7
2018,Portugal,Science,0,Medium,GeneralMedium,504.5
2022,Portugal,Science,0,Medium,GeneralMedium,491.8
2025,Portugal,Science,0,Medium,GeneralMedium,494.1
2006,Portugal,Science,Male,0,Male,476.9
2009,Portugal,Science,Male,0,Male,491.2
2012,Portugal,Science,Male,0,Male,488.3
2015,Portugal,Science,Male,0,Male,506.1
2018,Portugal,Science,Male,0,Male,494.2
2022,Portugal,Science,Male,0,Male,483.5
2025,Portugal,Science,Male,0,Male,479.6
2006,Portugal,Science,Male,High,MaleHigh,535.1
2009,Portugal,Science,Male,High,MaleHigh,551.4
2012,Portugal,Science,Male,High,MaleHigh,548.6
2015,Portugal,Science,Male,High,MaleHigh,562.2
2018,Portugal,Science,Male,High,MaleHigh,553.1
2022,Portugal,Science,Male,High,MaleHigh,531.4
2025,Portugal,Science,Male,High,MaleHigh,530
2006,Portugal,Science,Male,Low,MaleLow,454.8
2009,Portugal,Science,Male,Low,MaleLow,463
2012,Portugal,Science,Male,Low,MaleLow,466.9
2015,Portugal,Science,Male,Low,MaleLow,480.2
2018,Portugal,Science,Male,Low,MaleLow,466.4
2022,Portugal,Science,Male,Low,MaleLow,455.1
2025,Portugal,Science,Male,Low,MaleLow,453.8
2006,Portugal,Science,Male,Medium,MaleMedium,493.4
2009,Portugal,Science,Male,Medium,MaleMedium,506.9
2012,Portugal,Science,Male,Medium,MaleMedium,509.4
2015,Portugal,Science,Male,Medium,MaleMedium,515.6
2018,Portugal,Science,Male,Medium,MaleMedium,501.8
2022,Portugal,Science,Male,Medium,MaleMedium,491.3
2025,Portugal,Science,Male,Medium,MaleMedium,495.8
2015,Puerto Rico (USA),Math,Female,0,Female,381.5
2015,Puerto Rico (USA),Math,Female,High,FemaleHigh,452.4
2015,Puerto Rico (USA),Math,Female,Low,FemaleLow,355.4
2015,Puerto Rico (USA),Math,Female,Medium,FemaleMedium,391.7
2015,Puerto Rico (USA),Math,0,0,General,378.4
2015,Puerto Rico (USA),Math,0,High,GeneralHigh,450.7
2015,Puerto Rico (USA),Math,0,Low,GeneralLow,353.3
2015,Puerto Rico (USA),Math,0,Medium,GeneralMedium,391.2
2015,Puerto Rico (USA),Math,Male,0,Male,375.2
2015,Puerto Rico (USA),Math,Male,High,MaleHigh,448.7
2015,Puerto Rico (USA),Math,Male,Low,MaleLow,351.3
2015,Puerto Rico (USA),Math,Male,Medium,MaleMedium,390.8
2015,Puerto Rico (USA),Reading,Female,0,Female,425.2
2015,Puerto Rico (USA),Reading,Female,High,FemaleHigh,502.7
2015,Puerto Rico (USA),Reading,Female,Low,FemaleLow,396.1
2015,Puerto Rico (USA),Reading,Female,Medium,FemaleMedium,437.7
2015,Puerto Rico (USA),Reading,0,0,General,410
2015,Puerto Rico (USA),Reading,0,High,GeneralHigh,489.1
2015,Puerto Rico (USA),Reading,0,Low,GeneralLow,381.7
2015,Puerto Rico (USA),Reading,0,Medium,GeneralMedium,426.7
2015,Puerto Rico (USA),Reading,Male,0,Male,394.9
2015,Puerto Rico (USA),Reading,Male,High,MaleHigh,471.9
2015,Puerto Rico (USA),Reading,Male,Low,MaleLow,367.7
2015,Puerto Rico (USA),Reading,Male,Medium,MaleMedium,415.8
2015,Puerto Rico (USA),Science,Female,0,Female,407.4
2015,Puerto Rico (USA),Science,Female,High,FemaleHigh,483.2
2015,Puerto Rico (USA),Science,Female,Low,FemaleLow,378.9
2015,Puerto Rico (USA),Science,Female,Medium,FemaleMedium,420
2015,Puerto Rico (USA),Science,0,0,General,402.7
2015,Puerto Rico (USA),Science,0,High,GeneralHigh,477.5
2015,Puerto Rico (USA),Science,0,Low,GeneralLow,375.3
2015,Puerto Rico (USA),Science,0,Medium,GeneralMedium,418.7
2015,Puerto Rico (USA),Science,Male,0,Male,397.9
2015,Puerto Rico (USA),Science,Male,High,MaleHigh,470.4
2015,Puerto Rico (USA),Science,Male,Low,MaleLow,371.8
2015,Puerto Rico (USA),Science,Male,Medium,MaleMedium,417.4
2006,Qatar,Math,Female,0,Female,325.1
2009,Qatar,Math,Female,0,Female,370.8
2012,Qatar,Math,Female,0,Female,384.7
2015,Qatar,Math,Female,0,Female,408.3
2018,Qatar,Math,Female,0,Female,426.4
2022,Qatar,Math,Female,0,Female,418.1
2025,Qatar,Math,Female,0,Female,415.4
2006,Qatar,Math,Female,High,FemaleHigh,344.6
2009,Qatar,Math,Female,High,FemaleHigh,393.9
2012,Qatar,Math,Female,High,FemaleHigh,405.8
2015,Qatar,Math,Female,High,FemaleHigh,426.8
2018,Qatar,Math,Female,High,FemaleHigh,461
2022,Qatar,Math,Female,High,FemaleHigh,457.6
2025,Qatar,Math,Female,High,FemaleHigh,440
2006,Qatar,Math,Female,Low,FemaleLow,302.4
2009,Qatar,Math,Female,Low,FemaleLow,328.5
2012,Qatar,Math,Female,Low,FemaleLow,344.7
2015,Qatar,Math,Female,Low,FemaleLow,358.3
2018,Qatar,Math,Female,Low,FemaleLow,378.8
2022,Qatar,Math,Female,Low,FemaleLow,374.3
2025,Qatar,Math,Female,Low,FemaleLow,372.2
2006,Qatar,Math,Female,Medium,FemaleMedium,323.8
2009,Qatar,Math,Female,Medium,FemaleMedium,363.8
2012,Qatar,Math,Female,Medium,FemaleMedium,385.3
2015,Qatar,Math,Female,Medium,FemaleMedium,403.2
2018,Qatar,Math,Female,Medium,FemaleMedium,424.5
2022,Qatar,Math,Female,Medium,FemaleMedium,427.7
2025,Qatar,Math,Female,Medium,FemaleMedium,413.2
2006,Qatar,Math,0,0,General,318
2009,Qatar,Math,0,0,General,368.1
2012,Qatar,Math,0,0,General,376.4
2015,Qatar,Math,0,0,General,402.4
2018,Qatar,Math,0,0,General,414.2
2022,Qatar,Math,0,0,General,414.1
2025,Qatar,Math,0,0,General,416.2
2006,Qatar,Math,0,High,GeneralHigh,340.1
2009,Qatar,Math,0,High,GeneralHigh,392.6
2012,Qatar,Math,0,High,GeneralHigh,401.4
2015,Qatar,Math,0,High,GeneralHigh,422.8
2018,Qatar,Math,0,High,GeneralHigh,453.9
2022,Qatar,Math,0,High,GeneralHigh,455
2025,Qatar,Math,0,High,GeneralHigh,446.5
2006,Qatar,Math,0,Low,GeneralLow,294.2
2009,Qatar,Math,0,Low,GeneralLow,326.7
2012,Qatar,Math,0,Low,GeneralLow,335.7
2015,Qatar,Math,0,Low,GeneralLow,354.4
2018,Qatar,Math,0,Low,GeneralLow,367
2022,Qatar,Math,0,Low,GeneralLow,372.8
2025,Qatar,Math,0,Low,GeneralLow,373.3
2006,Qatar,Math,0,Medium,GeneralMedium,313
2009,Qatar,Math,0,Medium,GeneralMedium,360.1
2012,Qatar,Math,0,Medium,GeneralMedium,376.7
2015,Qatar,Math,0,Medium,GeneralMedium,396.4
2018,Qatar,Math,0,Medium,GeneralMedium,413
2022,Qatar,Math,0,Medium,GeneralMedium,423.9
2025,Qatar,Math,0,Medium,GeneralMedium,422.4
2006,Qatar,Math,Male,0,Male,310.9
2009,Qatar,Math,Male,0,Male,365.5
2012,Qatar,Math,Male,0,Male,368.7
2015,Qatar,Math,Male,0,Male,396.8
2018,Qatar,Math,Male,0,Male,402.4
2022,Qatar,Math,Male,0,Male,410.2
2025,Qatar,Math,Male,0,Male,417
2006,Qatar,Math,Male,High,MaleHigh,335.9
2009,Qatar,Math,Male,High,MaleHigh,391.4
2012,Qatar,Math,Male,High,MaleHigh,397.3
2015,Qatar,Math,Male,High,MaleHigh,418.8
2018,Qatar,Math,Male,High,MaleHigh,446.1
2022,Qatar,Math,Male,High,MaleHigh,452.3
2025,Qatar,Math,Male,High,MaleHigh,454.3
2006,Qatar,Math,Male,Low,MaleLow,284.8
2009,Qatar,Math,Male,Low,MaleLow,324.7
2012,Qatar,Math,Male,Low,MaleLow,325.6
2015,Qatar,Math,Male,Low,MaleLow,350.6
2018,Qatar,Math,Male,Low,MaleLow,356.2
2022,Qatar,Math,Male,Low,MaleLow,371.2
2025,Qatar,Math,Male,Low,MaleLow,374.3
2006,Qatar,Math,Male,Medium,MaleMedium,302.9
2009,Qatar,Math,Male,Medium,MaleMedium,356.7
2012,Qatar,Math,Male,Medium,MaleMedium,368.8
2015,Qatar,Math,Male,Medium,MaleMedium,390.1
2018,Qatar,Math,Male,Medium,MaleMedium,401.7
2022,Qatar,Math,Male,Medium,MaleMedium,420.1
2025,Qatar,Math,Male,Medium,MaleMedium,433.1
2006,Qatar,Reading,Female,0,Female,345.5
2009,Qatar,Reading,Female,0,Female,397.3
2012,Qatar,Reading,Female,0,Female,423.7
2015,Qatar,Reading,Female,0,Female,429
2018,Qatar,Reading,Female,0,Female,440.2
2022,Qatar,Reading,Female,0,Female,439.6
2025,Qatar,Reading,Female,0,Female,438.1
2006,Qatar,Reading,Female,High,FemaleHigh,356.1
2009,Qatar,Reading,Female,High,FemaleHigh,419.6
2012,Qatar,Reading,Female,High,FemaleHigh,447.3
2015,Qatar,Reading,Female,High,FemaleHigh,449.1
2018,Qatar,Reading,Female,High,FemaleHigh,477.6
2022,Qatar,Reading,Female,High,FemaleHigh,482.1
2025,Qatar,Reading,Female,High,FemaleHigh,461.8
2006,Qatar,Reading,Female,Low,FemaleLow,327.8
2009,Qatar,Reading,Female,Low,FemaleLow,356.4
2012,Qatar,Reading,Female,Low,FemaleLow,379.4
2015,Qatar,Reading,Female,Low,FemaleLow,375.1
2018,Qatar,Reading,Female,Low,FemaleLow,392.3
2022,Qatar,Reading,Female,Low,FemaleLow,393.3
2025,Qatar,Reading,Female,Low,FemaleLow,394.4
2006,Qatar,Reading,Female,Medium,FemaleMedium,349.1
2009,Qatar,Reading,Female,Medium,FemaleMedium,390.5
2012,Qatar,Reading,Female,Medium,FemaleMedium,424.2
2015,Qatar,Reading,Female,Medium,FemaleMedium,423.5
2018,Qatar,Reading,Female,Medium,FemaleMedium,436.9
2022,Qatar,Reading,Female,Medium,FemaleMedium,451.2
2025,Qatar,Reading,Female,Medium,FemaleMedium,439.4
2006,Qatar,Reading,0,0,General,312.2
2009,Qatar,Reading,0,0,General,371.7
2012,Qatar,Reading,0,0,General,387.5
2015,Qatar,Reading,0,0,General,401.9
2018,Qatar,Reading,0,0,General,407.1
2022,Qatar,Reading,0,0,General,419.3
2025,Qatar,Reading,0,0,General,418
2006,Qatar,Reading,0,High,GeneralHigh,326.1
2009,Qatar,Reading,0,High,GeneralHigh,395.8
2012,Qatar,Reading,0,High,GeneralHigh,415
2015,Qatar,Reading,0,High,GeneralHigh,424.5
2018,Qatar,Reading,0,High,GeneralHigh,450.2
2022,Qatar,Reading,0,High,GeneralHigh,462.7
2025,Qatar,Reading,0,High,GeneralHigh,450.8
2006,Qatar,Reading,0,Low,GeneralLow,294.9
2009,Qatar,Reading,0,Low,GeneralLow,334.5
2012,Qatar,Reading,0,Low,GeneralLow,345.3
2015,Qatar,Reading,0,Low,GeneralLow,350.8
2018,Qatar,Reading,0,Low,GeneralLow,359.8
2022,Qatar,Reading,0,Low,GeneralLow,375.8
2025,Qatar,Reading,0,Low,GeneralLow,375.5
2006,Qatar,Reading,0,Medium,GeneralMedium,310.8
2009,Qatar,Reading,0,Medium,GeneralMedium,362.1
2012,Qatar,Reading,0,Medium,GeneralMedium,387.3
2015,Qatar,Reading,0,Medium,GeneralMedium,395.3
2018,Qatar,Reading,0,Medium,GeneralMedium,404.9
2022,Qatar,Reading,0,Medium,GeneralMedium,431.7
2025,Qatar,Reading,0,Medium,GeneralMedium,429.1
2006,Qatar,Reading,Male,0,Male,279.7
2009,Qatar,Reading,Male,0,Male,347.1
2012,Qatar,Reading,Male,0,Male,353.5
2015,Qatar,Reading,Male,0,Male,376.1
2018,Qatar,Reading,Male,0,Male,374.9
2022,Qatar,Reading,Male,0,Male,399.3
2025,Qatar,Reading,Male,0,Male,398.1
2006,Qatar,Reading,Male,High,MaleHigh,298.4
2009,Qatar,Reading,Male,High,MaleHigh,372.8
2012,Qatar,Reading,Male,High,MaleHigh,384.4
2015,Qatar,Reading,Male,High,MaleHigh,400
2018,Qatar,Reading,Male,High,MaleHigh,420
2022,Qatar,Reading,Male,High,MaleHigh,442.6
2025,Qatar,Reading,Male,High,MaleHigh,437.7
2006,Qatar,Reading,Male,Low,MaleLow,257.5
2009,Qatar,Reading,Male,Low,MaleLow,309.4
2012,Qatar,Reading,Male,Low,MaleLow,306.9
2015,Qatar,Reading,Male,Low,MaleLow,326.8
2018,Qatar,Reading,Male,Low,MaleLow,330.2
2022,Qatar,Reading,Male,Low,MaleLow,358
2025,Qatar,Reading,Male,Low,MaleLow,357.9
2006,Qatar,Reading,Male,Medium,MaleMedium,275.2
2009,Qatar,Reading,Male,Medium,MaleMedium,335.8
2012,Qatar,Reading,Male,Medium,MaleMedium,353.1
2015,Qatar,Reading,Male,Medium,MaleMedium,368.9
2018,Qatar,Reading,Male,Medium,MaleMedium,373.2
2022,Qatar,Reading,Male,Medium,MaleMedium,412
2025,Qatar,Reading,Male,Medium,MaleMedium,417.2
2006,Qatar,Science,Female,0,Female,365.3
2009,Qatar,Science,Female,0,Female,392.9
2012,Qatar,Science,Female,0,Female,401.6
2015,Qatar,Science,Female,0,Female,429.4
2018,Qatar,Science,Female,0,Female,439.1
2022,Qatar,Science,Female,0,Female,443.1
2025,Qatar,Science,Female,0,Female,441.5
2006,Qatar,Science,Female,High,FemaleHigh,375.7
2009,Qatar,Science,Female,High,FemaleHigh,414.4
2012,Qatar,Science,Female,High,FemaleHigh,423.3
2015,Qatar,Science,Female,High,FemaleHigh,447.9
2018,Qatar,Science,Female,High,FemaleHigh,473.5
2022,Qatar,Science,Female,High,FemaleHigh,484.4
2025,Qatar,Science,Female,High,FemaleHigh,464.3
2006,Qatar,Science,Female,Low,FemaleLow,350.2
2009,Qatar,Science,Female,Low,FemaleLow,353.5
2012,Qatar,Science,Female,Low,FemaleLow,358.9
2015,Qatar,Science,Female,Low,FemaleLow,380.7
2018,Qatar,Science,Female,Low,FemaleLow,394.3
2022,Qatar,Science,Female,Low,FemaleLow,396.9
2025,Qatar,Science,Female,Low,FemaleLow,400.8
2006,Qatar,Science,Female,Medium,FemaleMedium,366.9
2009,Qatar,Science,Female,Medium,FemaleMedium,386.5
2012,Qatar,Science,Female,Medium,FemaleMedium,403.3
2015,Qatar,Science,Female,Medium,FemaleMedium,423.9
2018,Qatar,Science,Female,Medium,FemaleMedium,436.1
2022,Qatar,Science,Female,Medium,FemaleMedium,453.7
2025,Qatar,Science,Female,Medium,FemaleMedium,443.6
2006,Qatar,Science,0,0,General,349.3
2009,Qatar,Science,0,0,General,379.4
2012,Qatar,Science,0,0,General,383.6
2015,Qatar,Science,0,0,General,417.6
2018,Qatar,Science,0,0,General,419.1
2022,Qatar,Science,0,0,General,432.4
2025,Qatar,Science,0,0,General,434.4
2006,Qatar,Science,0,High,GeneralHigh,362
2009,Qatar,Science,0,High,GeneralHigh,402
2012,Qatar,Science,0,High,GeneralHigh,409.4
2015,Qatar,Science,0,High,GeneralHigh,437.6
2018,Qatar,Science,0,High,GeneralHigh,458.7
2022,Qatar,Science,0,High,GeneralHigh,472.7
2025,Qatar,Science,0,High,GeneralHigh,464.7
2006,Qatar,Science,0,Low,GeneralLow,333.9
2009,Qatar,Science,0,Low,GeneralLow,343.1
2012,Qatar,Science,0,Low,GeneralLow,341.1
2015,Qatar,Science,0,Low,GeneralLow,371.4
2018,Qatar,Science,0,Low,GeneralLow,374.8
2022,Qatar,Science,0,Low,GeneralLow,390.6
2025,Qatar,Science,0,Low,GeneralLow,394.4
2006,Qatar,Science,0,Medium,GeneralMedium,347.7
2009,Qatar,Science,0,Medium,GeneralMedium,372.1
2012,Qatar,Science,0,Medium,GeneralMedium,385.2
2015,Qatar,Science,0,Medium,GeneralMedium,411.4
2018,Qatar,Science,0,Medium,GeneralMedium,417.3
2022,Qatar,Science,0,Medium,GeneralMedium,443.1
2025,Qatar,Science,0,Medium,GeneralMedium,445.3
2006,Qatar,Science,Male,0,Male,333.7
2009,Qatar,Science,Male,0,Male,366.5
2012,Qatar,Science,Male,0,Male,366.8
2015,Qatar,Science,Male,0,Male,406.3
2018,Qatar,Science,Male,0,Male,399.8
2022,Qatar,Science,Male,0,Male,421.8
2025,Qatar,Science,Male,0,Male,427.4
2006,Qatar,Science,Male,High,MaleHigh,349.3
2009,Qatar,Science,Male,High,MaleHigh,390
2012,Qatar,Science,Male,High,MaleHigh,396.3
2015,Qatar,Science,Male,High,MaleHigh,427.3
2018,Qatar,Science,Male,High,MaleHigh,442.4
2022,Qatar,Science,Male,High,MaleHigh,460.7
2025,Qatar,Science,Male,High,MaleHigh,465.1
2006,Qatar,Science,Male,Low,MaleLow,315.4
2009,Qatar,Science,Male,Low,MaleLow,331.2
2012,Qatar,Science,Male,Low,MaleLow,321.2
2015,Qatar,Science,Male,Low,MaleLow,362.3
2018,Qatar,Science,Male,Low,MaleLow,357
2022,Qatar,Science,Male,Low,MaleLow,384.2
2025,Qatar,Science,Male,Low,MaleLow,388.3
2006,Qatar,Science,Male,Medium,MaleMedium,329.8
2009,Qatar,Science,Male,Medium,MaleMedium,358.7
2012,Qatar,Science,Male,Medium,MaleMedium,368.4
2015,Qatar,Science,Male,Medium,MaleMedium,399.7
2018,Qatar,Science,Male,Medium,MaleMedium,398.6
2022,Qatar,Science,Male,Medium,MaleMedium,432.2
2025,Qatar,Science,Male,Medium,MaleMedium,447.2
2015,Republic of Moldova,Math,Female,0,Female,420.6
2018,Republic of Moldova,Math,Female,0,Female,421.7
2022,Republic of Moldova,Math,Female,0,Female,412.2
2025,Republic of Moldova,Math,Female,0,Female,408.3
2015,Republic of Moldova,Math,Female,High,FemaleHigh,474.4
2018,Republic of Moldova,Math,Female,High,FemaleHigh,497.8
2022,Republic of Moldova,Math,Female,High,FemaleHigh,475.4
2025,Republic of Moldova,Math,Female,High,FemaleHigh,468.3
2015,Republic of Moldova,Math,Female,Low,FemaleLow,405.9
2018,Republic of Moldova,Math,Female,Low,FemaleLow,399.8
2022,Republic of Moldova,Math,Female,Low,FemaleLow,390.8
2025,Republic of Moldova,Math,Female,Low,FemaleLow,391.6
2015,Republic of Moldova,Math,Female,Medium,FemaleMedium,451.6
2018,Republic of Moldova,Math,Female,Medium,FemaleMedium,450.3
2022,Republic of Moldova,Math,Female,Medium,FemaleMedium,432.8
2025,Republic of Moldova,Math,Female,Medium,FemaleMedium,438.5
2015,Republic of Moldova,Math,0,0,General,419.7
2018,Republic of Moldova,Math,0,0,General,420.6
2022,Republic of Moldova,Math,0,0,General,414.2
2025,Republic of Moldova,Math,0,0,General,410.1
2015,Republic of Moldova,Math,0,High,GeneralHigh,478
2018,Republic of Moldova,Math,0,High,GeneralHigh,494.9
2022,Republic of Moldova,Math,0,High,GeneralHigh,479.4
2025,Republic of Moldova,Math,0,High,GeneralHigh,466.4
2015,Republic of Moldova,Math,0,Low,GeneralLow,404.6
2018,Republic of Moldova,Math,0,Low,GeneralLow,397.8
2022,Republic of Moldova,Math,0,Low,GeneralLow,393
2025,Republic of Moldova,Math,0,Low,GeneralLow,393.8
2015,Republic of Moldova,Math,0,Medium,GeneralMedium,450.8
2018,Republic of Moldova,Math,0,Medium,GeneralMedium,453.8
2022,Republic of Moldova,Math,0,Medium,GeneralMedium,435.8
2025,Republic of Moldova,Math,0,Medium,GeneralMedium,441.3
2015,Republic of Moldova,Math,Male,0,Male,418.7
2018,Republic of Moldova,Math,Male,0,Male,419.6
2022,Republic of Moldova,Math,Male,0,Male,416
2025,Republic of Moldova,Math,Male,0,Male,411.8
2015,Republic of Moldova,Math,Male,High,MaleHigh,481.8
2018,Republic of Moldova,Math,Male,High,MaleHigh,491.8
2022,Republic of Moldova,Math,Male,High,MaleHigh,483.4
2025,Republic of Moldova,Math,Male,High,MaleHigh,464.6
2015,Republic of Moldova,Math,Male,Low,MaleLow,403.3
2018,Republic of Moldova,Math,Male,Low,MaleLow,395.9
2022,Republic of Moldova,Math,Male,Low,MaleLow,395
2025,Republic of Moldova,Math,Male,Low,MaleLow,396
2015,Republic of Moldova,Math,Male,Medium,MaleMedium,450.1
2018,Republic of Moldova,Math,Male,Medium,MaleMedium,456.9
2022,Republic of Moldova,Math,Male,Medium,MaleMedium,438.6
2025,Republic of Moldova,Math,Male,Medium,MaleMedium,443.8
2015,Republic of Moldova,Reading,Female,0,Female,442.2
2018,Republic of Moldova,Reading,Female,0,Female,444.6
2022,Republic of Moldova,Reading,Female,0,Female,426.9
2025,Republic of Moldova,Reading,Female,0,Female,423.1
2015,Republic of Moldova,Reading,Female,High,FemaleHigh,501.4
2018,Republic of Moldova,Reading,Female,High,FemaleHigh,519.3
2022,Republic of Moldova,Reading,Female,High,FemaleHigh,494.4
2025,Republic of Moldova,Reading,Female,High,FemaleHigh,478.6
2015,Republic of Moldova,Reading,Female,Low,FemaleLow,425.9
2018,Republic of Moldova,Reading,Female,Low,FemaleLow,423.5
2022,Republic of Moldova,Reading,Female,Low,FemaleLow,402.6
2025,Republic of Moldova,Reading,Female,Low,FemaleLow,407
2015,Republic of Moldova,Reading,Female,Medium,FemaleMedium,477.1
2018,Republic of Moldova,Reading,Female,Medium,FemaleMedium,471.9
2022,Republic of Moldova,Reading,Female,Medium,FemaleMedium,452.2
2025,Republic of Moldova,Reading,Female,Medium,FemaleMedium,454
2015,Republic of Moldova,Reading,0,0,General,416.2
2018,Republic of Moldova,Reading,0,0,General,424
2022,Republic of Moldova,Reading,0,0,General,410.9
2025,Republic of Moldova,Reading,0,0,General,403.7
2015,Republic of Moldova,Reading,0,High,GeneralHigh,482.1
2018,Republic of Moldova,Reading,0,High,GeneralHigh,497.2
2022,Republic of Moldova,Reading,0,High,GeneralHigh,479.7
2025,Republic of Moldova,Reading,0,High,GeneralHigh,454.6
2015,Republic of Moldova,Reading,0,Low,GeneralLow,399.8
2018,Republic of Moldova,Reading,0,Low,GeneralLow,401.8
2022,Republic of Moldova,Reading,0,Low,GeneralLow,387.3
2025,Republic of Moldova,Reading,0,Low,GeneralLow,389
2015,Republic of Moldova,Reading,0,Medium,GeneralMedium,450.8
2018,Republic of Moldova,Reading,0,Medium,GeneralMedium,456.5
2022,Republic of Moldova,Reading,0,Medium,GeneralMedium,436.5
2025,Republic of Moldova,Reading,0,Medium,GeneralMedium,435.2
2015,Republic of Moldova,Reading,Male,0,Male,390.5
2018,Republic of Moldova,Reading,Male,0,Male,404.5
2022,Republic of Moldova,Reading,Male,0,Male,396.5
2025,Republic of Moldova,Reading,Male,0,Male,385.1
2015,Republic of Moldova,Reading,Male,High,MaleHigh,460.7
2018,Republic of Moldova,Reading,Male,High,MaleHigh,473.1
2022,Republic of Moldova,Reading,Male,High,MaleHigh,464.8
2025,Republic of Moldova,Reading,Male,High,MaleHigh,432.1
2015,Republic of Moldova,Reading,Male,Low,MaleLow,373.9
2018,Republic of Moldova,Reading,Male,Low,MaleLow,380.9
2022,Republic of Moldova,Reading,Male,Low,MaleLow,373.7
2025,Republic of Moldova,Reading,Male,Low,MaleLow,370.1
2015,Republic of Moldova,Reading,Male,Medium,MaleMedium,424.9
2018,Republic of Moldova,Reading,Male,Medium,MaleMedium,443.2
2022,Republic of Moldova,Reading,Male,Medium,MaleMedium,422.1
2025,Republic of Moldova,Reading,Male,Medium,MaleMedium,418
2015,Republic of Moldova,Science,Female,0,Female,431.4
2018,Republic of Moldova,Science,Female,0,Female,434.1
2022,Republic of Moldova,Science,Female,0,Female,420.9
2025,Republic of Moldova,Science,Female,0,Female,427.4
2015,Republic of Moldova,Science,Female,High,FemaleHigh,484.1
2018,Republic of Moldova,Science,Female,High,FemaleHigh,504.4
2022,Republic of Moldova,Science,Female,High,FemaleHigh,484.6
2025,Republic of Moldova,Science,Female,High,FemaleHigh,489.3
2015,Republic of Moldova,Science,Female,Low,FemaleLow,416.9
2018,Republic of Moldova,Science,Female,Low,FemaleLow,414.6
2022,Republic of Moldova,Science,Female,Low,FemaleLow,399.3
2025,Republic of Moldova,Science,Female,Low,FemaleLow,409.6
2015,Republic of Moldova,Science,Female,Medium,FemaleMedium,462.5
2018,Republic of Moldova,Science,Female,Medium,FemaleMedium,458.3
2022,Republic of Moldova,Science,Female,Medium,FemaleMedium,441.6
2025,Republic of Moldova,Science,Female,Medium,FemaleMedium,460.5
2015,Republic of Moldova,Science,0,0,General,428
2018,Republic of Moldova,Science,0,0,General,428.5
2022,Republic of Moldova,Science,0,0,General,416.9
2025,Republic of Moldova,Science,0,0,General,421.9
2015,Republic of Moldova,Science,0,High,GeneralHigh,484.8
2018,Republic of Moldova,Science,0,High,GeneralHigh,494.8
2022,Republic of Moldova,Science,0,High,GeneralHigh,480.1
2025,Republic of Moldova,Science,0,High,GeneralHigh,480.4
2015,Republic of Moldova,Science,0,Low,GeneralLow,413.2
2018,Republic of Moldova,Science,0,Low,GeneralLow,407.9
2022,Republic of Moldova,Science,0,Low,GeneralLow,396.1
2025,Republic of Moldova,Science,0,Low,GeneralLow,404.6
2015,Republic of Moldova,Science,0,Medium,GeneralMedium,459
2018,Republic of Moldova,Science,0,Medium,GeneralMedium,459
2022,Republic of Moldova,Science,0,Medium,GeneralMedium,438.4
2025,Republic of Moldova,Science,0,Medium,GeneralMedium,456.2
2015,Republic of Moldova,Science,Male,0,Male,424.6
2018,Republic of Moldova,Science,Male,0,Male,423.2
2022,Republic of Moldova,Science,Male,0,Male,413.3
2025,Republic of Moldova,Science,Male,0,Male,416.7
2015,Republic of Moldova,Science,Male,High,MaleHigh,485.6
2018,Republic of Moldova,Science,Male,High,MaleHigh,484.3
2022,Republic of Moldova,Science,Male,High,MaleHigh,475.5
2025,Republic of Moldova,Science,Male,High,MaleHigh,472
2015,Republic of Moldova,Science,Male,Low,MaleLow,409.6
2018,Republic of Moldova,Science,Male,Low,MaleLow,401.5
2022,Republic of Moldova,Science,Male,Low,MaleLow,393.2
2025,Republic of Moldova,Science,Male,Low,MaleLow,399.4
2015,Republic of Moldova,Science,Male,Medium,MaleMedium,455.6
2018,Republic of Moldova,Science,Male,Medium,MaleMedium,459.6
2022,Republic of Moldova,Science,Male,Medium,MaleMedium,435.4
2025,Republic of Moldova,Science,Male,Medium,MaleMedium,452.4
2006,Romania,Math,Female,0,Female,411.5
2009,Romania,Math,Female,0,Female,425.4
2012,Romania,Math,Female,0,Female,442.7
2015,Romania,Math,Female,0,Female,443.7
2018,Romania,Math,Female,0,Female,427.2
2022,Romania,Math,Female,0,Female,425.2
2025,Romania,Math,Female,0,Female,415.7
2006,Romania,Math,Female,High,FemaleHigh,474.7
2009,Romania,Math,Female,High,FemaleHigh,470.5
2012,Romania,Math,Female,High,FemaleHigh,515.9
2015,Romania,Math,Female,High,FemaleHigh,513.1
2018,Romania,Math,Female,High,FemaleHigh,492.1
2022,Romania,Math,Female,High,FemaleHigh,495.6
2025,Romania,Math,Female,High,FemaleHigh,487.5
2006,Romania,Math,Female,Low,FemaleLow,392.5
2009,Romania,Math,Female,Low,FemaleLow,409.2
2012,Romania,Math,Female,Low,FemaleLow,421.8
2015,Romania,Math,Female,Low,FemaleLow,425.7
2018,Romania,Math,Female,Low,FemaleLow,403.3
2022,Romania,Math,Female,Low,FemaleLow,392.6
2025,Romania,Math,Female,Low,FemaleLow,381.3
2006,Romania,Math,Female,Medium,FemaleMedium,425.6
2009,Romania,Math,Female,Medium,FemaleMedium,441.4
2012,Romania,Math,Female,Medium,FemaleMedium,468.2
2015,Romania,Math,Female,Medium,FemaleMedium,475.4
2018,Romania,Math,Female,Medium,FemaleMedium,455.6
2022,Romania,Math,Female,Medium,FemaleMedium,445.2
2025,Romania,Math,Female,Medium,FemaleMedium,445.5
2006,Romania,Math,0,0,General,414.8
2009,Romania,Math,0,0,General,427.1
2012,Romania,Math,0,0,General,444.6
2015,Romania,Math,0,0,General,444
2018,Romania,Math,0,0,General,429.9
2022,Romania,Math,0,0,General,427.8
2025,Romania,Math,0,0,General,419.1
2006,Romania,Math,0,High,GeneralHigh,478.4
2009,Romania,Math,0,High,GeneralHigh,471.8
2012,Romania,Math,0,High,GeneralHigh,521.3
2015,Romania,Math,0,High,GeneralHigh,513.4
2018,Romania,Math,0,High,GeneralHigh,498.2
2022,Romania,Math,0,High,GeneralHigh,505
2025,Romania,Math,0,High,GeneralHigh,497.9
2006,Romania,Math,0,Low,GeneralLow,393.4
2009,Romania,Math,0,Low,GeneralLow,409.6
2012,Romania,Math,0,Low,GeneralLow,423.1
2015,Romania,Math,0,Low,GeneralLow,426.1
2018,Romania,Math,0,Low,GeneralLow,405
2022,Romania,Math,0,Low,GeneralLow,392.1
2025,Romania,Math,0,Low,GeneralLow,386.3
2006,Romania,Math,0,Medium,GeneralMedium,428.9
2009,Romania,Math,0,Medium,GeneralMedium,443.9
2012,Romania,Math,0,Medium,GeneralMedium,465.6
2015,Romania,Math,0,Medium,GeneralMedium,473.4
2018,Romania,Math,0,Medium,GeneralMedium,455.8
2022,Romania,Math,0,Medium,GeneralMedium,450.5
2025,Romania,Math,0,Medium,GeneralMedium,452
2006,Romania,Math,Male,0,Male,418.1
2009,Romania,Math,Male,0,Male,428.8
2012,Romania,Math,Male,0,Male,446.5
2015,Romania,Math,Male,0,Male,444.3
2018,Romania,Math,Male,0,Male,432.5
2022,Romania,Math,Male,0,Male,430.3
2025,Romania,Math,Male,0,Male,422.2
2006,Romania,Math,Male,High,MaleHigh,481.6
2009,Romania,Math,Male,High,MaleHigh,473.1
2012,Romania,Math,Male,High,MaleHigh,526.5
2015,Romania,Math,Male,High,MaleHigh,513.7
2018,Romania,Math,Male,High,MaleHigh,503.9
2022,Romania,Math,Male,High,MaleHigh,514.4
2025,Romania,Math,Male,High,MaleHigh,508.1
2006,Romania,Math,Male,Low,MaleLow,394.4
2009,Romania,Math,Male,Low,MaleLow,410
2012,Romania,Math,Male,Low,MaleLow,424.5
2015,Romania,Math,Male,Low,MaleLow,426.6
2018,Romania,Math,Male,Low,MaleLow,406.7
2022,Romania,Math,Male,Low,MaleLow,391.7
2025,Romania,Math,Male,Low,MaleLow,390.7
2006,Romania,Math,Male,Medium,MaleMedium,431.8
2009,Romania,Math,Male,Medium,MaleMedium,446.4
2012,Romania,Math,Male,Medium,MaleMedium,463.2
2015,Romania,Math,Male,Medium,MaleMedium,471.6
2018,Romania,Math,Male,Medium,MaleMedium,455.9
2022,Romania,Math,Male,Medium,MaleMedium,455.8
2025,Romania,Math,Male,Medium,MaleMedium,458
2006,Romania,Reading,Female,0,Female,417.9
2009,Romania,Reading,Female,0,Female,445.3
2012,Romania,Reading,Female,0,Female,457.4
2015,Romania,Reading,Female,0,Female,442.4
2018,Romania,Reading,Female,0,Female,445.2
2022,Romania,Reading,Female,0,Female,441.7
2025,Romania,Reading,Female,0,Female,429
2006,Romania,Reading,Female,High,FemaleHigh,475.1
2009,Romania,Reading,Female,High,FemaleHigh,497.3
2012,Romania,Reading,Female,High,FemaleHigh,529.1
2015,Romania,Reading,Female,High,FemaleHigh,508.2
2018,Romania,Reading,Female,High,FemaleHigh,509.1
2022,Romania,Reading,Female,High,FemaleHigh,507.2
2025,Romania,Reading,Female,High,FemaleHigh,488.1
2006,Romania,Reading,Female,Low,FemaleLow,399.6
2009,Romania,Reading,Female,Low,FemaleLow,426.3
2012,Romania,Reading,Female,Low,FemaleLow,436.5
2015,Romania,Reading,Female,Low,FemaleLow,424.2
2018,Romania,Reading,Female,Low,FemaleLow,421.3
2022,Romania,Reading,Female,Low,FemaleLow,410.6
2025,Romania,Reading,Female,Low,FemaleLow,401.1
2006,Romania,Reading,Female,Medium,FemaleMedium,433.2
2009,Romania,Reading,Female,Medium,FemaleMedium,464.6
2012,Romania,Reading,Female,Medium,FemaleMedium,485.2
2015,Romania,Reading,Female,Medium,FemaleMedium,477
2018,Romania,Reading,Female,Medium,FemaleMedium,473.8
2022,Romania,Reading,Female,Medium,FemaleMedium,462.9
2025,Romania,Reading,Female,Medium,FemaleMedium,456.3
2006,Romania,Reading,0,0,General,395.9
2009,Romania,Reading,0,0,General,424.5
2012,Romania,Reading,0,0,General,437.6
2015,Romania,Reading,0,0,General,433.6
2018,Romania,Reading,0,0,General,427.7
2022,Romania,Reading,0,0,General,428.5
2025,Romania,Reading,0,0,General,412.9
2006,Romania,Reading,0,High,GeneralHigh,450
2009,Romania,Reading,0,High,GeneralHigh,475.9
2012,Romania,Reading,0,High,GeneralHigh,511.5
2015,Romania,Reading,0,High,GeneralHigh,502.6
2018,Romania,Reading,0,High,GeneralHigh,495.7
2022,Romania,Reading,0,High,GeneralHigh,499.7
2025,Romania,Reading,0,High,GeneralHigh,479
2006,Romania,Reading,0,Low,GeneralLow,377.2
2009,Romania,Reading,0,Low,GeneralLow,404.7
2012,Romania,Reading,0,Low,GeneralLow,417.1
2015,Romania,Reading,0,Low,GeneralLow,415.4
2018,Romania,Reading,0,Low,GeneralLow,403.8
2022,Romania,Reading,0,Low,GeneralLow,395.3
2025,Romania,Reading,0,Low,GeneralLow,386.8
2006,Romania,Reading,0,Medium,GeneralMedium,409.3
2009,Romania,Reading,0,Medium,GeneralMedium,442.9
2012,Romania,Reading,0,Medium,GeneralMedium,459
2015,Romania,Reading,0,Medium,GeneralMedium,465.3
2018,Romania,Reading,0,Medium,GeneralMedium,451.3
2022,Romania,Reading,0,Medium,GeneralMedium,451.4
2025,Romania,Reading,0,Medium,GeneralMedium,442.8
2006,Romania,Reading,Male,0,Male,373.8
2009,Romania,Reading,Male,0,Male,402.8
2012,Romania,Reading,Male,0,Male,417
2015,Romania,Reading,Male,0,Male,424.8
2018,Romania,Reading,Male,0,Male,411.3
2022,Romania,Reading,Male,0,Male,415.3
2025,Romania,Reading,Male,0,Male,398.7
2006,Romania,Reading,Male,High,MaleHigh,428.3
2009,Romania,Reading,Male,High,MaleHigh,455.4
2012,Romania,Reading,Male,High,MaleHigh,494.8
2015,Romania,Reading,Male,High,MaleHigh,496.7
2018,Romania,Reading,Male,High,MaleHigh,483.1
2022,Romania,Reading,Male,High,MaleHigh,492.1
2025,Romania,Reading,Male,High,MaleHigh,470
2006,Romania,Reading,Male,Low,MaleLow,352.7
2009,Romania,Reading,Male,Low,MaleLow,381.3
2012,Romania,Reading,Male,Low,MaleLow,395.9
2015,Romania,Reading,Male,Low,MaleLow,406.2
2018,Romania,Reading,Male,Low,MaleLow,386.2
2022,Romania,Reading,Male,Low,MaleLow,380
2025,Romania,Reading,Male,Low,MaleLow,374.2
2006,Romania,Reading,Male,Medium,MaleMedium,387.5
2009,Romania,Reading,Male,Medium,MaleMedium,421.7
2012,Romania,Reading,Male,Medium,MaleMedium,433.8
2015,Romania,Reading,Male,Medium,MaleMedium,454.6
2018,Romania,Reading,Male,Medium,MaleMedium,433.1
2022,Romania,Reading,Male,Medium,MaleMedium,440
2025,Romania,Reading,Male,Medium,MaleMedium,430.3
2006,Romania,Science,Female,0,Female,419.5
2009,Romania,Science,Female,0,Female,433.1
2012,Romania,Science,Female,0,Female,441.3
2015,Romania,Science,Female,0,Female,437.9
2018,Romania,Science,Female,0,Female,426.1
2022,Romania,Science,Female,0,Female,428.2
2025,Romania,Science,Female,0,Female,425.6
2006,Romania,Science,Female,High,FemaleHigh,479
2009,Romania,Science,Female,High,FemaleHigh,477.1
2012,Romania,Science,Female,High,FemaleHigh,507.2
2015,Romania,Science,Female,High,FemaleHigh,496.4
2018,Romania,Science,Female,High,FemaleHigh,485
2022,Romania,Science,Female,High,FemaleHigh,493.3
2025,Romania,Science,Female,High,FemaleHigh,491.1
2006,Romania,Science,Female,Low,FemaleLow,401.1
2009,Romania,Science,Female,Low,FemaleLow,418.2
2012,Romania,Science,Female,Low,FemaleLow,422.1
2015,Romania,Science,Female,Low,FemaleLow,422.4
2018,Romania,Science,Female,Low,FemaleLow,405.1
2022,Romania,Science,Female,Low,FemaleLow,396.7
2025,Romania,Science,Female,Low,FemaleLow,394.1
2006,Romania,Science,Female,Medium,FemaleMedium,433.9
2009,Romania,Science,Female,Medium,FemaleMedium,447.2
2012,Romania,Science,Female,Medium,FemaleMedium,466.2
2015,Romania,Science,Female,Medium,FemaleMedium,466
2018,Romania,Science,Female,Medium,FemaleMedium,449.4
2022,Romania,Science,Female,Medium,FemaleMedium,449.1
2025,Romania,Science,Female,Medium,FemaleMedium,454.7
2006,Romania,Science,0,0,General,418.4
2009,Romania,Science,0,0,General,428.2
2012,Romania,Science,0,0,General,438.8
2015,Romania,Science,0,0,General,434.9
2018,Romania,Science,0,0,General,425.8
2022,Romania,Science,0,0,General,427.5
2025,Romania,Science,0,0,General,424.7
2006,Romania,Science,0,High,GeneralHigh,478.3
2009,Romania,Science,0,High,GeneralHigh,473
2012,Romania,Science,0,High,GeneralHigh,505.8
2015,Romania,Science,0,High,GeneralHigh,495.5
2018,Romania,Science,0,High,GeneralHigh,487.6
2022,Romania,Science,0,High,GeneralHigh,497.7
2025,Romania,Science,0,High,GeneralHigh,496.5
2006,Romania,Science,0,Low,GeneralLow,397.7
2009,Romania,Science,0,Low,GeneralLow,411.7
2012,Romania,Science,0,Low,GeneralLow,419.6
2015,Romania,Science,0,Low,GeneralLow,419.2
2018,Romania,Science,0,Low,GeneralLow,404.4
2022,Romania,Science,0,Low,GeneralLow,394
2025,Romania,Science,0,Low,GeneralLow,395.4
2006,Romania,Science,0,Medium,GeneralMedium,433
2009,Romania,Science,0,Medium,GeneralMedium,443
2012,Romania,Science,0,Medium,GeneralMedium,459
2015,Romania,Science,0,Medium,GeneralMedium,461
2018,Romania,Science,0,Medium,GeneralMedium,446
2022,Romania,Science,0,Medium,GeneralMedium,450.2
2025,Romania,Science,0,Medium,GeneralMedium,455
2006,Romania,Science,Male,0,Male,417.3
2009,Romania,Science,Male,0,Male,423.1
2012,Romania,Science,Male,0,Male,436.2
2015,Romania,Science,Male,0,Male,431.9
2018,Romania,Science,Male,0,Male,425.5
2022,Romania,Science,Male,0,Male,426.9
2025,Romania,Science,Male,0,Male,423.9
2006,Romania,Science,Male,High,MaleHigh,477.7
2009,Romania,Science,Male,High,MaleHigh,469.1
2012,Romania,Science,Male,High,MaleHigh,504.4
2015,Romania,Science,Male,High,MaleHigh,494.6
2018,Romania,Science,Male,High,MaleHigh,490
2022,Romania,Science,Male,High,MaleHigh,502.1
2025,Romania,Science,Male,High,MaleHigh,501.9
2006,Romania,Science,Male,Low,MaleLow,394
2009,Romania,Science,Male,Low,MaleLow,404.6
2012,Romania,Science,Male,Low,MaleLow,417
2015,Romania,Science,Male,Low,MaleLow,416
2018,Romania,Science,Male,Low,MaleLow,403.7
2022,Romania,Science,Male,Low,MaleLow,391.3
2025,Romania,Science,Male,Low,MaleLow,396.6
2006,Romania,Science,Male,Medium,MaleMedium,432.2
2009,Romania,Science,Male,Medium,MaleMedium,438.9
2012,Romania,Science,Male,Medium,MaleMedium,452.1
2015,Romania,Science,Male,Medium,MaleMedium,456.5
2018,Romania,Science,Male,Medium,MaleMedium,443.3
2022,Romania,Science,Male,Medium,MaleMedium,451.3
2025,Romania,Science,Male,Medium,MaleMedium,455.3
2006,Russian Federation,Math,Female,0,Female,473
2009,Russian Federation,Math,Female,0,Female,466.7
2012,Russian Federation,Math,Female,0,Female,482.9
2015,Russian Federation,Math,Female,0,Female,491.1
2018,Russian Federation,Math,Female,0,Female,485.5
2006,Russian Federation,Math,Female,High,FemaleHigh,509.3
2009,Russian Federation,Math,Female,High,FemaleHigh,524.3
2012,Russian Federation,Math,Female,High,FemaleHigh,526.6
2015,Russian Federation,Math,Female,High,FemaleHigh,518.1
2018,Russian Federation,Math,Female,High,FemaleHigh,518.9
2006,Russian Federation,Math,Female,Low,FemaleLow,454.2
2009,Russian Federation,Math,Female,Low,FemaleLow,442.2
2012,Russian Federation,Math,Female,Low,FemaleLow,452.5
2015,Russian Federation,Math,Female,Low,FemaleLow,471.9
2018,Russian Federation,Math,Female,Low,FemaleLow,456.9
2006,Russian Federation,Math,Female,Medium,FemaleMedium,482.2
2009,Russian Federation,Math,Female,Medium,FemaleMedium,481.4
2012,Russian Federation,Math,Female,Medium,FemaleMedium,502.1
2015,Russian Federation,Math,Female,Medium,FemaleMedium,498.6
2018,Russian Federation,Math,Female,Medium,FemaleMedium,489.2
2006,Russian Federation,Math,0,0,General,475.7
2009,Russian Federation,Math,0,0,General,467.8
2012,Russian Federation,Math,0,0,General,482.2
2015,Russian Federation,Math,0,0,General,494.1
2018,Russian Federation,Math,0,0,General,487.8
2006,Russian Federation,Math,0,High,GeneralHigh,511.7
2009,Russian Federation,Math,0,High,GeneralHigh,519.3
2012,Russian Federation,Math,0,High,GeneralHigh,523.8
2015,Russian Federation,Math,0,High,GeneralHigh,518.7
2018,Russian Federation,Math,0,High,GeneralHigh,519.8
2006,Russian Federation,Math,0,Low,GeneralLow,453.4
2009,Russian Federation,Math,0,Low,GeneralLow,445.6
2012,Russian Federation,Math,0,Low,GeneralLow,453.5
2015,Russian Federation,Math,0,Low,GeneralLow,475.2
2018,Russian Federation,Math,0,Low,GeneralLow,458.4
2006,Russian Federation,Math,0,Medium,GeneralMedium,487.7
2009,Russian Federation,Math,0,Medium,GeneralMedium,480
2012,Russian Federation,Math,0,Medium,GeneralMedium,498.8
2015,Russian Federation,Math,0,Medium,GeneralMedium,502.4
2018,Russian Federation,Math,0,Medium,GeneralMedium,492.4
2006,Russian Federation,Math,Male,0,Male,478.6
2009,Russian Federation,Math,Male,0,Male,468.9
2012,Russian Federation,Math,Male,0,Male,481.4
2015,Russian Federation,Math,Male,0,Male,497.1
2018,Russian Federation,Math,Male,0,Male,490.2
2006,Russian Federation,Math,Male,High,MaleHigh,514.2
2009,Russian Federation,Math,Male,High,MaleHigh,514.4
2012,Russian Federation,Math,Male,High,MaleHigh,521.3
2015,Russian Federation,Math,Male,High,MaleHigh,519.4
2018,Russian Federation,Math,Male,High,MaleHigh,520.8
2006,Russian Federation,Math,Male,Low,MaleLow,452.5
2009,Russian Federation,Math,Male,Low,MaleLow,449.1
2012,Russian Federation,Math,Male,Low,MaleLow,454.6
2015,Russian Federation,Math,Male,Low,MaleLow,478.7
2018,Russian Federation,Math,Male,Low,MaleLow,460.1
2006,Russian Federation,Math,Male,Medium,MaleMedium,493.3
2009,Russian Federation,Math,Male,Medium,MaleMedium,478.7
2012,Russian Federation,Math,Male,Medium,MaleMedium,495.5
2015,Russian Federation,Math,Male,Medium,MaleMedium,506.3
2018,Russian Federation,Math,Male,Medium,MaleMedium,495.6
2006,Russian Federation,Reading,Female,0,Female,458
2009,Russian Federation,Reading,Female,0,Female,481.5
2012,Russian Federation,Reading,Female,0,Female,495.1
2015,Russian Federation,Reading,Female,0,Female,507.5
2018,Russian Federation,Reading,Female,0,Female,491
2006,Russian Federation,Reading,Female,High,FemaleHigh,497.7
2009,Russian Federation,Reading,Female,High,FemaleHigh,542.4
2012,Russian Federation,Reading,Female,High,FemaleHigh,544
2015,Russian Federation,Reading,Female,High,FemaleHigh,543.2
2018,Russian Federation,Reading,Female,High,FemaleHigh,526
2006,Russian Federation,Reading,Female,Low,FemaleLow,437.1
2009,Russian Federation,Reading,Female,Low,FemaleLow,455.9
2012,Russian Federation,Reading,Female,Low,FemaleLow,463
2015,Russian Federation,Reading,Female,Low,FemaleLow,481.8
2018,Russian Federation,Reading,Female,Low,FemaleLow,458.4
2006,Russian Federation,Reading,Female,Medium,FemaleMedium,468.6
2009,Russian Federation,Reading,Female,Medium,FemaleMedium,497.1
2012,Russian Federation,Reading,Female,Medium,FemaleMedium,515
2015,Russian Federation,Reading,Female,Medium,FemaleMedium,517.5
2018,Russian Federation,Reading,Female,Medium,FemaleMedium,497.4
2006,Russian Federation,Reading,0,0,General,439.9
2009,Russian Federation,Reading,0,0,General,459.4
2012,Russian Federation,Reading,0,0,General,475.1
2015,Russian Federation,Reading,0,0,General,494.6
2018,Russian Federation,Reading,0,0,General,478.5
2006,Russian Federation,Reading,0,High,GeneralHigh,478.6
2009,Russian Federation,Reading,0,High,GeneralHigh,511.3
2012,Russian Federation,Reading,0,High,GeneralHigh,521
2015,Russian Federation,Reading,0,High,GeneralHigh,524.6
2018,Russian Federation,Reading,0,High,GeneralHigh,510.2
2006,Russian Federation,Reading,0,Low,GeneralLow,417.3
2009,Russian Federation,Reading,0,Low,GeneralLow,436.4
2012,Russian Federation,Reading,0,Low,GeneralLow,444.1
2015,Russian Federation,Reading,0,Low,GeneralLow,470.7
2018,Russian Federation,Reading,0,Low,GeneralLow,447.4
2006,Russian Federation,Reading,0,Medium,GeneralMedium,450.9
2009,Russian Federation,Reading,0,Medium,GeneralMedium,473.3
2012,Russian Federation,Reading,0,Medium,GeneralMedium,494.1
2015,Russian Federation,Reading,0,Medium,GeneralMedium,505.2
2018,Russian Federation,Reading,0,Medium,GeneralMedium,485.1
2006,Russian Federation,Reading,Male,0,Male,420.1
2009,Russian Federation,Reading,Male,0,Male,436.9
2012,Russian Federation,Reading,Male,0,Male,455.1
2015,Russian Federation,Reading,Male,0,Male,481.4
2018,Russian Federation,Reading,Male,0,Male,465.8
2006,Russian Federation,Reading,Male,High,MaleHigh,459.4
2009,Russian Federation,Reading,Male,High,MaleHigh,481.3
2012,Russian Federation,Reading,Male,High,MaleHigh,499.7
2015,Russian Federation,Reading,Male,High,MaleHigh,506.7
2018,Russian Federation,Reading,Male,High,MaleHigh,494.2
2006,Russian Federation,Reading,Male,Low,MaleLow,393.7
2009,Russian Federation,Reading,Male,Low,MaleLow,415.9
2012,Russian Federation,Reading,Male,Low,MaleLow,424.7
2015,Russian Federation,Reading,Male,Low,MaleLow,458.6
2018,Russian Federation,Reading,Male,Low,MaleLow,435.7
2006,Russian Federation,Reading,Male,Medium,MaleMedium,433.1
2009,Russian Federation,Reading,Male,Medium,MaleMedium,449.8
2012,Russian Federation,Reading,Male,Medium,MaleMedium,472.8
2015,Russian Federation,Reading,Male,Medium,MaleMedium,492.4
2018,Russian Federation,Reading,Male,Medium,MaleMedium,472.8
2006,Russian Federation,Science,Female,0,Female,478.1
2009,Russian Federation,Science,Female,0,Female,479.8
2012,Russian Federation,Science,Female,0,Female,489.1
2015,Russian Federation,Science,Female,0,Female,484.5
2018,Russian Federation,Science,Female,0,Female,478
2006,Russian Federation,Science,Female,High,FemaleHigh,515.8
2009,Russian Federation,Science,Female,High,FemaleHigh,535.4
2012,Russian Federation,Science,Female,High,FemaleHigh,533
2015,Russian Federation,Science,Female,High,FemaleHigh,516.9
2018,Russian Federation,Science,Female,High,FemaleHigh,510.2
2006,Russian Federation,Science,Female,Low,FemaleLow,458
2009,Russian Federation,Science,Female,Low,FemaleLow,457
2012,Russian Federation,Science,Female,Low,FemaleLow,458.2
2015,Russian Federation,Science,Female,Low,FemaleLow,459.7
2018,Russian Federation,Science,Female,Low,FemaleLow,447.9
2006,Russian Federation,Science,Female,Medium,FemaleMedium,488.6
2009,Russian Federation,Science,Female,Medium,FemaleMedium,492.8
2012,Russian Federation,Science,Female,Medium,FemaleMedium,509
2015,Russian Federation,Science,Female,Medium,FemaleMedium,493.5
2018,Russian Federation,Science,Female,Medium,FemaleMedium,483.9
2006,Russian Federation,Science,0,0,General,479.5
2009,Russian Federation,Science,0,0,General,478.3
2012,Russian Federation,Science,0,0,General,486.3
2015,Russian Federation,Science,0,0,General,486.6
2018,Russian Federation,Science,0,0,General,477.7
2006,Russian Federation,Science,0,High,GeneralHigh,514.4
2009,Russian Federation,Science,0,High,GeneralHigh,526.7
2012,Russian Federation,Science,0,High,GeneralHigh,531.8
2015,Russian Federation,Science,0,High,GeneralHigh,515.7
2018,Russian Federation,Science,0,High,GeneralHigh,507.2
2006,Russian Federation,Science,0,Low,GeneralLow,456.9
2009,Russian Federation,Science,0,Low,GeneralLow,457.5
2012,Russian Federation,Science,0,Low,GeneralLow,455.8
2015,Russian Federation,Science,0,Low,GeneralLow,463.5
2018,Russian Federation,Science,0,Low,GeneralLow,448.7
2006,Russian Federation,Science,0,Medium,GeneralMedium,492.5
2009,Russian Federation,Science,0,Medium,GeneralMedium,490
2012,Russian Federation,Science,0,Medium,GeneralMedium,504.3
2015,Russian Federation,Science,0,Medium,GeneralMedium,495.9
2018,Russian Federation,Science,0,Medium,GeneralMedium,483.9
2006,Russian Federation,Science,Male,0,Male,480.9
2009,Russian Federation,Science,Male,0,Male,476.7
2012,Russian Federation,Science,Male,0,Male,483.5
2015,Russian Federation,Science,Male,0,Male,488.8
2018,Russian Federation,Science,Male,0,Male,477.4
2006,Russian Federation,Science,Male,High,MaleHigh,513.1
2009,Russian Federation,Science,Male,High,MaleHigh,518.2
2012,Russian Federation,Science,Male,High,MaleHigh,530.8
2015,Russian Federation,Science,Male,High,MaleHigh,514.5
2018,Russian Federation,Science,Male,High,MaleHigh,504.2
2006,Russian Federation,Science,Male,Low,MaleLow,455.6
2009,Russian Federation,Science,Male,Low,MaleLow,458.1
2012,Russian Federation,Science,Male,Low,MaleLow,453.2
2015,Russian Federation,Science,Male,Low,MaleLow,467.6
2018,Russian Federation,Science,Male,Low,MaleLow,449.5
2006,Russian Federation,Science,Male,Medium,MaleMedium,496.5
2009,Russian Federation,Science,Male,Medium,MaleMedium,487.2
2012,Russian Federation,Science,Male,Medium,MaleMedium,499.5
2015,Russian Federation,Science,Male,Medium,MaleMedium,498.4
2018,Russian Federation,Science,Male,Medium,MaleMedium,483.9
2025,Rwanda,Math,Female,0,Female,301.7
2025,Rwanda,Math,Female,High,FemaleHigh,351.9
2025,Rwanda,Math,Female,Low,FemaleLow,301.1
2025,Rwanda,Math,Female,Medium,FemaleMedium,341
2025,Rwanda,Math,0,0,General,311.6
2025,Rwanda,Math,0,High,GeneralHigh,355.1
2025,Rwanda,Math,0,Low,GeneralLow,311.2
2025,Rwanda,Math,0,Medium,GeneralMedium,351.3
2025,Rwanda,Math,Male,0,Male,324.7
2025,Rwanda,Math,Male,High,MaleHigh,361
2025,Rwanda,Math,Male,Low,MaleLow,324.1
2025,Rwanda,Math,Male,Medium,MaleMedium,365.8
2025,Rwanda,Reading,Female,0,Female,298.3
2025,Rwanda,Reading,Female,High,FemaleHigh,355.6
2025,Rwanda,Reading,Female,Low,FemaleLow,296.1
2025,Rwanda,Reading,Female,Medium,FemaleMedium,335.5
2025,Rwanda,Reading,0,0,General,300.9
2025,Rwanda,Reading,0,High,GeneralHigh,351.3
2025,Rwanda,Reading,0,Low,GeneralLow,299.2
2025,Rwanda,Reading,0,Medium,GeneralMedium,335.3
2025,Rwanda,Reading,Male,0,Male,304.4
2025,Rwanda,Reading,Male,High,MaleHigh,343.4
2025,Rwanda,Reading,Male,Low,MaleLow,303.3
2025,Rwanda,Reading,Male,Medium,MaleMedium,335.1
2025,Rwanda,Science,Female,0,Female,306
2025,Rwanda,Science,Female,High,FemaleHigh,380.5
2025,Rwanda,Science,Female,Low,FemaleLow,304
2025,Rwanda,Science,Female,Medium,FemaleMedium,356.1
2025,Rwanda,Science,0,0,General,317.3
2025,Rwanda,Science,0,High,GeneralHigh,380.4
2025,Rwanda,Science,0,Low,GeneralLow,315.8
2025,Rwanda,Science,0,Medium,GeneralMedium,366.7
2025,Rwanda,Science,Male,0,Male,332.1
2025,Rwanda,Science,Male,High,MaleHigh,380.2
2025,Rwanda,Science,Male,Low,MaleLow,330.7
2025,Rwanda,Science,Male,Medium,MaleMedium,381.7
2018,Saudi Arabia,Math,Female,0,Female,380
2022,Saudi Arabia,Math,Female,0,Female,387.8
2025,Saudi Arabia,Math,Female,0,Female,386.3
2018,Saudi Arabia,Math,Female,High,FemaleHigh,425.4
2022,Saudi Arabia,Math,Female,High,FemaleHigh,412.9
2025,Saudi Arabia,Math,Female,High,FemaleHigh,403.2
2018,Saudi Arabia,Math,Female,Low,FemaleLow,363
2022,Saudi Arabia,Math,Female,Low,FemaleLow,372.5
2025,Saudi Arabia,Math,Female,Low,FemaleLow,364.3
2018,Saudi Arabia,Math,Female,Medium,FemaleMedium,398.9
2022,Saudi Arabia,Math,Female,Medium,FemaleMedium,397.5
2025,Saudi Arabia,Math,Female,Medium,FemaleMedium,389.1
2018,Saudi Arabia,Math,0,0,General,373.2
2022,Saudi Arabia,Math,0,0,General,388.8
2025,Saudi Arabia,Math,0,0,General,389.9
2018,Saudi Arabia,Math,0,High,GeneralHigh,416
2022,Saudi Arabia,Math,0,High,GeneralHigh,418.3
2025,Saudi Arabia,Math,0,High,GeneralHigh,409.6
2018,Saudi Arabia,Math,0,Low,GeneralLow,357.6
2022,Saudi Arabia,Math,0,Low,GeneralLow,372.3
2025,Saudi Arabia,Math,0,Low,GeneralLow,365.3
2018,Saudi Arabia,Math,0,Medium,GeneralMedium,392.9
2022,Saudi Arabia,Math,0,Medium,GeneralMedium,397.7
2025,Saudi Arabia,Math,0,Medium,GeneralMedium,394.4
2018,Saudi Arabia,Math,Male,0,Male,366.9
2022,Saudi Arabia,Math,Male,0,Male,389.8
2025,Saudi Arabia,Math,Male,0,Male,393.5
2018,Saudi Arabia,Math,Male,High,MaleHigh,405.9
2022,Saudi Arabia,Math,Male,High,MaleHigh,423.9
2025,Saudi Arabia,Math,Male,High,MaleHigh,416.8
2018,Saudi Arabia,Math,Male,Low,MaleLow,352.5
2022,Saudi Arabia,Math,Male,Low,MaleLow,372.1
2025,Saudi Arabia,Math,Male,Low,MaleLow,366.5
2018,Saudi Arabia,Math,Male,Medium,MaleMedium,387.7
2022,Saudi Arabia,Math,Male,Medium,MaleMedium,397.9
2025,Saudi Arabia,Math,Male,Medium,MaleMedium,400
2018,Saudi Arabia,Reading,Female,0,Female,427.2
2022,Saudi Arabia,Reading,Female,0,Female,398.5
2025,Saudi Arabia,Reading,Female,0,Female,400.3
2018,Saudi Arabia,Reading,Female,High,FemaleHigh,472.1
2022,Saudi Arabia,Reading,Female,High,FemaleHigh,427.8
2025,Saudi Arabia,Reading,Female,High,FemaleHigh,414.9
2018,Saudi Arabia,Reading,Female,Low,FemaleLow,409.5
2022,Saudi Arabia,Reading,Female,Low,FemaleLow,380.2
2025,Saudi Arabia,Reading,Female,Low,FemaleLow,381.4
2018,Saudi Arabia,Reading,Female,Medium,FemaleMedium,448.3
2022,Saudi Arabia,Reading,Female,Medium,FemaleMedium,410.5
2025,Saudi Arabia,Reading,Female,Medium,FemaleMedium,405.6
2018,Saudi Arabia,Reading,0,0,General,399.2
2022,Saudi Arabia,Reading,0,0,General,382.6
2025,Saudi Arabia,Reading,0,0,General,387.3
2018,Saudi Arabia,Reading,0,High,GeneralHigh,443.9
2022,Saudi Arabia,Reading,0,High,GeneralHigh,414.8
2025,Saudi Arabia,Reading,0,High,GeneralHigh,406.9
2018,Saudi Arabia,Reading,0,Low,GeneralLow,382.6
2022,Saudi Arabia,Reading,0,Low,GeneralLow,364.2
2025,Saudi Arabia,Reading,0,Low,GeneralLow,366.6
2018,Saudi Arabia,Reading,0,Medium,GeneralMedium,420.7
2022,Saudi Arabia,Reading,0,Medium,GeneralMedium,392.3
2025,Saudi Arabia,Reading,0,Medium,GeneralMedium,394.2
2018,Saudi Arabia,Reading,Male,0,Male,372.8
2022,Saudi Arabia,Reading,Male,0,Male,365.8
2025,Saudi Arabia,Reading,Male,0,Male,374.1
2018,Saudi Arabia,Reading,Male,High,MaleHigh,413.4
2022,Saudi Arabia,Reading,Male,High,MaleHigh,401.3
2025,Saudi Arabia,Reading,Male,High,MaleHigh,397.8
2018,Saudi Arabia,Reading,Male,Low,MaleLow,357
2022,Saudi Arabia,Reading,Male,Low,MaleLow,346.6
2025,Saudi Arabia,Reading,Male,Low,MaleLow,350
2018,Saudi Arabia,Reading,Male,Medium,MaleMedium,396.3
2022,Saudi Arabia,Reading,Male,Medium,MaleMedium,373.7
2025,Saudi Arabia,Reading,Male,Medium,MaleMedium,382.4
2018,Saudi Arabia,Science,Female,0,Female,401.1
2022,Saudi Arabia,Science,Female,0,Female,397.9
2025,Saudi Arabia,Science,Female,0,Female,421.6
2018,Saudi Arabia,Science,Female,High,FemaleHigh,444.9
2022,Saudi Arabia,Science,Female,High,FemaleHigh,421.3
2025,Saudi Arabia,Science,Female,High,FemaleHigh,440.4
2018,Saudi Arabia,Science,Female,Low,FemaleLow,384.3
2022,Saudi Arabia,Science,Female,Low,FemaleLow,382.6
2025,Saudi Arabia,Science,Female,Low,FemaleLow,397
2018,Saudi Arabia,Science,Female,Medium,FemaleMedium,420.4
2022,Saudi Arabia,Science,Female,Medium,FemaleMedium,408.9
2025,Saudi Arabia,Science,Female,Medium,FemaleMedium,426.2
2018,Saudi Arabia,Science,0,0,General,386.2
2022,Saudi Arabia,Science,0,0,General,390.4
2025,Saudi Arabia,Science,0,0,General,413.4
2018,Saudi Arabia,Science,0,High,GeneralHigh,428.7
2022,Saudi Arabia,Science,0,High,GeneralHigh,416.5
2025,Saudi Arabia,Science,0,High,GeneralHigh,436.5
2018,Saudi Arabia,Science,0,Low,GeneralLow,370.5
2022,Saudi Arabia,Science,0,Low,GeneralLow,374.5
2025,Saudi Arabia,Science,0,Low,GeneralLow,387.3
2018,Saudi Arabia,Science,0,Medium,GeneralMedium,405.9
2022,Saudi Arabia,Science,0,Medium,GeneralMedium,400.4
2025,Saudi Arabia,Science,0,Medium,GeneralMedium,419.5
2018,Saudi Arabia,Science,Male,0,Male,372.3
2022,Saudi Arabia,Science,Male,0,Male,382.5
2025,Saudi Arabia,Science,Male,0,Male,405.1
2018,Saudi Arabia,Science,Male,High,MaleHigh,411.3
2022,Saudi Arabia,Science,Male,High,MaleHigh,411.6
2025,Saudi Arabia,Science,Male,High,MaleHigh,432.2
2018,Saudi Arabia,Science,Male,Low,MaleLow,357.3
2022,Saudi Arabia,Science,Male,Low,MaleLow,365.5
2025,Saudi Arabia,Science,Male,Low,MaleLow,376.5
2018,Saudi Arabia,Science,Male,Medium,MaleMedium,393.2
2022,Saudi Arabia,Science,Male,Medium,MaleMedium,391.8
2025,Saudi Arabia,Science,Male,Medium,MaleMedium,412.5
2006,Serbia,Math,Female,0,Female,432.6
2009,Serbia,Math,Female,0,Female,436.6
2012,Serbia,Math,Female,0,Female,444.3
2018,Serbia,Math,Female,0,Female,446.8
2022,Serbia,Math,Female,0,Female,434.3
2025,Serbia,Math,Female,0,Female,416.7
2006,Serbia,Math,Female,High,FemaleHigh,475.5
2009,Serbia,Math,Female,High,FemaleHigh,475.5
2012,Serbia,Math,Female,High,FemaleHigh,495.2
2018,Serbia,Math,Female,High,FemaleHigh,502.3
2022,Serbia,Math,Female,High,FemaleHigh,481.9
2025,Serbia,Math,Female,High,FemaleHigh,462.2
2006,Serbia,Math,Female,Low,FemaleLow,407
2009,Serbia,Math,Female,Low,FemaleLow,415
2012,Serbia,Math,Female,Low,FemaleLow,423.9
2018,Serbia,Math,Female,Low,FemaleLow,425.3
2022,Serbia,Math,Female,Low,FemaleLow,410.8
2025,Serbia,Math,Female,Low,FemaleLow,396.7
2006,Serbia,Math,Female,Medium,FemaleMedium,445.9
2009,Serbia,Math,Female,Medium,FemaleMedium,438
2012,Serbia,Math,Female,Medium,FemaleMedium,462.1
2018,Serbia,Math,Female,Medium,FemaleMedium,458
2022,Serbia,Math,Female,Medium,FemaleMedium,447.3
2025,Serbia,Math,Female,Medium,FemaleMedium,436.1
2006,Serbia,Math,0,0,General,435.4
2009,Serbia,Math,0,0,General,442.4
2012,Serbia,Math,0,0,General,448.9
2018,Serbia,Math,0,0,General,448.3
2022,Serbia,Math,0,0,General,439.9
2025,Serbia,Math,0,0,General,416.7
2006,Serbia,Math,0,High,GeneralHigh,480.7
2009,Serbia,Math,0,High,GeneralHigh,483.7
2012,Serbia,Math,0,High,GeneralHigh,504.5
2018,Serbia,Math,0,High,GeneralHigh,503.3
2022,Serbia,Math,0,High,GeneralHigh,488.3
2025,Serbia,Math,0,High,GeneralHigh,466.3
2006,Serbia,Math,0,Low,GeneralLow,410.7
2009,Serbia,Math,0,Low,GeneralLow,417.2
2012,Serbia,Math,0,Low,GeneralLow,428.5
2018,Serbia,Math,0,Low,GeneralLow,426.4
2022,Serbia,Math,0,Low,GeneralLow,415.4
2025,Serbia,Math,0,Low,GeneralLow,397.8
2006,Serbia,Math,0,Medium,GeneralMedium,446
2009,Serbia,Math,0,Medium,GeneralMedium,442.8
2012,Serbia,Math,0,Medium,GeneralMedium,458.8
2018,Serbia,Math,0,Medium,GeneralMedium,461.1
2022,Serbia,Math,0,Medium,GeneralMedium,453.9
2025,Serbia,Math,0,Medium,GeneralMedium,438.8
2006,Serbia,Math,Male,0,Male,438.1
2009,Serbia,Math,Male,0,Male,448.1
2012,Serbia,Math,Male,0,Male,453.5
2018,Serbia,Math,Male,0,Male,449.7
2022,Serbia,Math,Male,0,Male,445.3
2025,Serbia,Math,Male,0,Male,416.8
2006,Serbia,Math,Male,High,MaleHigh,486.1
2009,Serbia,Math,Male,High,MaleHigh,490.9
2012,Serbia,Math,Male,High,MaleHigh,512.8
2018,Serbia,Math,Male,High,MaleHigh,504.3
2022,Serbia,Math,Male,High,MaleHigh,494.9
2025,Serbia,Math,Male,High,MaleHigh,470.4
2006,Serbia,Math,Male,Low,MaleLow,414.2
2009,Serbia,Math,Male,Low,MaleLow,419.6
2012,Serbia,Math,Male,Low,MaleLow,433.4
2018,Serbia,Math,Male,Low,MaleLow,427.5
2022,Serbia,Math,Male,Low,MaleLow,420
2025,Serbia,Math,Male,Low,MaleLow,399.2
2006,Serbia,Math,Male,Medium,MaleMedium,446.1
2009,Serbia,Math,Male,Medium,MaleMedium,447.3
2012,Serbia,Math,Male,Medium,MaleMedium,455.6
2018,Serbia,Math,Male,Medium,MaleMedium,464
2022,Serbia,Math,Male,Medium,MaleMedium,460.1
2025,Serbia,Math,Male,Medium,MaleMedium,441.3
2006,Serbia,Reading,Female,0,Female,422.2
2009,Serbia,Reading,Female,0,Female,461.8
2012,Serbia,Reading,Female,0,Female,469.1
2018,Serbia,Reading,Female,0,Female,457.9
2022,Serbia,Reading,Female,0,Female,453.5
2025,Serbia,Reading,Female,0,Female,434.6
2006,Serbia,Reading,Female,High,FemaleHigh,468.6
2009,Serbia,Reading,Female,High,FemaleHigh,498
2012,Serbia,Reading,Female,High,FemaleHigh,511.2
2018,Serbia,Reading,Female,High,FemaleHigh,508.2
2022,Serbia,Reading,Female,High,FemaleHigh,498.4
2025,Serbia,Reading,Female,High,FemaleHigh,476.5
2006,Serbia,Reading,Female,Low,FemaleLow,394.3
2009,Serbia,Reading,Female,Low,FemaleLow,440.6
2012,Serbia,Reading,Female,Low,FemaleLow,452
2018,Serbia,Reading,Female,Low,FemaleLow,438.1
2022,Serbia,Reading,Female,Low,FemaleLow,430.8
2025,Serbia,Reading,Female,Low,FemaleLow,416.9
2006,Serbia,Reading,Female,Medium,FemaleMedium,436.9
2009,Serbia,Reading,Female,Medium,FemaleMedium,464.8
2012,Serbia,Reading,Female,Medium,FemaleMedium,486.2
2018,Serbia,Reading,Female,Medium,FemaleMedium,469.3
2022,Serbia,Reading,Female,Medium,FemaleMedium,465.8
2025,Serbia,Reading,Female,Medium,FemaleMedium,454.3
2006,Serbia,Reading,0,0,General,401
2009,Serbia,Reading,0,0,General,442
2012,Serbia,Reading,0,0,General,446.1
2018,Serbia,Reading,0,0,General,439.5
2022,Serbia,Reading,0,0,General,440.4
2025,Serbia,Reading,0,0,General,414.6
2006,Serbia,Reading,0,High,GeneralHigh,449.5
2009,Serbia,Reading,0,High,GeneralHigh,476.8
2012,Serbia,Reading,0,High,GeneralHigh,494.5
2018,Serbia,Reading,0,High,GeneralHigh,489.9
2022,Serbia,Reading,0,High,GeneralHigh,484.9
2025,Serbia,Reading,0,High,GeneralHigh,459.8
2006,Serbia,Reading,0,Low,GeneralLow,374.7
2009,Serbia,Reading,0,Low,GeneralLow,420.2
2012,Serbia,Reading,0,Low,GeneralLow,429.2
2018,Serbia,Reading,0,Low,GeneralLow,419.5
2022,Serbia,Reading,0,Low,GeneralLow,417.8
2025,Serbia,Reading,0,Low,GeneralLow,400.6
2006,Serbia,Reading,0,Medium,GeneralMedium,412.4
2009,Serbia,Reading,0,Medium,GeneralMedium,443.3
2012,Serbia,Reading,0,Medium,GeneralMedium,454.9
2018,Serbia,Reading,0,Medium,GeneralMedium,451.7
2022,Serbia,Reading,0,Medium,GeneralMedium,452.7
2025,Serbia,Reading,0,Medium,GeneralMedium,436.3
2006,Serbia,Reading,Male,0,Male,380.5
2009,Serbia,Reading,Male,0,Male,422.4
2012,Serbia,Reading,Male,0,Male,422.9
2018,Serbia,Reading,Male,0,Male,421.7
2022,Serbia,Reading,Male,0,Male,427.7
2025,Serbia,Reading,Male,0,Male,394.8
2006,Serbia,Reading,Male,High,MaleHigh,429.8
2009,Serbia,Reading,Male,High,MaleHigh,458.4
2012,Serbia,Reading,Male,High,MaleHigh,479.6
2018,Serbia,Reading,Male,High,MaleHigh,471.9
2022,Serbia,Reading,Male,High,MaleHigh,471
2025,Serbia,Reading,Male,High,MaleHigh,442.8
2006,Serbia,Reading,Male,Low,MaleLow,355.7
2009,Serbia,Reading,Male,Low,MaleLow,397.5
2012,Serbia,Reading,Male,Low,MaleLow,404.5
2018,Serbia,Reading,Male,Low,MaleLow,401.2
2022,Serbia,Reading,Male,Low,MaleLow,405.2
2025,Serbia,Reading,Male,Low,MaleLow,381.8
2006,Serbia,Reading,Male,Medium,MaleMedium,389.5
2009,Serbia,Reading,Male,Medium,MaleMedium,422.9
2012,Serbia,Reading,Male,Medium,MaleMedium,425.1
2018,Serbia,Reading,Male,Medium,MaleMedium,435.1
2022,Serbia,Reading,Male,Medium,MaleMedium,440.6
2025,Serbia,Reading,Male,Medium,MaleMedium,419.1
2006,Serbia,Science,Female,0,Female,438.4
2009,Serbia,Science,Female,0,Female,443.4
2012,Serbia,Science,Female,0,Female,446.9
2018,Serbia,Science,Female,0,Female,442.4
2022,Serbia,Science,Female,0,Female,449.3
2025,Serbia,Science,Female,0,Female,435.7
2006,Serbia,Science,Female,High,FemaleHigh,481
2009,Serbia,Science,Female,High,FemaleHigh,480.2
2012,Serbia,Science,Female,High,FemaleHigh,486.8
2018,Serbia,Science,Female,High,FemaleHigh,493.9
2022,Serbia,Science,Female,High,FemaleHigh,497.1
2025,Serbia,Science,Female,High,FemaleHigh,477.3
2006,Serbia,Science,Female,Low,FemaleLow,414.1
2009,Serbia,Science,Female,Low,FemaleLow,422.8
2012,Serbia,Science,Female,Low,FemaleLow,429.9
2018,Serbia,Science,Female,Low,FemaleLow,423
2022,Serbia,Science,Female,Low,FemaleLow,426.7
2025,Serbia,Science,Female,Low,FemaleLow,417.9
2006,Serbia,Science,Female,Medium,FemaleMedium,449.6
2009,Serbia,Science,Female,Medium,FemaleMedium,445.1
2012,Serbia,Science,Female,Medium,FemaleMedium,463.9
2018,Serbia,Science,Female,Medium,FemaleMedium,451.4
2022,Serbia,Science,Female,Medium,FemaleMedium,461.5
2025,Serbia,Science,Female,Medium,FemaleMedium,453.8
2006,Serbia,Science,0,0,General,435.6
2009,Serbia,Science,0,0,General,442.8
2012,Serbia,Science,0,0,General,444.8
2018,Serbia,Science,0,0,General,439.9
2022,Serbia,Science,0,0,General,447.5
2025,Serbia,Science,0,0,General,429
2006,Serbia,Science,0,High,GeneralHigh,480.4
2009,Serbia,Science,0,High,GeneralHigh,479.5
2012,Serbia,Science,0,High,GeneralHigh,491.2
2018,Serbia,Science,0,High,GeneralHigh,492.7
2022,Serbia,Science,0,High,GeneralHigh,494.7
2025,Serbia,Science,0,High,GeneralHigh,473.8
2006,Serbia,Science,0,Low,GeneralLow,412
2009,Serbia,Science,0,Low,GeneralLow,421.2
2012,Serbia,Science,0,Low,GeneralLow,428.1
2018,Serbia,Science,0,Low,GeneralLow,419.5
2022,Serbia,Science,0,Low,GeneralLow,424.1
2025,Serbia,Science,0,Low,GeneralLow,413.1
2006,Serbia,Science,0,Medium,GeneralMedium,444.8
2009,Serbia,Science,0,Medium,GeneralMedium,442.3
2012,Serbia,Science,0,Medium,GeneralMedium,452.9
2018,Serbia,Science,0,Medium,GeneralMedium,450.8
2022,Serbia,Science,0,Medium,GeneralMedium,461.1
2025,Serbia,Science,0,Medium,GeneralMedium,450.1
2006,Serbia,Science,Male,0,Male,433
2009,Serbia,Science,Male,0,Male,442.2
2012,Serbia,Science,Male,0,Male,442.7
2018,Serbia,Science,Male,0,Male,437.4
2022,Serbia,Science,Male,0,Male,445.6
2025,Serbia,Science,Male,0,Male,422.4
2006,Serbia,Science,Male,High,MaleHigh,479.7
2009,Serbia,Science,Male,High,MaleHigh,478.9
2012,Serbia,Science,Male,High,MaleHigh,495.1
2018,Serbia,Science,Male,High,MaleHigh,491.6
2022,Serbia,Science,Male,High,MaleHigh,492.1
2025,Serbia,Science,Male,High,MaleHigh,470.2
2006,Serbia,Science,Male,Low,MaleLow,410.1
2009,Serbia,Science,Male,Low,MaleLow,419.5
2012,Serbia,Science,Male,Low,MaleLow,426.1
2018,Serbia,Science,Male,Low,MaleLow,416
2022,Serbia,Science,Male,Low,MaleLow,421.5
2025,Serbia,Science,Male,Low,MaleLow,407.7
2006,Serbia,Science,Male,Medium,MaleMedium,440.4
2009,Serbia,Science,Male,Medium,MaleMedium,439.7
2012,Serbia,Science,Male,Medium,MaleMedium,442.6
2018,Serbia,Science,Male,Medium,MaleMedium,450.1
2022,Serbia,Science,Male,Medium,MaleMedium,460.7
2025,Serbia,Science,Male,Medium,MaleMedium,446.7
2009,Shanghai-China,Math,Female,0,Female,600.7
2012,Shanghai-China,Math,Female,0,Female,609.9
2009,Shanghai-China,Math,Female,High,FemaleHigh,663.7
2012,Shanghai-China,Math,Female,High,FemaleHigh,660
2009,Shanghai-China,Math,Female,Low,FemaleLow,576
2012,Shanghai-China,Math,Female,Low,FemaleLow,581.3
2009,Shanghai-China,Math,Female,Medium,FemaleMedium,622.4
2012,Shanghai-China,Math,Female,Medium,FemaleMedium,632.9
2009,Shanghai-China,Math,0,0,General,600.1
2012,Shanghai-China,Math,0,0,General,612.7
2009,Shanghai-China,Math,0,High,GeneralHigh,657.7
2012,Shanghai-China,Math,0,High,GeneralHigh,666.9
2009,Shanghai-China,Math,0,Low,GeneralLow,576.6
2012,Shanghai-China,Math,0,Low,GeneralLow,584.1
2009,Shanghai-China,Math,0,Medium,GeneralMedium,623.5
2012,Shanghai-China,Math,0,Medium,GeneralMedium,636.5
2009,Shanghai-China,Math,Male,0,Male,599.4
2012,Shanghai-China,Math,Male,0,Male,615.6
2009,Shanghai-China,Math,Male,High,MaleHigh,651.1
2012,Shanghai-China,Math,Male,High,MaleHigh,674.5
2009,Shanghai-China,Math,Male,Low,MaleLow,577.2
2012,Shanghai-China,Math,Male,Low,MaleLow,586.9
2009,Shanghai-China,Math,Male,Medium,MaleMedium,624.7
2012,Shanghai-China,Math,Male,Medium,MaleMedium,640.6
2009,Shanghai-China,Reading,Female,0,Female,575.6
2012,Shanghai-China,Reading,Female,0,Female,581.3
2009,Shanghai-China,Reading,Female,High,FemaleHigh,621.9
2012,Shanghai-China,Reading,Female,High,FemaleHigh,618.4
2009,Shanghai-China,Reading,Female,Low,FemaleLow,557.6
2012,Shanghai-China,Reading,Female,Low,FemaleLow,559.4
2009,Shanghai-China,Reading,Female,Medium,FemaleMedium,591
2012,Shanghai-China,Reading,Female,Medium,FemaleMedium,599.9
2009,Shanghai-China,Reading,0,0,General,555.8
2012,Shanghai-China,Reading,0,0,General,569.6
2009,Shanghai-China,Reading,0,High,GeneralHigh,603.1
2012,Shanghai-China,Reading,0,High,GeneralHigh,613
2009,Shanghai-China,Reading,0,Low,GeneralLow,537.4
2012,Shanghai-China,Reading,0,Low,GeneralLow,546.6
2009,Shanghai-China,Reading,0,Medium,GeneralMedium,573.3
2012,Shanghai-China,Reading,0,Medium,GeneralMedium,589.4
2009,Shanghai-China,Reading,Male,0,Male,535.7
2012,Shanghai-China,Reading,Male,0,Male,557.3
2009,Shanghai-China,Reading,Male,High,MaleHigh,582.2
2012,Shanghai-China,Reading,Male,High,MaleHigh,607.2
2009,Shanghai-China,Reading,Male,Low,MaleLow,516.9
2012,Shanghai-China,Reading,Male,Low,MaleLow,533.8
2009,Shanghai-China,Reading,Male,Medium,MaleMedium,555.6
2012,Shanghai-China,Reading,Male,Medium,MaleMedium,577.5
2009,Shanghai-China,Science,Female,0,Female,574.9
2012,Shanghai-China,Science,Female,0,Female,577.8
2009,Shanghai-China,Science,Female,High,FemaleHigh,618.7
2012,Shanghai-China,Science,Female,High,FemaleHigh,616.3
2009,Shanghai-China,Science,Female,Low,FemaleLow,557.8
2012,Shanghai-China,Science,Female,Low,FemaleLow,555.1
2009,Shanghai-China,Science,Female,Medium,FemaleMedium,589.9
2012,Shanghai-China,Science,Female,Medium,FemaleMedium,596.8
2009,Shanghai-China,Science,0,0,General,574.6
2012,Shanghai-China,Science,0,0,General,580.1
2009,Shanghai-China,Science,0,High,GeneralHigh,620.7
2012,Shanghai-China,Science,0,High,GeneralHigh,624.1
2009,Shanghai-China,Science,0,Low,GeneralLow,556.1
2012,Shanghai-China,Science,0,Low,GeneralLow,557.2
2009,Shanghai-China,Science,0,Medium,GeneralMedium,592.7
2012,Shanghai-China,Science,0,Medium,GeneralMedium,599.2
2009,Shanghai-China,Science,Male,0,Male,574.3
2012,Shanghai-China,Science,Male,0,Male,582.5
2009,Shanghai-China,Science,Male,High,MaleHigh,623
2012,Shanghai-China,Science,Male,High,MaleHigh,632.7
2009,Shanghai-China,Science,Male,Low,MaleLow,554.3
2012,Shanghai-China,Science,Male,Low,MaleLow,559.3
2009,Shanghai-China,Science,Male,Medium,MaleMedium,595.6
2012,Shanghai-China,Science,Male,Medium,MaleMedium,602
2009,Singapore,Math,Female,0,Female,559.4
2012,Singapore,Math,Female,0,Female,575.1
2015,Singapore,Math,Female,0,Female,564.3
2018,Singapore,Math,Female,0,Female,566.9
2022,Singapore,Math,Female,0,Female,568.5
2025,Singapore,Math,Female,0,Female,557.9
2009,Singapore,Math,Female,High,FemaleHigh,636
2012,Singapore,Math,Female,High,FemaleHigh,637.6
2015,Singapore,Math,Female,High,FemaleHigh,608.8
2018,Singapore,Math,Female,High,FemaleHigh,603.5
2022,Singapore,Math,Female,High,FemaleHigh,614
2025,Singapore,Math,Female,High,FemaleHigh,595
2009,Singapore,Math,Female,Low,FemaleLow,529.1
2012,Singapore,Math,Female,Low,FemaleLow,543.2
2015,Singapore,Math,Female,Low,FemaleLow,522.6
2018,Singapore,Math,Female,Low,FemaleLow,522.5
2022,Singapore,Math,Female,Low,FemaleLow,505.7
2025,Singapore,Math,Female,Low,FemaleLow,490.9
2009,Singapore,Math,Female,Medium,FemaleMedium,593.9
2012,Singapore,Math,Female,Medium,FemaleMedium,594.8
2015,Singapore,Math,Female,Medium,FemaleMedium,570.2
2018,Singapore,Math,Female,Medium,FemaleMedium,568.5
2022,Singapore,Math,Female,Medium,FemaleMedium,562.8
2025,Singapore,Math,Female,Medium,FemaleMedium,547.3
2009,Singapore,Math,0,0,General,562
2012,Singapore,Math,0,0,General,573.5
2015,Singapore,Math,0,0,General,564.2
2018,Singapore,Math,0,0,General,569
2022,Singapore,Math,0,0,General,574.7
2025,Singapore,Math,0,0,General,562.9
2009,Singapore,Math,0,High,GeneralHigh,630.7
2012,Singapore,Math,0,High,GeneralHigh,634.2
2015,Singapore,Math,0,High,GeneralHigh,610.2
2018,Singapore,Math,0,High,GeneralHigh,607
2022,Singapore,Math,0,High,GeneralHigh,619.5
2025,Singapore,Math,0,High,GeneralHigh,601.7
2009,Singapore,Math,0,Low,GeneralLow,534.7
2012,Singapore,Math,0,Low,GeneralLow,541
2015,Singapore,Math,0,Low,GeneralLow,523.7
2018,Singapore,Math,0,Low,GeneralLow,526.8
2022,Singapore,Math,0,Low,GeneralLow,515.8
2025,Singapore,Math,0,Low,GeneralLow,496.4
2009,Singapore,Math,0,Medium,GeneralMedium,595.4
2012,Singapore,Math,0,Medium,GeneralMedium,595
2015,Singapore,Math,0,Medium,GeneralMedium,570.4
2018,Singapore,Math,0,Medium,GeneralMedium,572
2022,Singapore,Math,0,Medium,GeneralMedium,570.1
2025,Singapore,Math,0,Medium,GeneralMedium,558.7
2009,Singapore,Math,Male,0,Male,564.6
2012,Singapore,Math,Male,0,Male,571.9
2015,Singapore,Math,Male,0,Male,564.1
2018,Singapore,Math,Male,0,Male,571
2022,Singapore,Math,Male,0,Male,580.6
2025,Singapore,Math,Male,0,Male,567.7
2009,Singapore,Math,Male,High,MaleHigh,625.1
2012,Singapore,Math,Male,High,MaleHigh,631.1
2015,Singapore,Math,Male,High,MaleHigh,611.6
2018,Singapore,Math,Male,High,MaleHigh,611
2022,Singapore,Math,Male,High,MaleHigh,625.4
2025,Singapore,Math,Male,High,MaleHigh,609.2
2009,Singapore,Math,Male,Low,MaleLow,540.1
2012,Singapore,Math,Male,Low,MaleLow,538.9
2015,Singapore,Math,Male,Low,MaleLow,524.7
2018,Singapore,Math,Male,Low,MaleLow,530.4
2022,Singapore,Math,Male,Low,MaleLow,525.1
2025,Singapore,Math,Male,Low,MaleLow,501.7
2009,Singapore,Math,Male,Medium,MaleMedium,597
2012,Singapore,Math,Male,Medium,MaleMedium,595.2
2015,Singapore,Math,Male,Medium,MaleMedium,570.7
2018,Singapore,Math,Male,Medium,MaleMedium,575.3
2022,Singapore,Math,Male,Medium,MaleMedium,576.7
2025,Singapore,Math,Male,Medium,MaleMedium,568.7
2009,Singapore,Reading,Female,0,Female,541.8
2012,Singapore,Reading,Female,0,Female,558.6
2015,Singapore,Reading,Female,0,Female,545.6
2018,Singapore,Reading,Female,0,Female,561.3
2022,Singapore,Reading,Female,0,Female,552.6
2025,Singapore,Reading,Female,0,Female,548.1
2009,Singapore,Reading,Female,High,FemaleHigh,615.3
2012,Singapore,Reading,Female,High,FemaleHigh,623.3
2015,Singapore,Reading,Female,High,FemaleHigh,597
2018,Singapore,Reading,Female,High,FemaleHigh,602.6
2022,Singapore,Reading,Female,High,FemaleHigh,599.7
2025,Singapore,Reading,Female,High,FemaleHigh,580.4
2009,Singapore,Reading,Female,Low,FemaleLow,513
2012,Singapore,Reading,Female,Low,FemaleLow,528.5
2015,Singapore,Reading,Female,Low,FemaleLow,498
2018,Singapore,Reading,Female,Low,FemaleLow,513.5
2022,Singapore,Reading,Female,Low,FemaleLow,489.4
2025,Singapore,Reading,Female,Low,FemaleLow,492.1
2009,Singapore,Reading,Female,Medium,FemaleMedium,574.4
2012,Singapore,Reading,Female,Medium,FemaleMedium,574.5
2015,Singapore,Reading,Female,Medium,FemaleMedium,552
2018,Singapore,Reading,Female,Medium,FemaleMedium,561.5
2022,Singapore,Reading,Female,Medium,FemaleMedium,545.5
2025,Singapore,Reading,Female,Medium,FemaleMedium,537.6
2009,Singapore,Reading,0,0,General,525.9
2012,Singapore,Reading,0,0,General,542.2
2015,Singapore,Reading,0,0,General,535.1
2018,Singapore,Reading,0,0,General,549.5
2022,Singapore,Reading,0,0,General,542.6
2025,Singapore,Reading,0,0,General,534.9
2009,Singapore,Reading,0,High,GeneralHigh,595.2
2012,Singapore,Reading,0,High,GeneralHigh,605
2015,Singapore,Reading,0,High,GeneralHigh,585.8
2018,Singapore,Reading,0,High,GeneralHigh,593
2022,Singapore,Reading,0,High,GeneralHigh,588.8
2025,Singapore,Reading,0,High,GeneralHigh,570.6
2009,Singapore,Reading,0,Low,GeneralLow,499.6
2012,Singapore,Reading,0,Low,GeneralLow,511.3
2015,Singapore,Reading,0,Low,GeneralLow,491.3
2018,Singapore,Reading,0,Low,GeneralLow,503.3
2022,Singapore,Reading,0,Low,GeneralLow,484.6
2025,Singapore,Reading,0,Low,GeneralLow,479.3
2009,Singapore,Reading,0,Medium,GeneralMedium,557.9
2012,Singapore,Reading,0,Medium,GeneralMedium,560.6
2015,Singapore,Reading,0,Medium,GeneralMedium,541.2
2018,Singapore,Reading,0,Medium,GeneralMedium,551.4
2022,Singapore,Reading,0,Medium,GeneralMedium,536.2
2025,Singapore,Reading,0,Medium,GeneralMedium,529.7
2009,Singapore,Reading,Male,0,Male,510.6
2012,Singapore,Reading,Male,0,Male,526.5
2015,Singapore,Reading,Male,0,Male,525.3
2018,Singapore,Reading,Male,0,Male,538.1
2022,Singapore,Reading,Male,0,Male,533
2025,Singapore,Reading,Male,0,Male,522.2
2009,Singapore,Reading,Male,High,MaleHigh,574.4
2012,Singapore,Reading,Male,High,MaleHigh,588
2015,Singapore,Reading,Male,High,MaleHigh,574.8
2018,Singapore,Reading,Male,High,MaleHigh,582.4
2022,Singapore,Reading,Male,High,MaleHigh,577.4
2025,Singapore,Reading,Male,High,MaleHigh,559.6
2009,Singapore,Reading,Male,Low,MaleLow,487.1
2012,Singapore,Reading,Male,Low,MaleLow,494.8
2015,Singapore,Reading,Male,Low,MaleLow,485.4
2018,Singapore,Reading,Male,Low,MaleLow,494.4
2022,Singapore,Reading,Male,Low,MaleLow,480
2025,Singapore,Reading,Male,Low,MaleLow,467.3
2009,Singapore,Reading,Male,Medium,MaleMedium,541.4
2012,Singapore,Reading,Male,Medium,MaleMedium,547
2015,Singapore,Reading,Male,Medium,MaleMedium,530.8
2018,Singapore,Reading,Male,Medium,MaleMedium,542
2022,Singapore,Reading,Male,Medium,MaleMedium,527.8
2025,Singapore,Reading,Male,Medium,MaleMedium,522.8
2009,Singapore,Science,Female,0,Female,542.3
2012,Singapore,Science,Female,0,Female,551.8
2015,Singapore,Science,Female,0,Female,552.3
2018,Singapore,Science,Female,0,Female,549.1
2022,Singapore,Science,Female,0,Female,557.9
2025,Singapore,Science,Female,0,Female,560
2009,Singapore,Science,Female,High,FemaleHigh,621.4
2012,Singapore,Science,Female,High,FemaleHigh,615.7
2015,Singapore,Science,Female,High,FemaleHigh,603.5
2018,Singapore,Science,Female,High,FemaleHigh,588.4
2022,Singapore,Science,Female,High,FemaleHigh,601.9
2025,Singapore,Science,Female,High,FemaleHigh,592.9
2009,Singapore,Science,Female,Low,FemaleLow,510.9
2012,Singapore,Science,Female,Low,FemaleLow,519.4
2015,Singapore,Science,Female,Low,FemaleLow,504.3
2018,Singapore,Science,Female,Low,FemaleLow,503.7
2022,Singapore,Science,Female,Low,FemaleLow,497.4
2025,Singapore,Science,Female,Low,FemaleLow,501.4
2009,Singapore,Science,Female,Medium,FemaleMedium,577.7
2012,Singapore,Science,Female,Medium,FemaleMedium,571.7
2015,Singapore,Science,Female,Medium,FemaleMedium,559.2
2018,Singapore,Science,Female,Medium,FemaleMedium,549
2022,Singapore,Science,Female,Medium,FemaleMedium,552.2
2025,Singapore,Science,Female,Medium,FemaleMedium,550.2
2009,Singapore,Science,0,0,General,541.7
2012,Singapore,Science,0,0,General,551.5
2015,Singapore,Science,0,0,General,555.6
2018,Singapore,Science,0,0,General,550.9
2022,Singapore,Science,0,0,General,561.4
2025,Singapore,Science,0,0,General,559.9
2009,Singapore,Science,0,High,GeneralHigh,615.4
2012,Singapore,Science,0,High,GeneralHigh,616.4
2015,Singapore,Science,0,High,GeneralHigh,608
2018,Singapore,Science,0,High,GeneralHigh,591.2
2022,Singapore,Science,0,High,GeneralHigh,604.8
2025,Singapore,Science,0,High,GeneralHigh,594.6
2009,Singapore,Science,0,Low,GeneralLow,512.4
2012,Singapore,Science,0,Low,GeneralLow,517.7
2015,Singapore,Science,0,Low,GeneralLow,508.9
2018,Singapore,Science,0,Low,GeneralLow,507.7
2022,Singapore,Science,0,Low,GeneralLow,505
2025,Singapore,Science,0,Low,GeneralLow,502.7
2009,Singapore,Science,0,Medium,GeneralMedium,577.3
2012,Singapore,Science,0,Medium,GeneralMedium,573.3
2015,Singapore,Science,0,Medium,GeneralMedium,563.1
2018,Singapore,Science,0,Medium,GeneralMedium,553.1
2022,Singapore,Science,0,Medium,GeneralMedium,556.6
2025,Singapore,Science,0,Medium,GeneralMedium,555.9
2009,Singapore,Science,Male,0,Male,541.1
2012,Singapore,Science,Male,0,Male,551.2
2015,Singapore,Science,Male,0,Male,558.7
2018,Singapore,Science,Male,0,Male,552.7
2022,Singapore,Science,Male,0,Male,564.8
2025,Singapore,Science,Male,0,Male,559.7
2009,Singapore,Science,Male,High,MaleHigh,609.2
2012,Singapore,Science,Male,High,MaleHigh,617.1
2015,Singapore,Science,Male,High,MaleHigh,612.4
2018,Singapore,Science,Male,High,MaleHigh,594.2
2022,Singapore,Science,Male,High,MaleHigh,607.8
2025,Singapore,Science,Male,High,MaleHigh,596.5
2009,Singapore,Science,Male,Low,MaleLow,513.9
2012,Singapore,Science,Male,Low,MaleLow,516
2015,Singapore,Science,Male,Low,MaleLow,513
2018,Singapore,Science,Male,Low,MaleLow,511.1
2022,Singapore,Science,Male,Low,MaleLow,512
2025,Singapore,Science,Male,Low,MaleLow,503.9
2009,Singapore,Science,Male,Medium,MaleMedium,576.8
2012,Singapore,Science,Male,Medium,MaleMedium,574.8
2015,Singapore,Science,Male,Medium,MaleMedium,566.9
2018,Singapore,Science,Male,Medium,MaleMedium,557
2022,Singapore,Science,Male,Medium,MaleMedium,560.5
2025,Singapore,Science,Male,Medium,MaleMedium,560.8
2006,Slovak Republic,Math,Female,0,Female,484.7
2009,Slovak Republic,Math,Female,0,Female,495.4
2012,Slovak Republic,Math,Female,0,Female,476.7
2015,Slovak Republic,Math,Female,0,Female,472.3
2018,Slovak Republic,Math,Female,0,Female,483.9
2022,Slovak Republic,Math,Female,0,Female,463.3
2025,Slovak Republic,Math,Female,0,Female,463.5
2006,Slovak Republic,Math,Female,High,FemaleHigh,541.9
2009,Slovak Republic,Math,Female,High,FemaleHigh,556.8
2012,Slovak Republic,Math,Female,High,FemaleHigh,549.2
2015,Slovak Republic,Math,Female,High,FemaleHigh,524.3
2018,Slovak Republic,Math,Female,High,FemaleHigh,545.7
2022,Slovak Republic,Math,Female,High,FemaleHigh,532.7
2025,Slovak Republic,Math,Female,High,FemaleHigh,524.5
2006,Slovak Republic,Math,Female,Low,FemaleLow,458.6
2009,Slovak Republic,Math,Female,Low,FemaleLow,465.2
2012,Slovak Republic,Math,Female,Low,FemaleLow,443.5
2015,Slovak Republic,Math,Female,Low,FemaleLow,440.5
2018,Slovak Republic,Math,Female,Low,FemaleLow,448.8
2022,Slovak Republic,Math,Female,Low,FemaleLow,427.8
2025,Slovak Republic,Math,Female,Low,FemaleLow,431.7
2006,Slovak Republic,Math,Female,Medium,FemaleMedium,500.7
2009,Slovak Republic,Math,Female,Medium,FemaleMedium,511.9
2012,Slovak Republic,Math,Female,Medium,FemaleMedium,496.7
2015,Slovak Republic,Math,Female,Medium,FemaleMedium,487.5
2018,Slovak Republic,Math,Female,Medium,FemaleMedium,506.1
2022,Slovak Republic,Math,Female,Medium,FemaleMedium,491.4
2025,Slovak Republic,Math,Female,Medium,FemaleMedium,485.7
2006,Slovak Republic,Math,0,0,General,492.1
2009,Slovak Republic,Math,0,0,General,496.7
2012,Slovak Republic,Math,0,0,General,481.6
2015,Slovak Republic,Math,0,0,General,475.2
2018,Slovak Republic,Math,0,0,General,486.2
2022,Slovak Republic,Math,0,0,General,464
2025,Slovak Republic,Math,0,0,General,469.1
2006,Slovak Republic,Math,0,High,GeneralHigh,548.1
2009,Slovak Republic,Math,0,High,GeneralHigh,559.6
2012,Slovak Republic,Math,0,High,GeneralHigh,555.2
2015,Slovak Republic,Math,0,High,GeneralHigh,525.3
2018,Slovak Republic,Math,0,High,GeneralHigh,548.7
2022,Slovak Republic,Math,0,High,GeneralHigh,536.2
2025,Slovak Republic,Math,0,High,GeneralHigh,530.9
2006,Slovak Republic,Math,0,Low,GeneralLow,464.9
2009,Slovak Republic,Math,0,Low,GeneralLow,467.9
2012,Slovak Republic,Math,0,Low,GeneralLow,447.7
2015,Slovak Republic,Math,0,Low,GeneralLow,448.1
2018,Slovak Republic,Math,0,Low,GeneralLow,452.4
2022,Slovak Republic,Math,0,Low,GeneralLow,429.1
2025,Slovak Republic,Math,0,Low,GeneralLow,437.7
2006,Slovak Republic,Math,0,Medium,GeneralMedium,506.3
2009,Slovak Republic,Math,0,Medium,GeneralMedium,508.9
2012,Slovak Republic,Math,0,Medium,GeneralMedium,503.2
2015,Slovak Republic,Math,0,Medium,GeneralMedium,486.5
2018,Slovak Republic,Math,0,Medium,GeneralMedium,505.9
2022,Slovak Republic,Math,0,Medium,GeneralMedium,488.6
2025,Slovak Republic,Math,0,Medium,GeneralMedium,491.3
2006,Slovak Republic,Math,Male,0,Male,499.1
2009,Slovak Republic,Math,Male,0,Male,498
2012,Slovak Republic,Math,Male,0,Male,486.1
2015,Slovak Republic,Math,Male,0,Male,478
2018,Slovak Republic,Math,Male,0,Male,488.5
2022,Slovak Republic,Math,Male,0,Male,464.6
2025,Slovak Republic,Math,Male,0,Male,475
2006,Slovak Republic,Math,Male,High,MaleHigh,553.4
2009,Slovak Republic,Math,Male,High,MaleHigh,562
2012,Slovak Republic,Math,Male,High,MaleHigh,560.9
2015,Slovak Republic,Math,Male,High,MaleHigh,526.4
2018,Slovak Republic,Math,Male,High,MaleHigh,551.8
2022,Slovak Republic,Math,Male,High,MaleHigh,539.5
2025,Slovak Republic,Math,Male,High,MaleHigh,537.6
2006,Slovak Republic,Math,Male,Low,MaleLow,471.3
2009,Slovak Republic,Math,Male,Low,MaleLow,470.6
2012,Slovak Republic,Math,Male,Low,MaleLow,451.5
2015,Slovak Republic,Math,Male,Low,MaleLow,455.1
2018,Slovak Republic,Math,Male,Low,MaleLow,456
2022,Slovak Republic,Math,Male,Low,MaleLow,430.2
2025,Slovak Republic,Math,Male,Low,MaleLow,444.4
2006,Slovak Republic,Math,Male,Medium,MaleMedium,511.4
2009,Slovak Republic,Math,Male,Medium,MaleMedium,505.5
2012,Slovak Republic,Math,Male,Medium,MaleMedium,509.1
2015,Slovak Republic,Math,Male,Medium,MaleMedium,485.6
2018,Slovak Republic,Math,Male,Medium,MaleMedium,505.7
2022,Slovak Republic,Math,Male,Medium,MaleMedium,486.3
2025,Slovak Republic,Math,Male,Medium,MaleMedium,496.8
2006,Slovak Republic,Reading,Female,0,Female,487.8
2009,Slovak Republic,Reading,Female,0,Female,502.9
2012,Slovak Republic,Reading,Female,0,Female,483.3
2015,Slovak Republic,Reading,Female,0,Female,470.9
2018,Slovak Republic,Reading,Female,0,Female,475.1
2022,Slovak Republic,Reading,Female,0,Female,462.5
2025,Slovak Republic,Reading,Female,0,Female,466.2
2006,Slovak Republic,Reading,Female,High,FemaleHigh,545.7
2009,Slovak Republic,Reading,Female,High,FemaleHigh,556.4
2012,Slovak Republic,Reading,Female,High,FemaleHigh,554.7
2015,Slovak Republic,Reading,Female,High,FemaleHigh,529.7
2018,Slovak Republic,Reading,Female,High,FemaleHigh,533.2
2022,Slovak Republic,Reading,Female,High,FemaleHigh,524.1
2025,Slovak Republic,Reading,Female,High,FemaleHigh,519.3
2006,Slovak Republic,Reading,Female,Low,FemaleLow,461
2009,Slovak Republic,Reading,Female,Low,FemaleLow,476.3
2012,Slovak Republic,Reading,Female,Low,FemaleLow,448.6
2015,Slovak Republic,Reading,Female,Low,FemaleLow,437
2018,Slovak Republic,Reading,Female,Low,FemaleLow,443.3
2022,Slovak Republic,Reading,Female,Low,FemaleLow,432.1
2025,Slovak Republic,Reading,Female,Low,FemaleLow,437.7
2006,Slovak Republic,Reading,Female,Medium,FemaleMedium,504.5
2009,Slovak Republic,Reading,Female,Medium,FemaleMedium,517.8
2012,Slovak Republic,Reading,Female,Medium,FemaleMedium,506.4
2015,Slovak Republic,Reading,Female,Medium,FemaleMedium,485
2018,Slovak Republic,Reading,Female,Medium,FemaleMedium,494.8
2022,Slovak Republic,Reading,Female,Medium,FemaleMedium,485.7
2025,Slovak Republic,Reading,Female,Medium,FemaleMedium,487.5
2006,Slovak Republic,Reading,0,0,General,466.3
2009,Slovak Republic,Reading,0,0,General,477.4
2012,Slovak Republic,Reading,0,0,General,462.8
2015,Slovak Republic,Reading,0,0,General,452.5
2018,Slovak Republic,Reading,0,0,General,458
2022,Slovak Republic,Reading,0,0,General,446.9
2025,Slovak Republic,Reading,0,0,General,448
2006,Slovak Republic,Reading,0,High,GeneralHigh,521.5
2009,Slovak Republic,Reading,0,High,GeneralHigh,530
2012,Slovak Republic,Reading,0,High,GeneralHigh,533.2
2015,Slovak Republic,Reading,0,High,GeneralHigh,510.5
2018,Slovak Republic,Reading,0,High,GeneralHigh,516.9
2022,Slovak Republic,Reading,0,High,GeneralHigh,511.1
2025,Slovak Republic,Reading,0,High,GeneralHigh,502.7
2006,Slovak Republic,Reading,0,Low,GeneralLow,439.1
2009,Slovak Republic,Reading,0,Low,GeneralLow,452
2012,Slovak Republic,Reading,0,Low,GeneralLow,428.7
2015,Slovak Republic,Reading,0,Low,GeneralLow,422.8
2018,Slovak Republic,Reading,0,Low,GeneralLow,427.6
2022,Slovak Republic,Reading,0,Low,GeneralLow,416.7
2025,Slovak Republic,Reading,0,Low,GeneralLow,420.7
2006,Slovak Republic,Reading,0,Medium,GeneralMedium,481.4
2009,Slovak Republic,Reading,0,Medium,GeneralMedium,490.2
2012,Slovak Republic,Reading,0,Medium,GeneralMedium,485.3
2015,Slovak Republic,Reading,0,Medium,GeneralMedium,462.7
2018,Slovak Republic,Reading,0,Medium,GeneralMedium,474.2
2022,Slovak Republic,Reading,0,Medium,GeneralMedium,467.2
2025,Slovak Republic,Reading,0,Medium,GeneralMedium,467.9
2006,Slovak Republic,Reading,Male,0,Male,446.1
2009,Slovak Republic,Reading,Male,0,Male,451.6
2012,Slovak Republic,Reading,Male,0,Male,444.1
2015,Slovak Republic,Reading,Male,0,Male,435.2
2018,Slovak Republic,Reading,Male,0,Male,440.7
2022,Slovak Republic,Reading,Male,0,Male,432.9
2025,Slovak Republic,Reading,Male,0,Male,429
2006,Slovak Republic,Reading,Male,High,MaleHigh,501.3
2009,Slovak Republic,Reading,Male,High,MaleHigh,507.4
2012,Slovak Republic,Reading,Male,High,MaleHigh,513.3
2015,Slovak Republic,Reading,Male,High,MaleHigh,490.4
2018,Slovak Republic,Reading,Male,High,MaleHigh,500.1
2022,Slovak Republic,Reading,Male,High,MaleHigh,498.9
2025,Slovak Republic,Reading,Male,High,MaleHigh,485.6
2006,Slovak Republic,Reading,Male,Low,MaleLow,416.9
2009,Slovak Republic,Reading,Male,Low,MaleLow,427.1
2012,Slovak Republic,Reading,Male,Low,MaleLow,410.3
2015,Slovak Republic,Reading,Male,Low,MaleLow,409.8
2018,Slovak Republic,Reading,Male,Low,MaleLow,411.8
2022,Slovak Republic,Reading,Male,Low,MaleLow,402.6
2025,Slovak Republic,Reading,Male,Low,MaleLow,401.2
2006,Slovak Republic,Reading,Male,Medium,MaleMedium,460.5
2009,Slovak Republic,Reading,Male,Medium,MaleMedium,458.8
2012,Slovak Republic,Reading,Male,Medium,MaleMedium,466.4
2015,Slovak Republic,Reading,Male,Medium,MaleMedium,442.3
2018,Slovak Republic,Reading,Male,Medium,MaleMedium,453.1
2022,Slovak Republic,Reading,Male,Medium,MaleMedium,451.7
2025,Slovak Republic,Reading,Male,Medium,MaleMedium,448.6
2006,Slovak Republic,Science,Female,0,Female,485.2
2009,Slovak Republic,Science,Female,0,Female,490.5
2012,Slovak Republic,Science,Female,0,Female,467.4
2015,Slovak Republic,Science,Female,0,Female,461.2
2018,Slovak Republic,Science,Female,0,Female,466.8
2022,Slovak Republic,Science,Female,0,Female,465.7
2025,Slovak Republic,Science,Female,0,Female,477.4
2006,Slovak Republic,Science,Female,High,FemaleHigh,542.4
2009,Slovak Republic,Science,Female,High,FemaleHigh,547.6
2012,Slovak Republic,Science,Female,High,FemaleHigh,538.9
2015,Slovak Republic,Science,Female,High,FemaleHigh,519.1
2018,Slovak Republic,Science,Female,High,FemaleHigh,524.5
2022,Slovak Republic,Science,Female,High,FemaleHigh,537.5
2025,Slovak Republic,Science,Female,High,FemaleHigh,537.2
2006,Slovak Republic,Science,Female,Low,FemaleLow,458.8
2009,Slovak Republic,Science,Female,Low,FemaleLow,463.8
2012,Slovak Republic,Science,Female,Low,FemaleLow,432.9
2015,Slovak Republic,Science,Female,Low,FemaleLow,427.9
2018,Slovak Republic,Science,Female,Low,FemaleLow,435.3
2022,Slovak Republic,Science,Female,Low,FemaleLow,428.5
2025,Slovak Republic,Science,Female,Low,FemaleLow,446.2
2006,Slovak Republic,Science,Female,Medium,FemaleMedium,502
2009,Slovak Republic,Science,Female,Medium,FemaleMedium,503.8
2012,Slovak Republic,Science,Female,Medium,FemaleMedium,490.9
2015,Slovak Republic,Science,Female,Medium,FemaleMedium,474.3
2018,Slovak Republic,Science,Female,Medium,FemaleMedium,485.5
2022,Slovak Republic,Science,Female,Medium,FemaleMedium,494.7
2025,Slovak Republic,Science,Female,Medium,FemaleMedium,500.1
2006,Slovak Republic,Science,0,0,General,488.4
2009,Slovak Republic,Science,0,0,General,490.3
2012,Slovak Republic,Science,0,0,General,471.2
2015,Slovak Republic,Science,0,0,General,460.8
2018,Slovak Republic,Science,0,0,General,464
2022,Slovak Republic,Science,0,0,General,462.3
2025,Slovak Republic,Science,0,0,General,474.9
2006,Slovak Republic,Science,0,High,GeneralHigh,544.7
2009,Slovak Republic,Science,0,High,GeneralHigh,548.8
2012,Slovak Republic,Science,0,High,GeneralHigh,543.6
2015,Slovak Republic,Science,0,High,GeneralHigh,516.3
2018,Slovak Republic,Science,0,High,GeneralHigh,523.6
2022,Slovak Republic,Science,0,High,GeneralHigh,535.7
2025,Slovak Republic,Science,0,High,GeneralHigh,536.2
2006,Slovak Republic,Science,0,Low,GeneralLow,460.9
2009,Slovak Republic,Science,0,Low,GeneralLow,464
2012,Slovak Republic,Science,0,Low,GeneralLow,436.4
2015,Slovak Republic,Science,0,Low,GeneralLow,432.1
2018,Slovak Republic,Science,0,Low,GeneralLow,433.7
2022,Slovak Republic,Science,0,Low,GeneralLow,425.8
2025,Slovak Republic,Science,0,Low,GeneralLow,443.9
2006,Slovak Republic,Science,0,Medium,GeneralMedium,503.1
2009,Slovak Republic,Science,0,Medium,GeneralMedium,501.3
2012,Slovak Republic,Science,0,Medium,GeneralMedium,494.9
2015,Slovak Republic,Science,0,Medium,GeneralMedium,470.6
2018,Slovak Republic,Science,0,Medium,GeneralMedium,479.6
2022,Slovak Republic,Science,0,Medium,GeneralMedium,487.9
2025,Slovak Republic,Science,0,Medium,GeneralMedium,497.4
2006,Slovak Republic,Science,Male,0,Male,491.5
2009,Slovak Republic,Science,Male,0,Male,490
2012,Slovak Republic,Science,Male,0,Male,474.7
2015,Slovak Republic,Science,Male,0,Male,460.4
2018,Slovak Republic,Science,Male,0,Male,461.2
2022,Slovak Republic,Science,Male,0,Male,459.2
2025,Slovak Republic,Science,Male,0,Male,472.3
2006,Slovak Republic,Science,Male,High,MaleHigh,546.7
2009,Slovak Republic,Science,Male,High,MaleHigh,549.9
2012,Slovak Republic,Science,Male,High,MaleHigh,547.9
2015,Slovak Republic,Science,Male,High,MaleHigh,513.5
2018,Slovak Republic,Science,Male,High,MaleHigh,522.6
2022,Slovak Republic,Science,Male,High,MaleHigh,534.1
2025,Slovak Republic,Science,Male,High,MaleHigh,535.1
2006,Slovak Republic,Science,Male,Low,MaleLow,463.1
2009,Slovak Republic,Science,Male,Low,MaleLow,464.2
2012,Slovak Republic,Science,Male,Low,MaleLow,439.8
2015,Slovak Republic,Science,Male,Low,MaleLow,435.9
2018,Slovak Republic,Science,Male,Low,MaleLow,432.1
2022,Slovak Republic,Science,Male,Low,MaleLow,423.3
2025,Slovak Republic,Science,Male,Low,MaleLow,441.3
2006,Slovak Republic,Science,Male,Medium,MaleMedium,504.2
2009,Slovak Republic,Science,Male,Medium,MaleMedium,498.4
2012,Slovak Republic,Science,Male,Medium,MaleMedium,498.4
2015,Slovak Republic,Science,Male,Medium,MaleMedium,467.2
2018,Slovak Republic,Science,Male,Medium,MaleMedium,473.5
2022,Slovak Republic,Science,Male,Medium,MaleMedium,482.2
2025,Slovak Republic,Science,Male,Medium,MaleMedium,494.8
2006,Slovenia,Math,Female,0,Female,502.1
2009,Slovenia,Math,Female,0,Female,500.8
2012,Slovenia,Math,Female,0,Female,499.4
2015,Slovenia,Math,Female,0,Female,507.9
2018,Slovenia,Math,Female,0,Female,508.6
2022,Slovenia,Math,Female,0,Female,485.4
2025,Slovenia,Math,Female,0,Female,461.4
2006,Slovenia,Math,Female,High,FemaleHigh,545.8
2009,Slovenia,Math,Female,High,FemaleHigh,553.8
2012,Slovenia,Math,Female,High,FemaleHigh,546.6
2015,Slovenia,Math,Female,High,FemaleHigh,546.5
2018,Slovenia,Math,Female,High,FemaleHigh,555.6
2022,Slovenia,Math,Female,High,FemaleHigh,525
2025,Slovenia,Math,Female,High,FemaleHigh,493.8
2006,Slovenia,Math,Female,Low,FemaleLow,466.1
2009,Slovenia,Math,Female,Low,FemaleLow,466.1
2012,Slovenia,Math,Female,Low,FemaleLow,463.9
2015,Slovenia,Math,Female,Low,FemaleLow,480
2018,Slovenia,Math,Female,Low,FemaleLow,473.9
2022,Slovenia,Math,Female,Low,FemaleLow,445.5
2025,Slovenia,Math,Female,Low,FemaleLow,430.1
2006,Slovenia,Math,Female,Medium,FemaleMedium,507.3
2009,Slovenia,Math,Female,Medium,FemaleMedium,506.8
2012,Slovenia,Math,Female,Medium,FemaleMedium,506
2015,Slovenia,Math,Female,Medium,FemaleMedium,514.9
2018,Slovenia,Math,Female,Medium,FemaleMedium,511.7
2022,Slovenia,Math,Female,Medium,FemaleMedium,482.1
2025,Slovenia,Math,Female,Medium,FemaleMedium,466.8
2006,Slovenia,Math,0,0,General,504.5
2009,Slovenia,Math,0,0,General,501.5
2012,Slovenia,Math,0,0,General,501.1
2015,Slovenia,Math,0,0,General,509.9
2018,Slovenia,Math,0,0,General,508.9
2022,Slovenia,Math,0,0,General,484.5
2025,Slovenia,Math,0,0,General,459.8
2006,Slovenia,Math,0,High,GeneralHigh,549.7
2009,Slovenia,Math,0,High,GeneralHigh,553.2
2012,Slovenia,Math,0,High,GeneralHigh,550.5
2015,Slovenia,Math,0,High,GeneralHigh,549.3
2018,Slovenia,Math,0,High,GeneralHigh,556.1
2022,Slovenia,Math,0,High,GeneralHigh,526.9
2025,Slovenia,Math,0,High,GeneralHigh,496.3
2006,Slovenia,Math,0,Low,GeneralLow,467.5
2009,Slovenia,Math,0,Low,GeneralLow,468
2012,Slovenia,Math,0,Low,GeneralLow,466.8
2015,Slovenia,Math,0,Low,GeneralLow,482.8
2018,Slovenia,Math,0,Low,GeneralLow,475.6
2022,Slovenia,Math,0,Low,GeneralLow,443.8
2025,Slovenia,Math,0,Low,GeneralLow,432.3
2006,Slovenia,Math,0,Medium,GeneralMedium,508.5
2009,Slovenia,Math,0,Medium,GeneralMedium,504.4
2012,Slovenia,Math,0,Medium,GeneralMedium,505.9
2015,Slovenia,Math,0,Medium,GeneralMedium,515.3
2018,Slovenia,Math,0,Medium,GeneralMedium,511.2
2022,Slovenia,Math,0,Medium,GeneralMedium,479.2
2025,Slovenia,Math,0,Medium,GeneralMedium,466.1
2006,Slovenia,Math,Male,0,Male,506.9
2009,Slovenia,Math,Male,0,Male,502.1
2012,Slovenia,Math,Male,0,Male,502.7
2015,Slovenia,Math,Male,0,Male,511.8
2018,Slovenia,Math,Male,0,Male,509.2
2022,Slovenia,Math,Male,0,Male,483.7
2025,Slovenia,Math,Male,0,Male,458.3
2006,Slovenia,Math,Male,High,MaleHigh,553.6
2009,Slovenia,Math,Male,High,MaleHigh,552.6
2012,Slovenia,Math,Male,High,MaleHigh,554.6
2015,Slovenia,Math,Male,High,MaleHigh,552.2
2018,Slovenia,Math,Male,High,MaleHigh,556.6
2022,Slovenia,Math,Male,High,MaleHigh,528.6
2025,Slovenia,Math,Male,High,MaleHigh,498.7
2006,Slovenia,Math,Male,Low,MaleLow,469
2009,Slovenia,Math,Male,Low,MaleLow,469.9
2012,Slovenia,Math,Male,Low,MaleLow,469.6
2015,Slovenia,Math,Male,Low,MaleLow,485.5
2018,Slovenia,Math,Male,Low,MaleLow,477.4
2022,Slovenia,Math,Male,Low,MaleLow,442.1
2025,Slovenia,Math,Male,Low,MaleLow,434.6
2006,Slovenia,Math,Male,Medium,MaleMedium,509.7
2009,Slovenia,Math,Male,Medium,MaleMedium,502.3
2012,Slovenia,Math,Male,Medium,MaleMedium,505.9
2015,Slovenia,Math,Male,Medium,MaleMedium,515.7
2018,Slovenia,Math,Male,Medium,MaleMedium,510.7
2022,Slovenia,Math,Male,Medium,MaleMedium,476.5
2025,Slovenia,Math,Male,Medium,MaleMedium,465.4
2006,Slovenia,Reading,Female,0,Female,521.1
2009,Slovenia,Reading,Female,0,Female,511
2012,Slovenia,Reading,Female,0,Female,510.1
2015,Slovenia,Reading,Female,0,Female,527.6
2018,Slovenia,Reading,Female,0,Female,516.7
2022,Slovenia,Reading,Female,0,Female,491
2025,Slovenia,Reading,Female,0,Female,471.2
2006,Slovenia,Reading,Female,High,FemaleHigh,559.8
2009,Slovenia,Reading,Female,High,FemaleHigh,556.2
2012,Slovenia,Reading,Female,High,FemaleHigh,553.4
2015,Slovenia,Reading,Female,High,FemaleHigh,566.7
2018,Slovenia,Reading,Female,High,FemaleHigh,559
2022,Slovenia,Reading,Female,High,FemaleHigh,524.5
2025,Slovenia,Reading,Female,High,FemaleHigh,500.7
2006,Slovenia,Reading,Female,Low,FemaleLow,488.3
2009,Slovenia,Reading,Female,Low,FemaleLow,482.3
2012,Slovenia,Reading,Female,Low,FemaleLow,478.3
2015,Slovenia,Reading,Female,Low,FemaleLow,497.9
2018,Slovenia,Reading,Female,Low,FemaleLow,485.1
2022,Slovenia,Reading,Female,Low,FemaleLow,453.5
2025,Slovenia,Reading,Female,Low,FemaleLow,443.2
2006,Slovenia,Reading,Female,Medium,FemaleMedium,526.9
2009,Slovenia,Reading,Female,Medium,FemaleMedium,515.7
2012,Slovenia,Reading,Female,Medium,FemaleMedium,516.6
2015,Slovenia,Reading,Female,Medium,FemaleMedium,536.2
2018,Slovenia,Reading,Female,Medium,FemaleMedium,521.1
2022,Slovenia,Reading,Female,Medium,FemaleMedium,493.4
2025,Slovenia,Reading,Female,Medium,FemaleMedium,479
2006,Slovenia,Reading,0,0,General,494.4
2009,Slovenia,Reading,0,0,General,483.1
2012,Slovenia,Reading,0,0,General,481.3
2015,Slovenia,Reading,0,0,General,505.2
2018,Slovenia,Reading,0,0,General,495.3
2022,Slovenia,Reading,0,0,General,468.5
2025,Slovenia,Reading,0,0,General,444.7
2006,Slovenia,Reading,0,High,GeneralHigh,537.3
2009,Slovenia,Reading,0,High,GeneralHigh,529.8
2012,Slovenia,Reading,0,High,GeneralHigh,529.7
2015,Slovenia,Reading,0,High,GeneralHigh,547
2018,Slovenia,Reading,0,High,GeneralHigh,539.6
2022,Slovenia,Reading,0,High,GeneralHigh,506.6
2025,Slovenia,Reading,0,High,GeneralHigh,480
2006,Slovenia,Reading,0,Low,GeneralLow,460.6
2009,Slovenia,Reading,0,Low,GeneralLow,453.1
2012,Slovenia,Reading,0,Low,GeneralLow,449.5
2015,Slovenia,Reading,0,Low,GeneralLow,475.8
2018,Slovenia,Reading,0,Low,GeneralLow,465.3
2022,Slovenia,Reading,0,Low,GeneralLow,432.1
2025,Slovenia,Reading,0,Low,GeneralLow,422.8
2006,Slovenia,Reading,0,Medium,GeneralMedium,496.9
2009,Slovenia,Reading,0,Medium,GeneralMedium,486.6
2012,Slovenia,Reading,0,Medium,GeneralMedium,485.3
2015,Slovenia,Reading,0,Medium,GeneralMedium,511.8
2018,Slovenia,Reading,0,Medium,GeneralMedium,497.4
2022,Slovenia,Reading,0,Medium,GeneralMedium,465.2
2025,Slovenia,Reading,0,Medium,GeneralMedium,455
2006,Slovenia,Reading,Male,0,Male,467.5
2009,Slovenia,Reading,Male,0,Male,456.2
2012,Slovenia,Reading,Male,0,Male,454.5
2015,Slovenia,Reading,Male,0,Male,484.3
2018,Slovenia,Reading,Male,0,Male,475
2022,Slovenia,Reading,Male,0,Male,447.3
2025,Slovenia,Reading,Male,0,Male,419.5
2006,Slovenia,Reading,Male,High,MaleHigh,514.1
2009,Slovenia,Reading,Male,High,MaleHigh,505.9
2012,Slovenia,Reading,Male,High,MaleHigh,505.4
2015,Slovenia,Reading,Male,High,MaleHigh,527
2018,Slovenia,Reading,Male,High,MaleHigh,519.7
2022,Slovenia,Reading,Male,High,MaleHigh,489.5
2025,Slovenia,Reading,Male,High,MaleHigh,459
2006,Slovenia,Reading,Male,Low,MaleLow,430.9
2009,Slovenia,Reading,Male,Low,MaleLow,423
2012,Slovenia,Reading,Male,Low,MaleLow,422.4
2015,Slovenia,Reading,Male,Low,MaleLow,454.7
2018,Slovenia,Reading,Male,Low,MaleLow,445.7
2022,Slovenia,Reading,Male,Low,MaleLow,411.2
2025,Slovenia,Reading,Male,Low,MaleLow,401.4
2006,Slovenia,Reading,Male,Medium,MaleMedium,469.1
2009,Slovenia,Reading,Male,Medium,MaleMedium,459.3
2012,Slovenia,Reading,Male,Medium,MaleMedium,458.3
2015,Slovenia,Reading,Male,Medium,MaleMedium,490.8
2018,Slovenia,Reading,Male,Medium,MaleMedium,476.8
2022,Slovenia,Reading,Male,Medium,MaleMedium,438.6
2025,Slovenia,Reading,Male,Medium,MaleMedium,431.1
2006,Slovenia,Science,Female,0,Female,522.7
2009,Slovenia,Science,Female,0,Female,518.8
2012,Slovenia,Science,Female,0,Female,518.7
2015,Slovenia,Science,Female,0,Female,515.8
2018,Slovenia,Science,Female,0,Female,512
2022,Slovenia,Science,Female,0,Female,507.7
2025,Slovenia,Science,Female,0,Female,494.5
2006,Slovenia,Science,Female,High,FemaleHigh,571.8
2009,Slovenia,Science,Female,High,FemaleHigh,558.6
2012,Slovenia,Science,Female,High,FemaleHigh,562.2
2015,Slovenia,Science,Female,High,FemaleHigh,561.5
2018,Slovenia,Science,Female,High,FemaleHigh,553.8
2022,Slovenia,Science,Female,High,FemaleHigh,546.3
2025,Slovenia,Science,Female,High,FemaleHigh,529.2
2006,Slovenia,Science,Female,Low,FemaleLow,482.1
2009,Slovenia,Science,Female,Low,FemaleLow,491.4
2012,Slovenia,Science,Female,Low,FemaleLow,486.1
2015,Slovenia,Science,Female,Low,FemaleLow,481
2018,Slovenia,Science,Female,Low,FemaleLow,479.5
2022,Slovenia,Science,Female,Low,FemaleLow,466.2
2025,Slovenia,Science,Female,Low,FemaleLow,460.9
2006,Slovenia,Science,Female,Medium,FemaleMedium,528.9
2009,Slovenia,Science,Female,Medium,FemaleMedium,526.3
2012,Slovenia,Science,Female,Medium,FemaleMedium,525.3
2015,Slovenia,Science,Female,Medium,FemaleMedium,525.8
2018,Slovenia,Science,Female,Medium,FemaleMedium,517.3
2022,Slovenia,Science,Female,Medium,FemaleMedium,507.7
2025,Slovenia,Science,Female,Medium,FemaleMedium,501.8
2006,Slovenia,Science,0,0,General,518.8
2009,Slovenia,Science,0,0,General,511.8
2012,Slovenia,Science,0,0,General,514.1
2015,Slovenia,Science,0,0,General,512.9
2018,Slovenia,Science,0,0,General,507
2022,Slovenia,Science,0,0,General,500
2025,Slovenia,Science,0,0,General,483.7
2006,Slovenia,Science,0,High,GeneralHigh,568.6
2009,Slovenia,Science,0,High,GeneralHigh,555.8
2012,Slovenia,Science,0,High,GeneralHigh,560.6
2015,Slovenia,Science,0,High,GeneralHigh,559.4
2018,Slovenia,Science,0,High,GeneralHigh,549.5
2022,Slovenia,Science,0,High,GeneralHigh,542
2025,Slovenia,Science,0,High,GeneralHigh,523.6
2006,Slovenia,Science,0,Low,GeneralLow,477.7
2009,Slovenia,Science,0,Low,GeneralLow,481.6
2012,Slovenia,Science,0,Low,GeneralLow,482.2
2015,Slovenia,Science,0,Low,GeneralLow,479.4
2018,Slovenia,Science,0,Low,GeneralLow,476.1
2022,Slovenia,Science,0,Low,GeneralLow,458.8
2025,Slovenia,Science,0,Low,GeneralLow,454.5
2006,Slovenia,Science,0,Medium,GeneralMedium,523.8
2009,Slovenia,Science,0,Medium,GeneralMedium,517.7
2012,Slovenia,Science,0,Medium,GeneralMedium,519
2015,Slovenia,Science,0,Medium,GeneralMedium,520.8
2018,Slovenia,Science,0,Medium,GeneralMedium,510.8
2022,Slovenia,Science,0,Medium,GeneralMedium,496.3
2025,Slovenia,Science,0,Medium,GeneralMedium,492
2006,Slovenia,Science,Male,0,Male,514.9
2009,Slovenia,Science,Male,0,Male,505
2012,Slovenia,Science,Male,0,Male,509.9
2015,Slovenia,Science,Male,0,Male,510.1
2018,Slovenia,Science,Male,0,Male,502.2
2022,Slovenia,Science,Male,0,Male,492.6
2025,Slovenia,Science,Male,0,Male,473.5
2006,Slovenia,Science,Male,High,MaleHigh,565.3
2009,Slovenia,Science,Male,High,MaleHigh,553.2
2012,Slovenia,Science,Male,High,MaleHigh,559.1
2015,Slovenia,Science,Male,High,MaleHigh,557.3
2018,Slovenia,Science,Male,High,MaleHigh,545.2
2022,Slovenia,Science,Male,High,MaleHigh,537.8
2025,Slovenia,Science,Male,High,MaleHigh,517.8
2006,Slovenia,Science,Male,Low,MaleLow,473
2009,Slovenia,Science,Male,Low,MaleLow,471.6
2012,Slovenia,Science,Male,Low,MaleLow,478.6
2015,Slovenia,Science,Male,Low,MaleLow,477.7
2018,Slovenia,Science,Male,Low,MaleLow,472.7
2022,Slovenia,Science,Male,Low,MaleLow,451.6
2025,Slovenia,Science,Male,Low,MaleLow,447.8
2006,Slovenia,Science,Male,Medium,MaleMedium,519.1
2009,Slovenia,Science,Male,Medium,MaleMedium,509.6
2012,Slovenia,Science,Male,Medium,MaleMedium,513.6
2015,Slovenia,Science,Male,Medium,MaleMedium,516.6
2018,Slovenia,Science,Male,Medium,MaleMedium,505.1
2022,Slovenia,Science,Male,Medium,MaleMedium,485.6
2025,Slovenia,Science,Male,Medium,MaleMedium,482.3
2006,Spain,Math,Female,0,Female,475.6
2009,Spain,Math,Female,0,Female,473.9
2012,Spain,Math,Female,0,Female,476
2015,Spain,Math,Female,0,Female,477.9
2018,Spain,Math,Female,0,Female,478.1
2022,Spain,Math,Female,0,Female,468
2006,Spain,Math,Female,High,FemaleHigh,519.5
2009,Spain,Math,Female,High,FemaleHigh,526.8
2012,Spain,Math,Female,High,FemaleHigh,522.6
2015,Spain,Math,Female,High,FemaleHigh,522.2
2018,Spain,Math,Female,High,FemaleHigh,521.6
2022,Spain,Math,Female,High,FemaleHigh,511.5
2006,Spain,Math,Female,Low,FemaleLow,454.9
2009,Spain,Math,Female,Low,FemaleLow,448.9
2012,Spain,Math,Female,Low,FemaleLow,449.9
2015,Spain,Math,Female,Low,FemaleLow,456.3
2018,Spain,Math,Female,Low,FemaleLow,449.2
2022,Spain,Math,Female,Low,FemaleLow,434.1
2006,Spain,Math,Female,Medium,FemaleMedium,490.5
2009,Spain,Math,Female,Medium,FemaleMedium,490.5
2012,Spain,Math,Female,Medium,FemaleMedium,488.7
2015,Spain,Math,Female,Medium,FemaleMedium,496.3
2018,Spain,Math,Female,Medium,FemaleMedium,485.1
2022,Spain,Math,Female,Medium,FemaleMedium,473
2006,Spain,Math,0,0,General,480
2009,Spain,Math,0,0,General,483.5
2012,Spain,Math,0,0,General,484.3
2015,Spain,Math,0,0,General,485.8
2018,Spain,Math,0,0,General,481.4
2022,Spain,Math,0,0,General,473.1
2025,Spain,Math,0,0,General,457.4
2006,Spain,Math,0,High,GeneralHigh,524
2009,Spain,Math,0,High,GeneralHigh,533.4
2012,Spain,Math,0,High,GeneralHigh,533.7
2015,Spain,Math,0,High,GeneralHigh,533
2018,Spain,Math,0,High,GeneralHigh,525.1
2022,Spain,Math,0,High,GeneralHigh,516.4
2025,Spain,Math,0,High,GeneralHigh,495.1
2006,Spain,Math,0,Low,GeneralLow,458
2009,Spain,Math,0,Low,GeneralLow,459.7
2012,Spain,Math,0,Low,GeneralLow,457.3
2015,Spain,Math,0,Low,GeneralLow,463.6
2018,Spain,Math,0,Low,GeneralLow,453.8
2022,Spain,Math,0,Low,GeneralLow,440.6
2025,Spain,Math,0,Low,GeneralLow,431.4
2006,Spain,Math,0,Medium,GeneralMedium,494.9
2009,Spain,Math,0,Medium,GeneralMedium,498.5
2012,Spain,Math,0,Medium,GeneralMedium,496.7
2015,Spain,Math,0,Medium,GeneralMedium,504.9
2018,Spain,Math,0,Medium,GeneralMedium,488.6
2022,Spain,Math,0,Medium,GeneralMedium,478.5
2025,Spain,Math,0,Medium,GeneralMedium,468
2006,Spain,Math,Male,0,Male,484.2
2009,Spain,Math,Male,0,Male,492.8
2012,Spain,Math,Male,0,Male,492.4
2015,Spain,Math,Male,0,Male,493.8
2018,Spain,Math,Male,0,Male,484.6
2022,Spain,Math,Male,0,Male,478.2
2006,Spain,Math,Male,High,MaleHigh,528.1
2009,Spain,Math,Male,High,MaleHigh,539.5
2012,Spain,Math,Male,High,MaleHigh,544.6
2015,Spain,Math,Male,High,MaleHigh,544.1
2018,Spain,Math,Male,High,MaleHigh,528.7
2022,Spain,Math,Male,High,MaleHigh,521.2
2006,Spain,Math,Male,Low,MaleLow,461.1
2009,Spain,Math,Male,Low,MaleLow,470.5
2012,Spain,Math,Male,Low,MaleLow,464.6
2015,Spain,Math,Male,Low,MaleLow,471
2018,Spain,Math,Male,Low,MaleLow,458.2
2022,Spain,Math,Male,Low,MaleLow,447.1
2006,Spain,Math,Male,Medium,MaleMedium,499
2009,Spain,Math,Male,Medium,MaleMedium,506.1
2012,Spain,Math,Male,Medium,MaleMedium,504.2
2015,Spain,Math,Male,Medium,MaleMedium,513.6
2018,Spain,Math,Male,Medium,MaleMedium,492.1
2022,Spain,Math,Male,Medium,MaleMedium,484
2006,Spain,Reading,Female,0,Female,478.7
2009,Spain,Reading,Female,0,Female,495.7
2012,Spain,Reading,Female,0,Female,502.5
2015,Spain,Reading,Female,0,Female,505.7
2022,Spain,Reading,Female,0,Female,487.1
2006,Spain,Reading,Female,High,FemaleHigh,517.5
2009,Spain,Reading,Female,High,FemaleHigh,543.8
2012,Spain,Reading,Female,High,FemaleHigh,545.8
2015,Spain,Reading,Female,High,FemaleHigh,547.5
2022,Spain,Reading,Female,High,FemaleHigh,529.7
2006,Spain,Reading,Female,Low,FemaleLow,459.1
2009,Spain,Reading,Female,Low,FemaleLow,472.1
2012,Spain,Reading,Female,Low,FemaleLow,479.3
2015,Spain,Reading,Female,Low,FemaleLow,484.1
2022,Spain,Reading,Female,Low,FemaleLow,455.7
2006,Spain,Reading,Female,Medium,FemaleMedium,495.2
2009,Spain,Reading,Female,Medium,FemaleMedium,513.8
2012,Spain,Reading,Female,Medium,FemaleMedium,514.3
2015,Spain,Reading,Female,Medium,FemaleMedium,527.1
2022,Spain,Reading,Female,Medium,FemaleMedium,492.6
2006,Spain,Reading,0,0,General,460.8
2009,Spain,Reading,0,0,General,481
2012,Spain,Reading,0,0,General,487.9
2015,Spain,Reading,0,0,General,495.6
2022,Spain,Reading,0,0,General,474.3
2025,Spain,Reading,0,0,General,451.4
2006,Spain,Reading,0,High,GeneralHigh,498
2009,Spain,Reading,0,High,GeneralHigh,528.3
2012,Spain,Reading,0,High,GeneralHigh,533.5
2015,Spain,Reading,0,High,GeneralHigh,540.4
2022,Spain,Reading,0,High,GeneralHigh,515.3
2025,Spain,Reading,0,High,GeneralHigh,485.5
2006,Spain,Reading,0,Low,GeneralLow,441.2
2009,Spain,Reading,0,Low,GeneralLow,458
2012,Spain,Reading,0,Low,GeneralLow,463.9
2015,Spain,Reading,0,Low,GeneralLow,474.7
2022,Spain,Reading,0,Low,GeneralLow,444.8
2025,Spain,Reading,0,Low,GeneralLow,429.9
2006,Spain,Reading,0,Medium,GeneralMedium,476.1
2009,Spain,Reading,0,Medium,GeneralMedium,497.7
2012,Spain,Reading,0,Medium,GeneralMedium,500.1
2015,Spain,Reading,0,Medium,GeneralMedium,514.6
2022,Spain,Reading,0,Medium,GeneralMedium,480.2
2025,Spain,Reading,0,Medium,GeneralMedium,462
2006,Spain,Reading,Male,0,Male,443.3
2009,Spain,Reading,Male,0,Male,466.8
2012,Spain,Reading,Male,0,Male,473.8
2015,Spain,Reading,Male,0,Male,485.4
2022,Spain,Reading,Male,0,Male,461.8
2006,Spain,Reading,Male,High,MaleHigh,480.2
2009,Spain,Reading,Male,High,MaleHigh,513.9
2012,Spain,Reading,Male,High,MaleHigh,521.6
2015,Spain,Reading,Male,High,MaleHigh,533
2022,Spain,Reading,Male,High,MaleHigh,501.1
2006,Spain,Reading,Male,Low,MaleLow,422.8
2009,Spain,Reading,Male,Low,MaleLow,443.8
2012,Spain,Reading,Male,Low,MaleLow,448.6
2015,Spain,Reading,Male,Low,MaleLow,465.2
2022,Spain,Reading,Male,Low,MaleLow,434.1
2006,Spain,Reading,Male,Medium,MaleMedium,458.4
2009,Spain,Reading,Male,Medium,MaleMedium,482.6
2012,Spain,Reading,Male,Medium,MaleMedium,486.9
2015,Spain,Reading,Male,Medium,MaleMedium,502.2
2022,Spain,Reading,Male,Medium,MaleMedium,467.7
2006,Spain,Science,Female,0,Female,486.2
2009,Spain,Science,Female,0,Female,484.6
2012,Spain,Science,Female,0,Female,492.7
2015,Spain,Science,Female,0,Female,489.5
2018,Spain,Science,Female,0,Female,482
2022,Spain,Science,Female,0,Female,481.9
2006,Spain,Science,Female,High,FemaleHigh,532.5
2009,Spain,Science,Female,High,FemaleHigh,531.6
2012,Spain,Science,Female,High,FemaleHigh,534.1
2015,Spain,Science,Female,High,FemaleHigh,531.4
2018,Spain,Science,Female,High,FemaleHigh,522.2
2022,Spain,Science,Female,High,FemaleHigh,522.3
2006,Spain,Science,Female,Low,FemaleLow,463.4
2009,Spain,Science,Female,Low,FemaleLow,462.1
2012,Spain,Science,Female,Low,FemaleLow,469.3
2015,Spain,Science,Female,Low,FemaleLow,467.9
2018,Spain,Science,Female,Low,FemaleLow,455.3
2022,Spain,Science,Female,Low,FemaleLow,450.4
2006,Spain,Science,Female,Medium,FemaleMedium,504.3
2009,Spain,Science,Female,Medium,FemaleMedium,500.5
2012,Spain,Science,Female,Medium,FemaleMedium,506.3
2015,Spain,Science,Female,Medium,FemaleMedium,510.5
2018,Spain,Science,Female,Medium,FemaleMedium,489
2022,Spain,Science,Female,Medium,FemaleMedium,486.8
2006,Spain,Science,0,0,General,488.4
2009,Spain,Science,0,0,General,488.3
2012,Spain,Science,0,0,General,496.4
2015,Spain,Science,0,0,General,492.8
2018,Spain,Science,0,0,General,483.3
2022,Spain,Science,0,0,General,484.5
2025,Spain,Science,0,0,General,477.1
2006,Spain,Science,0,High,GeneralHigh,534.1
2009,Spain,Science,0,High,GeneralHigh,534.5
2012,Spain,Science,0,High,GeneralHigh,540
2015,Spain,Science,0,High,GeneralHigh,539
2018,Spain,Science,0,High,GeneralHigh,523.3
2022,Spain,Science,0,High,GeneralHigh,523.9
2025,Spain,Science,0,High,GeneralHigh,514
2006,Spain,Science,0,Low,GeneralLow,464.8
2009,Spain,Science,0,Low,GeneralLow,466
2012,Spain,Science,0,Low,GeneralLow,472.6
2015,Spain,Science,0,Low,GeneralLow,471.1
2018,Spain,Science,0,Low,GeneralLow,458.5
2022,Spain,Science,0,Low,GeneralLow,455.2
2025,Spain,Science,0,Low,GeneralLow,451.9
2006,Spain,Science,0,Medium,GeneralMedium,505.9
2009,Spain,Science,0,Medium,GeneralMedium,503.6
2012,Spain,Science,0,Medium,GeneralMedium,509.8
2015,Spain,Science,0,Medium,GeneralMedium,512.5
2018,Spain,Science,0,Medium,GeneralMedium,489.9
2022,Spain,Science,0,Medium,GeneralMedium,489
2025,Spain,Science,0,Medium,GeneralMedium,489.2
2006,Spain,Science,Male,0,Male,490.6
2009,Spain,Science,Male,0,Male,491.8
2012,Spain,Science,Male,0,Male,500.1
2015,Spain,Science,Male,0,Male,496.1
2018,Spain,Science,Male,0,Male,484.4
2022,Spain,Science,Male,0,Male,487.1
2006,Spain,Science,Male,High,MaleHigh,535.5
2009,Spain,Science,Male,High,MaleHigh,537.3
2012,Spain,Science,Male,High,MaleHigh,545.7
2015,Spain,Science,Male,High,MaleHigh,546.8
2018,Spain,Science,Male,High,MaleHigh,524.4
2022,Spain,Science,Male,High,MaleHigh,525.4
2006,Spain,Science,Male,Low,MaleLow,466.2
2009,Spain,Science,Male,Low,MaleLow,469.8
2012,Spain,Science,Male,Low,MaleLow,475.8
2015,Spain,Science,Male,Low,MaleLow,474.2
2018,Spain,Science,Male,Low,MaleLow,461.6
2022,Spain,Science,Male,Low,MaleLow,459.8
2006,Spain,Science,Male,Medium,MaleMedium,507.5
2009,Spain,Science,Male,Medium,MaleMedium,506.6
2012,Spain,Science,Male,Medium,MaleMedium,513.1
2015,Spain,Science,Male,Medium,MaleMedium,514.5
2018,Spain,Science,Male,Medium,MaleMedium,490.7
2022,Spain,Science,Male,Medium,MaleMedium,491.2
2015,Spain (Regions),Math,Female,0,Female,479.5
2015,Spain (Regions),Math,Female,High,FemaleHigh,528.9
2015,Spain (Regions),Math,Female,Low,FemaleLow,457.4
2015,Spain (Regions),Math,Female,Medium,FemaleMedium,497.2
2015,Spain (Regions),Math,0,0,General,486.2
2015,Spain (Regions),Math,0,High,GeneralHigh,534.4
2015,Spain (Regions),Math,0,Low,GeneralLow,464.5
2015,Spain (Regions),Math,0,Medium,GeneralMedium,504.5
2015,Spain (Regions),Math,Male,0,Male,492.8
2015,Spain (Regions),Math,Male,High,MaleHigh,539.9
2015,Spain (Regions),Math,Male,Low,MaleLow,471.6
2015,Spain (Regions),Math,Male,Medium,MaleMedium,511.2
2015,Spain (Regions),Reading,Female,0,Female,505.9
2015,Spain (Regions),Reading,Female,High,FemaleHigh,552.6
2015,Spain (Regions),Reading,Female,Low,FemaleLow,484.4
2015,Spain (Regions),Reading,Female,Medium,FemaleMedium,524.7
2015,Spain (Regions),Reading,0,0,General,497.2
2015,Spain (Regions),Reading,0,High,GeneralHigh,543.6
2015,Spain (Regions),Reading,0,Low,GeneralLow,476.3
2015,Spain (Regions),Reading,0,Medium,GeneralMedium,515
2015,Spain (Regions),Reading,Male,0,Male,488.7
2015,Spain (Regions),Reading,Male,High,MaleHigh,534.5
2015,Spain (Regions),Reading,Male,Low,MaleLow,468.3
2015,Spain (Regions),Reading,Male,Medium,MaleMedium,506.2
2015,Spain (Regions),Science,Female,0,Female,490
2015,Spain (Regions),Science,Female,High,FemaleHigh,540
2015,Spain (Regions),Science,Female,Low,FemaleLow,467.3
2015,Spain (Regions),Science,Female,Medium,FemaleMedium,509.4
2015,Spain (Regions),Science,0,0,General,494.7
2015,Spain (Regions),Science,0,High,GeneralHigh,543.6
2015,Spain (Regions),Science,0,Low,GeneralLow,472.7
2015,Spain (Regions),Science,0,Medium,GeneralMedium,513.5
2015,Spain (Regions),Science,Male,0,Male,499.3
2015,Spain (Regions),Science,Male,High,MaleHigh,547.3
2015,Spain (Regions),Science,Male,Low,MaleLow,478.1
2015,Spain (Regions),Science,Male,Medium,MaleMedium,517.3
2006,Sweden,Math,Female,0,Female,499.7
2009,Sweden,Math,Female,0,Female,495.1
2012,Sweden,Math,Female,0,Female,479.6
2015,Sweden,Math,Female,0,Female,495.1
2018,Sweden,Math,Female,0,Female,503
2022,Sweden,Math,Female,0,Female,480.7
2025,Sweden,Math,Female,0,Female,463.3
2006,Sweden,Math,Female,High,FemaleHigh,533.5
2009,Sweden,Math,Female,High,FemaleHigh,538.2
2012,Sweden,Math,Female,High,FemaleHigh,511.6
2015,Sweden,Math,Female,High,FemaleHigh,534
2018,Sweden,Math,Female,High,FemaleHigh,537.2
2022,Sweden,Math,Female,High,FemaleHigh,522.5
2025,Sweden,Math,Female,High,FemaleHigh,500.2
2006,Sweden,Math,Female,Low,FemaleLow,463.6
2009,Sweden,Math,Female,Low,FemaleLow,450.8
2012,Sweden,Math,Female,Low,FemaleLow,447
2015,Sweden,Math,Female,Low,FemaleLow,453.5
2018,Sweden,Math,Female,Low,FemaleLow,454.3
2022,Sweden,Math,Female,Low,FemaleLow,432.7
2025,Sweden,Math,Female,Low,FemaleLow,423.1
2006,Sweden,Math,Female,Medium,FemaleMedium,501.4
2009,Sweden,Math,Female,Medium,FemaleMedium,490
2012,Sweden,Math,Female,Medium,FemaleMedium,480.8
2015,Sweden,Math,Female,Medium,FemaleMedium,486.2
2018,Sweden,Math,Female,Medium,FemaleMedium,499.3
2022,Sweden,Math,Female,Medium,FemaleMedium,470.1
2025,Sweden,Math,Female,Medium,FemaleMedium,463.8
2006,Sweden,Math,0,0,General,502.4
2009,Sweden,Math,0,0,General,494.2
2012,Sweden,Math,0,0,General,478.3
2015,Sweden,Math,0,0,General,493.9
2018,Sweden,Math,0,0,General,502.4
2022,Sweden,Math,0,0,General,481.8
2025,Sweden,Math,0,0,General,464.3
2006,Sweden,Math,0,High,GeneralHigh,534.2
2009,Sweden,Math,0,High,GeneralHigh,534.7
2012,Sweden,Math,0,High,GeneralHigh,511.5
2015,Sweden,Math,0,High,GeneralHigh,533.5
2018,Sweden,Math,0,High,GeneralHigh,536
2022,Sweden,Math,0,High,GeneralHigh,524.6
2025,Sweden,Math,0,High,GeneralHigh,503.9
2006,Sweden,Math,0,Low,GeneralLow,466.2
2009,Sweden,Math,0,Low,GeneralLow,449.1
2012,Sweden,Math,0,Low,GeneralLow,445.9
2015,Sweden,Math,0,Low,GeneralLow,452.6
2018,Sweden,Math,0,Low,GeneralLow,459.3
2022,Sweden,Math,0,Low,GeneralLow,436.2
2025,Sweden,Math,0,Low,GeneralLow,425.8
2006,Sweden,Math,0,Medium,GeneralMedium,503.4
2009,Sweden,Math,0,Medium,GeneralMedium,492
2012,Sweden,Math,0,Medium,GeneralMedium,480.3
2015,Sweden,Math,0,Medium,GeneralMedium,487
2018,Sweden,Math,0,Medium,GeneralMedium,498.5
2022,Sweden,Math,0,Medium,GeneralMedium,473.1
2025,Sweden,Math,0,Medium,GeneralMedium,466.4
2006,Sweden,Math,Male,0,Male,504.9
2009,Sweden,Math,Male,0,Male,493.4
2012,Sweden,Math,Male,0,Male,476.9
2015,Sweden,Math,Male,0,Male,492.8
2018,Sweden,Math,Male,0,Male,501.8
2022,Sweden,Math,Male,0,Male,482.8
2025,Sweden,Math,Male,0,Male,465.3
2006,Sweden,Math,Male,High,MaleHigh,534.8
2009,Sweden,Math,Male,High,MaleHigh,531.5
2012,Sweden,Math,Male,High,MaleHigh,511.4
2015,Sweden,Math,Male,High,MaleHigh,533
2018,Sweden,Math,Male,High,MaleHigh,534.8
2022,Sweden,Math,Male,High,MaleHigh,526.8
2025,Sweden,Math,Male,High,MaleHigh,507.5
2006,Sweden,Math,Male,Low,MaleLow,468.8
2009,Sweden,Math,Male,Low,MaleLow,447.6
2012,Sweden,Math,Male,Low,MaleLow,444.7
2015,Sweden,Math,Male,Low,MaleLow,451.6
2018,Sweden,Math,Male,Low,MaleLow,464.2
2022,Sweden,Math,Male,Low,MaleLow,439.6
2025,Sweden,Math,Male,Low,MaleLow,429
2006,Sweden,Math,Male,Medium,MaleMedium,505.3
2009,Sweden,Math,Male,Medium,MaleMedium,494.2
2012,Sweden,Math,Male,Medium,MaleMedium,479.7
2015,Sweden,Math,Male,Medium,MaleMedium,487.8
2018,Sweden,Math,Male,Medium,MaleMedium,497.6
2022,Sweden,Math,Male,Medium,MaleMedium,475.9
2025,Sweden,Math,Male,Medium,MaleMedium,468.8
2006,Sweden,Reading,Female,0,Female,528.1
2009,Sweden,Reading,Female,0,Female,520.6
2012,Sweden,Reading,Female,0,Female,509.1
2015,Sweden,Reading,Female,0,Female,519.9
2018,Sweden,Reading,Female,0,Female,523
2022,Sweden,Reading,Female,0,Female,505.6
2025,Sweden,Reading,Female,0,Female,487.3
2006,Sweden,Reading,Female,High,FemaleHigh,557.7
2009,Sweden,Reading,Female,High,FemaleHigh,561
2012,Sweden,Reading,Female,High,FemaleHigh,543.8
2015,Sweden,Reading,Female,High,FemaleHigh,556.4
2018,Sweden,Reading,Female,High,FemaleHigh,558.4
2022,Sweden,Reading,Female,High,FemaleHigh,552.5
2025,Sweden,Reading,Female,High,FemaleHigh,531
2006,Sweden,Reading,Female,Low,FemaleLow,493.4
2009,Sweden,Reading,Female,Low,FemaleLow,477.1
2012,Sweden,Reading,Female,Low,FemaleLow,475.6
2015,Sweden,Reading,Female,Low,FemaleLow,480
2018,Sweden,Reading,Female,Low,FemaleLow,471.6
2022,Sweden,Reading,Female,Low,FemaleLow,451.7
2025,Sweden,Reading,Female,Low,FemaleLow,439.4
2006,Sweden,Reading,Female,Medium,FemaleMedium,531.6
2009,Sweden,Reading,Female,Medium,FemaleMedium,517.3
2012,Sweden,Reading,Female,Medium,FemaleMedium,510.6
2015,Sweden,Reading,Female,Medium,FemaleMedium,514.4
2018,Sweden,Reading,Female,Medium,FemaleMedium,521.1
2022,Sweden,Reading,Female,Medium,FemaleMedium,494.7
2025,Sweden,Reading,Female,Medium,FemaleMedium,487.4
2006,Sweden,Reading,0,0,General,507.3
2009,Sweden,Reading,0,0,General,497.4
2012,Sweden,Reading,0,0,General,483.3
2015,Sweden,Reading,0,0,General,500.2
2018,Sweden,Reading,0,0,General,505.8
2022,Sweden,Reading,0,0,General,487
2025,Sweden,Reading,0,0,General,466.4
2006,Sweden,Reading,0,High,GeneralHigh,534.5
2009,Sweden,Reading,0,High,GeneralHigh,536.4
2012,Sweden,Reading,0,High,GeneralHigh,519.6
2015,Sweden,Reading,0,High,GeneralHigh,538.7
2018,Sweden,Reading,0,High,GeneralHigh,540.3
2022,Sweden,Reading,0,High,GeneralHigh,535
2025,Sweden,Reading,0,High,GeneralHigh,512.1
2006,Sweden,Reading,0,Low,GeneralLow,472.9
2009,Sweden,Reading,0,Low,GeneralLow,452.1
2012,Sweden,Reading,0,Low,GeneralLow,449.6
2015,Sweden,Reading,0,Low,GeneralLow,460.3
2018,Sweden,Reading,0,Low,GeneralLow,460.3
2022,Sweden,Reading,0,Low,GeneralLow,435.7
2025,Sweden,Reading,0,Low,GeneralLow,422.1
2006,Sweden,Reading,0,Medium,GeneralMedium,510.6
2009,Sweden,Reading,0,Medium,GeneralMedium,497.1
2012,Sweden,Reading,0,Medium,GeneralMedium,486.6
2015,Sweden,Reading,0,Medium,GeneralMedium,495.9
2018,Sweden,Reading,0,Medium,GeneralMedium,504.9
2022,Sweden,Reading,0,Medium,GeneralMedium,478.6
2025,Sweden,Reading,0,Medium,GeneralMedium,470.4
2006,Sweden,Reading,Male,0,Male,487.6
2009,Sweden,Reading,Male,0,Male,475.1
2012,Sweden,Reading,Male,0,Male,458
2015,Sweden,Reading,Male,0,Male,480.7
2018,Sweden,Reading,Male,0,Male,488.6
2022,Sweden,Reading,Male,0,Male,468.9
2025,Sweden,Reading,Male,0,Male,446.8
2006,Sweden,Reading,Male,High,MaleHigh,514.7
2009,Sweden,Reading,Male,High,MaleHigh,514.2
2012,Sweden,Reading,Male,High,MaleHigh,496.6
2015,Sweden,Reading,Male,High,MaleHigh,521
2018,Sweden,Reading,Male,High,MaleHigh,521.9
2022,Sweden,Reading,Male,High,MaleHigh,517.2
2025,Sweden,Reading,Male,High,MaleHigh,494.1
2006,Sweden,Reading,Male,Low,MaleLow,452.2
2009,Sweden,Reading,Male,Low,MaleLow,428.5
2012,Sweden,Reading,Male,Low,MaleLow,423.3
2015,Sweden,Reading,Male,Low,MaleLow,439.7
2018,Sweden,Reading,Male,Low,MaleLow,448.8
2022,Sweden,Reading,Male,Low,MaleLow,419.9
2025,Sweden,Reading,Male,Low,MaleLow,403.3
2006,Sweden,Reading,Male,Medium,MaleMedium,489.9
2009,Sweden,Reading,Male,Medium,MaleMedium,475.6
2012,Sweden,Reading,Male,Medium,MaleMedium,461.8
2015,Sweden,Reading,Male,Medium,MaleMedium,478
2018,Sweden,Reading,Male,Medium,MaleMedium,488.1
2022,Sweden,Reading,Male,Medium,MaleMedium,462.8
2025,Sweden,Reading,Male,Medium,MaleMedium,453.4
2006,Sweden,Science,Female,0,Female,502.7
2009,Sweden,Science,Female,0,Female,497
2012,Sweden,Science,Female,0,Female,488.5
2015,Sweden,Science,Female,0,Female,495.7
2018,Sweden,Science,Female,0,Female,503.2
2022,Sweden,Science,Female,0,Female,497.8
2025,Sweden,Science,Female,0,Female,491.5
2006,Sweden,Science,Female,High,FemaleHigh,534.2
2009,Sweden,Science,Female,High,FemaleHigh,540
2012,Sweden,Science,Female,High,FemaleHigh,523.6
2015,Sweden,Science,Female,High,FemaleHigh,537.4
2018,Sweden,Science,Female,High,FemaleHigh,538.2
2022,Sweden,Science,Female,High,FemaleHigh,544.1
2025,Sweden,Science,Female,High,FemaleHigh,534.1
2006,Sweden,Science,Female,Low,FemaleLow,468.7
2009,Sweden,Science,Female,Low,FemaleLow,451.4
2012,Sweden,Science,Female,Low,FemaleLow,455.1
2015,Sweden,Science,Female,Low,FemaleLow,451.7
2018,Sweden,Science,Female,Low,FemaleLow,452.7
2022,Sweden,Science,Female,Low,FemaleLow,443.3
2025,Sweden,Science,Female,Low,FemaleLow,442.9
2006,Sweden,Science,Female,Medium,FemaleMedium,504.4
2009,Sweden,Science,Female,Medium,FemaleMedium,492.3
2012,Sweden,Science,Female,Medium,FemaleMedium,488.9
2015,Sweden,Science,Female,Medium,FemaleMedium,486.2
2018,Sweden,Science,Female,Medium,FemaleMedium,500.2
2022,Sweden,Science,Female,Medium,FemaleMedium,486.8
2025,Sweden,Science,Female,Medium,FemaleMedium,493.3
2006,Sweden,Science,0,0,General,503.3
2009,Sweden,Science,0,0,General,495.1
2012,Sweden,Science,0,0,General,484.8
2015,Sweden,Science,0,0,General,493.4
2018,Sweden,Science,0,0,General,499.4
2022,Sweden,Science,0,0,General,493.5
2025,Sweden,Science,0,0,General,485.1
2006,Sweden,Science,0,High,GeneralHigh,533.9
2009,Sweden,Science,0,High,GeneralHigh,535.8
2012,Sweden,Science,0,High,GeneralHigh,521.1
2015,Sweden,Science,0,High,GeneralHigh,535.6
2018,Sweden,Science,0,High,GeneralHigh,534.4
2022,Sweden,Science,0,High,GeneralHigh,541.9
2025,Sweden,Science,0,High,GeneralHigh,530.1
2006,Sweden,Science,0,Low,GeneralLow,468.3
2009,Sweden,Science,0,Low,GeneralLow,448.3
2012,Sweden,Science,0,Low,GeneralLow,451
2015,Sweden,Science,0,Low,GeneralLow,450.4
2018,Sweden,Science,0,Low,GeneralLow,454.1
2022,Sweden,Science,0,Low,GeneralLow,441
2025,Sweden,Science,0,Low,GeneralLow,440
2006,Sweden,Science,0,Medium,GeneralMedium,504.6
2009,Sweden,Science,0,Medium,GeneralMedium,493.4
2012,Sweden,Science,0,Medium,GeneralMedium,486.9
2015,Sweden,Science,0,Medium,GeneralMedium,485.7
2018,Sweden,Science,0,Medium,GeneralMedium,495.7
2022,Sweden,Science,0,Medium,GeneralMedium,484.1
2025,Sweden,Science,0,Medium,GeneralMedium,489.3
2006,Sweden,Science,Male,0,Male,504
2009,Sweden,Science,Male,0,Male,493.3
2012,Sweden,Science,Male,0,Male,481.2
2015,Sweden,Science,Male,0,Male,491.2
2018,Sweden,Science,Male,0,Male,495.6
2022,Sweden,Science,Male,0,Male,489.4
2025,Sweden,Science,Male,0,Male,479.2
2006,Sweden,Science,Male,High,MaleHigh,533.7
2009,Sweden,Science,Male,High,MaleHigh,532
2012,Sweden,Science,Male,High,MaleHigh,518.8
2015,Sweden,Science,Male,High,MaleHigh,533.8
2018,Sweden,Science,Male,High,MaleHigh,530.4
2022,Sweden,Science,Male,High,MaleHigh,539.7
2025,Sweden,Science,Male,High,MaleHigh,526.3
2006,Sweden,Science,Male,Low,MaleLow,467.8
2009,Sweden,Science,Male,Low,MaleLow,445.4
2012,Sweden,Science,Male,Low,MaleLow,446.9
2015,Sweden,Science,Male,Low,MaleLow,449.1
2018,Sweden,Science,Male,Low,MaleLow,455.5
2022,Sweden,Science,Male,Low,MaleLow,438.7
2025,Sweden,Science,Male,Low,MaleLow,437.2
2006,Sweden,Science,Male,Medium,MaleMedium,504.7
2009,Sweden,Science,Male,Medium,MaleMedium,494.7
2012,Sweden,Science,Male,Medium,MaleMedium,484.7
2015,Sweden,Science,Male,Medium,MaleMedium,485.2
2018,Sweden,Science,Male,Medium,MaleMedium,491.1
2022,Sweden,Science,Male,Medium,MaleMedium,481.5
2025,Sweden,Science,Male,Medium,MaleMedium,485.1
2006,Switzerland,Math,Female,0,Female,522.7
2009,Switzerland,Math,Female,0,Female,523.9
2012,Switzerland,Math,Female,0,Female,524.5
2015,Switzerland,Math,Female,0,Female,515
2018,Switzerland,Math,Female,0,Female,511.6
2022,Switzerland,Math,Female,0,Female,502.5
2025,Switzerland,Math,Female,0,Female,492.8
2006,Switzerland,Math,Female,High,FemaleHigh,566.5
2009,Switzerland,Math,Female,High,FemaleHigh,575.4
2012,Switzerland,Math,Female,High,FemaleHigh,564.8
2015,Switzerland,Math,Female,High,FemaleHigh,556.6
2018,Switzerland,Math,Female,High,FemaleHigh,561.7
2022,Switzerland,Math,Female,High,FemaleHigh,554.3
2025,Switzerland,Math,Female,High,FemaleHigh,543.6
2006,Switzerland,Math,Female,Low,FemaleLow,484.2
2009,Switzerland,Math,Female,Low,FemaleLow,486.7
2012,Switzerland,Math,Female,Low,FemaleLow,484.4
2015,Switzerland,Math,Female,Low,FemaleLow,479.4
2018,Switzerland,Math,Female,Low,FemaleLow,474
2022,Switzerland,Math,Female,Low,FemaleLow,452.1
2025,Switzerland,Math,Female,Low,FemaleLow,453.3
2006,Switzerland,Math,Female,Medium,FemaleMedium,531.9
2009,Switzerland,Math,Female,Medium,FemaleMedium,525.9
2012,Switzerland,Math,Female,Medium,FemaleMedium,527.8
2015,Switzerland,Math,Female,Medium,FemaleMedium,516.6
2018,Switzerland,Math,Female,Medium,FemaleMedium,515.3
2022,Switzerland,Math,Female,Medium,FemaleMedium,503.7
2025,Switzerland,Math,Female,Medium,FemaleMedium,494.2
2006,Switzerland,Math,0,0,General,529.7
2009,Switzerland,Math,0,0,General,534
2012,Switzerland,Math,0,0,General,530.9
2015,Switzerland,Math,0,0,General,521.3
2018,Switzerland,Math,0,0,General,515.3
2022,Switzerland,Math,0,0,General,508
2025,Switzerland,Math,0,0,General,499.1
2006,Switzerland,Math,0,High,GeneralHigh,573.9
2009,Switzerland,Math,0,High,GeneralHigh,586.8
2012,Switzerland,Math,0,High,GeneralHigh,570.3
2015,Switzerland,Math,0,High,GeneralHigh,562.8
2018,Switzerland,Math,0,High,GeneralHigh,566.1
2022,Switzerland,Math,0,High,GeneralHigh,562
2025,Switzerland,Math,0,High,GeneralHigh,550.4
2006,Switzerland,Math,0,Low,GeneralLow,491.1
2009,Switzerland,Math,0,Low,GeneralLow,496.8
2012,Switzerland,Math,0,Low,GeneralLow,493.8
2015,Switzerland,Math,0,Low,GeneralLow,486.9
2018,Switzerland,Math,0,Low,GeneralLow,480.2
2022,Switzerland,Math,0,Low,GeneralLow,457.7
2025,Switzerland,Math,0,Low,GeneralLow,461.2
2006,Switzerland,Math,0,Medium,GeneralMedium,538
2009,Switzerland,Math,0,Medium,GeneralMedium,536.6
2012,Switzerland,Math,0,Medium,GeneralMedium,534.5
2015,Switzerland,Math,0,Medium,GeneralMedium,523.6
2018,Switzerland,Math,0,Medium,GeneralMedium,522.9
2022,Switzerland,Math,0,Medium,GeneralMedium,508.7
2025,Switzerland,Math,0,Medium,GeneralMedium,503.5
2006,Switzerland,Math,Male,0,Male,536.2
2009,Switzerland,Math,Male,0,Male,543.7
2012,Switzerland,Math,Male,0,Male,537.4
2015,Switzerland,Math,Male,0,Male,527
2018,Switzerland,Math,Male,0,Male,518.7
2022,Switzerland,Math,Male,0,Male,513.4
2025,Switzerland,Math,Male,0,Male,505.9
2006,Switzerland,Math,Male,High,MaleHigh,581
2009,Switzerland,Math,Male,High,MaleHigh,598.4
2012,Switzerland,Math,Male,High,MaleHigh,576.1
2015,Switzerland,Math,Male,High,MaleHigh,568.5
2018,Switzerland,Math,Male,High,MaleHigh,570.7
2022,Switzerland,Math,Male,High,MaleHigh,569.4
2025,Switzerland,Math,Male,High,MaleHigh,557.9
2006,Switzerland,Math,Male,Low,MaleLow,497.8
2009,Switzerland,Math,Male,Low,MaleLow,506.4
2012,Switzerland,Math,Male,Low,MaleLow,502.8
2015,Switzerland,Math,Male,Low,MaleLow,493.6
2018,Switzerland,Math,Male,Low,MaleLow,485.3
2022,Switzerland,Math,Male,Low,MaleLow,463.4
2025,Switzerland,Math,Male,Low,MaleLow,470.9
2006,Switzerland,Math,Male,Medium,MaleMedium,543.5
2009,Switzerland,Math,Male,Medium,MaleMedium,547
2012,Switzerland,Math,Male,Medium,MaleMedium,541.4
2015,Switzerland,Math,Male,Medium,MaleMedium,530.2
2018,Switzerland,Math,Male,Medium,MaleMedium,529.9
2022,Switzerland,Math,Male,Medium,MaleMedium,513.7
2025,Switzerland,Math,Male,Medium,MaleMedium,513
2006,Switzerland,Reading,Female,0,Female,515.2
2009,Switzerland,Reading,Female,0,Female,520.2
2012,Switzerland,Reading,Female,0,Female,527.1
2015,Switzerland,Reading,Female,0,Female,505.4
2018,Switzerland,Reading,Female,0,Female,500
2022,Switzerland,Reading,Female,0,Female,495.4
2025,Switzerland,Reading,Female,0,Female,484.9
2006,Switzerland,Reading,Female,High,FemaleHigh,557.7
2009,Switzerland,Reading,Female,High,FemaleHigh,568.5
2012,Switzerland,Reading,Female,High,FemaleHigh,564.9
2015,Switzerland,Reading,Female,High,FemaleHigh,549.8
2018,Switzerland,Reading,Female,High,FemaleHigh,550.8
2022,Switzerland,Reading,Female,High,FemaleHigh,550.2
2025,Switzerland,Reading,Female,High,FemaleHigh,530.2
2006,Switzerland,Reading,Female,Low,FemaleLow,477.8
2009,Switzerland,Reading,Female,Low,FemaleLow,485.1
2012,Switzerland,Reading,Female,Low,FemaleLow,488.3
2015,Switzerland,Reading,Female,Low,FemaleLow,467.7
2018,Switzerland,Reading,Female,Low,FemaleLow,461.2
2022,Switzerland,Reading,Female,Low,FemaleLow,440
2025,Switzerland,Reading,Female,Low,FemaleLow,450.1
2006,Switzerland,Reading,Female,Medium,FemaleMedium,523.9
2009,Switzerland,Reading,Female,Medium,FemaleMedium,522.7
2012,Switzerland,Reading,Female,Medium,FemaleMedium,532.1
2015,Switzerland,Reading,Female,Medium,FemaleMedium,506.5
2018,Switzerland,Reading,Female,Medium,FemaleMedium,505.2
2022,Switzerland,Reading,Female,Medium,FemaleMedium,499.7
2025,Switzerland,Reading,Female,Medium,FemaleMedium,488.5
2006,Switzerland,Reading,0,0,General,499.3
2009,Switzerland,Reading,0,0,General,500.5
2012,Switzerland,Reading,0,0,General,509
2015,Switzerland,Reading,0,0,General,492.2
2018,Switzerland,Reading,0,0,General,483.9
2022,Switzerland,Reading,0,0,General,483.3
2025,Switzerland,Reading,0,0,General,470.1
2006,Switzerland,Reading,0,High,GeneralHigh,542.5
2009,Switzerland,Reading,0,High,GeneralHigh,549.5
2012,Switzerland,Reading,0,High,GeneralHigh,547.7
2015,Switzerland,Reading,0,High,GeneralHigh,536.5
2018,Switzerland,Reading,0,High,GeneralHigh,538
2022,Switzerland,Reading,0,High,GeneralHigh,539.6
2025,Switzerland,Reading,0,High,GeneralHigh,517.1
2006,Switzerland,Reading,0,Low,GeneralLow,461.2
2009,Switzerland,Reading,0,Low,GeneralLow,465.5
2012,Switzerland,Reading,0,Low,GeneralLow,471.7
2015,Switzerland,Reading,0,Low,GeneralLow,455.9
2018,Switzerland,Reading,0,Low,GeneralLow,445.8
2022,Switzerland,Reading,0,Low,GeneralLow,430.5
2025,Switzerland,Reading,0,Low,GeneralLow,438.8
2006,Switzerland,Reading,0,Medium,GeneralMedium,507.8
2009,Switzerland,Reading,0,Medium,GeneralMedium,504
2012,Switzerland,Reading,0,Medium,GeneralMedium,514.4
2015,Switzerland,Reading,0,Medium,GeneralMedium,494.1
2018,Switzerland,Reading,0,Medium,GeneralMedium,493.4
2022,Switzerland,Reading,0,Medium,GeneralMedium,485.3
2025,Switzerland,Reading,0,Medium,GeneralMedium,475.5
2006,Switzerland,Reading,Male,0,Male,484.4
2009,Switzerland,Reading,Male,0,Male,481.4
2012,Switzerland,Reading,Male,0,Male,491.1
2015,Switzerland,Reading,Male,0,Male,480.1
2018,Switzerland,Reading,Male,0,Male,469.4
2022,Switzerland,Reading,Male,0,Male,471.6
2025,Switzerland,Reading,Male,0,Male,454.2
2006,Switzerland,Reading,Male,High,MaleHigh,527.9
2009,Switzerland,Reading,Male,High,MaleHigh,530.8
2012,Switzerland,Reading,Male,High,MaleHigh,530
2015,Switzerland,Reading,Male,High,MaleHigh,524.2
2018,Switzerland,Reading,Male,High,MaleHigh,524.7
2022,Switzerland,Reading,Male,High,MaleHigh,529.3
2025,Switzerland,Reading,Male,High,MaleHigh,502.5
2006,Switzerland,Reading,Male,Low,MaleLow,445.1
2009,Switzerland,Reading,Male,Low,MaleLow,447
2012,Switzerland,Reading,Male,Low,MaleLow,455.8
2015,Switzerland,Reading,Male,Low,MaleLow,445.2
2018,Switzerland,Reading,Male,Low,MaleLow,433.1
2022,Switzerland,Reading,Male,Low,MaleLow,420.9
2025,Switzerland,Reading,Male,Low,MaleLow,424.8
2006,Switzerland,Reading,Male,Medium,MaleMedium,493.3
2009,Switzerland,Reading,Male,Medium,MaleMedium,485.9
2012,Switzerland,Reading,Male,Medium,MaleMedium,496.3
2015,Switzerland,Reading,Male,Medium,MaleMedium,482.4
2018,Switzerland,Reading,Male,Medium,MaleMedium,482.5
2022,Switzerland,Reading,Male,Medium,MaleMedium,471.2
2025,Switzerland,Reading,Male,Medium,MaleMedium,462
2006,Switzerland,Science,Female,0,Female,508.7
2009,Switzerland,Science,Female,0,Female,512.5
2012,Switzerland,Science,Female,0,Female,512.3
2015,Switzerland,Science,Female,0,Female,502.3
2018,Switzerland,Science,Female,0,Female,495.5
2022,Switzerland,Science,Female,0,Female,502.4
2025,Switzerland,Science,Female,0,Female,503.9
2006,Switzerland,Science,Female,High,FemaleHigh,558.4
2009,Switzerland,Science,Female,High,FemaleHigh,564.7
2012,Switzerland,Science,Female,High,FemaleHigh,553.5
2015,Switzerland,Science,Female,High,FemaleHigh,551.1
2018,Switzerland,Science,Female,High,FemaleHigh,542.6
2022,Switzerland,Science,Female,High,FemaleHigh,556
2025,Switzerland,Science,Female,High,FemaleHigh,553.1
2006,Switzerland,Science,Female,Low,FemaleLow,466.9
2009,Switzerland,Science,Female,Low,FemaleLow,474.9
2012,Switzerland,Science,Female,Low,FemaleLow,470.2
2015,Switzerland,Science,Female,Low,FemaleLow,460.3
2018,Switzerland,Science,Female,Low,FemaleLow,458.7
2022,Switzerland,Science,Female,Low,FemaleLow,450.5
2025,Switzerland,Science,Female,Low,FemaleLow,463.7
2006,Switzerland,Science,Female,Medium,FemaleMedium,516.9
2009,Switzerland,Science,Female,Medium,FemaleMedium,514.6
2012,Switzerland,Science,Female,Medium,FemaleMedium,517
2015,Switzerland,Science,Female,Medium,FemaleMedium,503.9
2018,Switzerland,Science,Female,Medium,FemaleMedium,500.5
2022,Switzerland,Science,Female,Medium,FemaleMedium,503.4
2025,Switzerland,Science,Female,Medium,FemaleMedium,509
2006,Switzerland,Science,0,0,General,511.5
2009,Switzerland,Science,0,0,General,516.6
2012,Switzerland,Science,0,0,General,515.3
2015,Switzerland,Science,0,0,General,505.5
2018,Switzerland,Science,0,0,General,495.3
2022,Switzerland,Science,0,0,General,502.5
2025,Switzerland,Science,0,0,General,501.2
2006,Switzerland,Science,0,High,GeneralHigh,560.6
2009,Switzerland,Science,0,High,GeneralHigh,568
2012,Switzerland,Science,0,High,GeneralHigh,556.7
2015,Switzerland,Science,0,High,GeneralHigh,554.2
2018,Switzerland,Science,0,High,GeneralHigh,545.6
2022,Switzerland,Science,0,High,GeneralHigh,557.7
2025,Switzerland,Science,0,High,GeneralHigh,552.6
2006,Switzerland,Science,0,Low,GeneralLow,469.4
2009,Switzerland,Science,0,Low,GeneralLow,479.8
2012,Switzerland,Science,0,Low,GeneralLow,476.1
2015,Switzerland,Science,0,Low,GeneralLow,465.5
2018,Switzerland,Science,0,Low,GeneralLow,458.9
2022,Switzerland,Science,0,Low,GeneralLow,451.6
2025,Switzerland,Science,0,Low,GeneralLow,462.8
2006,Switzerland,Science,0,Medium,GeneralMedium,520.1
2009,Switzerland,Science,0,Medium,GeneralMedium,520.1
2012,Switzerland,Science,0,Medium,GeneralMedium,519.4
2015,Switzerland,Science,0,Medium,GeneralMedium,507
2018,Switzerland,Science,0,Medium,GeneralMedium,504.5
2022,Switzerland,Science,0,Medium,GeneralMedium,502.8
2025,Switzerland,Science,0,Medium,GeneralMedium,508.1
2006,Switzerland,Science,Male,0,Male,514.2
2009,Switzerland,Science,Male,0,Male,520.5
2012,Switzerland,Science,Male,0,Male,518.3
2015,Switzerland,Science,Male,0,Male,508.4
2018,Switzerland,Science,Male,0,Male,495.1
2022,Switzerland,Science,Male,0,Male,502.7
2025,Switzerland,Science,Male,0,Male,498.4
2006,Switzerland,Science,Male,High,MaleHigh,562.7
2009,Switzerland,Science,Male,High,MaleHigh,571.5
2012,Switzerland,Science,Male,High,MaleHigh,559.9
2015,Switzerland,Science,Male,High,MaleHigh,557
2018,Switzerland,Science,Male,High,MaleHigh,548.7
2022,Switzerland,Science,Male,High,MaleHigh,559.3
2025,Switzerland,Science,Male,High,MaleHigh,552
2006,Switzerland,Science,Male,Low,MaleLow,471.8
2009,Switzerland,Science,Male,Low,MaleLow,484.4
2012,Switzerland,Science,Male,Low,MaleLow,481.7
2015,Switzerland,Science,Male,Low,MaleLow,470.2
2018,Switzerland,Science,Male,Low,MaleLow,459.2
2022,Switzerland,Science,Male,Low,MaleLow,452.7
2025,Switzerland,Science,Male,Low,MaleLow,461.6
2006,Switzerland,Science,Male,Medium,MaleMedium,523
2009,Switzerland,Science,Male,Medium,MaleMedium,525.4
2012,Switzerland,Science,Male,Medium,MaleMedium,521.8
2015,Switzerland,Science,Male,Medium,MaleMedium,509.9
2018,Switzerland,Science,Male,Medium,MaleMedium,508.2
2022,Switzerland,Science,Male,Medium,MaleMedium,502.2
2025,Switzerland,Science,Male,Medium,MaleMedium,507.1
2018,Tatarstan (RUS),Math,Female,0,Female,472.9
2018,Tatarstan (RUS),Math,Female,High,FemaleHigh,500.7
2018,Tatarstan (RUS),Math,Female,Low,FemaleLow,447.5
2018,Tatarstan (RUS),Math,Female,Medium,FemaleMedium,478.2
2018,Tatarstan (RUS),Math,0,0,General,475.4
2018,Tatarstan (RUS),Math,0,High,GeneralHigh,500.5
2018,Tatarstan (RUS),Math,0,Low,GeneralLow,451.7
2018,Tatarstan (RUS),Math,0,Medium,GeneralMedium,480.7
2018,Tatarstan (RUS),Math,Male,0,Male,477.9
2018,Tatarstan (RUS),Math,Male,High,MaleHigh,500.3
2018,Tatarstan (RUS),Math,Male,Low,MaleLow,456.3
2018,Tatarstan (RUS),Math,Male,Medium,MaleMedium,483.2
2018,Tatarstan (RUS),Reading,Female,0,Female,475.3
2018,Tatarstan (RUS),Reading,Female,High,FemaleHigh,503.8
2018,Tatarstan (RUS),Reading,Female,Low,FemaleLow,446.5
2018,Tatarstan (RUS),Reading,Female,Medium,FemaleMedium,483.4
2018,Tatarstan (RUS),Reading,0,0,General,462.5
2018,Tatarstan (RUS),Reading,0,High,GeneralHigh,486.5
2018,Tatarstan (RUS),Reading,0,Low,GeneralLow,437.5
2018,Tatarstan (RUS),Reading,0,Medium,GeneralMedium,470.4
2018,Tatarstan (RUS),Reading,Male,0,Male,449.6
2018,Tatarstan (RUS),Reading,Male,High,MaleHigh,469.7
2018,Tatarstan (RUS),Reading,Male,Low,MaleLow,427.8
2018,Tatarstan (RUS),Reading,Male,Medium,MaleMedium,457.2
2018,Tatarstan (RUS),Science,Female,0,Female,464.2
2018,Tatarstan (RUS),Science,Female,High,FemaleHigh,491
2018,Tatarstan (RUS),Science,Female,Low,FemaleLow,439.4
2018,Tatarstan (RUS),Science,Female,Medium,FemaleMedium,470.1
2018,Tatarstan (RUS),Science,0,0,General,463.6
2018,Tatarstan (RUS),Science,0,High,GeneralHigh,486.3
2018,Tatarstan (RUS),Science,0,Low,GeneralLow,441.5
2018,Tatarstan (RUS),Science,0,Medium,GeneralMedium,469.6
2018,Tatarstan (RUS),Science,Male,0,Male,462.9
2018,Tatarstan (RUS),Science,Male,High,MaleHigh,481.8
2018,Tatarstan (RUS),Science,Male,Low,MaleLow,443.7
2018,Tatarstan (RUS),Science,Male,Medium,MaleMedium,469.2
2006,Thailand,Math,Female,0,Female,419.9
2009,Thailand,Math,Female,0,Female,417
2012,Thailand,Math,Female,0,Female,432.7
2015,Thailand,Math,Female,0,Female,416.7
2018,Thailand,Math,Female,0,Female,426
2022,Thailand,Math,Female,0,Female,396.8
2025,Thailand,Math,Female,0,Female,409.4
2006,Thailand,Math,Female,High,FemaleHigh,495
2009,Thailand,Math,Female,High,FemaleHigh,494
2012,Thailand,Math,Female,High,FemaleHigh,524.2
2015,Thailand,Math,Female,High,FemaleHigh,494.2
2018,Thailand,Math,Female,High,FemaleHigh,522.6
2022,Thailand,Math,Female,High,FemaleHigh,496.4
2025,Thailand,Math,Female,High,FemaleHigh,474.9
2006,Thailand,Math,Female,Low,FemaleLow,408.4
2009,Thailand,Math,Female,Low,FemaleLow,404.5
2012,Thailand,Math,Female,Low,FemaleLow,420.1
2015,Thailand,Math,Female,Low,FemaleLow,406
2018,Thailand,Math,Female,Low,FemaleLow,412
2022,Thailand,Math,Female,Low,FemaleLow,386.6
2025,Thailand,Math,Female,Low,FemaleLow,400.2
2006,Thailand,Math,Female,Medium,FemaleMedium,469.3
2009,Thailand,Math,Female,Medium,FemaleMedium,456.3
2012,Thailand,Math,Female,Medium,FemaleMedium,468
2015,Thailand,Math,Female,Medium,FemaleMedium,458
2018,Thailand,Math,Female,Medium,FemaleMedium,470.8
2022,Thailand,Math,Female,Medium,FemaleMedium,431.3
2025,Thailand,Math,Female,Medium,FemaleMedium,437.6
2006,Thailand,Math,0,0,General,417.1
2009,Thailand,Math,0,0,General,418.6
2012,Thailand,Math,0,0,General,426.7
2015,Thailand,Math,0,0,General,415.5
2018,Thailand,Math,0,0,General,418.6
2022,Thailand,Math,0,0,General,393.9
2025,Thailand,Math,0,0,General,406.8
2006,Thailand,Math,0,High,GeneralHigh,496.9
2009,Thailand,Math,0,High,GeneralHigh,492.2
2012,Thailand,Math,0,High,GeneralHigh,516.7
2015,Thailand,Math,0,High,GeneralHigh,486.9
2018,Thailand,Math,0,High,GeneralHigh,517.1
2022,Thailand,Math,0,High,GeneralHigh,485.4
2025,Thailand,Math,0,High,GeneralHigh,471.9
2006,Thailand,Math,0,Low,GeneralLow,405.6
2009,Thailand,Math,0,Low,GeneralLow,405.4
2012,Thailand,Math,0,Low,GeneralLow,415
2015,Thailand,Math,0,Low,GeneralLow,404.5
2018,Thailand,Math,0,Low,GeneralLow,404.7
2022,Thailand,Math,0,Low,GeneralLow,382
2025,Thailand,Math,0,Low,GeneralLow,397.8
2006,Thailand,Math,0,Medium,GeneralMedium,463.5
2009,Thailand,Math,0,Medium,GeneralMedium,457.4
2012,Thailand,Math,0,Medium,GeneralMedium,460.9
2015,Thailand,Math,0,Medium,GeneralMedium,449.9
2018,Thailand,Math,0,Medium,GeneralMedium,459.5
2022,Thailand,Math,0,Medium,GeneralMedium,431.9
2025,Thailand,Math,0,Medium,GeneralMedium,434.5
2006,Thailand,Math,Male,0,Male,413.3
2009,Thailand,Math,Male,0,Male,420.6
2012,Thailand,Math,Male,0,Male,419.1
2015,Thailand,Math,Male,0,Male,413.8
2018,Thailand,Math,Male,0,Male,410.1
2022,Thailand,Math,Male,0,Male,390.8
2025,Thailand,Math,Male,0,Male,403.8
2006,Thailand,Math,Male,High,MaleHigh,500
2009,Thailand,Math,Male,High,MaleHigh,490.3
2012,Thailand,Math,Male,High,MaleHigh,505.3
2015,Thailand,Math,Male,High,MaleHigh,478.9
2018,Thailand,Math,Male,High,MaleHigh,510.1
2022,Thailand,Math,Male,High,MaleHigh,475.5
2025,Thailand,Math,Male,High,MaleHigh,468.7
2006,Thailand,Math,Male,Low,MaleLow,401.7
2009,Thailand,Math,Male,Low,MaleLow,406.6
2012,Thailand,Math,Male,Low,MaleLow,408.5
2015,Thailand,Math,Male,Low,MaleLow,402.3
2018,Thailand,Math,Male,Low,MaleLow,396.3
2022,Thailand,Math,Male,Low,MaleLow,376.8
2025,Thailand,Math,Male,Low,MaleLow,395
2006,Thailand,Math,Male,Medium,MaleMedium,457.1
2009,Thailand,Math,Male,Medium,MaleMedium,458.7
2012,Thailand,Math,Male,Medium,MaleMedium,451.9
2015,Thailand,Math,Male,Medium,MaleMedium,442.3
2018,Thailand,Math,Male,Medium,MaleMedium,448.6
2022,Thailand,Math,Male,Medium,MaleMedium,432.4
2025,Thailand,Math,Male,Medium,MaleMedium,431.2
2006,Thailand,Reading,Female,0,Female,439.9
2009,Thailand,Reading,Female,0,Female,437.7
2012,Thailand,Reading,Female,0,Female,465.4
2015,Thailand,Reading,Female,0,Female,422.6
2018,Thailand,Reading,Female,0,Female,411.1
2022,Thailand,Reading,Female,0,Female,391.5
2025,Thailand,Reading,Female,0,Female,406.2
2006,Thailand,Reading,Female,High,FemaleHigh,514.1
2009,Thailand,Reading,Female,High,FemaleHigh,508.6
2012,Thailand,Reading,Female,High,FemaleHigh,535
2015,Thailand,Reading,Female,High,FemaleHigh,498.2
2018,Thailand,Reading,Female,High,FemaleHigh,486.8
2022,Thailand,Reading,Female,High,FemaleHigh,483.7
2025,Thailand,Reading,Female,High,FemaleHigh,474.3
2006,Thailand,Reading,Female,Low,FemaleLow,428.7
2009,Thailand,Reading,Female,Low,FemaleLow,426.1
2012,Thailand,Reading,Female,Low,FemaleLow,454.7
2015,Thailand,Reading,Female,Low,FemaleLow,412.1
2018,Thailand,Reading,Female,Low,FemaleLow,398.3
2022,Thailand,Reading,Female,Low,FemaleLow,381
2025,Thailand,Reading,Female,Low,FemaleLow,396.3
2006,Thailand,Reading,Female,Medium,FemaleMedium,486.6
2009,Thailand,Reading,Female,Medium,FemaleMedium,473.6
2012,Thailand,Reading,Female,Medium,FemaleMedium,499.9
2015,Thailand,Reading,Female,Medium,FemaleMedium,468.5
2018,Thailand,Reading,Female,Medium,FemaleMedium,457.9
2022,Thailand,Reading,Female,Medium,FemaleMedium,430.2
2025,Thailand,Reading,Female,Medium,FemaleMedium,439.3
2006,Thailand,Reading,0,0,General,416.8
2009,Thailand,Reading,0,0,General,421.4
2012,Thailand,Reading,0,0,General,441.2
2015,Thailand,Reading,0,0,General,409.1
2018,Thailand,Reading,0,0,General,392.9
2022,Thailand,Reading,0,0,General,378.7
2025,Thailand,Reading,0,0,General,391.8
2006,Thailand,Reading,0,High,GeneralHigh,498.2
2009,Thailand,Reading,0,High,GeneralHigh,488.2
2012,Thailand,Reading,0,High,GeneralHigh,515.4
2015,Thailand,Reading,0,High,GeneralHigh,483.3
2018,Thailand,Reading,0,High,GeneralHigh,473.4
2022,Thailand,Reading,0,High,GeneralHigh,461.8
2025,Thailand,Reading,0,High,GeneralHigh,457.2
2006,Thailand,Reading,0,Low,GeneralLow,405.5
2009,Thailand,Reading,0,Low,GeneralLow,409.6
2012,Thailand,Reading,0,Low,GeneralLow,430.7
2015,Thailand,Reading,0,Low,GeneralLow,398.4
2018,Thailand,Reading,0,Low,GeneralLow,380.2
2022,Thailand,Reading,0,Low,GeneralLow,367.2
2025,Thailand,Reading,0,Low,GeneralLow,382.8
2006,Thailand,Reading,0,Medium,GeneralMedium,460.2
2009,Thailand,Reading,0,Medium,GeneralMedium,456.1
2012,Thailand,Reading,0,Medium,GeneralMedium,474.9
2015,Thailand,Reading,0,Medium,GeneralMedium,446.1
2018,Thailand,Reading,0,Medium,GeneralMedium,434.1
2022,Thailand,Reading,0,Medium,GeneralMedium,417
2025,Thailand,Reading,0,Medium,GeneralMedium,423.6
2006,Thailand,Reading,Male,0,Male,385.6
2009,Thailand,Reading,Male,0,Male,400
2012,Thailand,Reading,Male,0,Male,410.4
2015,Thailand,Reading,Male,0,Male,391.6
2018,Thailand,Reading,Male,0,Male,372.2
2022,Thailand,Reading,Male,0,Male,364.8
2025,Thailand,Reading,Male,0,Male,375.8
2006,Thailand,Reading,Male,High,MaleHigh,471.4
2009,Thailand,Reading,Male,High,MaleHigh,465.2
2012,Thailand,Reading,Male,High,MaleHigh,485.8
2015,Thailand,Reading,Male,High,MaleHigh,467
2018,Thailand,Reading,Male,High,MaleHigh,456.2
2022,Thailand,Reading,Male,High,MaleHigh,441.9
2025,Thailand,Reading,Male,High,MaleHigh,439
2006,Thailand,Reading,Male,Low,MaleLow,373.9
2009,Thailand,Reading,Male,Low,MaleLow,386.8
2012,Thailand,Reading,Male,Low,MaleLow,400.5
2015,Thailand,Reading,Male,Low,MaleLow,378.9
2018,Thailand,Reading,Male,Low,MaleLow,359.4
2022,Thailand,Reading,Male,Low,MaleLow,351.6
2025,Thailand,Reading,Male,Low,MaleLow,367.2
2006,Thailand,Reading,Male,Medium,MaleMedium,430.7
2009,Thailand,Reading,Male,Medium,MaleMedium,436.7
2012,Thailand,Reading,Male,Medium,MaleMedium,443.6
2015,Thailand,Reading,Male,Medium,MaleMedium,425
2018,Thailand,Reading,Male,Medium,MaleMedium,411.1
2022,Thailand,Reading,Male,Medium,MaleMedium,405.6
2025,Thailand,Reading,Male,Medium,MaleMedium,406.9
2006,Thailand,Science,Female,0,Female,428.1
2009,Thailand,Science,Female,0,Female,431
2012,Thailand,Science,Female,0,Female,452.5
2015,Thailand,Science,Female,0,Female,425.3
2018,Thailand,Science,Female,0,Female,435.2
2022,Thailand,Science,Female,0,Female,414.3
2025,Thailand,Science,Female,0,Female,436.6
2006,Thailand,Science,Female,High,FemaleHigh,505.7
2009,Thailand,Science,Female,High,FemaleHigh,504.6
2012,Thailand,Science,Female,High,FemaleHigh,522.5
2015,Thailand,Science,Female,High,FemaleHigh,502.7
2018,Thailand,Science,Female,High,FemaleHigh,517.7
2022,Thailand,Science,Female,High,FemaleHigh,511.9
2025,Thailand,Science,Female,High,FemaleHigh,508.8
2006,Thailand,Science,Female,Low,FemaleLow,416.9
2009,Thailand,Science,Female,Low,FemaleLow,418.9
2012,Thailand,Science,Female,Low,FemaleLow,442.2
2015,Thailand,Science,Female,Low,FemaleLow,414.8
2018,Thailand,Science,Female,Low,FemaleLow,421.9
2022,Thailand,Science,Female,Low,FemaleLow,403.3
2025,Thailand,Science,Female,Low,FemaleLow,425.9
2006,Thailand,Science,Female,Medium,FemaleMedium,473.7
2009,Thailand,Science,Female,Medium,FemaleMedium,468.7
2012,Thailand,Science,Female,Medium,FemaleMedium,483.6
2015,Thailand,Science,Female,Medium,FemaleMedium,468.4
2018,Thailand,Science,Female,Medium,FemaleMedium,481.9
2022,Thailand,Science,Female,Medium,FemaleMedium,453.5
2025,Thailand,Science,Female,Medium,FemaleMedium,471.1
2006,Thailand,Science,0,0,General,421
2009,Thailand,Science,0,0,General,425.3
2012,Thailand,Science,0,0,General,444
2015,Thailand,Science,0,0,General,421.3
2018,Thailand,Science,0,0,General,425.8
2022,Thailand,Science,0,0,General,409.3
2025,Thailand,Science,0,0,General,432.2
2006,Thailand,Science,0,High,GeneralHigh,502.8
2009,Thailand,Science,0,High,GeneralHigh,494.8
2012,Thailand,Science,0,High,GeneralHigh,515.3
2015,Thailand,Science,0,High,GeneralHigh,493.7
2018,Thailand,Science,0,High,GeneralHigh,512.1
2022,Thailand,Science,0,High,GeneralHigh,498.3
2025,Thailand,Science,0,High,GeneralHigh,500
2006,Thailand,Science,0,Low,GeneralLow,409.4
2009,Thailand,Science,0,Low,GeneralLow,413
2012,Thailand,Science,0,Low,GeneralLow,434.2
2015,Thailand,Science,0,Low,GeneralLow,410.8
2018,Thailand,Science,0,Low,GeneralLow,412.5
2022,Thailand,Science,0,Low,GeneralLow,396.8
2025,Thailand,Science,0,Low,GeneralLow,422.5
2006,Thailand,Science,0,Medium,GeneralMedium,467.1
2009,Thailand,Science,0,Medium,GeneralMedium,461.6
2012,Thailand,Science,0,Medium,GeneralMedium,474.1
2015,Thailand,Science,0,Medium,GeneralMedium,456.9
2018,Thailand,Science,0,Medium,GeneralMedium,468.7
2022,Thailand,Science,0,Medium,GeneralMedium,450.5
2025,Thailand,Science,0,Medium,GeneralMedium,465.5
2006,Thailand,Science,Male,0,Male,411.4
2009,Thailand,Science,Male,0,Male,417.9
2012,Thailand,Science,Male,0,Male,433.2
2015,Thailand,Science,Male,0,Male,416.2
2018,Thailand,Science,Male,0,Male,415.2
2022,Thailand,Science,Male,0,Male,403.8
2025,Thailand,Science,Male,0,Male,427.4
2006,Thailand,Science,Male,High,MaleHigh,498
2009,Thailand,Science,Male,High,MaleHigh,483.8
2012,Thailand,Science,Male,High,MaleHigh,504.5
2015,Thailand,Science,Male,High,MaleHigh,483.8
2018,Thailand,Science,Male,High,MaleHigh,504.8
2022,Thailand,Science,Male,High,MaleHigh,486
2025,Thailand,Science,Male,High,MaleHigh,490.8
2006,Thailand,Science,Male,Low,MaleLow,399.3
2009,Thailand,Science,Male,Low,MaleLow,404.7
2012,Thailand,Science,Male,Low,MaleLow,424.2
2015,Thailand,Science,Male,Low,MaleLow,405.2
2018,Thailand,Science,Male,Low,MaleLow,401.7
2022,Thailand,Science,Male,Low,MaleLow,389.5
2025,Thailand,Science,Male,Low,MaleLow,418.5
2006,Thailand,Science,Male,Medium,MaleMedium,459.7
2009,Thailand,Science,Male,Medium,MaleMedium,453.7
2012,Thailand,Science,Male,Medium,MaleMedium,462.1
2015,Thailand,Science,Male,Medium,MaleMedium,446
2018,Thailand,Science,Male,Medium,MaleMedium,455.9
2022,Thailand,Science,Male,Medium,MaleMedium,447.9
2025,Thailand,Science,Male,Medium,MaleMedium,459.5
2015,Trinidad and Tobago,Math,Female,0,Female,425.9
2015,Trinidad and Tobago,Math,Female,High,FemaleHigh,485.4
2015,Trinidad and Tobago,Math,Female,Low,FemaleLow,400.7
2015,Trinidad and Tobago,Math,Female,Medium,FemaleMedium,440.5
2015,Trinidad and Tobago,Math,0,0,General,417.2
2015,Trinidad and Tobago,Math,0,High,GeneralHigh,473.7
2015,Trinidad and Tobago,Math,0,Low,GeneralLow,396.3
2015,Trinidad and Tobago,Math,0,Medium,GeneralMedium,428.9
2015,Trinidad and Tobago,Math,Male,0,Male,408.3
2015,Trinidad and Tobago,Math,Male,High,MaleHigh,461.2
2015,Trinidad and Tobago,Math,Male,Low,MaleLow,391.6
2015,Trinidad and Tobago,Math,Male,Medium,MaleMedium,417.2
2015,Trinidad and Tobago,Reading,Female,0,Female,452.4
2015,Trinidad and Tobago,Reading,Female,High,FemaleHigh,513.8
2015,Trinidad and Tobago,Reading,Female,Low,FemaleLow,425.3
2015,Trinidad and Tobago,Reading,Female,Medium,FemaleMedium,469.5
2015,Trinidad and Tobago,Reading,0,0,General,427.3
2015,Trinidad and Tobago,Reading,0,High,GeneralHigh,484.6
2015,Trinidad and Tobago,Reading,0,Low,GeneralLow,405.5
2015,Trinidad and Tobago,Reading,0,Medium,GeneralMedium,440.5
2015,Trinidad and Tobago,Reading,Male,0,Male,401.5
2015,Trinidad and Tobago,Reading,Male,High,MaleHigh,453.3
2015,Trinidad and Tobago,Reading,Male,Low,MaleLow,384.5
2015,Trinidad and Tobago,Reading,Male,Medium,MaleMedium,411.2
2015,Trinidad and Tobago,Science,Female,0,Female,434.7
2015,Trinidad and Tobago,Science,Female,High,FemaleHigh,495.4
2015,Trinidad and Tobago,Science,Female,Low,FemaleLow,409.3
2015,Trinidad and Tobago,Science,Female,Medium,FemaleMedium,449
2015,Trinidad and Tobago,Science,0,0,General,424.6
2015,Trinidad and Tobago,Science,0,High,GeneralHigh,482.2
2015,Trinidad and Tobago,Science,0,Low,GeneralLow,403.6
2015,Trinidad and Tobago,Science,0,Medium,GeneralMedium,436.1
2015,Trinidad and Tobago,Science,Male,0,Male,414.2
2015,Trinidad and Tobago,Science,Male,High,MaleHigh,468.1
2015,Trinidad and Tobago,Science,Male,Low,MaleLow,397.6
2015,Trinidad and Tobago,Science,Male,Medium,MaleMedium,423.1
2006,Tunisia,Math,Female,0,Female,358.2
2009,Tunisia,Math,Female,0,Female,365.7
2012,Tunisia,Math,Female,0,Female,380.7
2015,Tunisia,Math,Female,0,Female,364
2006,Tunisia,Math,Female,High,FemaleHigh,449.5
2009,Tunisia,Math,Female,High,FemaleHigh,431.4
2012,Tunisia,Math,Female,High,FemaleHigh,469.4
2015,Tunisia,Math,Female,High,FemaleHigh,436
2006,Tunisia,Math,Female,Low,FemaleLow,337.2
2009,Tunisia,Math,Female,Low,FemaleLow,352.1
2012,Tunisia,Math,Female,Low,FemaleLow,367.3
2015,Tunisia,Math,Female,Low,FemaleLow,348
2006,Tunisia,Math,Female,Medium,FemaleMedium,402.4
2009,Tunisia,Math,Female,Medium,FemaleMedium,398.3
2012,Tunisia,Math,Female,Medium,FemaleMedium,413.2
2015,Tunisia,Math,Female,Medium,FemaleMedium,388.6
2006,Tunisia,Math,0,0,General,365.5
2009,Tunisia,Math,0,0,General,371.5
2012,Tunisia,Math,0,0,General,387.8
2015,Tunisia,Math,0,0,General,366.8
2006,Tunisia,Math,0,High,GeneralHigh,447
2009,Tunisia,Math,0,High,GeneralHigh,439.1
2012,Tunisia,Math,0,High,GeneralHigh,469.6
2015,Tunisia,Math,0,High,GeneralHigh,432.4
2006,Tunisia,Math,0,Low,GeneralLow,346.1
2009,Tunisia,Math,0,Low,GeneralLow,358.5
2012,Tunisia,Math,0,Low,GeneralLow,375.3
2015,Tunisia,Math,0,Low,GeneralLow,350.7
2006,Tunisia,Math,0,Medium,GeneralMedium,405.4
2009,Tunisia,Math,0,Medium,GeneralMedium,397.9
2012,Tunisia,Math,0,Medium,GeneralMedium,416.2
2015,Tunisia,Math,0,Medium,GeneralMedium,388.2
2006,Tunisia,Math,Male,0,Male,373.5
2009,Tunisia,Math,Male,0,Male,377.9
2012,Tunisia,Math,Male,0,Male,395.9
2015,Tunisia,Math,Male,0,Male,370.1
2006,Tunisia,Math,Male,High,MaleHigh,444.3
2009,Tunisia,Math,Male,High,MaleHigh,446.5
2012,Tunisia,Math,Male,High,MaleHigh,469.8
2015,Tunisia,Math,Male,High,MaleHigh,428.9
2006,Tunisia,Math,Male,Low,MaleLow,356.1
2009,Tunisia,Math,Male,Low,MaleLow,365.5
2012,Tunisia,Math,Male,Low,MaleLow,384.8
2015,Tunisia,Math,Male,Low,MaleLow,354.1
2006,Tunisia,Math,Male,Medium,MaleMedium,408.1
2009,Tunisia,Math,Male,Medium,MaleMedium,397.4
2012,Tunisia,Math,Male,Medium,MaleMedium,419.3
2015,Tunisia,Math,Male,Medium,MaleMedium,387.8
2006,Tunisia,Reading,Female,0,Female,398.3
2009,Tunisia,Reading,Female,0,Female,418.5
2012,Tunisia,Reading,Female,0,Female,418.3
2015,Tunisia,Reading,Female,0,Female,372.7
2006,Tunisia,Reading,Female,High,FemaleHigh,460.9
2009,Tunisia,Reading,Female,High,FemaleHigh,480.7
2012,Tunisia,Reading,Female,High,FemaleHigh,493
2015,Tunisia,Reading,Female,High,FemaleHigh,431.7
2006,Tunisia,Reading,Female,Low,FemaleLow,383
2009,Tunisia,Reading,Female,Low,FemaleLow,405.1
2012,Tunisia,Reading,Female,Low,FemaleLow,406.4
2015,Tunisia,Reading,Female,Low,FemaleLow,359.1
2006,Tunisia,Reading,Female,Medium,FemaleMedium,434.1
2009,Tunisia,Reading,Female,Medium,FemaleMedium,451.5
2012,Tunisia,Reading,Female,Medium,FemaleMedium,450.3
2015,Tunisia,Reading,Female,Medium,FemaleMedium,395.6
2006,Tunisia,Reading,0,0,General,380.3
2009,Tunisia,Reading,0,0,General,403.6
2012,Tunisia,Reading,0,0,General,404.1
2015,Tunisia,Reading,0,0,General,361.1
2006,Tunisia,Reading,0,High,GeneralHigh,437
2009,Tunisia,Reading,0,High,GeneralHigh,460.9
2012,Tunisia,Reading,0,High,GeneralHigh,473.4
2015,Tunisia,Reading,0,High,GeneralHigh,411.6
2006,Tunisia,Reading,0,Low,GeneralLow,366.1
2009,Tunisia,Reading,0,Low,GeneralLow,391.9
2012,Tunisia,Reading,0,Low,GeneralLow,393.2
2015,Tunisia,Reading,0,Low,GeneralLow,347.8
2006,Tunisia,Reading,0,Medium,GeneralMedium,412
2009,Tunisia,Reading,0,Medium,GeneralMedium,429.3
2012,Tunisia,Reading,0,Medium,GeneralMedium,431.2
2015,Tunisia,Reading,0,Medium,GeneralMedium,379.6
2006,Tunisia,Reading,Male,0,Male,360.7
2009,Tunisia,Reading,Male,0,Male,387.3
2012,Tunisia,Reading,Male,0,Male,387.8
2015,Tunisia,Reading,Male,0,Male,347.6
2006,Tunisia,Reading,Male,High,MaleHigh,409.9
2009,Tunisia,Reading,Male,High,MaleHigh,441.9
2012,Tunisia,Reading,Male,High,MaleHigh,452
2015,Tunisia,Reading,Male,High,MaleHigh,392.3
2006,Tunisia,Reading,Male,Low,MaleLow,347.3
2009,Tunisia,Reading,Male,Low,MaleLow,377.3
2012,Tunisia,Reading,Male,Low,MaleLow,377.4
2015,Tunisia,Reading,Male,Low,MaleLow,333.7
2006,Tunisia,Reading,Male,Medium,MaleMedium,391
2009,Tunisia,Reading,Male,Medium,MaleMedium,403.7
2012,Tunisia,Reading,Male,Medium,MaleMedium,412.1
2015,Tunisia,Reading,Male,Medium,MaleMedium,363.8
2006,Tunisia,Science,Female,0,Female,387.8
2009,Tunisia,Science,Female,0,Female,400.4
2012,Tunisia,Science,Female,0,Female,397.6
2015,Tunisia,Science,Female,0,Female,384.6
2006,Tunisia,Science,Female,High,FemaleHigh,453.7
2009,Tunisia,Science,Female,High,FemaleHigh,466.8
2012,Tunisia,Science,Female,High,FemaleHigh,465.2
2015,Tunisia,Science,Female,High,FemaleHigh,434.7
2006,Tunisia,Science,Female,Low,FemaleLow,372.1
2009,Tunisia,Science,Female,Low,FemaleLow,386.6
2012,Tunisia,Science,Female,Low,FemaleLow,387.3
2015,Tunisia,Science,Female,Low,FemaleLow,373.6
2006,Tunisia,Science,Female,Medium,FemaleMedium,422.9
2009,Tunisia,Science,Female,Medium,FemaleMedium,433.1
2012,Tunisia,Science,Female,Medium,FemaleMedium,424.2
2015,Tunisia,Science,Female,Medium,FemaleMedium,402.6
2006,Tunisia,Science,0,0,General,385.5
2009,Tunisia,Science,0,0,General,400.7
2012,Tunisia,Science,0,0,General,398
2015,Tunisia,Science,0,0,General,386.4
2006,Tunisia,Science,0,High,GeneralHigh,441.4
2009,Tunisia,Science,0,High,GeneralHigh,463.1
2012,Tunisia,Science,0,High,GeneralHigh,459.7
2015,Tunisia,Science,0,High,GeneralHigh,432.5
2006,Tunisia,Science,0,Low,GeneralLow,372.2
2009,Tunisia,Science,0,Low,GeneralLow,388.1
2012,Tunisia,Science,0,Low,GeneralLow,388.9
2015,Tunisia,Science,0,Low,GeneralLow,375.4
2006,Tunisia,Science,0,Medium,GeneralMedium,413.2
2009,Tunisia,Science,0,Medium,GeneralMedium,426.8
2012,Tunisia,Science,0,Medium,GeneralMedium,420.2
2015,Tunisia,Science,0,Medium,GeneralMedium,401.6
2006,Tunisia,Science,Male,0,Male,383
2009,Tunisia,Science,Male,0,Male,400.9
2012,Tunisia,Science,Male,0,Male,398.6
2015,Tunisia,Science,Male,0,Male,388.5
2006,Tunisia,Science,Male,High,MaleHigh,427.4
2009,Tunisia,Science,Male,High,MaleHigh,459.6
2012,Tunisia,Science,Male,High,MaleHigh,453.7
2015,Tunisia,Science,Male,High,MaleHigh,430.4
2006,Tunisia,Science,Male,Low,MaleLow,372.2
2009,Tunisia,Science,Male,Low,MaleLow,389.8
2012,Tunisia,Science,Male,Low,MaleLow,390.8
2015,Tunisia,Science,Male,Low,MaleLow,377.7
2006,Tunisia,Science,Male,Medium,MaleMedium,404.1
2009,Tunisia,Science,Male,Medium,MaleMedium,419.7
2012,Tunisia,Science,Male,Medium,MaleMedium,416.3
2015,Tunisia,Science,Male,Medium,MaleMedium,400.7
2006,Türkiye,Math,Female,0,Female,420.7
2009,Türkiye,Math,Female,0,Female,439.8
2012,Türkiye,Math,Female,0,Female,443.9
2015,Türkiye,Math,Female,0,Female,417.5
2018,Türkiye,Math,Female,0,Female,451
2022,Türkiye,Math,Female,0,Female,450.3
2025,Türkiye,Math,Female,0,Female,453.4
2006,Türkiye,Math,Female,High,FemaleHigh,522.8
2009,Türkiye,Math,Female,High,FemaleHigh,530.7
2012,Türkiye,Math,Female,High,FemaleHigh,545.2
2015,Türkiye,Math,Female,High,FemaleHigh,502.3
2018,Türkiye,Math,Female,High,FemaleHigh,529.9
2022,Türkiye,Math,Female,High,FemaleHigh,514.3
2025,Türkiye,Math,Female,High,FemaleHigh,520.3
2006,Türkiye,Math,Female,Low,FemaleLow,406
2009,Türkiye,Math,Female,Low,FemaleLow,421
2012,Türkiye,Math,Female,Low,FemaleLow,432.6
2015,Türkiye,Math,Female,Low,FemaleLow,408
2018,Türkiye,Math,Female,Low,FemaleLow,435.6
2022,Türkiye,Math,Female,Low,FemaleLow,436.7
2025,Türkiye,Math,Female,Low,FemaleLow,438.7
2006,Türkiye,Math,Female,Medium,FemaleMedium,467.5
2009,Türkiye,Math,Female,Medium,FemaleMedium,486.2
2012,Türkiye,Math,Female,Medium,FemaleMedium,488.2
2015,Türkiye,Math,Female,Medium,FemaleMedium,453.8
2018,Türkiye,Math,Female,Medium,FemaleMedium,490
2022,Türkiye,Math,Female,Medium,FemaleMedium,495
2025,Türkiye,Math,Female,Medium,FemaleMedium,499.9
2006,Türkiye,Math,0,0,General,423.9
2009,Türkiye,Math,0,0,General,445.5
2012,Türkiye,Math,0,0,General,448
2015,Türkiye,Math,0,0,General,420.5
2018,Türkiye,Math,0,0,General,453.5
2022,Türkiye,Math,0,0,General,453.2
2025,Türkiye,Math,0,0,General,461.5
2006,Türkiye,Math,0,High,GeneralHigh,532.6
2009,Türkiye,Math,0,High,GeneralHigh,540.7
2012,Türkiye,Math,0,High,GeneralHigh,548.4
2015,Türkiye,Math,0,High,GeneralHigh,500.6
2018,Türkiye,Math,0,High,GeneralHigh,535
2022,Türkiye,Math,0,High,GeneralHigh,530.3
2025,Türkiye,Math,0,High,GeneralHigh,535.2
2006,Türkiye,Math,0,Low,GeneralLow,409.1
2009,Türkiye,Math,0,Low,GeneralLow,427.1
2012,Türkiye,Math,0,Low,GeneralLow,436.8
2015,Türkiye,Math,0,Low,GeneralLow,411.4
2018,Türkiye,Math,0,Low,GeneralLow,437.7
2022,Türkiye,Math,0,Low,GeneralLow,437.9
2025,Türkiye,Math,0,Low,GeneralLow,444.1
2006,Türkiye,Math,0,Medium,GeneralMedium,471.5
2009,Türkiye,Math,0,Medium,GeneralMedium,493.1
2012,Türkiye,Math,0,Medium,GeneralMedium,497.7
2015,Türkiye,Math,0,Medium,GeneralMedium,457.3
2018,Türkiye,Math,0,Medium,GeneralMedium,489.8
2022,Türkiye,Math,0,Medium,GeneralMedium,495
2025,Türkiye,Math,0,Medium,GeneralMedium,509.5
2006,Türkiye,Math,Male,0,Male,426.6
2009,Türkiye,Math,Male,0,Male,450.7
2012,Türkiye,Math,Male,0,Male,451.9
2015,Türkiye,Math,Male,0,Male,423.4
2018,Türkiye,Math,Male,0,Male,456
2022,Türkiye,Math,Male,0,Male,456
2025,Türkiye,Math,Male,0,Male,471.2
2006,Türkiye,Math,Male,High,MaleHigh,541.1
2009,Türkiye,Math,Male,High,MaleHigh,552
2012,Türkiye,Math,Male,High,MaleHigh,552.2
2015,Türkiye,Math,Male,High,MaleHigh,498.8
2018,Türkiye,Math,Male,High,MaleHigh,539.9
2022,Türkiye,Math,Male,High,MaleHigh,543.4
2025,Türkiye,Math,Male,High,MaleHigh,548.6
2006,Türkiye,Math,Male,Low,MaleLow,411.6
2009,Türkiye,Math,Male,Low,MaleLow,432.6
2012,Türkiye,Math,Male,Low,MaleLow,441
2015,Türkiye,Math,Male,Low,MaleLow,414.7
2018,Türkiye,Math,Male,Low,MaleLow,439.9
2022,Türkiye,Math,Male,Low,MaleLow,439.2
2025,Türkiye,Math,Male,Low,MaleLow,451.3
2006,Türkiye,Math,Male,Medium,MaleMedium,475
2009,Türkiye,Math,Male,Medium,MaleMedium,499.6
2012,Türkiye,Math,Male,Medium,MaleMedium,507.5
2015,Türkiye,Math,Male,Medium,MaleMedium,461
2018,Türkiye,Math,Male,Medium,MaleMedium,489.7
2022,Türkiye,Math,Male,Medium,MaleMedium,495
2025,Türkiye,Math,Male,Medium,MaleMedium,518.7
2006,Türkiye,Reading,Female,0,Female,471
2009,Türkiye,Reading,Female,0,Female,486.3
2012,Türkiye,Reading,Female,0,Female,498.6
2015,Türkiye,Reading,Female,0,Female,442.2
2018,Türkiye,Reading,Female,0,Female,478.4
2022,Türkiye,Reading,Female,0,Female,468.5
2025,Türkiye,Reading,Female,0,Female,482.1
2006,Türkiye,Reading,Female,High,FemaleHigh,553.8
2009,Türkiye,Reading,Female,High,FemaleHigh,558.7
2012,Türkiye,Reading,Female,High,FemaleHigh,593.1
2015,Türkiye,Reading,Female,High,FemaleHigh,519.8
2018,Türkiye,Reading,Female,High,FemaleHigh,553
2022,Türkiye,Reading,Female,High,FemaleHigh,520.2
2025,Türkiye,Reading,Female,High,FemaleHigh,533.1
2006,Türkiye,Reading,Female,Low,FemaleLow,459.4
2009,Türkiye,Reading,Female,Low,FemaleLow,471.5
2012,Türkiye,Reading,Female,Low,FemaleLow,487.7
2015,Türkiye,Reading,Female,Low,FemaleLow,433.2
2018,Türkiye,Reading,Female,Low,FemaleLow,463.6
2022,Türkiye,Reading,Female,Low,FemaleLow,457.3
2025,Türkiye,Reading,Female,Low,FemaleLow,471.2
2006,Türkiye,Reading,Female,Medium,FemaleMedium,507
2009,Türkiye,Reading,Female,Medium,FemaleMedium,522.7
2012,Türkiye,Reading,Female,Medium,FemaleMedium,544
2015,Türkiye,Reading,Female,Medium,FemaleMedium,477.2
2018,Türkiye,Reading,Female,Medium,FemaleMedium,516.3
2022,Türkiye,Reading,Female,Medium,FemaleMedium,505.5
2025,Türkiye,Reading,Female,Medium,FemaleMedium,519.3
2006,Türkiye,Reading,0,0,General,447.1
2009,Türkiye,Reading,0,0,General,464.2
2012,Türkiye,Reading,0,0,General,475.5
2015,Türkiye,Reading,0,0,General,428.3
2018,Türkiye,Reading,0,0,General,465.6
2022,Türkiye,Reading,0,0,General,456.1
2025,Türkiye,Reading,0,0,General,472.1
2006,Türkiye,Reading,0,High,GeneralHigh,540
2009,Türkiye,Reading,0,High,GeneralHigh,539.3
2012,Türkiye,Reading,0,High,GeneralHigh,570.7
2015,Türkiye,Reading,0,High,GeneralHigh,504.4
2018,Türkiye,Reading,0,High,GeneralHigh,544.7
2022,Türkiye,Reading,0,High,GeneralHigh,517.8
2025,Türkiye,Reading,0,High,GeneralHigh,525.6
2006,Türkiye,Reading,0,Low,GeneralLow,434.9
2009,Türkiye,Reading,0,Low,GeneralLow,449.5
2012,Türkiye,Reading,0,Low,GeneralLow,464.5
2015,Türkiye,Reading,0,Low,GeneralLow,419.4
2018,Türkiye,Reading,0,Low,GeneralLow,450.6
2022,Türkiye,Reading,0,Low,GeneralLow,443.4
2025,Türkiye,Reading,0,Low,GeneralLow,460.4
2006,Türkiye,Reading,0,Medium,GeneralMedium,484.4
2009,Türkiye,Reading,0,Medium,GeneralMedium,503
2012,Türkiye,Reading,0,Medium,GeneralMedium,526.3
2015,Türkiye,Reading,0,Medium,GeneralMedium,464.8
2018,Türkiye,Reading,0,Medium,GeneralMedium,499.9
2022,Türkiye,Reading,0,Medium,GeneralMedium,492.6
2025,Türkiye,Reading,0,Medium,GeneralMedium,509.8
2006,Türkiye,Reading,Male,0,Male,427.3
2009,Türkiye,Reading,Male,0,Male,443.5
2012,Türkiye,Reading,Male,0,Male,452.8
2015,Türkiye,Reading,Male,0,Male,414.4
2018,Türkiye,Reading,Male,0,Male,453.1
2022,Türkiye,Reading,Male,0,Male,443.6
2025,Türkiye,Reading,Male,0,Male,460.3
2006,Türkiye,Reading,Male,High,MaleHigh,528.2
2009,Türkiye,Reading,Male,High,MaleHigh,517.3
2012,Türkiye,Reading,Male,High,MaleHigh,544.3
2015,Türkiye,Reading,Male,High,MaleHigh,489.2
2018,Türkiye,Reading,Male,High,MaleHigh,536.5
2022,Türkiye,Reading,Male,High,MaleHigh,515.9
2025,Türkiye,Reading,Male,High,MaleHigh,519
2006,Türkiye,Reading,Male,Low,MaleLow,415
2009,Türkiye,Reading,Male,Low,MaleLow,429.3
2012,Türkiye,Reading,Male,Low,MaleLow,442
2015,Türkiye,Reading,Male,Low,MaleLow,405.6
2018,Türkiye,Reading,Male,Low,MaleLow,437.5
2022,Türkiye,Reading,Male,Low,MaleLow,429
2025,Türkiye,Reading,Male,Low,MaleLow,446.1
2006,Türkiye,Reading,Male,Medium,MaleMedium,464.4
2009,Türkiye,Reading,Male,Medium,MaleMedium,484.5
2012,Türkiye,Reading,Male,Medium,MaleMedium,507.9
2015,Türkiye,Reading,Male,Medium,MaleMedium,451.8
2018,Türkiye,Reading,Male,Medium,MaleMedium,485.3
2022,Türkiye,Reading,Male,Medium,MaleMedium,480.2
2025,Türkiye,Reading,Male,Medium,MaleMedium,500.6
2006,Türkiye,Science,Female,0,Female,430.4
2009,Türkiye,Science,Female,0,Female,460.2
2012,Türkiye,Science,Female,0,Female,468.6
2015,Türkiye,Science,Female,0,Female,428.7
2018,Türkiye,Science,Female,0,Female,472
2022,Türkiye,Science,Female,0,Female,478.4
2025,Türkiye,Science,Female,0,Female,492.4
2006,Türkiye,Science,Female,High,FemaleHigh,522.4
2009,Türkiye,Science,Female,High,FemaleHigh,531.5
2012,Türkiye,Science,Female,High,FemaleHigh,549.9
2015,Türkiye,Science,Female,High,FemaleHigh,505.9
2018,Türkiye,Science,Female,High,FemaleHigh,542.4
2022,Türkiye,Science,Female,High,FemaleHigh,536.5
2025,Türkiye,Science,Female,High,FemaleHigh,547.9
2006,Türkiye,Science,Female,Low,FemaleLow,417.3
2009,Türkiye,Science,Female,Low,FemaleLow,445.4
2012,Türkiye,Science,Female,Low,FemaleLow,460.2
2015,Türkiye,Science,Female,Low,FemaleLow,419.7
2018,Türkiye,Science,Female,Low,FemaleLow,458.1
2022,Türkiye,Science,Female,Low,FemaleLow,466.1
2025,Türkiye,Science,Female,Low,FemaleLow,480.7
2006,Türkiye,Science,Female,Medium,FemaleMedium,470.5
2009,Türkiye,Science,Female,Medium,FemaleMedium,496.9
2012,Türkiye,Science,Female,Medium,FemaleMedium,498.5
2015,Türkiye,Science,Female,Medium,FemaleMedium,462.8
2018,Türkiye,Science,Female,Medium,FemaleMedium,506.9
2022,Türkiye,Science,Female,Medium,FemaleMedium,519
2025,Türkiye,Science,Female,Medium,FemaleMedium,532.4
2006,Türkiye,Science,0,0,General,423.8
2009,Türkiye,Science,0,0,General,453.9
2012,Türkiye,Science,0,0,General,463.4
2015,Türkiye,Science,0,0,General,425.5
2018,Türkiye,Science,0,0,General,468.3
2022,Türkiye,Science,0,0,General,475.9
2025,Türkiye,Science,0,0,General,494.3
2006,Türkiye,Science,0,High,GeneralHigh,523.6
2009,Türkiye,Science,0,High,GeneralHigh,528.2
2012,Türkiye,Science,0,High,GeneralHigh,544.9
2015,Türkiye,Science,0,High,GeneralHigh,500.2
2018,Türkiye,Science,0,High,GeneralHigh,542.3
2022,Türkiye,Science,0,High,GeneralHigh,545.5
2025,Türkiye,Science,0,High,GeneralHigh,556
2006,Türkiye,Science,0,Low,GeneralLow,410.8
2009,Türkiye,Science,0,Low,GeneralLow,439.6
2012,Türkiye,Science,0,Low,GeneralLow,454.6
2015,Türkiye,Science,0,Low,GeneralLow,416.8
2018,Türkiye,Science,0,Low,GeneralLow,453.6
2022,Türkiye,Science,0,Low,GeneralLow,462
2025,Türkiye,Science,0,Low,GeneralLow,480.5
2006,Türkiye,Science,0,Medium,GeneralMedium,463.5
2009,Türkiye,Science,0,Medium,GeneralMedium,490.9
2012,Türkiye,Science,0,Medium,GeneralMedium,499.8
2015,Türkiye,Science,0,Medium,GeneralMedium,459.9
2018,Türkiye,Science,0,Medium,GeneralMedium,502.2
2022,Türkiye,Science,0,Medium,GeneralMedium,514.8
2025,Türkiye,Science,0,Medium,GeneralMedium,536.8
2006,Türkiye,Science,Male,0,Male,418.4
2009,Türkiye,Science,Male,0,Male,448
2012,Türkiye,Science,Male,0,Male,458.3
2015,Türkiye,Science,Male,0,Male,422.3
2018,Türkiye,Science,Male,0,Male,464.6
2022,Türkiye,Science,Male,0,Male,473.4
2025,Türkiye,Science,Male,0,Male,496.5
2006,Türkiye,Science,Male,High,MaleHigh,524.7
2009,Türkiye,Science,Male,High,MaleHigh,524.4
2012,Türkiye,Science,Male,High,MaleHigh,539
2015,Türkiye,Science,Male,High,MaleHigh,494.5
2018,Türkiye,Science,Male,High,MaleHigh,542.1
2022,Türkiye,Science,Male,High,MaleHigh,552.9
2025,Türkiye,Science,Male,High,MaleHigh,563.2
2006,Türkiye,Science,Male,Low,MaleLow,405.4
2009,Türkiye,Science,Male,Low,MaleLow,434.3
2012,Türkiye,Science,Male,Low,MaleLow,449.2
2015,Türkiye,Science,Male,Low,MaleLow,414
2018,Türkiye,Science,Male,Low,MaleLow,449.1
2022,Türkiye,Science,Male,Low,MaleLow,457.7
2025,Türkiye,Science,Male,Low,MaleLow,480.2
2006,Türkiye,Science,Male,Medium,MaleMedium,457.2
2009,Türkiye,Science,Male,Medium,MaleMedium,485.3
2012,Türkiye,Science,Male,Medium,MaleMedium,501.1
2015,Türkiye,Science,Male,Medium,MaleMedium,456.9
2018,Türkiye,Science,Male,Medium,MaleMedium,498
2022,Türkiye,Science,Male,Medium,MaleMedium,510.8
2025,Türkiye,Science,Male,Medium,MaleMedium,541.2
2018,Ukraine,Math,Female,0,Female,449.4
2018,Ukraine,Math,Female,High,FemaleHigh,505.7
2018,Ukraine,Math,Female,Low,FemaleLow,420.9
2018,Ukraine,Math,Female,Medium,FemaleMedium,464.4
2018,Ukraine,Math,0,0,General,453.1
2018,Ukraine,Math,0,High,GeneralHigh,509.9
2018,Ukraine,Math,0,Low,GeneralLow,424.8
2018,Ukraine,Math,0,Medium,GeneralMedium,470.4
2018,Ukraine,Math,Male,0,Male,456.4
2018,Ukraine,Math,Male,High,MaleHigh,514.6
2018,Ukraine,Math,Male,Low,MaleLow,428.2
2018,Ukraine,Math,Male,Medium,MaleMedium,475.6
2018,Ukraine,Reading,Female,0,Female,483.6
2018,Ukraine,Reading,Female,High,FemaleHigh,536.1
2018,Ukraine,Reading,Female,Low,FemaleLow,455.9
2018,Ukraine,Reading,Female,Medium,FemaleMedium,499
2018,Ukraine,Reading,0,0,General,466
2018,Ukraine,Reading,0,High,GeneralHigh,521.4
2018,Ukraine,Reading,0,Low,GeneralLow,438.4
2018,Ukraine,Reading,0,Medium,GeneralMedium,483
2018,Ukraine,Reading,Male,0,Male,450.1
2018,Ukraine,Reading,Male,High,MaleHigh,504.8
2018,Ukraine,Reading,Male,Low,MaleLow,423.1
2018,Ukraine,Reading,Male,Medium,MaleMedium,469
2018,Ukraine,Science,Female,0,Female,468.1
2018,Ukraine,Science,Female,High,FemaleHigh,520.9
2018,Ukraine,Science,Female,Low,FemaleLow,441.9
2018,Ukraine,Science,Female,Medium,FemaleMedium,481.4
2018,Ukraine,Science,0,0,General,469
2018,Ukraine,Science,0,High,GeneralHigh,521.1
2018,Ukraine,Science,0,Low,GeneralLow,443.7
2018,Ukraine,Science,0,Medium,GeneralMedium,484.2
2018,Ukraine,Science,Male,0,Male,469.8
2018,Ukraine,Science,Male,High,MaleHigh,521.2
2018,Ukraine,Science,Male,Low,MaleLow,445.2
2018,Ukraine,Science,Male,Medium,MaleMedium,486.6
2025,Ukrainian regions (17 of 27),Math,Female,0,Female,427.1
2025,Ukrainian regions (17 of 27),Math,Female,High,FemaleHigh,457.4
2025,Ukrainian regions (17 of 27),Math,Female,Low,FemaleLow,409.9
2025,Ukrainian regions (17 of 27),Math,Female,Medium,FemaleMedium,450.3
2025,Ukrainian regions (17 of 27),Math,0,0,General,431
2025,Ukrainian regions (17 of 27),Math,0,High,GeneralHigh,461.2
2025,Ukrainian regions (17 of 27),Math,0,Low,GeneralLow,416.2
2025,Ukrainian regions (17 of 27),Math,0,Medium,GeneralMedium,455.8
2025,Ukrainian regions (17 of 27),Math,Male,0,Male,435
2025,Ukrainian regions (17 of 27),Math,Male,High,MaleHigh,465.4
2025,Ukrainian regions (17 of 27),Math,Male,Low,MaleLow,422.6
2025,Ukrainian regions (17 of 27),Math,Male,Medium,MaleMedium,461.8
2025,Ukrainian regions (17 of 27),Reading,Female,0,Female,434.1
2025,Ukrainian regions (17 of 27),Reading,Female,High,FemaleHigh,467.2
2025,Ukrainian regions (17 of 27),Reading,Female,Low,FemaleLow,417.1
2025,Ukrainian regions (17 of 27),Reading,Female,Medium,FemaleMedium,457
2025,Ukrainian regions (17 of 27),Reading,0,0,General,418.4
2025,Ukrainian regions (17 of 27),Reading,0,High,GeneralHigh,449.6
2025,Ukrainian regions (17 of 27),Reading,0,Low,GeneralLow,404.5
2025,Ukrainian regions (17 of 27),Reading,0,Medium,GeneralMedium,443.3
2025,Ukrainian regions (17 of 27),Reading,Male,0,Male,402.4
2025,Ukrainian regions (17 of 27),Reading,Male,High,MaleHigh,429.8
2025,Ukrainian regions (17 of 27),Reading,Male,Low,MaleLow,391.6
2025,Ukrainian regions (17 of 27),Reading,Male,Medium,MaleMedium,428.2
2025,Ukrainian regions (17 of 27),Science,Female,0,Female,450.3
2025,Ukrainian regions (17 of 27),Science,Female,High,FemaleHigh,484.6
2025,Ukrainian regions (17 of 27),Science,Female,Low,FemaleLow,431.8
2025,Ukrainian regions (17 of 27),Science,Female,Medium,FemaleMedium,475
2025,Ukrainian regions (17 of 27),Science,0,0,General,448.1
2025,Ukrainian regions (17 of 27),Science,0,High,GeneralHigh,480.6
2025,Ukrainian regions (17 of 27),Science,0,Low,GeneralLow,432.5
2025,Ukrainian regions (17 of 27),Science,0,Medium,GeneralMedium,474.6
2025,Ukrainian regions (17 of 27),Science,Male,0,Male,445.8
2025,Ukrainian regions (17 of 27),Science,Male,High,MaleHigh,476.2
2025,Ukrainian regions (17 of 27),Science,Male,Low,MaleLow,433.2
2025,Ukrainian regions (17 of 27),Science,Male,Medium,MaleMedium,474.2
2022,Ukrainian regions (18 of 27),Math,Female,0,Female,435.9
2022,Ukrainian regions (18 of 27),Math,Female,High,FemaleHigh,483.4
2022,Ukrainian regions (18 of 27),Math,Female,Low,FemaleLow,405.8
2022,Ukrainian regions (18 of 27),Math,Female,Medium,FemaleMedium,460.6
2022,Ukrainian regions (18 of 27),Math,0,0,General,440.8
2022,Ukrainian regions (18 of 27),Math,0,High,GeneralHigh,495.9
2022,Ukrainian regions (18 of 27),Math,0,Low,GeneralLow,413.1
2022,Ukrainian regions (18 of 27),Math,0,Medium,GeneralMedium,461.1
2022,Ukrainian regions (18 of 27),Math,Male,0,Male,445.8
2022,Ukrainian regions (18 of 27),Math,Male,High,MaleHigh,509.4
2022,Ukrainian regions (18 of 27),Math,Male,Low,MaleLow,420.3
2022,Ukrainian regions (18 of 27),Math,Male,Medium,MaleMedium,461.7
2022,Ukrainian regions (18 of 27),Reading,Female,0,Female,439.1
2022,Ukrainian regions (18 of 27),Reading,Female,High,FemaleHigh,483
2022,Ukrainian regions (18 of 27),Reading,Female,Low,FemaleLow,409.9
2022,Ukrainian regions (18 of 27),Reading,Female,Medium,FemaleMedium,465.6
2022,Ukrainian regions (18 of 27),Reading,0,0,General,427.5
2022,Ukrainian regions (18 of 27),Reading,0,High,GeneralHigh,481.8
2022,Ukrainian regions (18 of 27),Reading,0,Low,GeneralLow,399.4
2022,Ukrainian regions (18 of 27),Reading,0,Medium,GeneralMedium,449.8
2022,Ukrainian regions (18 of 27),Reading,Male,0,Male,415.9
2022,Ukrainian regions (18 of 27),Reading,Male,High,MaleHigh,480.6
2022,Ukrainian regions (18 of 27),Reading,Male,Low,MaleLow,389.1
2022,Ukrainian regions (18 of 27),Reading,Male,Medium,MaleMedium,433.2
2022,Ukrainian regions (18 of 27),Science,Female,0,Female,450.5
2022,Ukrainian regions (18 of 27),Science,Female,High,FemaleHigh,495.2
2022,Ukrainian regions (18 of 27),Science,Female,Low,FemaleLow,421.5
2022,Ukrainian regions (18 of 27),Science,Female,Medium,FemaleMedium,475.7
2022,Ukrainian regions (18 of 27),Science,0,0,General,450.2
2022,Ukrainian regions (18 of 27),Science,0,High,GeneralHigh,501.7
2022,Ukrainian regions (18 of 27),Science,0,Low,GeneralLow,423.4
2022,Ukrainian regions (18 of 27),Science,0,Medium,GeneralMedium,471.6
2022,Ukrainian regions (18 of 27),Science,Male,0,Male,449.9
2022,Ukrainian regions (18 of 27),Science,Male,High,MaleHigh,508.7
2022,Ukrainian regions (18 of 27),Science,Male,Low,MaleLow,425.3
2022,Ukrainian regions (18 of 27),Science,Male,Medium,MaleMedium,467.2
2009,United Arab Emirates,Math,Female,0,Female,424.3
2012,United Arab Emirates,Math,Female,0,Female,436.4
2015,United Arab Emirates,Math,Female,0,Female,430.7
2018,United Arab Emirates,Math,Female,0,Female,439.3
2022,United Arab Emirates,Math,Female,0,Female,434.7
2025,United Arab Emirates,Math,Female,0,Female,450.6
2009,United Arab Emirates,Math,Female,High,FemaleHigh,468.5
2012,United Arab Emirates,Math,Female,High,FemaleHigh,462.8
2015,United Arab Emirates,Math,Female,High,FemaleHigh,453.2
2018,United Arab Emirates,Math,Female,High,FemaleHigh,481.2
2022,United Arab Emirates,Math,Female,High,FemaleHigh,458.2
2025,United Arab Emirates,Math,Female,High,FemaleHigh,472.3
2009,United Arab Emirates,Math,Female,Low,FemaleLow,380.1
2012,United Arab Emirates,Math,Female,Low,FemaleLow,392.4
2015,United Arab Emirates,Math,Female,Low,FemaleLow,390.7
2018,United Arab Emirates,Math,Female,Low,FemaleLow,386.9
2022,United Arab Emirates,Math,Female,Low,FemaleLow,392.2
2025,United Arab Emirates,Math,Female,Low,FemaleLow,399.5
2009,United Arab Emirates,Math,Female,Medium,FemaleMedium,425.9
2012,United Arab Emirates,Math,Female,Medium,FemaleMedium,439.3
2015,United Arab Emirates,Math,Female,Medium,FemaleMedium,422.8
2018,United Arab Emirates,Math,Female,Medium,FemaleMedium,435.3
2022,United Arab Emirates,Math,Female,Medium,FemaleMedium,440.5
2025,United Arab Emirates,Math,Female,Medium,FemaleMedium,445.7
2009,United Arab Emirates,Math,0,0,General,421.1
2012,United Arab Emirates,Math,0,0,General,434
2015,United Arab Emirates,Math,0,0,General,427.5
2018,United Arab Emirates,Math,0,0,General,434.9
2022,United Arab Emirates,Math,0,0,General,431.1
2025,United Arab Emirates,Math,0,0,General,452.6
2009,United Arab Emirates,Math,0,High,GeneralHigh,467.3
2012,United Arab Emirates,Math,0,High,GeneralHigh,464.4
2015,United Arab Emirates,Math,0,High,GeneralHigh,450.6
2018,United Arab Emirates,Math,0,High,GeneralHigh,481.2
2022,United Arab Emirates,Math,0,High,GeneralHigh,457.1
2025,United Arab Emirates,Math,0,High,GeneralHigh,478.9
2009,United Arab Emirates,Math,0,Low,GeneralLow,375.9
2012,United Arab Emirates,Math,0,Low,GeneralLow,388.9
2015,United Arab Emirates,Math,0,Low,GeneralLow,386.8
2018,United Arab Emirates,Math,0,Low,GeneralLow,380.6
2022,United Arab Emirates,Math,0,Low,GeneralLow,386.4
2025,United Arab Emirates,Math,0,Low,GeneralLow,400.9
2009,United Arab Emirates,Math,0,Medium,GeneralMedium,423.2
2012,United Arab Emirates,Math,0,Medium,GeneralMedium,433.9
2015,United Arab Emirates,Math,0,Medium,GeneralMedium,420.5
2018,United Arab Emirates,Math,0,Medium,GeneralMedium,432.4
2022,United Arab Emirates,Math,0,Medium,GeneralMedium,439.7
2025,United Arab Emirates,Math,0,Medium,GeneralMedium,451.3
2009,United Arab Emirates,Math,Male,0,Male,417.9
2012,United Arab Emirates,Math,Male,0,Male,431.5
2015,United Arab Emirates,Math,Male,0,Male,424.2
2018,United Arab Emirates,Math,Male,0,Male,430.5
2022,United Arab Emirates,Math,Male,0,Male,427.7
2025,United Arab Emirates,Math,Male,0,Male,454.6
2009,United Arab Emirates,Math,Male,High,MaleHigh,466.2
2012,United Arab Emirates,Math,Male,High,MaleHigh,466
2015,United Arab Emirates,Math,Male,High,MaleHigh,447.9
2018,United Arab Emirates,Math,Male,High,MaleHigh,481.1
2022,United Arab Emirates,Math,Male,High,MaleHigh,455.9
2025,United Arab Emirates,Math,Male,High,MaleHigh,485.9
2009,United Arab Emirates,Math,Male,Low,MaleLow,371.9
2012,United Arab Emirates,Math,Male,Low,MaleLow,385.1
2015,United Arab Emirates,Math,Male,Low,MaleLow,382.5
2018,United Arab Emirates,Math,Male,Low,MaleLow,374.6
2022,United Arab Emirates,Math,Male,Low,MaleLow,380.9
2025,United Arab Emirates,Math,Male,Low,MaleLow,402.4
2009,United Arab Emirates,Math,Male,Medium,MaleMedium,420.3
2012,United Arab Emirates,Math,Male,Medium,MaleMedium,428.2
2015,United Arab Emirates,Math,Male,Medium,MaleMedium,418.3
2018,United Arab Emirates,Math,Male,Medium,MaleMedium,429.4
2022,United Arab Emirates,Math,Male,Medium,MaleMedium,438.9
2025,United Arab Emirates,Math,Male,Medium,MaleMedium,457.5
2009,United Arab Emirates,Reading,Female,0,Female,460.4
2012,United Arab Emirates,Reading,Female,0,Female,468.8
2015,United Arab Emirates,Reading,Female,0,Female,458.3
2018,United Arab Emirates,Reading,Female,0,Female,459.8
2022,United Arab Emirates,Reading,Female,0,Female,440.2
2025,United Arab Emirates,Reading,Female,0,Female,451.4
2009,United Arab Emirates,Reading,Female,High,FemaleHigh,500
2012,United Arab Emirates,Reading,Female,High,FemaleHigh,493
2015,United Arab Emirates,Reading,Female,High,FemaleHigh,482.7
2018,United Arab Emirates,Reading,Female,High,FemaleHigh,501.2
2022,United Arab Emirates,Reading,Female,High,FemaleHigh,466.6
2025,United Arab Emirates,Reading,Female,High,FemaleHigh,474
2009,United Arab Emirates,Reading,Female,Low,FemaleLow,418.4
2012,United Arab Emirates,Reading,Female,Low,FemaleLow,430.1
2015,United Arab Emirates,Reading,Female,Low,FemaleLow,416.3
2018,United Arab Emirates,Reading,Female,Low,FemaleLow,408.5
2022,United Arab Emirates,Reading,Female,Low,FemaleLow,392.1
2025,United Arab Emirates,Reading,Female,Low,FemaleLow,398.8
2009,United Arab Emirates,Reading,Female,Medium,FemaleMedium,463.6
2012,United Arab Emirates,Reading,Female,Medium,FemaleMedium,471
2015,United Arab Emirates,Reading,Female,Medium,FemaleMedium,449.5
2018,United Arab Emirates,Reading,Female,Medium,FemaleMedium,457.3
2022,United Arab Emirates,Reading,Female,Medium,FemaleMedium,448.5
2025,United Arab Emirates,Reading,Female,Medium,FemaleMedium,449.6
2009,United Arab Emirates,Reading,0,0,General,431.4
2012,United Arab Emirates,Reading,0,0,General,441.7
2015,United Arab Emirates,Reading,0,0,General,433.5
2018,United Arab Emirates,Reading,0,0,General,431.8
2022,United Arab Emirates,Reading,0,0,General,417.3
2025,United Arab Emirates,Reading,0,0,General,432.8
2009,United Arab Emirates,Reading,0,High,GeneralHigh,474.4
2012,United Arab Emirates,Reading,0,High,GeneralHigh,469.2
2015,United Arab Emirates,Reading,0,High,GeneralHigh,459.3
2018,United Arab Emirates,Reading,0,High,GeneralHigh,478.5
2022,United Arab Emirates,Reading,0,High,GeneralHigh,444.6
2025,United Arab Emirates,Reading,0,High,GeneralHigh,461.4
2009,United Arab Emirates,Reading,0,Low,GeneralLow,387.2
2012,United Arab Emirates,Reading,0,Low,GeneralLow,401.3
2015,United Arab Emirates,Reading,0,Low,GeneralLow,390.9
2018,United Arab Emirates,Reading,0,Low,GeneralLow,377.5
2022,United Arab Emirates,Reading,0,Low,GeneralLow,369
2025,United Arab Emirates,Reading,0,Low,GeneralLow,382.8
2009,United Arab Emirates,Reading,0,Medium,GeneralMedium,435.1
2012,United Arab Emirates,Reading,0,Medium,GeneralMedium,442.6
2015,United Arab Emirates,Reading,0,Medium,GeneralMedium,424.7
2018,United Arab Emirates,Reading,0,Medium,GeneralMedium,430.2
2022,United Arab Emirates,Reading,0,Medium,GeneralMedium,428.8
2025,United Arab Emirates,Reading,0,Medium,GeneralMedium,435.8
2009,United Arab Emirates,Reading,Male,0,Male,402.4
2012,United Arab Emirates,Reading,Male,0,Male,413.5
2015,United Arab Emirates,Reading,Male,0,Male,408.1
2018,United Arab Emirates,Reading,Male,0,Male,403
2022,United Arab Emirates,Reading,Male,0,Male,395.7
2025,United Arab Emirates,Reading,Male,0,Male,414.3
2009,United Arab Emirates,Reading,Male,High,MaleHigh,449.2
2012,United Arab Emirates,Reading,Male,High,MaleHigh,445.7
2015,United Arab Emirates,Reading,Male,High,MaleHigh,434.7
2018,United Arab Emirates,Reading,Male,High,MaleHigh,453.2
2022,United Arab Emirates,Reading,Male,High,MaleHigh,422.1
2025,United Arab Emirates,Reading,Male,High,MaleHigh,448
2009,United Arab Emirates,Reading,Male,Low,MaleLow,357.6
2012,United Arab Emirates,Reading,Male,Low,MaleLow,369.5
2015,United Arab Emirates,Reading,Male,Low,MaleLow,363.4
2018,United Arab Emirates,Reading,Male,Low,MaleLow,348.2
2022,United Arab Emirates,Reading,Male,Low,MaleLow,346.6
2025,United Arab Emirates,Reading,Male,Low,MaleLow,365.1
2009,United Arab Emirates,Reading,Male,Medium,MaleMedium,405.2
2012,United Arab Emirates,Reading,Male,Medium,MaleMedium,411.7
2015,United Arab Emirates,Reading,Male,Medium,MaleMedium,399.8
2018,United Arab Emirates,Reading,Male,Medium,MaleMedium,402.2
2022,United Arab Emirates,Reading,Male,Medium,MaleMedium,409.8
2025,United Arab Emirates,Reading,Male,Medium,MaleMedium,420.5
2009,United Arab Emirates,Science,Female,0,Female,453.5
2012,United Arab Emirates,Science,Female,0,Female,462
2015,United Arab Emirates,Science,Female,0,Female,449.3
2018,United Arab Emirates,Science,Female,0,Female,446.5
2022,United Arab Emirates,Science,Female,0,Female,440.7
2025,United Arab Emirates,Science,Female,0,Female,463.5
2009,United Arab Emirates,Science,Female,High,FemaleHigh,491.7
2012,United Arab Emirates,Science,Female,High,FemaleHigh,488.3
2015,United Arab Emirates,Science,Female,High,FemaleHigh,472.1
2018,United Arab Emirates,Science,Female,High,FemaleHigh,485.3
2022,United Arab Emirates,Science,Female,High,FemaleHigh,466.4
2025,United Arab Emirates,Science,Female,High,FemaleHigh,486.4
2009,United Arab Emirates,Science,Female,Low,FemaleLow,413.2
2012,United Arab Emirates,Science,Female,Low,FemaleLow,420.8
2015,United Arab Emirates,Science,Female,Low,FemaleLow,410
2018,United Arab Emirates,Science,Female,Low,FemaleLow,397.3
2022,United Arab Emirates,Science,Female,Low,FemaleLow,391.7
2025,United Arab Emirates,Science,Female,Low,FemaleLow,405
2009,United Arab Emirates,Science,Female,Medium,FemaleMedium,456.4
2012,United Arab Emirates,Science,Female,Medium,FemaleMedium,463.7
2015,United Arab Emirates,Science,Female,Medium,FemaleMedium,441.3
2018,United Arab Emirates,Science,Female,Medium,FemaleMedium,443.8
2022,United Arab Emirates,Science,Female,Medium,FemaleMedium,448.9
2025,United Arab Emirates,Science,Female,Medium,FemaleMedium,461.2
2009,United Arab Emirates,Science,0,0,General,437.8
2012,United Arab Emirates,Science,0,0,General,448.4
2015,United Arab Emirates,Science,0,0,General,436.7
2018,United Arab Emirates,Science,0,0,General,433.6
2022,United Arab Emirates,Science,0,0,General,432
2025,United Arab Emirates,Science,0,0,General,458.1
2009,United Arab Emirates,Science,0,High,GeneralHigh,478.9
2012,United Arab Emirates,Science,0,High,GeneralHigh,479.3
2015,United Arab Emirates,Science,0,High,GeneralHigh,460.6
2018,United Arab Emirates,Science,0,High,GeneralHigh,477.4
2022,United Arab Emirates,Science,0,High,GeneralHigh,458.5
2025,United Arab Emirates,Science,0,High,GeneralHigh,486
2009,United Arab Emirates,Science,0,Low,GeneralLow,395.7
2012,United Arab Emirates,Science,0,Low,GeneralLow,404.1
2015,United Arab Emirates,Science,0,Low,GeneralLow,396.2
2018,United Arab Emirates,Science,0,Low,GeneralLow,381.3
2022,United Arab Emirates,Science,0,Low,GeneralLow,383.7
2025,United Arab Emirates,Science,0,Low,GeneralLow,402.7
2009,United Arab Emirates,Science,0,Medium,GeneralMedium,441.1
2012,United Arab Emirates,Science,0,Medium,GeneralMedium,447.8
2015,United Arab Emirates,Science,0,Medium,GeneralMedium,429.1
2018,United Arab Emirates,Science,0,Medium,GeneralMedium,432.2
2022,United Arab Emirates,Science,0,Medium,GeneralMedium,442.6
2025,United Arab Emirates,Science,0,Medium,GeneralMedium,459.9
2009,United Arab Emirates,Science,Male,0,Male,422.1
2012,United Arab Emirates,Science,Male,0,Male,434.1
2015,United Arab Emirates,Science,Male,0,Male,423.8
2018,United Arab Emirates,Science,Male,0,Male,420.4
2022,United Arab Emirates,Science,Male,0,Male,423.7
2025,United Arab Emirates,Science,Male,0,Male,452.6
2009,United Arab Emirates,Science,Male,High,MaleHigh,466.2
2012,United Arab Emirates,Science,Male,High,MaleHigh,470.5
2015,United Arab Emirates,Science,Male,High,MaleHigh,448.5
2018,United Arab Emirates,Science,Male,High,MaleHigh,468.5
2022,United Arab Emirates,Science,Male,High,MaleHigh,450.4
2025,United Arab Emirates,Science,Male,High,MaleHigh,485.5
2009,United Arab Emirates,Science,Male,Low,MaleLow,379
2012,United Arab Emirates,Science,Male,Low,MaleLow,385.6
2015,United Arab Emirates,Science,Male,Low,MaleLow,381.2
2018,United Arab Emirates,Science,Male,Low,MaleLow,366.2
2022,United Arab Emirates,Science,Male,Low,MaleLow,375.9
2025,United Arab Emirates,Science,Male,Low,MaleLow,400.1
2009,United Arab Emirates,Science,Male,Medium,MaleMedium,425.1
2012,United Arab Emirates,Science,Male,Medium,MaleMedium,430.5
2015,United Arab Emirates,Science,Male,Medium,MaleMedium,416.8
2018,United Arab Emirates,Science,Male,Medium,MaleMedium,420.3
2022,United Arab Emirates,Science,Male,Medium,MaleMedium,436.6
2025,United Arab Emirates,Science,Male,Medium,MaleMedium,458.6
2006,United Kingdom,Math,Female,0,Female,487.2
2009,United Kingdom,Math,Female,0,Female,482.4
2012,United Kingdom,Math,Female,0,Female,487.8
2015,United Kingdom,Math,Female,0,Female,486.6
2018,United Kingdom,Math,Female,0,Female,495.9
2022,United Kingdom,Math,Female,0,Female,481.7
2025,United Kingdom,Math,Female,0,Female,475.2
2006,United Kingdom,Math,Female,High,FemaleHigh,520.6
2009,United Kingdom,Math,Female,High,FemaleHigh,529
2012,United Kingdom,Math,Female,High,FemaleHigh,532.5
2015,United Kingdom,Math,Female,High,FemaleHigh,527.9
2018,United Kingdom,Math,Female,High,FemaleHigh,533.4
2022,United Kingdom,Math,Female,High,FemaleHigh,533.2
2025,United Kingdom,Math,Female,High,FemaleHigh,520.6
2006,United Kingdom,Math,Female,Low,FemaleLow,455.2
2009,United Kingdom,Math,Female,Low,FemaleLow,445.2
2012,United Kingdom,Math,Female,Low,FemaleLow,455.7
2015,United Kingdom,Math,Female,Low,FemaleLow,454.2
2018,United Kingdom,Math,Female,Low,FemaleLow,464.5
2022,United Kingdom,Math,Female,Low,FemaleLow,451.6
2025,United Kingdom,Math,Female,Low,FemaleLow,447.2
2006,United Kingdom,Math,Female,Medium,FemaleMedium,489.3
2009,United Kingdom,Math,Female,Medium,FemaleMedium,484.4
2012,United Kingdom,Math,Female,Medium,FemaleMedium,483
2015,United Kingdom,Math,Female,Medium,FemaleMedium,482.6
2018,United Kingdom,Math,Female,Medium,FemaleMedium,489.1
2022,United Kingdom,Math,Female,Medium,FemaleMedium,483.1
2025,United Kingdom,Math,Female,Medium,FemaleMedium,479.2
2006,United Kingdom,Math,0,0,General,495.4
2009,United Kingdom,Math,0,0,General,492.4
2012,United Kingdom,Math,0,0,General,493.9
2015,United Kingdom,Math,0,0,General,492.5
2018,United Kingdom,Math,0,0,General,501.8
2022,United Kingdom,Math,0,0,General,489
2025,United Kingdom,Math,0,0,General,487.6
2006,United Kingdom,Math,0,High,GeneralHigh,529.8
2009,United Kingdom,Math,0,High,GeneralHigh,537.7
2012,United Kingdom,Math,0,High,GeneralHigh,537.4
2015,United Kingdom,Math,0,High,GeneralHigh,531.5
2018,United Kingdom,Math,0,High,GeneralHigh,539.3
2022,United Kingdom,Math,0,High,GeneralHigh,537.6
2025,United Kingdom,Math,0,High,GeneralHigh,534.1
2006,United Kingdom,Math,0,Low,GeneralLow,462
2009,United Kingdom,Math,0,Low,GeneralLow,454.8
2012,United Kingdom,Math,0,Low,GeneralLow,461.5
2015,United Kingdom,Math,0,Low,GeneralLow,461.6
2018,United Kingdom,Math,0,Low,GeneralLow,468.3
2022,United Kingdom,Math,0,Low,GeneralLow,463
2025,United Kingdom,Math,0,Low,GeneralLow,459
2006,United Kingdom,Math,0,Medium,GeneralMedium,495.6
2009,United Kingdom,Math,0,Medium,GeneralMedium,495.8
2012,United Kingdom,Math,0,Medium,GeneralMedium,488.9
2015,United Kingdom,Math,0,Medium,GeneralMedium,491.4
2018,United Kingdom,Math,0,Medium,GeneralMedium,498.6
2022,United Kingdom,Math,0,Medium,GeneralMedium,487.7
2025,United Kingdom,Math,0,Medium,GeneralMedium,492.9
2006,United Kingdom,Math,Male,0,Male,503.9
2009,United Kingdom,Math,Male,0,Male,502.8
2012,United Kingdom,Math,Male,0,Male,500.3
2015,United Kingdom,Math,Male,0,Male,498.2
2018,United Kingdom,Math,Male,0,Male,508
2022,United Kingdom,Math,Male,0,Male,496
2025,United Kingdom,Math,Male,0,Male,499.1
2006,United Kingdom,Math,Male,High,MaleHigh,538.1
2009,United Kingdom,Math,Male,High,MaleHigh,546.4
2012,United Kingdom,Math,Male,High,MaleHigh,542.3
2015,United Kingdom,Math,Male,High,MaleHigh,535.1
2018,United Kingdom,Math,Male,High,MaleHigh,545.9
2022,United Kingdom,Math,Male,High,MaleHigh,541.8
2025,United Kingdom,Math,Male,High,MaleHigh,546.4
2006,United Kingdom,Math,Male,Low,MaleLow,469.6
2009,United Kingdom,Math,Male,Low,MaleLow,465.3
2012,United Kingdom,Math,Male,Low,MaleLow,467.9
2015,United Kingdom,Math,Male,Low,MaleLow,468.9
2018,United Kingdom,Math,Male,Low,MaleLow,472.9
2022,United Kingdom,Math,Male,Low,MaleLow,474.2
2025,United Kingdom,Math,Male,Low,MaleLow,470.9
2006,United Kingdom,Math,Male,Medium,MaleMedium,502.1
2009,United Kingdom,Math,Male,Medium,MaleMedium,507.9
2012,United Kingdom,Math,Male,Medium,MaleMedium,495.1
2015,United Kingdom,Math,Male,Medium,MaleMedium,499.7
2018,United Kingdom,Math,Male,Medium,MaleMedium,508
2022,United Kingdom,Math,Male,Medium,MaleMedium,492.2
2025,United Kingdom,Math,Male,Medium,MaleMedium,506.1
2006,United Kingdom,Reading,Female,0,Female,509.5
2009,United Kingdom,Reading,Female,0,Female,506.5
2012,United Kingdom,Reading,Female,0,Female,511.5
2015,United Kingdom,Reading,Female,0,Female,509.1
2018,United Kingdom,Reading,Female,0,Female,513.7
2022,United Kingdom,Reading,Female,0,Female,502.8
2025,United Kingdom,Reading,Female,0,Female,501.4
2006,United Kingdom,Reading,Female,High,FemaleHigh,543.3
2009,United Kingdom,Reading,Female,High,FemaleHigh,554.3
2012,United Kingdom,Reading,Female,High,FemaleHigh,556.3
2015,United Kingdom,Reading,Female,High,FemaleHigh,550.2
2018,United Kingdom,Reading,Female,High,FemaleHigh,552.5
2022,United Kingdom,Reading,Female,High,FemaleHigh,556.5
2025,United Kingdom,Reading,Female,High,FemaleHigh,539.9
2006,United Kingdom,Reading,Female,Low,FemaleLow,473.9
2009,United Kingdom,Reading,Female,Low,FemaleLow,467.5
2012,United Kingdom,Reading,Female,Low,FemaleLow,478.7
2015,United Kingdom,Reading,Female,Low,FemaleLow,477.8
2018,United Kingdom,Reading,Female,Low,FemaleLow,483.7
2022,United Kingdom,Reading,Female,Low,FemaleLow,477.5
2025,United Kingdom,Reading,Female,Low,FemaleLow,481.6
2006,United Kingdom,Reading,Female,Medium,FemaleMedium,514.4
2009,United Kingdom,Reading,Female,Medium,FemaleMedium,509.7
2012,United Kingdom,Reading,Female,Medium,FemaleMedium,508.8
2015,United Kingdom,Reading,Female,Medium,FemaleMedium,504.9
2018,United Kingdom,Reading,Female,Medium,FemaleMedium,508
2022,United Kingdom,Reading,Female,Medium,FemaleMedium,505.1
2025,United Kingdom,Reading,Female,Medium,FemaleMedium,504.8
2006,United Kingdom,Reading,0,0,General,495.1
2009,United Kingdom,Reading,0,0,General,494.2
2012,United Kingdom,Reading,0,0,General,499.3
2015,United Kingdom,Reading,0,0,General,498
2018,United Kingdom,Reading,0,0,General,503.9
2022,United Kingdom,Reading,0,0,General,494.4
2025,United Kingdom,Reading,0,0,General,494.2
2006,United Kingdom,Reading,0,High,GeneralHigh,528.7
2009,United Kingdom,Reading,0,High,GeneralHigh,541.3
2012,United Kingdom,Reading,0,High,GeneralHigh,542.9
2015,United Kingdom,Reading,0,High,GeneralHigh,537.2
2018,United Kingdom,Reading,0,High,GeneralHigh,541.5
2022,United Kingdom,Reading,0,High,GeneralHigh,542.3
2025,United Kingdom,Reading,0,High,GeneralHigh,532.2
2006,United Kingdom,Reading,0,Low,GeneralLow,459.2
2009,United Kingdom,Reading,0,Low,GeneralLow,455.2
2012,United Kingdom,Reading,0,Low,GeneralLow,466.4
2015,United Kingdom,Reading,0,Low,GeneralLow,468.6
2018,United Kingdom,Reading,0,Low,GeneralLow,473.5
2022,United Kingdom,Reading,0,Low,GeneralLow,472.7
2025,United Kingdom,Reading,0,Low,GeneralLow,475.4
2006,United Kingdom,Reading,0,Medium,GeneralMedium,497.7
2009,United Kingdom,Reading,0,Medium,GeneralMedium,498.4
2012,United Kingdom,Reading,0,Medium,GeneralMedium,496.2
2015,United Kingdom,Reading,0,Medium,GeneralMedium,495.4
2018,United Kingdom,Reading,0,Medium,GeneralMedium,501.5
2022,United Kingdom,Reading,0,Medium,GeneralMedium,493
2025,United Kingdom,Reading,0,Medium,GeneralMedium,498.9
2006,United Kingdom,Reading,Male,0,Male,480.4
2009,United Kingdom,Reading,Male,0,Male,481.4
2012,United Kingdom,Reading,Male,0,Male,486.6
2015,United Kingdom,Reading,Male,0,Male,487.2
2018,United Kingdom,Reading,Male,0,Male,493.6
2022,United Kingdom,Reading,Male,0,Male,486.3
2025,United Kingdom,Reading,Male,0,Male,487.6
2006,United Kingdom,Reading,Male,High,MaleHigh,515.4
2009,United Kingdom,Reading,Male,High,MaleHigh,528.3
2012,United Kingdom,Reading,Male,High,MaleHigh,529.7
2015,United Kingdom,Reading,Male,High,MaleHigh,524.1
2018,United Kingdom,Reading,Male,High,MaleHigh,529.1
2022,United Kingdom,Reading,Male,High,MaleHigh,528.8
2025,United Kingdom,Reading,Male,High,MaleHigh,525.2
2006,United Kingdom,Reading,Male,Low,MaleLow,442.9
2009,United Kingdom,Reading,Male,Low,MaleLow,441.6
2012,United Kingdom,Reading,Male,Low,MaleLow,452.9
2015,United Kingdom,Reading,Male,Low,MaleLow,459.4
2018,United Kingdom,Reading,Male,Low,MaleLow,461.3
2022,United Kingdom,Reading,Male,Low,MaleLow,468
2025,United Kingdom,Reading,Male,Low,MaleLow,469.1
2006,United Kingdom,Reading,Male,Medium,MaleMedium,480.4
2009,United Kingdom,Reading,Male,Medium,MaleMedium,486.4
2012,United Kingdom,Reading,Male,Medium,MaleMedium,483.1
2015,United Kingdom,Reading,Male,Medium,MaleMedium,486.3
2018,United Kingdom,Reading,Male,Medium,MaleMedium,495.1
2022,United Kingdom,Reading,Male,Medium,MaleMedium,481.4
2025,United Kingdom,Reading,Male,Medium,MaleMedium,493.3
2006,United Kingdom,Science,Female,0,Female,509.8
2009,United Kingdom,Science,Female,0,Female,509.1
2012,United Kingdom,Science,Female,0,Female,507.9
2015,United Kingdom,Science,Female,0,Female,508.8
2018,United Kingdom,Science,Female,0,Female,503.5
2022,United Kingdom,Science,Female,0,Female,495.5
2025,United Kingdom,Science,Female,0,Female,505.4
2006,United Kingdom,Science,Female,High,FemaleHigh,549.5
2009,United Kingdom,Science,Female,High,FemaleHigh,562.1
2012,United Kingdom,Science,Female,High,FemaleHigh,556
2015,United Kingdom,Science,Female,High,FemaleHigh,554
2018,United Kingdom,Science,Female,High,FemaleHigh,543.4
2022,United Kingdom,Science,Female,High,FemaleHigh,551.3
2025,United Kingdom,Science,Female,High,FemaleHigh,548.1
2006,United Kingdom,Science,Female,Low,FemaleLow,469.1
2009,United Kingdom,Science,Female,Low,FemaleLow,466.2
2012,United Kingdom,Science,Female,Low,FemaleLow,471.7
2015,United Kingdom,Science,Female,Low,FemaleLow,473.2
2018,United Kingdom,Science,Female,Low,FemaleLow,470.9
2022,United Kingdom,Science,Female,Low,FemaleLow,463.7
2025,United Kingdom,Science,Female,Low,FemaleLow,480.7
2006,United Kingdom,Science,Female,Medium,FemaleMedium,514.6
2009,United Kingdom,Science,Female,Medium,FemaleMedium,512.3
2012,United Kingdom,Science,Female,Medium,FemaleMedium,504.5
2015,United Kingdom,Science,Female,Medium,FemaleMedium,505.4
2018,United Kingdom,Science,Female,Medium,FemaleMedium,497.7
2022,United Kingdom,Science,Female,Medium,FemaleMedium,496.4
2025,United Kingdom,Science,Female,Medium,FemaleMedium,510.3
2006,United Kingdom,Science,0,0,General,514.8
2009,United Kingdom,Science,0,0,General,513.7
2012,United Kingdom,Science,0,0,General,514.1
2015,United Kingdom,Science,0,0,General,509.2
2018,United Kingdom,Science,0,0,General,504.7
2022,United Kingdom,Science,0,0,General,499.7
2025,United Kingdom,Science,0,0,General,511.4
2006,United Kingdom,Science,0,High,GeneralHigh,554
2009,United Kingdom,Science,0,High,GeneralHigh,565.6
2012,United Kingdom,Science,0,High,GeneralHigh,561
2015,United Kingdom,Science,0,High,GeneralHigh,551.2
2018,United Kingdom,Science,0,High,GeneralHigh,544
2022,United Kingdom,Science,0,High,GeneralHigh,551.4
2025,United Kingdom,Science,0,High,GeneralHigh,555.5
2006,United Kingdom,Science,0,Low,GeneralLow,474.1
2009,United Kingdom,Science,0,Low,GeneralLow,471.4
2012,United Kingdom,Science,0,Low,GeneralLow,477.2
2015,United Kingdom,Science,0,Low,GeneralLow,476.6
2018,United Kingdom,Science,0,Low,GeneralLow,470.9
2022,United Kingdom,Science,0,Low,GeneralLow,471.5
2025,United Kingdom,Science,0,Low,GeneralLow,486
2006,United Kingdom,Science,0,Medium,GeneralMedium,516.8
2009,United Kingdom,Science,0,Medium,GeneralMedium,517.2
2012,United Kingdom,Science,0,Medium,GeneralMedium,510.9
2015,United Kingdom,Science,0,Medium,GeneralMedium,508
2018,United Kingdom,Science,0,Medium,GeneralMedium,501.3
2022,United Kingdom,Science,0,Medium,GeneralMedium,499
2025,United Kingdom,Science,0,Medium,GeneralMedium,517.7
2006,United Kingdom,Science,Male,0,Male,519.9
2009,United Kingdom,Science,Male,0,Male,518.5
2012,United Kingdom,Science,Male,0,Male,520.6
2015,United Kingdom,Science,Male,0,Male,509.6
2018,United Kingdom,Science,Male,0,Male,505.9
2022,United Kingdom,Science,Male,0,Male,503.7
2025,United Kingdom,Science,Male,0,Male,516.9
2006,United Kingdom,Science,Male,High,MaleHigh,558.1
2009,United Kingdom,Science,Male,High,MaleHigh,569.1
2012,United Kingdom,Science,Male,High,MaleHigh,565.9
2015,United Kingdom,Science,Male,High,MaleHigh,548.5
2018,United Kingdom,Science,Male,High,MaleHigh,544.8
2022,United Kingdom,Science,Male,High,MaleHigh,551.6
2025,United Kingdom,Science,Male,High,MaleHigh,562.3
2006,United Kingdom,Science,Male,Low,MaleLow,479.8
2009,United Kingdom,Science,Male,Low,MaleLow,477
2012,United Kingdom,Science,Male,Low,MaleLow,483.2
2015,United Kingdom,Science,Male,Low,MaleLow,480
2018,United Kingdom,Science,Male,Low,MaleLow,471
2022,United Kingdom,Science,Male,Low,MaleLow,479.2
2025,United Kingdom,Science,Male,Low,MaleLow,491.3
2006,United Kingdom,Science,Male,Medium,MaleMedium,519.2
2009,United Kingdom,Science,Male,Medium,MaleMedium,522.4
2012,United Kingdom,Science,Male,Medium,MaleMedium,517.6
2015,United Kingdom,Science,Male,Medium,MaleMedium,510.5
2018,United Kingdom,Science,Male,Medium,MaleMedium,504.9
2022,United Kingdom,Science,Male,Medium,MaleMedium,501.6
2025,United Kingdom,Science,Male,Medium,MaleMedium,524.8
2006,United States,Math,Female,0,Female,470.1
2012,United States,Math,Female,0,Female,479
2015,United States,Math,Female,0,Female,465.4
2018,United States,Math,Female,0,Female,473.8
2022,United States,Math,Female,0,Female,458.1
2025,United States,Math,Female,0,Female,451.3
2006,United States,Math,Female,High,FemaleHigh,518.9
2012,United States,Math,Female,High,FemaleHigh,524.6
2015,United States,Math,Female,High,FemaleHigh,511.4
2018,United States,Math,Female,High,FemaleHigh,522.3
2022,United States,Math,Female,High,FemaleHigh,504.7
2025,United States,Math,Female,High,FemaleHigh,492.9
2006,United States,Math,Female,Low,FemaleLow,426.4
2012,United States,Math,Female,Low,FemaleLow,441.5
2015,United States,Math,Female,Low,FemaleLow,430
2018,United States,Math,Female,Low,FemaleLow,436.1
2022,United States,Math,Female,Low,FemaleLow,422.2
2025,United States,Math,Female,Low,FemaleLow,414.4
2006,United States,Math,Female,Medium,FemaleMedium,471
2012,United States,Math,Female,Medium,FemaleMedium,474.4
2015,United States,Math,Female,Medium,FemaleMedium,462.4
2018,United States,Math,Female,Medium,FemaleMedium,471
2022,United States,Math,Female,Medium,FemaleMedium,458
2025,United States,Math,Female,Medium,FemaleMedium,436.7
2006,United States,Math,0,0,General,474.4
2012,United States,Math,0,0,General,481.4
2015,United States,Math,0,0,General,469.6
2018,United States,Math,0,0,General,478.2
2022,United States,Math,0,0,General,464.9
2025,United States,Math,0,0,General,462.8
2006,United States,Math,0,High,GeneralHigh,522
2012,United States,Math,0,High,GeneralHigh,525.9
2015,United States,Math,0,High,GeneralHigh,512.2
2018,United States,Math,0,High,GeneralHigh,525.8
2022,United States,Math,0,High,GeneralHigh,516.3
2025,United States,Math,0,High,GeneralHigh,505.1
2006,United States,Math,0,Low,GeneralLow,432.9
2012,United States,Math,0,Low,GeneralLow,444.1
2015,United States,Math,0,Low,GeneralLow,437.4
2018,United States,Math,0,Low,GeneralLow,438.9
2022,United States,Math,0,Low,GeneralLow,426.7
2025,United States,Math,0,Low,GeneralLow,426.7
2006,United States,Math,0,Medium,GeneralMedium,475.1
2012,United States,Math,0,Medium,GeneralMedium,477.9
2015,United States,Math,0,Medium,GeneralMedium,465.5
2018,United States,Math,0,Medium,GeneralMedium,475.4
2022,United States,Math,0,Medium,GeneralMedium,461.7
2025,United States,Math,0,Medium,GeneralMedium,454.7
2006,United States,Math,Male,0,Male,478.6
2012,United States,Math,Male,0,Male,483.6
2015,United States,Math,Male,0,Male,473.9
2018,United States,Math,Male,0,Male,482.5
2022,United States,Math,Male,0,Male,471.4
2025,United States,Math,Male,0,Male,475.2
2006,United States,Math,Male,High,MaleHigh,525.1
2012,United States,Math,Male,High,MaleHigh,527.1
2015,United States,Math,Male,High,MaleHigh,512.9
2018,United States,Math,Male,High,MaleHigh,529
2022,United States,Math,Male,High,MaleHigh,527.6
2025,United States,Math,Male,High,MaleHigh,519.9
2006,United States,Math,Male,Low,MaleLow,439.1
2012,United States,Math,Male,Low,MaleLow,446.6
2015,United States,Math,Male,Low,MaleLow,445
2018,United States,Math,Male,Low,MaleLow,441.8
2022,United States,Math,Male,Low,MaleLow,431.3
2025,United States,Math,Male,Low,MaleLow,440.2
2006,United States,Math,Male,Medium,MaleMedium,479.2
2012,United States,Math,Male,Medium,MaleMedium,481.4
2015,United States,Math,Male,Medium,MaleMedium,468.8
2018,United States,Math,Male,Medium,MaleMedium,479.6
2022,United States,Math,Male,Medium,MaleMedium,465.2
2025,United States,Math,Male,Medium,MaleMedium,474.2
2012,United States,Reading,Female,0,Female,513.3
2015,United States,Reading,Female,0,Female,507
2018,United States,Reading,Female,0,Female,517.4
2022,United States,Reading,Female,0,Female,514.6
2025,United States,Reading,Female,0,Female,501.1
2012,United States,Reading,Female,High,FemaleHigh,557.1
2015,United States,Reading,Female,High,FemaleHigh,548.3
2018,United States,Reading,Female,High,FemaleHigh,567.6
2022,United States,Reading,Female,High,FemaleHigh,562.6
2025,United States,Reading,Female,High,FemaleHigh,550.5
2012,United States,Reading,Female,Low,FemaleLow,478.6
2015,United States,Reading,Female,Low,FemaleLow,474.8
2018,United States,Reading,Female,Low,FemaleLow,477.1
2022,United States,Reading,Female,Low,FemaleLow,479.1
2025,United States,Reading,Female,Low,FemaleLow,464.6
2012,United States,Reading,Female,Medium,FemaleMedium,508.3
2015,United States,Reading,Female,Medium,FemaleMedium,507.1
2018,United States,Reading,Female,Medium,FemaleMedium,516
2022,United States,Reading,Female,Medium,FemaleMedium,516
2025,United States,Reading,Female,Medium,FemaleMedium,487.9
2012,United States,Reading,0,0,General,497.6
2015,United States,Reading,0,0,General,496.9
2018,United States,Reading,0,0,General,505.4
2022,United States,Reading,0,0,General,503.9
2025,United States,Reading,0,0,General,489.5
2012,United States,Reading,0,High,GeneralHigh,540.3
2015,United States,Reading,0,High,GeneralHigh,534.9
2018,United States,Reading,0,High,GeneralHigh,553.1
2022,United States,Reading,0,High,GeneralHigh,555
2025,United States,Reading,0,High,GeneralHigh,542.4
2012,United States,Reading,0,Low,GeneralLow,463.9
2015,United States,Reading,0,Low,GeneralLow,467.2
2018,United States,Reading,0,Low,GeneralLow,466.1
2022,United States,Reading,0,Low,GeneralLow,465.8
2025,United States,Reading,0,Low,GeneralLow,452.7
2012,United States,Reading,0,Medium,GeneralMedium,493.7
2015,United States,Reading,0,Medium,GeneralMedium,496
2018,United States,Reading,0,Medium,GeneralMedium,503
2022,United States,Reading,0,Medium,GeneralMedium,502.8
2025,United States,Reading,0,Medium,GeneralMedium,482.4
2012,United States,Reading,Male,0,Male,482.5
2015,United States,Reading,Male,0,Male,486.9
2018,United States,Reading,Male,0,Male,493.8
2022,United States,Reading,Male,0,Male,493
2025,United States,Reading,Male,0,Male,477.2
2012,United States,Reading,Male,High,MaleHigh,524.2
2015,United States,Reading,Male,High,MaleHigh,522.2
2018,United States,Reading,Male,High,MaleHigh,539.9
2022,United States,Reading,Male,High,MaleHigh,547.1
2025,United States,Reading,Male,High,MaleHigh,532.5
2012,United States,Reading,Male,Low,MaleLow,449.6
2015,United States,Reading,Male,Low,MaleLow,459.5
2018,United States,Reading,Male,Low,MaleLow,454.7
2022,United States,Reading,Male,Low,MaleLow,452.3
2025,United States,Reading,Male,Low,MaleLow,439.7
2012,United States,Reading,Male,Medium,MaleMedium,479.5
2015,United States,Reading,Male,Medium,MaleMedium,484.6
2018,United States,Reading,Male,Medium,MaleMedium,490.6
2022,United States,Reading,Male,Medium,MaleMedium,489.3
2025,United States,Reading,Male,Medium,MaleMedium,476.4
2006,United States,Science,Female,0,Female,488.6
2012,United States,Science,Female,0,Female,498.3
2015,United States,Science,Female,0,Female,492.9
2018,United States,Science,Female,0,Female,502
2022,United States,Science,Female,0,Female,495.8
2025,United States,Science,Female,0,Female,497.7
2006,United States,Science,Female,High,FemaleHigh,543.4
2012,United States,Science,Female,High,FemaleHigh,543.7
2015,United States,Science,Female,High,FemaleHigh,540.5
2018,United States,Science,Female,High,FemaleHigh,548.1
2022,United States,Science,Female,High,FemaleHigh,545
2025,United States,Science,Female,High,FemaleHigh,544.8
2006,United States,Science,Female,Low,FemaleLow,437.7
2012,United States,Science,Female,Low,FemaleLow,460.5
2015,United States,Science,Female,Low,FemaleLow,456
2018,United States,Science,Female,Low,FemaleLow,465.5
2022,United States,Science,Female,Low,FemaleLow,456.8
2025,United States,Science,Female,Low,FemaleLow,456.7
2006,United States,Science,Female,Medium,FemaleMedium,491.6
2012,United States,Science,Female,Medium,FemaleMedium,494.4
2015,United States,Science,Female,Medium,FemaleMedium,491.3
2018,United States,Science,Female,Medium,FemaleMedium,500.8
2022,United States,Science,Female,Medium,FemaleMedium,498.6
2025,United States,Science,Female,Medium,FemaleMedium,482.7
2006,United States,Science,0,0,General,488.9
2012,United States,Science,0,0,General,497.4
2015,United States,Science,0,0,General,496.2
2018,United States,Science,0,0,General,502.4
2022,United States,Science,0,0,General,499.4
2025,United States,Science,0,0,General,501.6
2006,United States,Science,0,High,GeneralHigh,543.3
2012,United States,Science,0,High,GeneralHigh,542.4
2015,United States,Science,0,High,GeneralHigh,539.9
2018,United States,Science,0,High,GeneralHigh,547.3
2022,United States,Science,0,High,GeneralHigh,553.2
2025,United States,Science,0,High,GeneralHigh,549.3
2006,United States,Science,0,Low,GeneralLow,440.4
2012,United States,Science,0,Low,GeneralLow,460
2015,United States,Science,0,Low,GeneralLow,462.4
2018,United States,Science,0,Low,GeneralLow,465.7
2022,United States,Science,0,Low,GeneralLow,458.5
2025,United States,Science,0,Low,GeneralLow,459
2006,United States,Science,0,Medium,GeneralMedium,490.9
2012,United States,Science,0,Medium,GeneralMedium,493.9
2015,United States,Science,0,Medium,GeneralMedium,493.6
2018,United States,Science,0,Medium,GeneralMedium,500.4
2022,United States,Science,0,Medium,GeneralMedium,498.5
2025,United States,Science,0,Medium,GeneralMedium,492.8
2006,United States,Science,Male,0,Male,489.2
2012,United States,Science,Male,0,Male,496.5
2015,United States,Science,Male,0,Male,499.6
2018,United States,Science,Male,0,Male,502.7
2022,United States,Science,Male,0,Male,502.7
2025,United States,Science,Male,0,Male,505.7
2006,United States,Science,Male,High,MaleHigh,543.2
2012,United States,Science,Male,High,MaleHigh,541.3
2015,United States,Science,Male,High,MaleHigh,539.5
2018,United States,Science,Male,High,MaleHigh,546.5
2022,United States,Science,Male,High,MaleHigh,561.1
2025,United States,Science,Male,High,MaleHigh,554.9
2006,United States,Science,Male,Low,MaleLow,442.9
2012,United States,Science,Male,Low,MaleLow,459.4
2015,United States,Science,Male,Low,MaleLow,469.1
2018,United States,Science,Male,Low,MaleLow,465.9
2022,United States,Science,Male,Low,MaleLow,460.3
2025,United States,Science,Male,Low,MaleLow,461.5
2006,United States,Science,Male,Medium,MaleMedium,490.4
2012,United States,Science,Male,Medium,MaleMedium,493.5
2015,United States,Science,Male,Medium,MaleMedium,495.9
2018,United States,Science,Male,Medium,MaleMedium,500
2022,United States,Science,Male,Medium,MaleMedium,498.2
2025,United States,Science,Male,Medium,MaleMedium,503.7
2006,Uruguay,Math,Female,0,Female,420.5
2009,Uruguay,Math,Female,0,Female,420.9
2012,Uruguay,Math,Female,0,Female,403.9
2015,Uruguay,Math,Female,0,Female,411.5
2018,Uruguay,Math,Female,0,Female,413.7
2022,Uruguay,Math,Female,0,Female,403.2
2006,Uruguay,Math,Female,High,FemaleHigh,484
2009,Uruguay,Math,Female,High,FemaleHigh,495.4
2012,Uruguay,Math,Female,High,FemaleHigh,488.2
2015,Uruguay,Math,Female,High,FemaleHigh,484.1
2018,Uruguay,Math,Female,High,FemaleHigh,486.9
2022,Uruguay,Math,Female,High,FemaleHigh,477.9
2006,Uruguay,Math,Female,Low,FemaleLow,391.7
2009,Uruguay,Math,Female,Low,FemaleLow,396.2
2012,Uruguay,Math,Female,Low,FemaleLow,383.8
2015,Uruguay,Math,Female,Low,FemaleLow,394
2018,Uruguay,Math,Female,Low,FemaleLow,396.6
2022,Uruguay,Math,Female,Low,FemaleLow,383.6
2006,Uruguay,Math,Female,Medium,FemaleMedium,445.7
2009,Uruguay,Math,Female,Medium,FemaleMedium,457
2012,Uruguay,Math,Female,Medium,FemaleMedium,444.2
2015,Uruguay,Math,Female,Medium,FemaleMedium,439.7
2018,Uruguay,Math,Female,Medium,FemaleMedium,444.5
2022,Uruguay,Math,Female,Medium,FemaleMedium,436.9
2006,Uruguay,Math,0,0,General,426.8
2009,Uruguay,Math,0,0,General,426.7
2012,Uruguay,Math,0,0,General,409.3
2015,Uruguay,Math,0,0,General,418
2018,Uruguay,Math,0,0,General,417.7
2022,Uruguay,Math,0,0,General,408.7
2025,Uruguay,Math,0,0,General,404.9
2006,Uruguay,Math,0,High,GeneralHigh,489.4
2009,Uruguay,Math,0,High,GeneralHigh,502.2
2012,Uruguay,Math,0,High,GeneralHigh,498
2015,Uruguay,Math,0,High,GeneralHigh,491.5
2018,Uruguay,Math,0,High,GeneralHigh,489.5
2022,Uruguay,Math,0,High,GeneralHigh,482.1
2025,Uruguay,Math,0,High,GeneralHigh,478.4
2006,Uruguay,Math,0,Low,GeneralLow,397.8
2009,Uruguay,Math,0,Low,GeneralLow,402.6
2012,Uruguay,Math,0,Low,GeneralLow,388
2015,Uruguay,Math,0,Low,GeneralLow,399.2
2018,Uruguay,Math,0,Low,GeneralLow,400.9
2022,Uruguay,Math,0,Low,GeneralLow,389.5
2025,Uruguay,Math,0,Low,GeneralLow,388.4
2006,Uruguay,Math,0,Medium,GeneralMedium,449.3
2009,Uruguay,Math,0,Medium,GeneralMedium,456.8
2012,Uruguay,Math,0,Medium,GeneralMedium,445.8
2015,Uruguay,Math,0,Medium,GeneralMedium,443.8
2018,Uruguay,Math,0,Medium,GeneralMedium,450.4
2022,Uruguay,Math,0,Medium,GeneralMedium,439.8
2025,Uruguay,Math,0,Medium,GeneralMedium,438.8
2006,Uruguay,Math,Male,0,Male,433.4
2009,Uruguay,Math,Male,0,Male,433.2
2012,Uruguay,Math,Male,0,Male,415.4
2015,Uruguay,Math,Male,0,Male,425.1
2018,Uruguay,Math,Male,0,Male,422
2022,Uruguay,Math,Male,0,Male,414.1
2006,Uruguay,Math,Male,High,MaleHigh,494.6
2009,Uruguay,Math,Male,High,MaleHigh,509.3
2012,Uruguay,Math,Male,High,MaleHigh,508.1
2015,Uruguay,Math,Male,High,MaleHigh,498.4
2018,Uruguay,Math,Male,High,MaleHigh,492.3
2022,Uruguay,Math,Male,High,MaleHigh,486.1
2006,Uruguay,Math,Male,Low,MaleLow,404.4
2009,Uruguay,Math,Male,Low,MaleLow,410.1
2012,Uruguay,Math,Male,Low,MaleLow,393
2015,Uruguay,Math,Male,Low,MaleLow,405.2
2018,Uruguay,Math,Male,Low,MaleLow,405.6
2022,Uruguay,Math,Male,Low,MaleLow,395.6
2006,Uruguay,Math,Male,Medium,MaleMedium,453.1
2009,Uruguay,Math,Male,Medium,MaleMedium,456.7
2012,Uruguay,Math,Male,Medium,MaleMedium,447.4
2015,Uruguay,Math,Male,Medium,MaleMedium,447.8
2018,Uruguay,Math,Male,Medium,MaleMedium,457
2022,Uruguay,Math,Male,Medium,MaleMedium,442.4
2006,Uruguay,Reading,Female,0,Female,434.6
2009,Uruguay,Reading,Female,0,Female,445.4
2012,Uruguay,Reading,Female,0,Female,428
2015,Uruguay,Reading,Female,0,Female,447.7
2018,Uruguay,Reading,Female,0,Female,438.1
2022,Uruguay,Reading,Female,0,Female,438.1
2006,Uruguay,Reading,Female,High,FemaleHigh,500.2
2009,Uruguay,Reading,Female,High,FemaleHigh,522.4
2012,Uruguay,Reading,Female,High,FemaleHigh,511.2
2015,Uruguay,Reading,Female,High,FemaleHigh,528.7
2018,Uruguay,Reading,Female,High,FemaleHigh,510.2
2022,Uruguay,Reading,Female,High,FemaleHigh,513.3
2006,Uruguay,Reading,Female,Low,FemaleLow,405.4
2009,Uruguay,Reading,Female,Low,FemaleLow,419.1
2012,Uruguay,Reading,Female,Low,FemaleLow,408.4
2015,Uruguay,Reading,Female,Low,FemaleLow,427.9
2018,Uruguay,Reading,Female,Low,FemaleLow,420.4
2022,Uruguay,Reading,Female,Low,FemaleLow,418.4
2006,Uruguay,Reading,Female,Medium,FemaleMedium,459.3
2009,Uruguay,Reading,Female,Medium,FemaleMedium,486
2012,Uruguay,Reading,Female,Medium,FemaleMedium,468.2
2015,Uruguay,Reading,Female,Medium,FemaleMedium,481
2018,Uruguay,Reading,Female,Medium,FemaleMedium,478
2022,Uruguay,Reading,Female,Medium,FemaleMedium,474
2006,Uruguay,Reading,0,0,General,412.5
2009,Uruguay,Reading,0,0,General,425.8
2012,Uruguay,Reading,0,0,General,411.3
2015,Uruguay,Reading,0,0,General,436.6
2018,Uruguay,Reading,0,0,General,427.1
2022,Uruguay,Reading,0,0,General,430.4
2025,Uruguay,Reading,0,0,General,423.2
2006,Uruguay,Reading,0,High,GeneralHigh,479.5
2009,Uruguay,Reading,0,High,GeneralHigh,505.4
2012,Uruguay,Reading,0,High,GeneralHigh,495.6
2015,Uruguay,Reading,0,High,GeneralHigh,514.3
2018,Uruguay,Reading,0,High,GeneralHigh,498.5
2022,Uruguay,Reading,0,High,GeneralHigh,500.5
2025,Uruguay,Reading,0,High,GeneralHigh,485.2
2006,Uruguay,Reading,0,Low,GeneralLow,382.4
2009,Uruguay,Reading,0,Low,GeneralLow,400.1
2012,Uruguay,Reading,0,Low,GeneralLow,391.4
2015,Uruguay,Reading,0,Low,GeneralLow,415.9
2018,Uruguay,Reading,0,Low,GeneralLow,410.3
2022,Uruguay,Reading,0,Low,GeneralLow,411.6
2025,Uruguay,Reading,0,Low,GeneralLow,409.7
2006,Uruguay,Reading,0,Medium,GeneralMedium,434.6
2009,Uruguay,Reading,0,Medium,GeneralMedium,459.6
2012,Uruguay,Reading,0,Medium,GeneralMedium,447.3
2015,Uruguay,Reading,0,Medium,GeneralMedium,466.4
2018,Uruguay,Reading,0,Medium,GeneralMedium,465.7
2022,Uruguay,Reading,0,Medium,GeneralMedium,463.5
2025,Uruguay,Reading,0,Medium,GeneralMedium,459.7
2006,Uruguay,Reading,Male,0,Male,389.4
2009,Uruguay,Reading,Male,0,Male,403.7
2012,Uruguay,Reading,Male,0,Male,392.5
2015,Uruguay,Reading,Male,0,Male,424.3
2018,Uruguay,Reading,Male,0,Male,415.1
2022,Uruguay,Reading,Male,0,Male,422.9
2006,Uruguay,Reading,Male,High,MaleHigh,460.2
2009,Uruguay,Reading,Male,High,MaleHigh,487.9
2012,Uruguay,Reading,Male,High,MaleHigh,479.4
2015,Uruguay,Reading,Male,High,MaleHigh,501
2018,Uruguay,Reading,Male,High,MaleHigh,485.7
2022,Uruguay,Reading,Male,High,MaleHigh,488.2
2006,Uruguay,Reading,Male,Low,MaleLow,357.3
2009,Uruguay,Reading,Male,Low,MaleLow,377.7
2012,Uruguay,Reading,Male,Low,MaleLow,371.1
2015,Uruguay,Reading,Male,Low,MaleLow,402
2018,Uruguay,Reading,Male,Low,MaleLow,399.3
2022,Uruguay,Reading,Male,Low,MaleLow,404.9
2006,Uruguay,Reading,Male,Medium,MaleMedium,408.8
2009,Uruguay,Reading,Male,Medium,MaleMedium,431.2
2012,Uruguay,Reading,Male,Medium,MaleMedium,426.6
2015,Uruguay,Reading,Male,Medium,MaleMedium,451.5
2018,Uruguay,Reading,Male,Medium,MaleMedium,451.9
2022,Uruguay,Reading,Male,Medium,MaleMedium,454.3
2006,Uruguay,Science,Female,0,Female,429.6
2009,Uruguay,Science,Female,0,Female,427.8
2012,Uruguay,Science,Female,0,Female,416.3
2015,Uruguay,Science,Female,0,Female,431.3
2018,Uruguay,Science,Female,0,Female,424.2
2022,Uruguay,Science,Female,0,Female,431.1
2006,Uruguay,Science,Female,High,FemaleHigh,490.4
2009,Uruguay,Science,Female,High,FemaleHigh,506.6
2012,Uruguay,Science,Female,High,FemaleHigh,501.2
2015,Uruguay,Science,Female,High,FemaleHigh,502.9
2018,Uruguay,Science,Female,High,FemaleHigh,493.9
2022,Uruguay,Science,Female,High,FemaleHigh,506.5
2006,Uruguay,Science,Female,Low,FemaleLow,402.8
2009,Uruguay,Science,Female,Low,FemaleLow,402.2
2012,Uruguay,Science,Female,Low,FemaleLow,396.7
2015,Uruguay,Science,Female,Low,FemaleLow,413.5
2018,Uruguay,Science,Female,Low,FemaleLow,406.9
2022,Uruguay,Science,Female,Low,FemaleLow,410.8
2006,Uruguay,Science,Female,Medium,FemaleMedium,452.2
2009,Uruguay,Science,Female,Medium,FemaleMedium,463.4
2012,Uruguay,Science,Female,Medium,FemaleMedium,454.8
2015,Uruguay,Science,Female,Medium,FemaleMedium,461.1
2018,Uruguay,Science,Female,Medium,FemaleMedium,460.6
2022,Uruguay,Science,Female,Medium,FemaleMedium,468.1
2006,Uruguay,Science,0,0,General,428.1
2009,Uruguay,Science,0,0,General,427.2
2012,Uruguay,Science,0,0,General,415.8
2015,Uruguay,Science,0,0,General,435.4
2018,Uruguay,Science,0,0,General,425.8
2022,Uruguay,Science,0,0,General,435.4
2025,Uruguay,Science,0,0,General,444.5
2006,Uruguay,Science,0,High,GeneralHigh,490.6
2009,Uruguay,Science,0,High,GeneralHigh,507.5
2012,Uruguay,Science,0,High,GeneralHigh,504.8
2015,Uruguay,Science,0,High,GeneralHigh,506.7
2018,Uruguay,Science,0,High,GeneralHigh,492.2
2022,Uruguay,Science,0,High,GeneralHigh,507.7
2025,Uruguay,Science,0,High,GeneralHigh,509.9
2006,Uruguay,Science,0,Low,GeneralLow,400
2009,Uruguay,Science,0,Low,GeneralLow,401.6
2012,Uruguay,Science,0,Low,GeneralLow,394.7
2015,Uruguay,Science,0,Low,GeneralLow,416.5
2018,Uruguay,Science,0,Low,GeneralLow,409.6
2022,Uruguay,Science,0,Low,GeneralLow,416
2025,Uruguay,Science,0,Low,GeneralLow,429.7
2006,Uruguay,Science,0,Medium,GeneralMedium,448.8
2009,Uruguay,Science,0,Medium,GeneralMedium,459.1
2012,Uruguay,Science,0,Medium,GeneralMedium,451.9
2015,Uruguay,Science,0,Medium,GeneralMedium,462
2018,Uruguay,Science,0,Medium,GeneralMedium,461.7
2022,Uruguay,Science,0,Medium,GeneralMedium,468.8
2025,Uruguay,Science,0,Medium,GeneralMedium,480
2006,Uruguay,Science,Male,0,Male,426.6
2009,Uruguay,Science,Male,0,Male,426.6
2012,Uruguay,Science,Male,0,Male,415.3
2015,Uruguay,Science,Male,0,Male,439.8
2018,Uruguay,Science,Male,0,Male,427.6
2022,Uruguay,Science,Male,0,Male,439.6
2006,Uruguay,Science,Male,High,MaleHigh,490.8
2009,Uruguay,Science,Male,High,MaleHigh,508.4
2012,Uruguay,Science,Male,High,MaleHigh,508.5
2015,Uruguay,Science,Male,High,MaleHigh,510.2
2018,Uruguay,Science,Male,High,MaleHigh,490.3
2022,Uruguay,Science,Male,High,MaleHigh,508.8
2006,Uruguay,Science,Male,Low,MaleLow,397.1
2009,Uruguay,Science,Male,Low,MaleLow,400.9
2012,Uruguay,Science,Male,Low,MaleLow,392.3
2015,Uruguay,Science,Male,Low,MaleLow,420
2018,Uruguay,Science,Male,Low,MaleLow,412.5
2022,Uruguay,Science,Male,Low,MaleLow,421.3
2006,Uruguay,Science,Male,Medium,MaleMedium,445.2
2009,Uruguay,Science,Male,Medium,MaleMedium,454.5
2012,Uruguay,Science,Male,Medium,MaleMedium,449.1
2015,Uruguay,Science,Male,Medium,MaleMedium,462.9
2018,Uruguay,Science,Male,Medium,MaleMedium,463
2022,Uruguay,Science,Male,Medium,MaleMedium,469.4
2022,Uzbekistan,Math,Female,0,Female,360.9
2022,Uzbekistan,Math,Female,High,FemaleHigh,382.1
2022,Uzbekistan,Math,Female,Low,FemaleLow,354.4
2022,Uzbekistan,Math,Female,Medium,FemaleMedium,369.7
2022,Uzbekistan,Math,0,0,General,363.9
2022,Uzbekistan,Math,0,High,GeneralHigh,386.9
2022,Uzbekistan,Math,0,Low,GeneralLow,358.3
2022,Uzbekistan,Math,0,Medium,GeneralMedium,371.4
2022,Uzbekistan,Math,Male,0,Male,366.9
2022,Uzbekistan,Math,Male,High,MaleHigh,391.9
2022,Uzbekistan,Math,Male,Low,MaleLow,362
2022,Uzbekistan,Math,Male,Medium,MaleMedium,373.1
2022,Uzbekistan,Reading,Female,0,Female,346.5
2022,Uzbekistan,Reading,Female,High,FemaleHigh,364.8
2022,Uzbekistan,Reading,Female,Low,FemaleLow,340.2
2022,Uzbekistan,Reading,Female,Medium,FemaleMedium,356.7
2022,Uzbekistan,Reading,0,0,General,335.5
2022,Uzbekistan,Reading,0,High,GeneralHigh,355.1
2022,Uzbekistan,Reading,0,Low,GeneralLow,330.1
2022,Uzbekistan,Reading,0,Medium,GeneralMedium,343.7
2022,Uzbekistan,Reading,Male,0,Male,324.8
2022,Uzbekistan,Reading,Male,High,MaleHigh,344.8
2022,Uzbekistan,Reading,Male,Low,MaleLow,320.4
2022,Uzbekistan,Reading,Male,Medium,MaleMedium,331.2
2022,Uzbekistan,Science,Female,0,Female,357.1
2025,Uzbekistan,Science,Female,0,Female,442.4
2022,Uzbekistan,Science,Female,High,FemaleHigh,372.3
2025,Uzbekistan,Science,Female,High,FemaleHigh,456.7
2022,Uzbekistan,Science,Female,Low,FemaleLow,351.3
2025,Uzbekistan,Science,Female,Low,FemaleLow,440.6
2022,Uzbekistan,Science,Female,Medium,FemaleMedium,365.6
2025,Uzbekistan,Science,Female,Medium,FemaleMedium,452.9
2022,Uzbekistan,Science,0,0,General,354.9
2025,Uzbekistan,Science,0,0,General,437.6
2022,Uzbekistan,Science,0,High,GeneralHigh,370.7
2025,Uzbekistan,Science,0,High,GeneralHigh,454.9
2022,Uzbekistan,Science,0,Low,GeneralLow,350
2025,Uzbekistan,Science,0,Low,GeneralLow,435.4
2022,Uzbekistan,Science,0,Medium,GeneralMedium,361.8
2025,Uzbekistan,Science,0,Medium,GeneralMedium,449.8
2022,Uzbekistan,Science,Male,0,Male,352.7
2025,Uzbekistan,Science,Male,0,Male,433
2022,Uzbekistan,Science,Male,High,MaleHigh,368.9
2025,Uzbekistan,Science,Male,High,MaleHigh,452.7
2022,Uzbekistan,Science,Male,Low,MaleLow,348.8
2025,Uzbekistan,Science,Male,Low,MaleLow,430.6
2022,Uzbekistan,Science,Male,Medium,MaleMedium,358.1
2025,Uzbekistan,Science,Male,Medium,MaleMedium,446.6
2012,Vietnam,Math,Female,0,Female,506.7
2015,Vietnam,Math,Female,0,Female,496
2022,Vietnam,Math,Female,0,Female,464.4
2025,Vietnam,Math,Female,0,Female,440.1
2012,Vietnam,Math,Female,High,FemaleHigh,594.8
2015,Vietnam,Math,Female,High,FemaleHigh,592.6
2022,Vietnam,Math,Female,High,FemaleHigh,527.5
2025,Vietnam,Math,Female,High,FemaleHigh,520
2012,Vietnam,Math,Female,Low,FemaleLow,500.1
2015,Vietnam,Math,Female,Low,FemaleLow,489.1
2022,Vietnam,Math,Female,Low,FemaleLow,453.2
2025,Vietnam,Math,Female,Low,FemaleLow,421.8
2012,Vietnam,Math,Female,Medium,FemaleMedium,553.4
2015,Vietnam,Math,Female,Medium,FemaleMedium,553.5
2022,Vietnam,Math,Female,Medium,FemaleMedium,505.4
2025,Vietnam,Math,Female,Medium,FemaleMedium,483.1
2012,Vietnam,Math,0,0,General,511.3
2015,Vietnam,Math,0,0,General,494.5
2022,Vietnam,Math,0,0,General,469.4
2025,Vietnam,Math,0,0,General,443.2
2012,Vietnam,Math,0,High,GeneralHigh,598.7
2015,Vietnam,Math,0,High,GeneralHigh,585.2
2022,Vietnam,Math,0,High,GeneralHigh,539.8
2025,Vietnam,Math,0,High,GeneralHigh,523.2
2012,Vietnam,Math,0,Low,GeneralLow,503.4
2015,Vietnam,Math,0,Low,GeneralLow,487.8
2022,Vietnam,Math,0,Low,GeneralLow,456.3
2025,Vietnam,Math,0,Low,GeneralLow,426.1
2012,Vietnam,Math,0,Medium,GeneralMedium,569.3
2015,Vietnam,Math,0,Medium,GeneralMedium,554.4
2022,Vietnam,Math,0,Medium,GeneralMedium,513.4
2025,Vietnam,Math,0,Medium,GeneralMedium,485
2012,Vietnam,Math,Male,0,Male,516.6
2015,Vietnam,Math,Male,0,Male,493
2022,Vietnam,Math,Male,0,Male,474.7
2025,Vietnam,Math,Male,0,Male,446.4
2012,Vietnam,Math,Male,High,MaleHigh,602.9
2015,Vietnam,Math,Male,High,MaleHigh,578.7
2022,Vietnam,Math,Male,High,MaleHigh,552.8
2025,Vietnam,Math,Male,High,MaleHigh,527.2
2012,Vietnam,Math,Male,Low,MaleLow,507.2
2015,Vietnam,Math,Male,Low,MaleLow,486.4
2022,Vietnam,Math,Male,Low,MaleLow,459.8
2025,Vietnam,Math,Male,Low,MaleLow,430.7
2012,Vietnam,Math,Male,Medium,MaleMedium,584.2
2015,Vietnam,Math,Male,Medium,MaleMedium,555.5
2022,Vietnam,Math,Male,Medium,MaleMedium,520.6
2025,Vietnam,Math,Male,Medium,MaleMedium,486.7
2012,Vietnam,Reading,Female,0,Female,522.5
2015,Vietnam,Reading,Female,0,Female,499
2022,Vietnam,Reading,Female,0,Female,470.6
2025,Vietnam,Reading,Female,0,Female,403.5
2012,Vietnam,Reading,Female,High,FemaleHigh,585.1
2015,Vietnam,Reading,Female,High,FemaleHigh,586.7
2022,Vietnam,Reading,Female,High,FemaleHigh,523
2025,Vietnam,Reading,Female,High,FemaleHigh,480.4
2012,Vietnam,Reading,Female,Low,FemaleLow,517.9
2015,Vietnam,Reading,Female,Low,FemaleLow,492.9
2022,Vietnam,Reading,Female,Low,FemaleLow,460.4
2025,Vietnam,Reading,Female,Low,FemaleLow,385.9
2012,Vietnam,Reading,Female,Medium,FemaleMedium,554.6
2015,Vietnam,Reading,Female,Medium,FemaleMedium,549.2
2022,Vietnam,Reading,Female,Medium,FemaleMedium,510.2
2025,Vietnam,Reading,Female,Medium,FemaleMedium,444.5
2012,Vietnam,Reading,0,0,General,508.2
2015,Vietnam,Reading,0,0,General,486.8
2022,Vietnam,Reading,0,0,General,461.9
2025,Vietnam,Reading,0,0,General,391.5
2012,Vietnam,Reading,0,High,GeneralHigh,575.1
2015,Vietnam,Reading,0,High,GeneralHigh,569.3
2022,Vietnam,Reading,0,High,GeneralHigh,522.3
2025,Vietnam,Reading,0,High,GeneralHigh,468.5
2012,Vietnam,Reading,0,Low,GeneralLow,502.5
2015,Vietnam,Reading,0,Low,GeneralLow,480.6
2022,Vietnam,Reading,0,Low,GeneralLow,450.7
2025,Vietnam,Reading,0,Low,GeneralLow,375.5
2012,Vietnam,Reading,0,Medium,GeneralMedium,548.2
2015,Vietnam,Reading,0,Medium,GeneralMedium,541.9
2022,Vietnam,Reading,0,Medium,GeneralMedium,499.7
2025,Vietnam,Reading,0,Medium,GeneralMedium,430.2
2012,Vietnam,Reading,Male,0,Male,491.7
2015,Vietnam,Reading,Male,0,Male,473.9
2022,Vietnam,Reading,Male,0,Male,452.6
2025,Vietnam,Reading,Male,0,Male,379
2012,Vietnam,Reading,Male,High,MaleHigh,564
2015,Vietnam,Reading,Male,High,MaleHigh,554.2
2022,Vietnam,Reading,Male,High,MaleHigh,521.6
2025,Vietnam,Reading,Male,High,MaleHigh,453.5
2012,Vietnam,Reading,Male,Low,MaleLow,484.4
2015,Vietnam,Reading,Male,Low,MaleLow,467.8
2022,Vietnam,Reading,Male,Low,MaleLow,440
2025,Vietnam,Reading,Male,Low,MaleLow,364.4
2012,Vietnam,Reading,Male,Medium,MaleMedium,542.3
2015,Vietnam,Reading,Male,Medium,MaleMedium,532.3
2022,Vietnam,Reading,Male,Medium,MaleMedium,490.1
2025,Vietnam,Reading,Male,Medium,MaleMedium,416.7
2012,Vietnam,Science,Female,0,Female,527.9
2015,Vietnam,Science,Female,0,Female,525.9
2022,Vietnam,Science,Female,0,Female,469.5
2025,Vietnam,Science,Female,0,Female,457.9
2012,Vietnam,Science,Female,High,FemaleHigh,594.9
2015,Vietnam,Science,Female,High,FemaleHigh,618.3
2022,Vietnam,Science,Female,High,FemaleHigh,509.6
2025,Vietnam,Science,Female,High,FemaleHigh,532.2
2012,Vietnam,Science,Female,Low,FemaleLow,523
2015,Vietnam,Science,Female,Low,FemaleLow,519.5
2022,Vietnam,Science,Female,Low,FemaleLow,461.7
2025,Vietnam,Science,Female,Low,FemaleLow,441
2012,Vietnam,Science,Female,Medium,FemaleMedium,562
2015,Vietnam,Science,Female,Medium,FemaleMedium,577.5
2022,Vietnam,Science,Female,Medium,FemaleMedium,499.6
2025,Vietnam,Science,Female,Medium,FemaleMedium,498.1
2012,Vietnam,Science,0,0,General,528.4
2015,Vietnam,Science,0,0,General,524.6
2022,Vietnam,Science,0,0,General,472.4
2025,Vietnam,Science,0,0,General,457.4
2012,Vietnam,Science,0,High,GeneralHigh,595.1
2015,Vietnam,Science,0,High,GeneralHigh,610.1
2022,Vietnam,Science,0,High,GeneralHigh,519.2
2025,Vietnam,Science,0,High,GeneralHigh,530.8
2012,Vietnam,Science,0,Low,GeneralLow,522.3
2015,Vietnam,Science,0,Low,GeneralLow,518.4
2022,Vietnam,Science,0,Low,GeneralLow,463.1
2025,Vietnam,Science,0,Low,GeneralLow,441.9
2012,Vietnam,Science,0,Medium,GeneralMedium,572.7
2015,Vietnam,Science,0,Medium,GeneralMedium,578.5
2022,Vietnam,Science,0,Medium,GeneralMedium,504.6
2025,Vietnam,Science,0,Medium,GeneralMedium,496.2
2012,Vietnam,Science,Male,0,Male,529
2015,Vietnam,Science,Male,0,Male,523.3
2022,Vietnam,Science,Male,0,Male,475.5
2025,Vietnam,Science,Male,0,Male,456.9
2012,Vietnam,Science,Male,High,MaleHigh,595.4
2015,Vietnam,Science,Male,High,MaleHigh,603
2022,Vietnam,Science,Male,High,MaleHigh,529.3
2025,Vietnam,Science,Male,High,MaleHigh,529
2012,Vietnam,Science,Male,Low,MaleLow,521.5
2015,Vietnam,Science,Male,Low,MaleLow,517.3
2022,Vietnam,Science,Male,Low,MaleLow,464.7
2025,Vietnam,Science,Male,Low,MaleLow,443
2012,Vietnam,Science,Male,Medium,MaleMedium,582.7
2015,Vietnam,Science,Male,Medium,MaleMedium,579.7
2022,Vietnam,Science,Male,Medium,MaleMedium,509.2
2025,Vietnam,Science,Male,Medium,MaleMedium,494.4
2025,Zambia,Math,Female,0,Female,307.2
2025,Zambia,Math,Female,High,FemaleHigh,438.6
2025,Zambia,Math,Female,Low,FemaleLow,282.1
2025,Zambia,Math,Female,Medium,FemaleMedium,397.4
2025,Zambia,Math,0,0,General,313.6
2025,Zambia,Math,0,High,GeneralHigh,439.3
2025,Zambia,Math,0,Low,GeneralLow,288.6
2025,Zambia,Math,0,Medium,GeneralMedium,403
2025,Zambia,Math,Male,0,Male,321.1
2025,Zambia,Math,Male,High,MaleHigh,440.2
2025,Zambia,Math,Male,Low,MaleLow,296.1
2025,Zambia,Math,Male,Medium,MaleMedium,409.2
2025,Zambia,Reading,Female,0,Female,326
2025,Zambia,Reading,Female,High,FemaleHigh,435.6
2025,Zambia,Reading,Female,Low,FemaleLow,304.3
2025,Zambia,Reading,Female,Medium,FemaleMedium,407.2
2025,Zambia,Reading,0,0,General,324.9
2025,Zambia,Reading,0,High,GeneralHigh,433.1
2025,Zambia,Reading,0,Low,GeneralLow,303
2025,Zambia,Reading,0,Medium,GeneralMedium,403.5
2025,Zambia,Reading,Male,0,Male,323.6
2025,Zambia,Reading,Male,High,MaleHigh,429.9
2025,Zambia,Reading,Male,Low,MaleLow,301.6
2025,Zambia,Reading,Male,Medium,MaleMedium,399.5
2025,Zambia,Science,Female,0,Female,330.5
2025,Zambia,Science,Female,High,FemaleHigh,492.5
2025,Zambia,Science,Female,Low,FemaleLow,300.1
2025,Zambia,Science,Female,Medium,FemaleMedium,440.3
2025,Zambia,Science,0,0,General,337
2025,Zambia,Science,0,High,GeneralHigh,492.7
2025,Zambia,Science,0,Low,GeneralLow,306.3
2025,Zambia,Science,0,Medium,GeneralMedium,445.3
2025,Zambia,Science,Male,0,Male,344.5
2025,Zambia,Science,Male,High,MaleHigh,493
2025,Zambia,Science,Male,Low,MaleLow,313.6
2025,Zambia,Science,Male,Medium,MaleMedium,450.8
