Year,Country,Subject,Gender,ESCS,GenderESCS,Average
2006,אוסטריה,Math,Female,0,Female,494
2009,אוסטריה,Math,Female,0,Female,486.5
2012,אוסטריה,Math,Female,0,Female,494.5
2015,אוסטריה,Math,Female,0,Female,483.1
2018,אוסטריה,Math,Female,0,Female,492.2
2022,אוסטריה,Math,Female,0,Female,477.5
2025,אוסטריה,Math,Female,0,Female,465.9
2006,אוסטריה,Math,Female,High,FemaleHigh,544.6
2009,אוסטריה,Math,Female,High,FemaleHigh,539.6
2012,אוסטריה,Math,Female,High,FemaleHigh,541
2015,אוסטריה,Math,Female,High,FemaleHigh,529.5
2018,אוסטריה,Math,Female,High,FemaleHigh,544.8
2022,אוסטריה,Math,Female,High,FemaleHigh,531.7
2025,אוסטריה,Math,Female,High,FemaleHigh,509.8
2006,אוסטריה,Math,Female,Low,FemaleLow,451.3
2009,אוסטריה,Math,Female,Low,FemaleLow,450
2012,אוסטריה,Math,Female,Low,FemaleLow,460.3
2015,אוסטריה,Math,Female,Low,FemaleLow,451
2018,אוסטריה,Math,Female,Low,FemaleLow,460.1
2022,אוסטריה,Math,Female,Low,FemaleLow,434.3
2025,אוסטריה,Math,Female,Low,FemaleLow,433.8
2006,אוסטריה,Math,Female,Medium,FemaleMedium,496.1
2009,אוסטריה,Math,Female,Medium,FemaleMedium,493.6
2012,אוסטריה,Math,Female,Medium,FemaleMedium,502.5
2015,אוסטריה,Math,Female,Medium,FemaleMedium,490.8
2018,אוסטריה,Math,Female,Medium,FemaleMedium,496.1
2022,אוסטריה,Math,Female,Medium,FemaleMedium,486.8
2025,אוסטריה,Math,Female,Medium,FemaleMedium,477.4
2006,אוסטריה,Math,0,0,General,505.5
2009,אוסטריה,Math,0,0,General,495.9
2012,אוסטריה,Math,0,0,General,505.5
2015,אוסטריה,Math,0,0,General,496.7
2018,אוסטריה,Math,0,0,General,498.9
2022,אוסטריה,Math,0,0,General,487.3
2025,אוסטריה,Math,0,0,General,477.2
2006,אוסטריה,Math,0,High,GeneralHigh,549.6
2009,אוסטריה,Math,0,High,GeneralHigh,550.3
2012,אוסטריה,Math,0,High,GeneralHigh,552.5
2015,אוסטריה,Math,0,High,GeneralHigh,541.1
2018,אוסטריה,Math,0,High,GeneralHigh,548.3
2022,אוסטריה,Math,0,High,GeneralHigh,539.2
2025,אוסטריה,Math,0,High,GeneralHigh,518.2
2006,אוסטריה,Math,0,Low,GeneralLow,466
2009,אוסטריה,Math,0,Low,GeneralLow,458.5
2012,אוסטריה,Math,0,Low,GeneralLow,470.5
2015,אוסטריה,Math,0,Low,GeneralLow,461.7
2018,אוסטריה,Math,0,Low,GeneralLow,466.3
2022,אוסטריה,Math,0,Low,GeneralLow,445.2
2025,אוסטריה,Math,0,Low,GeneralLow,446
2006,אוסטריה,Math,0,Medium,GeneralMedium,508.7
2009,אוסטריה,Math,0,Medium,GeneralMedium,503
2012,אוסטריה,Math,0,Medium,GeneralMedium,515.1
2015,אוסטריה,Math,0,Medium,GeneralMedium,505.4
2018,אוסטריה,Math,0,Medium,GeneralMedium,506.7
2022,אוסטריה,Math,0,Medium,GeneralMedium,496.7
2025,אוסטריה,Math,0,Medium,GeneralMedium,491.1
2006,אוסטריה,Math,Male,0,Male,516.6
2009,אוסטריה,Math,Male,0,Male,505.7
2012,אוסטריה,Math,Male,0,Male,516.7
2015,אוסטריה,Math,Male,0,Male,510.1
2018,אוסטריה,Math,Male,0,Male,505.5
2022,אוסטריה,Math,Male,0,Male,496.6
2025,אוסטריה,Math,Male,0,Male,488.6
2006,אוסטריה,Math,Male,High,MaleHigh,554.3
2009,אוסטריה,Math,Male,High,MaleHigh,561.7
2012,אוסטריה,Math,Male,High,MaleHigh,564.8
2015,אוסטריה,Math,Male,High,MaleHigh,551.3
2018,אוסטריה,Math,Male,High,MaleHigh,551.5
2022,אוסטריה,Math,Male,High,MaleHigh,546.5
2025,אוסטריה,Math,Male,High,MaleHigh,527.5
2006,אוסטריה,Math,Male,Low,MaleLow,480.6
2009,אוסטריה,Math,Male,Low,MaleLow,467.5
2012,אוסטריה,Math,Male,Low,MaleLow,481.1
2015,אוסטריה,Math,Male,Low,MaleLow,473.5
2018,אוסטריה,Math,Male,Low,MaleLow,472.4
2022,אוסטריה,Math,Male,Low,MaleLow,456.1
2025,אוסטריה,Math,Male,Low,MaleLow,459.3
2006,אוסטריה,Math,Male,Medium,MaleMedium,520.4
2009,אוסטריה,Math,Male,Medium,MaleMedium,512.8
2012,אוסטריה,Math,Male,Medium,MaleMedium,527.1
2015,אוסטריה,Math,Male,Medium,MaleMedium,519.5
2018,אוסטריה,Math,Male,Medium,MaleMedium,517.5
2022,אוסטריה,Math,Male,Medium,MaleMedium,506
2025,אוסטריה,Math,Male,Medium,MaleMedium,503.7
2006,אוסטריה,Reading,Female,0,Female,512.9
2009,אוסטריה,Reading,Female,0,Female,490.5
2012,אוסטריה,Reading,Female,0,Female,508
2015,אוסטריה,Reading,Female,0,Female,495.1
2018,אוסטריה,Reading,Female,0,Female,498.7
2022,אוסטריה,Reading,Female,0,Female,490.8
2025,אוסטריה,Reading,Female,0,Female,480
2006,אוסטריה,Reading,Female,High,FemaleHigh,561.3
2009,אוסטריה,Reading,Female,High,FemaleHigh,544.1
2012,אוסטריה,Reading,Female,High,FemaleHigh,551.7
2015,אוסטריה,Reading,Female,High,FemaleHigh,547.4
2018,אוסטריה,Reading,Female,High,FemaleHigh,552.4
2022,אוסטריה,Reading,Female,High,FemaleHigh,551.4
2025,אוסטריה,Reading,Female,High,FemaleHigh,527
2006,אוסטריה,Reading,Female,Low,FemaleLow,467.6
2009,אוסטריה,Reading,Female,Low,FemaleLow,451.7
2012,אוסטריה,Reading,Female,Low,FemaleLow,475.3
2015,אוסטריה,Reading,Female,Low,FemaleLow,459.6
2018,אוסטריה,Reading,Female,Low,FemaleLow,465.4
2022,אוסטריה,Reading,Female,Low,FemaleLow,441
2025,אוסטריה,Reading,Female,Low,FemaleLow,448.3
2006,אוסטריה,Reading,Female,Medium,FemaleMedium,518.8
2009,אוסטריה,Reading,Female,Medium,FemaleMedium,499.8
2012,אוסטריה,Reading,Female,Medium,FemaleMedium,516.9
2015,אוסטריה,Reading,Female,Medium,FemaleMedium,502.8
2018,אוסטריה,Reading,Female,Medium,FemaleMedium,503.6
2022,אוסטריה,Reading,Female,Medium,FemaleMedium,503.1
2025,אוסטריה,Reading,Female,Medium,FemaleMedium,491
2006,אוסטריה,Reading,0,0,General,490.2
2009,אוסטריה,Reading,0,0,General,470.3
2012,אוסטריה,Reading,0,0,General,489.6
2015,אוסטריה,Reading,0,0,General,484.9
2018,אוסטריה,Reading,0,0,General,484.4
2022,אוסטריה,Reading,0,0,General,480.4
2025,אוסטריה,Reading,0,0,General,467.2
2006,אוסטריה,Reading,0,High,GeneralHigh,535.1
2009,אוסטריה,Reading,0,High,GeneralHigh,528.6
2012,אוסטריה,Reading,0,High,GeneralHigh,537.5
2015,אוסטריה,Reading,0,High,GeneralHigh,535.2
2018,אוסטריה,Reading,0,High,GeneralHigh,534.5
2022,אוסטריה,Reading,0,High,GeneralHigh,536
2025,אוסטריה,Reading,0,High,GeneralHigh,511
2006,אוסטריה,Reading,0,Low,GeneralLow,449.3
2009,אוסטריה,Reading,0,Low,GeneralLow,431
2012,אוסטריה,Reading,0,Low,GeneralLow,455.4
2015,אוסטריה,Reading,0,Low,GeneralLow,447.4
2018,אוסטריה,Reading,0,Low,GeneralLow,451.9
2022,אוסטריה,Reading,0,Low,GeneralLow,435.7
2025,אוסטריה,Reading,0,Low,GeneralLow,438
2006,אוסטריה,Reading,0,Medium,GeneralMedium,493.9
2009,אוסטריה,Reading,0,Medium,GeneralMedium,478.5
2012,אוסטריה,Reading,0,Medium,GeneralMedium,498.7
2015,אוסטריה,Reading,0,Medium,GeneralMedium,492.7
2018,אוסטריה,Reading,0,Medium,GeneralMedium,492.8
2022,אוסטריה,Reading,0,Medium,GeneralMedium,490.8
2025,אוסטריה,Reading,0,Medium,GeneralMedium,480.2
2006,אוסטריה,Reading,Male,0,Male,468.3
2009,אוסטריה,Reading,Male,0,Male,449.3
2012,אוסטריה,Reading,Male,0,Male,471.1
2015,אוסטריה,Reading,Male,0,Male,474.8
2018,אוסטריה,Reading,Male,0,Male,470.6
2022,אוסטריה,Reading,Male,0,Male,470.5
2025,אוסטריה,Reading,Male,0,Male,454.3
2006,אוסטריה,Reading,Male,High,MaleHigh,510
2009,אוסטריה,Reading,Male,High,MaleHigh,512
2012,אוסטריה,Reading,Male,High,MaleHigh,522.4
2015,אוסטריה,Reading,Male,High,MaleHigh,524.4
2018,אוסטריה,Reading,Male,High,MaleHigh,517.9
2022,אוסטריה,Reading,Male,High,MaleHigh,521.2
2025,אוסטריה,Reading,Male,High,MaleHigh,493.4
2006,אוסטריה,Reading,Male,Low,MaleLow,431
2009,אוסטריה,Reading,Male,Low,MaleLow,409.1
2012,אוסטריה,Reading,Male,Low,MaleLow,434.8
2015,אוסטריה,Reading,Male,Low,MaleLow,433.9
2018,אוסטריה,Reading,Male,Low,MaleLow,438.5
2022,אוסטריה,Reading,Male,Low,MaleLow,430.4
2025,אוסטריה,Reading,Male,Low,MaleLow,426.7
2006,אוסטריה,Reading,Male,Medium,MaleMedium,470.6
2009,אוסטריה,Reading,Male,Medium,MaleMedium,456.1
2012,אוסטריה,Reading,Male,Medium,MaleMedium,481.4
2015,אוסטריה,Reading,Male,Medium,MaleMedium,483
2018,אוסטריה,Reading,Male,Medium,MaleMedium,481.6
2022,אוסטריה,Reading,Male,Medium,MaleMedium,479.3
2025,אוסטריה,Reading,Male,Medium,MaleMedium,470.2
2006,אוסטריה,Science,Female,0,Female,507
2009,אוסטריה,Science,Female,0,Female,490.5
2012,אוסטריה,Science,Female,0,Female,501.5
2015,אוסטריה,Science,Female,0,Female,485.5
2018,אוסטריה,Science,Female,0,Female,488.6
2022,אוסטריה,Science,Female,0,Female,485.5
2025,אוסטריה,Science,Female,0,Female,495.5
2006,אוסטריה,Science,Female,High,FemaleHigh,558.8
2009,אוסטריה,Science,Female,High,FemaleHigh,546.5
2012,אוסטריה,Science,Female,High,FemaleHigh,550.9
2015,אוסטריה,Science,Female,High,FemaleHigh,536.3
2018,אוסטריה,Science,Female,High,FemaleHigh,541.4
2022,אוסטריה,Science,Female,High,FemaleHigh,547.6
2025,אוסטריה,Science,Female,High,FemaleHigh,547.4
2006,אוסטריה,Science,Female,Low,FemaleLow,460.8
2009,אוסטריה,Science,Female,Low,FemaleLow,450.4
2012,אוסטריה,Science,Female,Low,FemaleLow,466.6
2015,אוסטריה,Science,Female,Low,FemaleLow,450.1
2018,אוסטריה,Science,Female,Low,FemaleLow,455.8
2022,אוסטריה,Science,Female,Low,FemaleLow,434.1
2025,אוסטריה,Science,Female,Low,FemaleLow,456.4
2006,אוסטריה,Science,Female,Medium,FemaleMedium,511.3
2009,אוסטריה,Science,Female,Medium,FemaleMedium,499.4
2012,אוסטריה,Science,Female,Medium,FemaleMedium,509.2
2015,אוסטריה,Science,Female,Medium,FemaleMedium,493.7
2018,אוסטריה,Science,Female,Medium,FemaleMedium,493.4
2022,אוסטריה,Science,Female,Medium,FemaleMedium,497.7
2025,אוסטריה,Science,Female,Medium,FemaleMedium,509.7
2006,אוסטריה,Science,0,0,General,510.8
2009,אוסטריה,Science,0,0,General,494.3
2012,אוסטריה,Science,0,0,General,505.8
2015,אוסטריה,Science,0,0,General,495
2018,אוסטריה,Science,0,0,General,489.8
2022,אוסטריה,Science,0,0,General,491.3
2025,אוסטריה,Science,0,0,General,496.9
2006,אוסטריה,Science,0,High,GeneralHigh,556.3
2009,אוסטריה,Science,0,High,GeneralHigh,554.9
2012,אוסטריה,Science,0,High,GeneralHigh,557.1
2015,אוסטריה,Science,0,High,GeneralHigh,543.8
2018,אוסטריה,Science,0,High,GeneralHigh,540.7
2022,אוסטריה,Science,0,High,GeneralHigh,550.4
2025,אוסטריה,Science,0,High,GeneralHigh,545.6
2006,אוסטריה,Science,0,Low,GeneralLow,469.5
2009,אוסטריה,Science,0,Low,GeneralLow,452.9
2012,אוסטריה,Science,0,Low,GeneralLow,469.3
2015,אוסטריה,Science,0,Low,GeneralLow,457
2018,אוסטריה,Science,0,Low,GeneralLow,456.1
2022,אוסטריה,Science,0,Low,GeneralLow,441.9
2025,אוסטריה,Science,0,Low,GeneralLow,459.7
2006,אוסטריה,Science,0,Medium,GeneralMedium,514.6
2009,אוסטריה,Science,0,Medium,GeneralMedium,502.4
2012,אוסטריה,Science,0,Medium,GeneralMedium,515.5
2015,אוסטריה,Science,0,Medium,GeneralMedium,503.7
2018,אוסטריה,Science,0,Medium,GeneralMedium,498.5
2022,אוסטריה,Science,0,Medium,GeneralMedium,503.4
2025,אוסטריה,Science,0,Medium,GeneralMedium,513.7
2006,אוסטריה,Science,Male,0,Male,514.5
2009,אוסטריה,Science,Male,0,Male,498.3
2012,אוסטריה,Science,Male,0,Male,510.1
2015,אוסטריה,Science,Male,0,Male,504.4
2018,אוסטריה,Science,Male,0,Male,490.9
2022,אוסטריה,Science,Male,0,Male,496.8
2025,אוסטריה,Science,Male,0,Male,498.4
2006,אוסטריה,Science,Male,High,MaleHigh,553.8
2009,אוסטריה,Science,Male,High,MaleHigh,563.8
2012,אוסטריה,Science,Male,High,MaleHigh,563.7
2015,אוסטריה,Science,Male,High,MaleHigh,550.4
2018,אוסטריה,Science,Male,High,MaleHigh,540
2022,אוסטריה,Science,Male,High,MaleHigh,553
2025,אוסטריה,Science,Male,High,MaleHigh,543.6
2006,אוסטריה,Science,Male,Low,MaleLow,478.2
2009,אוסטריה,Science,Male,Low,MaleLow,455.6
2012,אוסטריה,Science,Male,Low,MaleLow,472.2
2015,אוסטריה,Science,Male,Low,MaleLow,464.5
2018,אוסטריה,Science,Male,Low,MaleLow,456.3
2022,אוסטריה,Science,Male,Low,MaleLow,449.8
2025,אוסטריה,Science,Male,Low,MaleLow,463.3
2006,אוסטריה,Science,Male,Medium,MaleMedium,517.6
2009,אוסטריה,Science,Male,Medium,MaleMedium,505.6
2012,אוסטריה,Science,Male,Medium,MaleMedium,521.4
2015,אוסטריה,Science,Male,Medium,MaleMedium,513.3
2018,אוסטריה,Science,Male,Medium,MaleMedium,503.7
2022,אוסטריה,Science,Male,Medium,MaleMedium,508.8
2025,אוסטריה,Science,Male,Medium,MaleMedium,517.5
2006,אוסטרליה,Math,Female,0,Female,512.5
2009,אוסטרליה,Math,Female,0,Female,509.5
2012,אוסטרליה,Math,Female,0,Female,497.8
2015,אוסטרליה,Math,Female,0,Female,491
2018,אוסטרליה,Math,Female,0,Female,488.3
2022,אוסטרליה,Math,Female,0,Female,481.3
2006,אוסטרליה,Math,Female,High,FemaleHigh,547
2009,אוסטרליה,Math,Female,High,FemaleHigh,550.3
2012,אוסטרליה,Math,Female,High,FemaleHigh,540.2
2015,אוסטרליה,Math,Female,High,FemaleHigh,530.5
2018,אוסטרליה,Math,Female,High,FemaleHigh,518.6
2022,אוסטרליה,Math,Female,High,FemaleHigh,517.8
2006,אוסטרליה,Math,Female,Low,FemaleLow,479.3
2009,אוסטרליה,Math,Female,Low,FemaleLow,465
2012,אוסטרליה,Math,Female,Low,FemaleLow,457.5
2015,אוסטרליה,Math,Female,Low,FemaleLow,454.4
2018,אוסטרליה,Math,Female,Low,FemaleLow,451.2
2022,אוסטרליה,Math,Female,Low,FemaleLow,435.5
2006,אוסטרליה,Math,Female,Medium,FemaleMedium,512.5
2009,אוסטרליה,Math,Female,Medium,FemaleMedium,507.2
2012,אוסטרליה,Math,Female,Medium,FemaleMedium,496.1
2015,אוסטרליה,Math,Female,Medium,FemaleMedium,484.6
2018,אוסטרליה,Math,Female,Medium,FemaleMedium,483
2022,אוסטרליה,Math,Female,Medium,FemaleMedium,469
2006,אוסטרליה,Math,0,0,General,519.9
2009,אוסטרליה,Math,0,0,General,514.3
2012,אוסטרליה,Math,0,0,General,504.2
2015,אוסטרליה,Math,0,0,General,493.9
2018,אוסטרליה,Math,0,0,General,491.4
2022,אוסטרליה,Math,0,0,General,487.1
2025,אוסטרליה,Math,0,0,General,477.5
2006,אוסטרליה,Math,0,High,GeneralHigh,552.8
2009,אוסטרליה,Math,0,High,GeneralHigh,555.2
2012,אוסטרליה,Math,0,High,GeneralHigh,546.2
2015,אוסטרליה,Math,0,High,GeneralHigh,533.8
2018,אוסטרליה,Math,0,High,GeneralHigh,524
2022,אוסטרליה,Math,0,High,GeneralHigh,526.7
2025,אוסטרליה,Math,0,High,GeneralHigh,511.5
2006,אוסטרליה,Math,0,Low,GeneralLow,486.2
2009,אוסטרליה,Math,0,Low,GeneralLow,471.1
2012,אוסטרליה,Math,0,Low,GeneralLow,465.7
2015,אוסטרליה,Math,0,Low,GeneralLow,457
2018,אוסטרליה,Math,0,Low,GeneralLow,453.7
2022,אוסטרליה,Math,0,Low,GeneralLow,438.8
2025,אוסטרליה,Math,0,Low,GeneralLow,434.8
2006,אוסטרליה,Math,0,Medium,GeneralMedium,521.4
2009,אוסטרליה,Math,0,Medium,GeneralMedium,511.7
2012,אוסטרליה,Math,0,Medium,GeneralMedium,501.9
2015,אוסטרליה,Math,0,Medium,GeneralMedium,489.4
2018,אוסטרליה,Math,0,Medium,GeneralMedium,486.3
2022,אוסטרליה,Math,0,Medium,GeneralMedium,476
2025,אוסטרליה,Math,0,Medium,GeneralMedium,466.8
2006,אוסטרליה,Math,Male,0,Male,527
2009,אוסטרליה,Math,Male,0,Male,519.4
2012,אוסטרליה,Math,Male,0,Male,510.1
2015,אוסטרליה,Math,Male,0,Male,496.8
2018,אוסטרליה,Math,Male,0,Male,494.3
2022,אוסטרליה,Math,Male,0,Male,492.7
2006,אוסטרליה,Math,Male,High,MaleHigh,558.2
2009,אוסטרליה,Math,Male,High,MaleHigh,560.2
2012,אוסטרליה,Math,Male,High,MaleHigh,551.9
2015,אוסטרליה,Math,Male,High,MaleHigh,537.1
2018,אוסטרליה,Math,Male,High,MaleHigh,529.3
2022,אוסטרליה,Math,Male,High,MaleHigh,535.9
2006,אוסטרליה,Math,Male,Low,MaleLow,492.7
2009,אוסטרליה,Math,Male,Low,MaleLow,477.6
2012,אוסטרליה,Math,Male,Low,MaleLow,473.6
2015,אוסטרליה,Math,Male,Low,MaleLow,459.6
2018,אוסטרליה,Math,Male,Low,MaleLow,456
2022,אוסטרליה,Math,Male,Low,MaleLow,441.9
2006,אוסטרליה,Math,Male,Medium,MaleMedium,530
2009,אוסטרליה,Math,Male,Medium,MaleMedium,516.6
2012,אוסטרליה,Math,Male,Medium,MaleMedium,507.5
2015,אוסטרליה,Math,Male,Medium,MaleMedium,494.3
2018,אוסטרליה,Math,Male,Medium,MaleMedium,489.7
2022,אוסטרליה,Math,Male,Medium,MaleMedium,482.8
2006,אוסטרליה,Reading,Female,0,Female,531.8
2009,אוסטרליה,Reading,Female,0,Female,532.9
2012,אוסטרליה,Reading,Female,0,Female,529.5
2015,אוסטרליה,Reading,Female,0,Female,518.9
2018,אוסטרליה,Reading,Female,0,Female,518.6
2022,אוסטרליה,Reading,Female,0,Female,508.7
2006,אוסטרליה,Reading,Female,High,FemaleHigh,566.8
2009,אוסטרליה,Reading,Female,High,FemaleHigh,572.3
2012,אוסטרליה,Reading,Female,High,FemaleHigh,570.8
2015,אוסטרליה,Reading,Female,High,FemaleHigh,558.7
2018,אוסטרליה,Reading,Female,High,FemaleHigh,552.8
2022,אוסטרליה,Reading,Female,High,FemaleHigh,545.4
2006,אוסטרליה,Reading,Female,Low,FemaleLow,497.1
2009,אוסטרליה,Reading,Female,Low,FemaleLow,490.1
2012,אוסטרליה,Reading,Female,Low,FemaleLow,490.3
2015,אוסטרליה,Reading,Female,Low,FemaleLow,481.3
2018,אוסטרליה,Reading,Female,Low,FemaleLow,478.8
2022,אוסטרליה,Reading,Female,Low,FemaleLow,465.4
2006,אוסטרליה,Reading,Female,Medium,FemaleMedium,532.3
2009,אוסטרליה,Reading,Female,Medium,FemaleMedium,530.7
2012,אוסטרליה,Reading,Female,Medium,FemaleMedium,528.6
2015,אוסטרליה,Reading,Female,Medium,FemaleMedium,513.2
2018,אוסטרליה,Reading,Female,Medium,FemaleMedium,514.1
2022,אוסטרליה,Reading,Female,Medium,FemaleMedium,495.8
2006,אוסטרליה,Reading,0,0,General,512.9
2009,אוסטרליה,Reading,0,0,General,514.9
2012,אוסטרליה,Reading,0,0,General,511.8
2015,אוסטרליה,Reading,0,0,General,502.9
2018,אוסטרליה,Reading,0,0,General,502.6
2022,אוסטרליה,Reading,0,0,General,498.1
2025,אוסטרליה,Reading,0,0,General,490.9
2006,אוסטרליה,Reading,0,High,GeneralHigh,547.2
2009,אוסטרליה,Reading,0,High,GeneralHigh,556.4
2012,אוסטרליה,Reading,0,High,GeneralHigh,553.3
2015,אוסטרליה,Reading,0,High,GeneralHigh,544.2
2018,אוסטרליה,Reading,0,High,GeneralHigh,540
2022,אוסטרליה,Reading,0,High,GeneralHigh,537.3
2025,אוסטרליה,Reading,0,High,GeneralHigh,523.3
2006,אוסטרליה,Reading,0,Low,GeneralLow,476.7
2009,אוסטרליה,Reading,0,Low,GeneralLow,471.1
2012,אוסטרליה,Reading,0,Low,GeneralLow,473.9
2015,אוסטרליה,Reading,0,Low,GeneralLow,463.9
2018,אוסטרליה,Reading,0,Low,GeneralLow,462.3
2022,אוסטרליה,Reading,0,Low,GeneralLow,453.1
2025,אוסטרליה,Reading,0,Low,GeneralLow,453
2006,אוסטרליה,Reading,0,Medium,GeneralMedium,515.2
2009,אוסטרליה,Reading,0,Medium,GeneralMedium,512.8
2012,אוסטרליה,Reading,0,Medium,GeneralMedium,510.9
2015,אוסטרליה,Reading,0,Medium,GeneralMedium,498.9
2018,אוסטרליה,Reading,0,Medium,GeneralMedium,497.8
2022,אוסטרליה,Reading,0,Medium,GeneralMedium,486.1
2025,אוסטרליה,Reading,0,Medium,GeneralMedium,482.2
2006,אוסטרליה,Reading,Male,0,Male,494.9
2009,אוסטרליה,Reading,Male,0,Male,496.1
2012,אוסטרליה,Reading,Male,0,Male,495.1
2015,אוסטרליה,Reading,Male,0,Male,487.2
2018,אוסטרליה,Reading,Male,0,Male,487.2
2022,אוסטרליה,Reading,Male,0,Male,487.2
2006,אוסטרליה,Reading,Male,High,MaleHigh,528.8
2009,אוסטרליה,Reading,Male,High,MaleHigh,540.5
2012,אוסטרליה,Reading,Male,High,MaleHigh,536.9
2015,אוסטרליה,Reading,Male,High,MaleHigh,529.7
2018,אוסטרליה,Reading,Male,High,MaleHigh,527.4
2022,אוסטרליה,Reading,Male,High,MaleHigh,528.7
2006,אוסטרליה,Reading,Male,Low,MaleLow,457.5
2009,אוסטרליה,Reading,Male,Low,MaleLow,450.5
2012,אוסטרליה,Reading,Male,Low,MaleLow,458.2
2015,אוסטרליה,Reading,Male,Low,MaleLow,446.7
2018,אוסטרליה,Reading,Male,Low,MaleLow,447
2022,אוסטרליה,Reading,Male,Low,MaleLow,440.5
2006,אוסטרליה,Reading,Male,Medium,MaleMedium,498.4
2009,אוסטרליה,Reading,Male,Medium,MaleMedium,493.3
2012,אוסטרליה,Reading,Male,Medium,MaleMedium,494.1
2015,אוסטרליה,Reading,Male,Medium,MaleMedium,484.4
2018,אוסטרליה,Reading,Male,Medium,MaleMedium,481.4
2022,אוסטרליה,Reading,Male,Medium,MaleMedium,476.8
2006,אוסטרליה,Science,Female,0,Female,526.9
2009,אוסטרליה,Science,Female,0,Female,527.7
2012,אוסטרליה,Science,Female,0,Female,519.1
2015,אוסטרליה,Science,Female,0,Female,508.9
2018,אוסטרליה,Science,Female,0,Female,502.2
2022,אוסטרליה,Science,Female,0,Female,505.7
2006,אוסטרליה,Science,Female,High,FemaleHigh,565.2
2009,אוסטרליה,Science,Female,High,FemaleHigh,570.3
2012,אוסטרליה,Science,Female,High,FemaleHigh,562.2
2015,אוסטרליה,Science,Female,High,FemaleHigh,550.6
2018,אוסטרליה,Science,Female,High,FemaleHigh,532.9
2022,אוסטרליה,Science,Female,High,FemaleHigh,544.5
2006,אוסטרליה,Science,Female,Low,FemaleLow,489.2
2009,אוסטרליה,Science,Female,Low,FemaleLow,481.9
2012,אוסטרליה,Science,Female,Low,FemaleLow,477.9
2015,אוסטרליה,Science,Female,Low,FemaleLow,469.6
2018,אוסטרליה,Science,Female,Low,FemaleLow,464.2
2022,אוסטרליה,Science,Female,Low,FemaleLow,459.7
2006,אוסטרליה,Science,Female,Medium,FemaleMedium,527.3
2009,אוסטרליה,Science,Female,Medium,FemaleMedium,524.9
2012,אוסטרליה,Science,Female,Medium,FemaleMedium,517.7
2015,אוסטרליה,Science,Female,Medium,FemaleMedium,502.2
2018,אוסטרליה,Science,Female,Medium,FemaleMedium,497.2
2022,אוסטרליה,Science,Female,Medium,FemaleMedium,491
2006,אוסטרליה,Science,0,0,General,526.9
2009,אוסטרליה,Science,0,0,General,527.3
2012,אוסטרליה,Science,0,0,General,521.5
2015,אוסטרליה,Science,0,0,General,510
2018,אוסטרליה,Science,0,0,General,503
2022,אוסטרליה,Science,0,0,General,507
2025,אוסטרליה,Science,0,0,General,509.1
2006,אוסטרליה,Science,0,High,GeneralHigh,563.5
2009,אוסטרליה,Science,0,High,GeneralHigh,571.2
2012,אוסטרליה,Science,0,High,GeneralHigh,563.9
2015,אוסטרליה,Science,0,High,GeneralHigh,552.6
2018,אוסטרליה,Science,0,High,GeneralHigh,536.6
2022,אוסטרליה,Science,0,High,GeneralHigh,548.2
2025,אוסטרליה,Science,0,High,GeneralHigh,543.2
2006,אוסטרליה,Science,0,Low,GeneralLow,489
2009,אוסטרליה,Science,0,Low,GeneralLow,480.7
2012,אוסטרליה,Science,0,Low,GeneralLow,481.9
2015,אוסטרליה,Science,0,Low,GeneralLow,469.4
2018,אוסטרליה,Science,0,Low,GeneralLow,465
2022,אוסטרליה,Science,0,Low,GeneralLow,458.5
2025,אוסטרליה,Science,0,Low,GeneralLow,467.1
2006,אוסטרליה,Science,0,Medium,GeneralMedium,528.7
2009,אוסטרליה,Science,0,Medium,GeneralMedium,524.7
2012,אוסטרליה,Science,0,Medium,GeneralMedium,520.2
2015,אוסטרליה,Science,0,Medium,GeneralMedium,505.6
2018,אוסטרליה,Science,0,Medium,GeneralMedium,498.6
2022,אוסטרליה,Science,0,Medium,GeneralMedium,494.2
2025,אוסטרליה,Science,0,Medium,GeneralMedium,499.5
2006,אוסטרליה,Science,Male,0,Male,526.9
2009,אוסטרליה,Science,Male,0,Male,526.8
2012,אוסטרליה,Science,Male,0,Male,523.7
2015,אוסטרליה,Science,Male,0,Male,511
2018,אוסטרליה,Science,Male,0,Male,503.7
2022,אוסטרליה,Science,Male,0,Male,508.1
2006,אוסטרליה,Science,Male,High,MaleHigh,561.9
2009,אוסטרליה,Science,Male,High,MaleHigh,572.1
2012,אוסטרליה,Science,Male,High,MaleHigh,565.5
2015,אוסטרליה,Science,Male,High,MaleHigh,554.7
2018,אוסטרליה,Science,Male,High,MaleHigh,540.2
2022,אוסטרליה,Science,Male,High,MaleHigh,551.9
2006,אוסטרליה,Science,Male,Low,MaleLow,488.8
2009,אוסטרליה,Science,Male,Low,MaleLow,479.4
2012,אוסטרליה,Science,Male,Low,MaleLow,485.7
2015,אוסטרליה,Science,Male,Low,MaleLow,469.2
2018,אוסטרליה,Science,Male,Low,MaleLow,465.8
2022,אוסטרליה,Science,Male,Low,MaleLow,457
2006,אוסטרליה,Science,Male,Medium,MaleMedium,530.1
2009,אוסטרליה,Science,Male,Medium,MaleMedium,524.4
2012,אוסטרליה,Science,Male,Medium,MaleMedium,522.6
2015,אוסטרליה,Science,Male,Medium,MaleMedium,509
2018,אוסטרליה,Science,Male,Medium,MaleMedium,499.9
2022,אוסטרליה,Science,Male,Medium,MaleMedium,497.3
2006,אורוגוואי,Math,Female,0,Female,420.5
2009,אורוגוואי,Math,Female,0,Female,420.9
2012,אורוגוואי,Math,Female,0,Female,403.9
2015,אורוגוואי,Math,Female,0,Female,411.5
2018,אורוגוואי,Math,Female,0,Female,413.7
2022,אורוגוואי,Math,Female,0,Female,403.2
2006,אורוגוואי,Math,Female,High,FemaleHigh,484
2009,אורוגוואי,Math,Female,High,FemaleHigh,495.4
2012,אורוגוואי,Math,Female,High,FemaleHigh,488.2
2015,אורוגוואי,Math,Female,High,FemaleHigh,484.1
2018,אורוגוואי,Math,Female,High,FemaleHigh,486.9
2022,אורוגוואי,Math,Female,High,FemaleHigh,477.9
2006,אורוגוואי,Math,Female,Low,FemaleLow,391.7
2009,אורוגוואי,Math,Female,Low,FemaleLow,396.2
2012,אורוגוואי,Math,Female,Low,FemaleLow,383.8
2015,אורוגוואי,Math,Female,Low,FemaleLow,394
2018,אורוגוואי,Math,Female,Low,FemaleLow,396.6
2022,אורוגוואי,Math,Female,Low,FemaleLow,383.6
2006,אורוגוואי,Math,Female,Medium,FemaleMedium,445.7
2009,אורוגוואי,Math,Female,Medium,FemaleMedium,457
2012,אורוגוואי,Math,Female,Medium,FemaleMedium,444.2
2015,אורוגוואי,Math,Female,Medium,FemaleMedium,439.7
2018,אורוגוואי,Math,Female,Medium,FemaleMedium,444.5
2022,אורוגוואי,Math,Female,Medium,FemaleMedium,436.9
2006,אורוגוואי,Math,0,0,General,426.8
2009,אורוגוואי,Math,0,0,General,426.7
2012,אורוגוואי,Math,0,0,General,409.3
2015,אורוגוואי,Math,0,0,General,418
2018,אורוגוואי,Math,0,0,General,417.7
2022,אורוגוואי,Math,0,0,General,408.7
2025,אורוגוואי,Math,0,0,General,404.9
2006,אורוגוואי,Math,0,High,GeneralHigh,489.4
2009,אורוגוואי,Math,0,High,GeneralHigh,502.2
2012,אורוגוואי,Math,0,High,GeneralHigh,498
2015,אורוגוואי,Math,0,High,GeneralHigh,491.5
2018,אורוגוואי,Math,0,High,GeneralHigh,489.5
2022,אורוגוואי,Math,0,High,GeneralHigh,482.1
2025,אורוגוואי,Math,0,High,GeneralHigh,478.4
2006,אורוגוואי,Math,0,Low,GeneralLow,397.8
2009,אורוגוואי,Math,0,Low,GeneralLow,402.6
2012,אורוגוואי,Math,0,Low,GeneralLow,388
2015,אורוגוואי,Math,0,Low,GeneralLow,399.2
2018,אורוגוואי,Math,0,Low,GeneralLow,400.9
2022,אורוגוואי,Math,0,Low,GeneralLow,389.5
2025,אורוגוואי,Math,0,Low,GeneralLow,388.4
2006,אורוגוואי,Math,0,Medium,GeneralMedium,449.3
2009,אורוגוואי,Math,0,Medium,GeneralMedium,456.8
2012,אורוגוואי,Math,0,Medium,GeneralMedium,445.8
2015,אורוגוואי,Math,0,Medium,GeneralMedium,443.8
2018,אורוגוואי,Math,0,Medium,GeneralMedium,450.4
2022,אורוגוואי,Math,0,Medium,GeneralMedium,439.8
2025,אורוגוואי,Math,0,Medium,GeneralMedium,438.8
2006,אורוגוואי,Math,Male,0,Male,433.4
2009,אורוגוואי,Math,Male,0,Male,433.2
2012,אורוגוואי,Math,Male,0,Male,415.4
2015,אורוגוואי,Math,Male,0,Male,425.1
2018,אורוגוואי,Math,Male,0,Male,422
2022,אורוגוואי,Math,Male,0,Male,414.1
2006,אורוגוואי,Math,Male,High,MaleHigh,494.6
2009,אורוגוואי,Math,Male,High,MaleHigh,509.3
2012,אורוגוואי,Math,Male,High,MaleHigh,508.1
2015,אורוגוואי,Math,Male,High,MaleHigh,498.4
2018,אורוגוואי,Math,Male,High,MaleHigh,492.3
2022,אורוגוואי,Math,Male,High,MaleHigh,486.1
2006,אורוגוואי,Math,Male,Low,MaleLow,404.4
2009,אורוגוואי,Math,Male,Low,MaleLow,410.1
2012,אורוגוואי,Math,Male,Low,MaleLow,393
2015,אורוגוואי,Math,Male,Low,MaleLow,405.2
2018,אורוגוואי,Math,Male,Low,MaleLow,405.6
2022,אורוגוואי,Math,Male,Low,MaleLow,395.6
2006,אורוגוואי,Math,Male,Medium,MaleMedium,453.1
2009,אורוגוואי,Math,Male,Medium,MaleMedium,456.7
2012,אורוגוואי,Math,Male,Medium,MaleMedium,447.4
2015,אורוגוואי,Math,Male,Medium,MaleMedium,447.8
2018,אורוגוואי,Math,Male,Medium,MaleMedium,457
2022,אורוגוואי,Math,Male,Medium,MaleMedium,442.4
2006,אורוגוואי,Reading,Female,0,Female,434.6
2009,אורוגוואי,Reading,Female,0,Female,445.4
2012,אורוגוואי,Reading,Female,0,Female,428
2015,אורוגוואי,Reading,Female,0,Female,447.7
2018,אורוגוואי,Reading,Female,0,Female,438.1
2022,אורוגוואי,Reading,Female,0,Female,438.1
2006,אורוגוואי,Reading,Female,High,FemaleHigh,500.2
2009,אורוגוואי,Reading,Female,High,FemaleHigh,522.4
2012,אורוגוואי,Reading,Female,High,FemaleHigh,511.2
2015,אורוגוואי,Reading,Female,High,FemaleHigh,528.7
2018,אורוגוואי,Reading,Female,High,FemaleHigh,510.2
2022,אורוגוואי,Reading,Female,High,FemaleHigh,513.3
2006,אורוגוואי,Reading,Female,Low,FemaleLow,405.4
2009,אורוגוואי,Reading,Female,Low,FemaleLow,419.1
2012,אורוגוואי,Reading,Female,Low,FemaleLow,408.4
2015,אורוגוואי,Reading,Female,Low,FemaleLow,427.9
2018,אורוגוואי,Reading,Female,Low,FemaleLow,420.4
2022,אורוגוואי,Reading,Female,Low,FemaleLow,418.4
2006,אורוגוואי,Reading,Female,Medium,FemaleMedium,459.3
2009,אורוגוואי,Reading,Female,Medium,FemaleMedium,486
2012,אורוגוואי,Reading,Female,Medium,FemaleMedium,468.2
2015,אורוגוואי,Reading,Female,Medium,FemaleMedium,481
2018,אורוגוואי,Reading,Female,Medium,FemaleMedium,478
2022,אורוגוואי,Reading,Female,Medium,FemaleMedium,474
2006,אורוגוואי,Reading,0,0,General,412.5
2009,אורוגוואי,Reading,0,0,General,425.8
2012,אורוגוואי,Reading,0,0,General,411.3
2015,אורוגוואי,Reading,0,0,General,436.6
2018,אורוגוואי,Reading,0,0,General,427.1
2022,אורוגוואי,Reading,0,0,General,430.4
2025,אורוגוואי,Reading,0,0,General,423.2
2006,אורוגוואי,Reading,0,High,GeneralHigh,479.5
2009,אורוגוואי,Reading,0,High,GeneralHigh,505.4
2012,אורוגוואי,Reading,0,High,GeneralHigh,495.6
2015,אורוגוואי,Reading,0,High,GeneralHigh,514.3
2018,אורוגוואי,Reading,0,High,GeneralHigh,498.5
2022,אורוגוואי,Reading,0,High,GeneralHigh,500.5
2025,אורוגוואי,Reading,0,High,GeneralHigh,485.2
2006,אורוגוואי,Reading,0,Low,GeneralLow,382.4
2009,אורוגוואי,Reading,0,Low,GeneralLow,400.1
2012,אורוגוואי,Reading,0,Low,GeneralLow,391.4
2015,אורוגוואי,Reading,0,Low,GeneralLow,415.9
2018,אורוגוואי,Reading,0,Low,GeneralLow,410.3
2022,אורוגוואי,Reading,0,Low,GeneralLow,411.6
2025,אורוגוואי,Reading,0,Low,GeneralLow,409.7
2006,אורוגוואי,Reading,0,Medium,GeneralMedium,434.6
2009,אורוגוואי,Reading,0,Medium,GeneralMedium,459.6
2012,אורוגוואי,Reading,0,Medium,GeneralMedium,447.3
2015,אורוגוואי,Reading,0,Medium,GeneralMedium,466.4
2018,אורוגוואי,Reading,0,Medium,GeneralMedium,465.7
2022,אורוגוואי,Reading,0,Medium,GeneralMedium,463.5
2025,אורוגוואי,Reading,0,Medium,GeneralMedium,459.7
2006,אורוגוואי,Reading,Male,0,Male,389.4
2009,אורוגוואי,Reading,Male,0,Male,403.7
2012,אורוגוואי,Reading,Male,0,Male,392.5
2015,אורוגוואי,Reading,Male,0,Male,424.3
2018,אורוגוואי,Reading,Male,0,Male,415.1
2022,אורוגוואי,Reading,Male,0,Male,422.9
2006,אורוגוואי,Reading,Male,High,MaleHigh,460.2
2009,אורוגוואי,Reading,Male,High,MaleHigh,487.9
2012,אורוגוואי,Reading,Male,High,MaleHigh,479.4
2015,אורוגוואי,Reading,Male,High,MaleHigh,501
2018,אורוגוואי,Reading,Male,High,MaleHigh,485.7
2022,אורוגוואי,Reading,Male,High,MaleHigh,488.2
2006,אורוגוואי,Reading,Male,Low,MaleLow,357.3
2009,אורוגוואי,Reading,Male,Low,MaleLow,377.7
2012,אורוגוואי,Reading,Male,Low,MaleLow,371.1
2015,אורוגוואי,Reading,Male,Low,MaleLow,402
2018,אורוגוואי,Reading,Male,Low,MaleLow,399.3
2022,אורוגוואי,Reading,Male,Low,MaleLow,404.9
2006,אורוגוואי,Reading,Male,Medium,MaleMedium,408.8
2009,אורוגוואי,Reading,Male,Medium,MaleMedium,431.2
2012,אורוגוואי,Reading,Male,Medium,MaleMedium,426.6
2015,אורוגוואי,Reading,Male,Medium,MaleMedium,451.5
2018,אורוגוואי,Reading,Male,Medium,MaleMedium,451.9
2022,אורוגוואי,Reading,Male,Medium,MaleMedium,454.3
2006,אורוגוואי,Science,Female,0,Female,429.6
2009,אורוגוואי,Science,Female,0,Female,427.8
2012,אורוגוואי,Science,Female,0,Female,416.3
2015,אורוגוואי,Science,Female,0,Female,431.3
2018,אורוגוואי,Science,Female,0,Female,424.2
2022,אורוגוואי,Science,Female,0,Female,431.1
2006,אורוגוואי,Science,Female,High,FemaleHigh,490.4
2009,אורוגוואי,Science,Female,High,FemaleHigh,506.6
2012,אורוגוואי,Science,Female,High,FemaleHigh,501.2
2015,אורוגוואי,Science,Female,High,FemaleHigh,502.9
2018,אורוגוואי,Science,Female,High,FemaleHigh,493.9
2022,אורוגוואי,Science,Female,High,FemaleHigh,506.5
2006,אורוגוואי,Science,Female,Low,FemaleLow,402.8
2009,אורוגוואי,Science,Female,Low,FemaleLow,402.2
2012,אורוגוואי,Science,Female,Low,FemaleLow,396.7
2015,אורוגוואי,Science,Female,Low,FemaleLow,413.5
2018,אורוגוואי,Science,Female,Low,FemaleLow,406.9
2022,אורוגוואי,Science,Female,Low,FemaleLow,410.8
2006,אורוגוואי,Science,Female,Medium,FemaleMedium,452.2
2009,אורוגוואי,Science,Female,Medium,FemaleMedium,463.4
2012,אורוגוואי,Science,Female,Medium,FemaleMedium,454.8
2015,אורוגוואי,Science,Female,Medium,FemaleMedium,461.1
2018,אורוגוואי,Science,Female,Medium,FemaleMedium,460.6
2022,אורוגוואי,Science,Female,Medium,FemaleMedium,468.1
2006,אורוגוואי,Science,0,0,General,428.1
2009,אורוגוואי,Science,0,0,General,427.2
2012,אורוגוואי,Science,0,0,General,415.8
2015,אורוגוואי,Science,0,0,General,435.4
2018,אורוגוואי,Science,0,0,General,425.8
2022,אורוגוואי,Science,0,0,General,435.4
2025,אורוגוואי,Science,0,0,General,444.5
2006,אורוגוואי,Science,0,High,GeneralHigh,490.6
2009,אורוגוואי,Science,0,High,GeneralHigh,507.5
2012,אורוגוואי,Science,0,High,GeneralHigh,504.8
2015,אורוגוואי,Science,0,High,GeneralHigh,506.7
2018,אורוגוואי,Science,0,High,GeneralHigh,492.2
2022,אורוגוואי,Science,0,High,GeneralHigh,507.7
2025,אורוגוואי,Science,0,High,GeneralHigh,509.9
2006,אורוגוואי,Science,0,Low,GeneralLow,400
2009,אורוגוואי,Science,0,Low,GeneralLow,401.6
2012,אורוגוואי,Science,0,Low,GeneralLow,394.7
2015,אורוגוואי,Science,0,Low,GeneralLow,416.5
2018,אורוגוואי,Science,0,Low,GeneralLow,409.6
2022,אורוגוואי,Science,0,Low,GeneralLow,416
2025,אורוגוואי,Science,0,Low,GeneralLow,429.7
2006,אורוגוואי,Science,0,Medium,GeneralMedium,448.8
2009,אורוגוואי,Science,0,Medium,GeneralMedium,459.1
2012,אורוגוואי,Science,0,Medium,GeneralMedium,451.9
2015,אורוגוואי,Science,0,Medium,GeneralMedium,462
2018,אורוגוואי,Science,0,Medium,GeneralMedium,461.7
2022,אורוגוואי,Science,0,Medium,GeneralMedium,468.8
2025,אורוגוואי,Science,0,Medium,GeneralMedium,480
2006,אורוגוואי,Science,Male,0,Male,426.6
2009,אורוגוואי,Science,Male,0,Male,426.6
2012,אורוגוואי,Science,Male,0,Male,415.3
2015,אורוגוואי,Science,Male,0,Male,439.8
2018,אורוגוואי,Science,Male,0,Male,427.6
2022,אורוגוואי,Science,Male,0,Male,439.6
2006,אורוגוואי,Science,Male,High,MaleHigh,490.8
2009,אורוגוואי,Science,Male,High,MaleHigh,508.4
2012,אורוגוואי,Science,Male,High,MaleHigh,508.5
2015,אורוגוואי,Science,Male,High,MaleHigh,510.2
2018,אורוגוואי,Science,Male,High,MaleHigh,490.3
2022,אורוגוואי,Science,Male,High,MaleHigh,508.8
2006,אורוגוואי,Science,Male,Low,MaleLow,397.1
2009,אורוגוואי,Science,Male,Low,MaleLow,400.9
2012,אורוגוואי,Science,Male,Low,MaleLow,392.3
2015,אורוגוואי,Science,Male,Low,MaleLow,420
2018,אורוגוואי,Science,Male,Low,MaleLow,412.5
2022,אורוגוואי,Science,Male,Low,MaleLow,421.3
2006,אורוגוואי,Science,Male,Medium,MaleMedium,445.2
2009,אורוגוואי,Science,Male,Medium,MaleMedium,454.5
2012,אורוגוואי,Science,Male,Medium,MaleMedium,449.1
2015,אורוגוואי,Science,Male,Medium,MaleMedium,462.9
2018,אורוגוואי,Science,Male,Medium,MaleMedium,463
2022,אורוגוואי,Science,Male,Medium,MaleMedium,469.4
2006,איטליה,Math,Female,0,Female,453.5
2009,איטליה,Math,Female,0,Female,475.4
2012,איטליה,Math,Female,0,Female,475.8
2015,איטליה,Math,Female,0,Female,479.8
2018,איטליה,Math,Female,0,Female,478.5
2022,איטליה,Math,Female,0,Female,460.9
2025,איטליה,Math,Female,0,Female,459.4
2006,איטליה,Math,Female,High,FemaleHigh,490.6
2009,איטליה,Math,Female,High,FemaleHigh,508.9
2012,איטליה,Math,Female,High,FemaleHigh,509.2
2015,איטליה,Math,Female,High,FemaleHigh,522
2018,איטליה,Math,Female,High,FemaleHigh,524.6
2022,איטליה,Math,Female,High,FemaleHigh,502
2025,איטליה,Math,Female,High,FemaleHigh,502.4
2006,איטליה,Math,Female,Low,FemaleLow,428.5
2009,איטליה,Math,Female,Low,FemaleLow,452.7
2012,איטליה,Math,Female,Low,FemaleLow,452.1
2015,איטליה,Math,Female,Low,FemaleLow,456.2
2018,איטליה,Math,Female,Low,FemaleLow,455.9
2022,איטליה,Math,Female,Low,FemaleLow,436.3
2025,איטליה,Math,Female,Low,FemaleLow,433.6
2006,איטליה,Math,Female,Medium,FemaleMedium,467.5
2009,איטליה,Math,Female,Medium,FemaleMedium,488.3
2012,איטליה,Math,Female,Medium,FemaleMedium,488.4
2015,איטליה,Math,Female,Medium,FemaleMedium,488.4
2018,איטליה,Math,Female,Medium,FemaleMedium,492.9
2022,איטליה,Math,Female,Medium,FemaleMedium,469.7
2025,איטליה,Math,Female,Medium,FemaleMedium,471.9
2006,איטליה,Math,0,0,General,461.7
2009,איטליה,Math,0,0,General,482.9
2012,איטליה,Math,0,0,General,485.3
2015,איטליה,Math,0,0,General,489.7
2018,איטליה,Math,0,0,General,486.6
2022,איטליה,Math,0,0,General,471.3
2025,איטליה,Math,0,0,General,467.8
2006,איטליה,Math,0,High,GeneralHigh,496.6
2009,איטליה,Math,0,High,GeneralHigh,520.7
2012,איטליה,Math,0,High,GeneralHigh,523.1
2015,איטליה,Math,0,High,GeneralHigh,529.3
2018,איטליה,Math,0,High,GeneralHigh,532.8
2022,איטליה,Math,0,High,GeneralHigh,516.1
2025,איטליה,Math,0,High,GeneralHigh,510.1
2006,איטליה,Math,0,Low,GeneralLow,436
2009,איטליה,Math,0,Low,GeneralLow,458.6
2012,איטליה,Math,0,Low,GeneralLow,458.5
2015,איטליה,Math,0,Low,GeneralLow,464.6
2018,איטליה,Math,0,Low,GeneralLow,464.6
2022,איטליה,Math,0,Low,GeneralLow,444.2
2025,איטליה,Math,0,Low,GeneralLow,443.4
2006,איטליה,Math,0,Medium,GeneralMedium,474.4
2009,איטליה,Math,0,Medium,GeneralMedium,494.8
2012,איטליה,Math,0,Medium,GeneralMedium,496.8
2015,איטליה,Math,0,Medium,GeneralMedium,498.3
2018,איטליה,Math,0,Medium,GeneralMedium,498.5
2022,איטליה,Math,0,Medium,GeneralMedium,479.1
2025,איטליה,Math,0,Medium,GeneralMedium,480.4
2006,איטליה,Math,Male,0,Male,470.1
2009,איטליה,Math,Male,0,Male,490
2012,איטליה,Math,Male,0,Male,494.2
2015,איטליה,Math,Male,0,Male,499.8
2018,איטליה,Math,Male,0,Male,494.1
2022,איטליה,Math,Male,0,Male,482
2025,איטליה,Math,Male,0,Male,476.3
2006,איטליה,Math,Male,High,MaleHigh,501.9
2009,איטליה,Math,Male,High,MaleHigh,531.7
2012,איטליה,Math,Male,High,MaleHigh,535.4
2015,איטליה,Math,Male,High,MaleHigh,535.3
2018,איטליה,Math,Male,High,MaleHigh,539.9
2022,איטליה,Math,Male,High,MaleHigh,528.8
2025,איטליה,Math,Male,High,MaleHigh,518.3
2006,איטליה,Math,Male,Low,MaleLow,444.5
2009,איטליה,Math,Male,Low,MaleLow,464.3
2012,איטליה,Math,Male,Low,MaleLow,464.9
2015,איטליה,Math,Male,Low,MaleLow,474.2
2018,איטליה,Math,Male,Low,MaleLow,473.1
2022,איטליה,Math,Male,Low,MaleLow,452.7
2025,איטליה,Math,Male,Low,MaleLow,454.2
2006,איטליה,Math,Male,Medium,MaleMedium,481
2009,איטליה,Math,Male,Medium,MaleMedium,500.8
2012,איטליה,Math,Male,Medium,MaleMedium,504.4
2015,איטליה,Math,Male,Medium,MaleMedium,508.7
2018,איטליה,Math,Male,Medium,MaleMedium,503.8
2022,איטליה,Math,Male,Medium,MaleMedium,489.5
2025,איטליה,Math,Male,Medium,MaleMedium,488.5
2006,איטליה,Reading,Female,0,Female,489
2009,איטליה,Reading,Female,0,Female,509.5
2012,איטליה,Reading,Female,0,Female,509.9
2015,איטליה,Reading,Female,0,Female,492.7
2018,איטליה,Reading,Female,0,Female,489.1
2022,איטליה,Reading,Female,0,Female,491
2025,איטליה,Reading,Female,0,Female,488.1
2006,איטליה,Reading,Female,High,FemaleHigh,526.7
2009,איטליה,Reading,Female,High,FemaleHigh,549.6
2012,איטליה,Reading,Female,High,FemaleHigh,545.9
2015,איטליה,Reading,Female,High,FemaleHigh,535.5
2018,איטליה,Reading,Female,High,FemaleHigh,528
2022,איטליה,Reading,Female,High,FemaleHigh,529.7
2025,איטליה,Reading,Female,High,FemaleHigh,529.9
2006,איטליה,Reading,Female,Low,FemaleLow,460.5
2009,איטליה,Reading,Female,Low,FemaleLow,482.4
2012,איטליה,Reading,Female,Low,FemaleLow,485.2
2015,איטליה,Reading,Female,Low,FemaleLow,466.3
2018,איטליה,Reading,Female,Low,FemaleLow,467.7
2022,איטליה,Reading,Female,Low,FemaleLow,468.1
2025,איטליה,Reading,Female,Low,FemaleLow,462.6
2006,איטליה,Reading,Female,Medium,FemaleMedium,507.8
2009,איטליה,Reading,Female,Medium,FemaleMedium,524.9
2012,איטליה,Reading,Female,Medium,FemaleMedium,522.9
2015,איטליה,Reading,Female,Medium,FemaleMedium,505.9
2018,איטליה,Reading,Female,Medium,FemaleMedium,506.3
2022,איטליה,Reading,Female,Medium,FemaleMedium,500.1
2025,איטליה,Reading,Female,Medium,FemaleMedium,502.4
2006,איטליה,Reading,0,0,General,468.5
2009,איטליה,Reading,0,0,General,486.1
2012,איטליה,Reading,0,0,General,489.8
2015,איטליה,Reading,0,0,General,484.8
2018,איטליה,Reading,0,0,General,476.3
2022,איטליה,Reading,0,0,General,481.6
2025,איטליה,Reading,0,0,General,474.3
2006,איטליה,Reading,0,High,GeneralHigh,503.1
2009,איטליה,Reading,0,High,GeneralHigh,530.4
2012,איטליה,Reading,0,High,GeneralHigh,529
2015,איטליה,Reading,0,High,GeneralHigh,524.4
2018,איטליה,Reading,0,High,GeneralHigh,517.3
2022,איטליה,Reading,0,High,GeneralHigh,522.1
2025,איטליה,Reading,0,High,GeneralHigh,516.6
2006,איטליה,Reading,0,Low,GeneralLow,441.8
2009,איטליה,Reading,0,Low,GeneralLow,457.4
2012,איטליה,Reading,0,Low,GeneralLow,462.8
2015,איטליה,Reading,0,Low,GeneralLow,457.9
2018,איטליה,Reading,0,Low,GeneralLow,456.2
2022,איטליה,Reading,0,Low,GeneralLow,456.6
2025,איטליה,Reading,0,Low,GeneralLow,451.2
2006,איטליה,Reading,0,Medium,GeneralMedium,482.8
2009,איטליה,Reading,0,Medium,GeneralMedium,500.1
2012,איטליה,Reading,0,Medium,GeneralMedium,501.6
2015,איטליה,Reading,0,Medium,GeneralMedium,496.3
2018,איטליה,Reading,0,Medium,GeneralMedium,489.1
2022,איטליה,Reading,0,Medium,GeneralMedium,490.6
2025,איטליה,Reading,0,Medium,GeneralMedium,487.2
2006,איטליה,Reading,Male,0,Male,447.7
2009,איטליה,Reading,Male,0,Male,463.8
2012,איטליה,Reading,Male,0,Male,470.9
2015,איטליה,Reading,Male,0,Male,476.7
2018,איטליה,Reading,Male,0,Male,464.3
2022,איטליה,Reading,Male,0,Male,471.9
2025,איטליה,Reading,Male,0,Male,460.2
2006,איטליה,Reading,Male,High,MaleHigh,482
2009,איטליה,Reading,Male,High,MaleHigh,512.7
2012,איטליה,Reading,Male,High,MaleHigh,514.2
2015,איטליה,Reading,Male,High,MaleHigh,515.2
2018,איטליה,Reading,Male,High,MaleHigh,508.1
2022,איטליה,Reading,Male,High,MaleHigh,515.2
2025,איטליה,Reading,Male,High,MaleHigh,502.5
2006,איטליה,Reading,Male,Low,MaleLow,420.6
2009,איטליה,Reading,Male,Low,MaleLow,433.3
2012,איטליה,Reading,Male,Low,MaleLow,440.4
2015,איטליה,Reading,Male,Low,MaleLow,448.3
2018,איטליה,Reading,Male,Low,MaleLow,444.9
2022,איטליה,Reading,Male,Low,MaleLow,444.3
2025,איטליה,Reading,Male,Low,MaleLow,438.6
2006,איטליה,Reading,Male,Medium,MaleMedium,458.8
2009,איטליה,Reading,Male,Medium,MaleMedium,477
2012,איטליה,Reading,Male,Medium,MaleMedium,482.5
2015,איטליה,Reading,Male,Medium,MaleMedium,486.4
2018,איטליה,Reading,Male,Medium,MaleMedium,472.9
2022,איטליה,Reading,Male,Medium,MaleMedium,480.2
2025,איטליה,Reading,Male,Medium,MaleMedium,472.9
2006,איטליה,Science,Female,0,Female,473.9
2009,איטליה,Science,Female,0,Female,489.8
2012,איטליה,Science,Female,0,Female,492.1
2015,איטליה,Science,Female,0,Female,472.1
2018,איטליה,Science,Female,0,Female,466.3
2022,איטליה,Science,Female,0,Female,474.3
2025,איטליה,Science,Female,0,Female,481.5
2006,איטליה,Science,Female,High,FemaleHigh,513.9
2009,איטליה,Science,Female,High,FemaleHigh,527.2
2012,איטליה,Science,Female,High,FemaleHigh,526
2015,איטליה,Science,Female,High,FemaleHigh,512.8
2018,איטליה,Science,Female,High,FemaleHigh,503.2
2022,איטליה,Science,Female,High,FemaleHigh,515.7
2025,איטליה,Science,Female,High,FemaleHigh,522.5
2006,איטליה,Science,Female,Low,FemaleLow,445.8
2009,איטליה,Science,Female,Low,FemaleLow,463.3
2012,איטליה,Science,Female,Low,FemaleLow,468.1
2015,איטליה,Science,Female,Low,FemaleLow,449
2018,איטליה,Science,Female,Low,FemaleLow,446.8
2022,איטליה,Science,Female,Low,FemaleLow,449.4
2025,איטליה,Science,Female,Low,FemaleLow,455.8
2006,איטליה,Science,Female,Medium,FemaleMedium,490.8
2009,איטליה,Science,Female,Medium,FemaleMedium,506
2012,איטליה,Science,Female,Medium,FemaleMedium,504.2
2015,איטליה,Science,Female,Medium,FemaleMedium,481.1
2018,איטליה,Science,Female,Medium,FemaleMedium,480.7
2022,איטליה,Science,Female,Medium,FemaleMedium,483.5
2025,איטליה,Science,Female,Medium,FemaleMedium,496
2006,איטליה,Science,0,0,General,475.4
2009,איטליה,Science,0,0,General,488.8
2012,איטליה,Science,0,0,General,493.5
2015,איטליה,Science,0,0,General,480.5
2018,איטליה,Science,0,0,General,468
2022,איטליה,Science,0,0,General,477.5
2025,איטליה,Science,0,0,General,483
2006,איטליה,Science,0,High,GeneralHigh,512.1
2009,איטליה,Science,0,High,GeneralHigh,530
2012,איטליה,Science,0,High,GeneralHigh,530.2
2015,איטליה,Science,0,High,GeneralHigh,518
2018,איטליה,Science,0,High,GeneralHigh,505.9
2022,איטליה,Science,0,High,GeneralHigh,523
2025,איטליה,Science,0,High,GeneralHigh,524.8
2006,איטליה,Science,0,Low,GeneralLow,447.8
2009,איטליה,Science,0,Low,GeneralLow,460.6
2012,איטליה,Science,0,Low,GeneralLow,467.2
2015,איטליה,Science,0,Low,GeneralLow,456
2018,איטליה,Science,0,Low,GeneralLow,449.2
2022,איטליה,Science,0,Low,GeneralLow,449.7
2025,איטליה,Science,0,Low,GeneralLow,459.1
2006,איטליה,Science,0,Medium,GeneralMedium,489.5
2009,איטליה,Science,0,Medium,GeneralMedium,504.3
2012,איטליה,Science,0,Medium,GeneralMedium,505
2015,איטליה,Science,0,Medium,GeneralMedium,489.7
2018,איטליה,Science,0,Medium,GeneralMedium,478.9
2022,איטליה,Science,0,Medium,GeneralMedium,486.2
2025,איטליה,Science,0,Medium,GeneralMedium,496.1
2006,איטליה,Science,Male,0,Male,476.9
2009,איטליה,Science,Male,0,Male,487.9
2012,איטליה,Science,Male,0,Male,494.9
2015,איטליה,Science,Male,0,Male,489.1
2018,איטליה,Science,Male,0,Male,469.6
2022,איטליה,Science,Male,0,Male,480.8
2025,איטליה,Science,Male,0,Male,484.5
2006,איטליה,Science,Male,High,MaleHigh,510.6
2009,איטליה,Science,Male,High,MaleHigh,532.7
2012,איטליה,Science,Male,High,MaleHigh,533.8
2015,איטליה,Science,Male,High,MaleHigh,522.3
2018,איטליה,Science,Male,High,MaleHigh,508.2
2022,איטליה,Science,Male,High,MaleHigh,529.6
2025,איטליה,Science,Male,High,MaleHigh,527.3
2006,איטליה,Science,Male,Low,MaleLow,450.1
2009,איטליה,Science,Male,Low,MaleLow,458
2012,איטליה,Science,Male,Low,MaleLow,466.3
2015,איטליה,Science,Male,Low,MaleLow,463.9
2018,איטליה,Science,Male,Low,MaleLow,451.6
2022,איטליה,Science,Male,Low,MaleLow,450.1
2025,איטליה,Science,Male,Low,MaleLow,462.9
2006,איטליה,Science,Male,Medium,MaleMedium,488.3
2009,איטליה,Science,Male,Medium,MaleMedium,502.8
2012,איטליה,Science,Male,Medium,MaleMedium,505.8
2015,איטליה,Science,Male,Medium,MaleMedium,498.7
2018,איטליה,Science,Male,Medium,MaleMedium,477.2
2022,איטליה,Science,Male,Medium,MaleMedium,489.2
2025,איטליה,Science,Male,Medium,MaleMedium,496.3
2006,אינדונזיה,Math,Female,0,Female,382.2
2009,אינדונזיה,Math,Female,0,Female,371.9
2012,אינדונזיה,Math,Female,0,Female,372.8
2015,אינדונזיה,Math,Female,0,Female,387.4
2018,אינדונזיה,Math,Female,0,Female,383.4
2022,אינדונזיה,Math,Female,0,Female,368.6
2025,אינדונזיה,Math,Female,0,Female,366.6
2006,אינדונזיה,Math,Female,High,FemaleHigh,480.7
2009,אינדונזיה,Math,Female,High,FemaleHigh,437.8
2012,אינדונזיה,Math,Female,High,FemaleHigh,496.9
2015,אינדונזיה,Math,Female,High,FemaleHigh,517.6
2018,אינדונזיה,Math,Female,High,FemaleHigh,469.6
2022,אינדונזיה,Math,Female,High,FemaleHigh,443.2
2025,אינדונזיה,Math,Female,High,FemaleHigh,423.8
2006,אינדונזיה,Math,Female,Low,FemaleLow,373.6
2009,אינדונזיה,Math,Female,Low,FemaleLow,364.5
2012,אינדונזיה,Math,Female,Low,FemaleLow,366.7
2015,אינדונזיה,Math,Female,Low,FemaleLow,378.4
2018,אינדונזיה,Math,Female,Low,FemaleLow,375.8
2022,אינדונזיה,Math,Female,Low,FemaleLow,364.1
2025,אינדונזיה,Math,Female,Low,FemaleLow,361.2
2006,אינדונזיה,Math,Female,Medium,FemaleMedium,429.1
2009,אינדונזיה,Math,Female,Medium,FemaleMedium,418.6
2012,אינדונזיה,Math,Female,Medium,FemaleMedium,420.5
2015,אינדונזיה,Math,Female,Medium,FemaleMedium,462
2018,אינדונזיה,Math,Female,Medium,FemaleMedium,429
2022,אינדונזיה,Math,Female,Medium,FemaleMedium,396.1
2025,אינדונזיה,Math,Female,Medium,FemaleMedium,399.6
2006,אינדונזיה,Math,0,0,General,391
2009,אינדונזיה,Math,0,0,General,371.3
2012,אינדונזיה,Math,0,0,General,375.1
2015,אינדונזיה,Math,0,0,General,386.1
2018,אינדונזיה,Math,0,0,General,378.7
2022,אינדונזיה,Math,0,0,General,365.5
2025,אינדונזיה,Math,0,0,General,363.9
2006,אינדונזיה,Math,0,High,GeneralHigh,477.6
2009,אינדונזיה,Math,0,High,GeneralHigh,436.3
2012,אינדונזיה,Math,0,High,GeneralHigh,480.9
2015,אינדונזיה,Math,0,High,GeneralHigh,517.8
2018,אינדונזיה,Math,0,High,GeneralHigh,461.8
2022,אינדונזיה,Math,0,High,GeneralHigh,424.6
2025,אינדונזיה,Math,0,High,GeneralHigh,426.2
2006,אינדונזיה,Math,0,Low,GeneralLow,383.1
2009,אינדונזיה,Math,0,Low,GeneralLow,363.6
2012,אינדונזיה,Math,0,Low,GeneralLow,368.4
2015,אינדונזיה,Math,0,Low,GeneralLow,378
2018,אינדונזיה,Math,0,Low,GeneralLow,371.8
2022,אינדונזיה,Math,0,Low,GeneralLow,361.2
2025,אינדונזיה,Math,0,Low,GeneralLow,358.3
2006,אינדונזיה,Math,0,Medium,GeneralMedium,435.1
2009,אינדונזיה,Math,0,Medium,GeneralMedium,415.6
2012,אינדונזיה,Math,0,Medium,GeneralMedium,427.6
2015,אינדונזיה,Math,0,Medium,GeneralMedium,458.3
2018,אינדונזיה,Math,0,Medium,GeneralMedium,418.1
2022,אינדונזיה,Math,0,Medium,GeneralMedium,392.6
2025,אינדונזיה,Math,0,Medium,GeneralMedium,398.5
2006,אינדונזיה,Math,Male,0,Male,399.4
2009,אינדונזיה,Math,Male,0,Male,370.6
2012,אינדונזיה,Math,Male,0,Male,377.4
2015,אינדונזיה,Math,Male,0,Male,384.8
2018,אינדונזיה,Math,Male,0,Male,373.7
2022,אינדונזיה,Math,Male,0,Male,362.3
2025,אינדונזיה,Math,Male,0,Male,361
2006,אינדונזיה,Math,Male,High,MaleHigh,474.3
2009,אינדונזיה,Math,Male,High,MaleHigh,434.7
2012,אינדונזיה,Math,Male,High,MaleHigh,461.6
2015,אינדונזיה,Math,Male,High,MaleHigh,518.1
2018,אינדונזיה,Math,Male,High,MaleHigh,452.6
2022,אינדונזיה,Math,Male,High,MaleHigh,405.7
2025,אינדונזיה,Math,Male,High,MaleHigh,428.9
2006,אינדונזיה,Math,Male,Low,MaleLow,392.1
2009,אינדונזיה,Math,Male,Low,MaleLow,362.7
2012,אינדונזיה,Math,Male,Low,MaleLow,370.1
2015,אינדונזיה,Math,Male,Low,MaleLow,377.6
2018,אינדונזיה,Math,Male,Low,MaleLow,367.6
2022,אינדונזיה,Math,Male,Low,MaleLow,358.2
2025,אינדונזיה,Math,Male,Low,MaleLow,355.2
2006,אינדונזיה,Math,Male,Medium,MaleMedium,440.6
2009,אינדונזיה,Math,Male,Medium,MaleMedium,413
2012,אינדונזיה,Math,Male,Medium,MaleMedium,433.6
2015,אינדונזיה,Math,Male,Medium,MaleMedium,454.4
2018,אינדונזיה,Math,Male,Medium,MaleMedium,408.1
2022,אינדונזיה,Math,Male,Medium,MaleMedium,389.2
2025,אינדונזיה,Math,Male,Medium,MaleMedium,397.4
2006,אינדונזיה,Reading,Female,0,Female,402.1
2009,אינדונזיה,Reading,Female,0,Female,419.8
2012,אינדונזיה,Reading,Female,0,Female,410.4
2015,אינדונזיה,Reading,Female,0,Female,409
2018,אינדונזיה,Reading,Female,0,Female,383.4
2022,אינדונזיה,Reading,Female,0,Female,369.7
2025,אינדונזיה,Reading,Female,0,Female,376.5
2006,אינדונזיה,Reading,Female,High,FemaleHigh,484.6
2009,אינדונזיה,Reading,Female,High,FemaleHigh,470.2
2012,אינדונזיה,Reading,Female,High,FemaleHigh,499.9
2015,אינדונזיה,Reading,Female,High,FemaleHigh,523.6
2018,אינדונזיה,Reading,Female,High,FemaleHigh,463.7
2022,אינדונזיה,Reading,Female,High,FemaleHigh,457.7
2025,אינדונזיה,Reading,Female,High,FemaleHigh,436.2
2006,אינדונזיה,Reading,Female,Low,FemaleLow,394.4
2009,אינדונזיה,Reading,Female,Low,FemaleLow,413.7
2012,אינדונזיה,Reading,Female,Low,FemaleLow,405.3
2015,אינדונזיה,Reading,Female,Low,FemaleLow,401.3
2018,אינדונזיה,Reading,Female,Low,FemaleLow,376.6
2022,אינדונזיה,Reading,Female,Low,FemaleLow,363.6
2025,אינדונזיה,Reading,Female,Low,FemaleLow,370.5
2006,אינדונזיה,Reading,Female,Medium,FemaleMedium,445.5
2009,אינדונזיה,Reading,Female,Medium,FemaleMedium,459.6
2012,אינדונזיה,Reading,Female,Medium,FemaleMedium,452.7
2015,אינדונזיה,Reading,Female,Medium,FemaleMedium,472.3
2018,אינדונזיה,Reading,Female,Medium,FemaleMedium,425.1
2022,אינדונזיה,Reading,Female,Medium,FemaleMedium,410.6
2025,אינדונזיה,Reading,Female,Medium,FemaleMedium,417
2006,אינדונזיה,Reading,0,0,General,392.9
2009,אינדונזיה,Reading,0,0,General,401.7
2012,אינדונזיה,Reading,0,0,General,396.1
2015,אינדונזיה,Reading,0,0,General,397.3
2018,אינדונזיה,Reading,0,0,General,371
2022,אינדונזיה,Reading,0,0,General,358.6
2025,אינדונזיה,Reading,0,0,General,365.2
2006,אינדונזיה,Reading,0,High,GeneralHigh,468.3
2009,אינדונזיה,Reading,0,High,GeneralHigh,452.9
2012,אינדונזיה,Reading,0,High,GeneralHigh,478.6
2015,אינדונזיה,Reading,0,High,GeneralHigh,515
2018,אינדונזיה,Reading,0,High,GeneralHigh,445.5
2022,אינדונזיה,Reading,0,High,GeneralHigh,429.5
2025,אינדונזיה,Reading,0,High,GeneralHigh,432.3
2006,אינדונזיה,Reading,0,Low,GeneralLow,385.7
2009,אינדונזיה,Reading,0,Low,GeneralLow,395.6
2012,אינדונזיה,Reading,0,Low,GeneralLow,390.5
2015,אינדונזיה,Reading,0,Low,GeneralLow,390.4
2018,אינדונזיה,Reading,0,Low,GeneralLow,364.4
2022,אינדונזיה,Reading,0,Low,GeneralLow,352.9
2025,אינדונזיה,Reading,0,Low,GeneralLow,359
2006,אינדונזיה,Reading,0,Medium,GeneralMedium,433.7
2009,אינדונזיה,Reading,0,Medium,GeneralMedium,437
2012,אינדונזיה,Reading,0,Medium,GeneralMedium,441.3
2015,אינדונזיה,Reading,0,Medium,GeneralMedium,457.9
2018,אינדונזיה,Reading,0,Medium,GeneralMedium,409.7
2022,אינדונזיה,Reading,0,Medium,GeneralMedium,397.2
2025,אינדונזיה,Reading,0,Medium,GeneralMedium,407.3
2006,אינדונזיה,Reading,Male,0,Male,384.2
2009,אינדונזיה,Reading,Male,0,Male,383.3
2012,אינדונזיה,Reading,Male,0,Male,382.3
2015,אינדונזיה,Reading,Male,0,Male,385.6
2018,אינדונזיה,Reading,Male,0,Male,358.1
2022,אינדונזיה,Reading,Male,0,Male,346.8
2025,אינדונזיה,Reading,Male,0,Male,352.9
2006,אינדונזיה,Reading,Male,High,MaleHigh,451.4
2009,אינדונזיה,Reading,Male,High,MaleHigh,434.2
2012,אינדונזיה,Reading,Male,High,MaleHigh,452.9
2015,אינדונזיה,Reading,Male,High,MaleHigh,499.6
2018,אינדונזיה,Reading,Male,High,MaleHigh,423.9
2022,אינדונזיה,Reading,Male,High,MaleHigh,400.7
2025,אינדונזיה,Reading,Male,High,MaleHigh,427.7
2006,אינדונזיה,Reading,Male,Low,MaleLow,377.4
2009,אינדונזיה,Reading,Male,Low,MaleLow,376.7
2012,אינדונזיה,Reading,Male,Low,MaleLow,376
2015,אינדונזיה,Reading,Male,Low,MaleLow,379.7
2018,אינדונזיה,Reading,Male,Low,MaleLow,351.7
2022,אינדונזיה,Reading,Male,Low,MaleLow,341.5
2025,אינדונזיה,Reading,Male,Low,MaleLow,346.2
2006,אינדונזיה,Reading,Male,Medium,MaleMedium,423
2009,אינדונזיה,Reading,Male,Medium,MaleMedium,417.9
2012,אינדונזיה,Reading,Male,Medium,MaleMedium,431.8
2015,אינדונזיה,Reading,Male,Medium,MaleMedium,442.7
2018,אינדונזיה,Reading,Male,Medium,MaleMedium,395.5
2022,אינדונזיה,Reading,Male,Medium,MaleMedium,383.9
2025,אינדונזיה,Reading,Male,Medium,MaleMedium,397.2
2006,אינדונזיה,Science,Female,0,Female,387.4
2009,אינדונזיה,Science,Female,0,Female,386.9
2012,אינדונזיה,Science,Female,0,Female,383.5
2015,אינדונזיה,Science,Female,0,Female,405.1
2018,אינדונזיה,Science,Female,0,Female,399.5
2022,אינדונזיה,Science,Female,0,Female,385.3
2025,אינדונזיה,Science,Female,0,Female,391.3
2006,אינדונזיה,Science,Female,High,FemaleHigh,476.4
2009,אינדונזיה,Science,Female,High,FemaleHigh,445.4
2012,אינדונזיה,Science,Female,High,FemaleHigh,489.3
2015,אינדונזיה,Science,Female,High,FemaleHigh,514.4
2018,אינדונזיה,Science,Female,High,FemaleHigh,478.4
2022,אינדונזיה,Science,Female,High,FemaleHigh,463.6
2025,אינדונזיה,Science,Female,High,FemaleHigh,451.6
2006,אינדונזיה,Science,Female,Low,FemaleLow,380.1
2009,אינדונזיה,Science,Female,Low,FemaleLow,380
2012,אינדונזיה,Science,Female,Low,FemaleLow,377.8
2015,אינדונזיה,Science,Female,Low,FemaleLow,397.8
2018,אינדונזיה,Science,Female,Low,FemaleLow,394
2022,אינדונזיה,Science,Female,Low,FemaleLow,380.9
2025,אינדונזיה,Science,Female,Low,FemaleLow,385.7
2006,אינדונזיה,Science,Female,Medium,FemaleMedium,426.5
2009,אינדונזיה,Science,Female,Medium,FemaleMedium,431.1
2012,אינדונזיה,Science,Female,Medium,FemaleMedium,429.1
2015,אינדונזיה,Science,Female,Medium,FemaleMedium,464.9
2018,אינדונזיה,Science,Female,Medium,FemaleMedium,430
2022,אינדונזיה,Science,Female,Medium,FemaleMedium,412.5
2025,אינדונזיה,Science,Female,Medium,FemaleMedium,428.7
2006,אינדונזיה,Science,0,0,General,393.5
2009,אינדונזיה,Science,0,0,General,382.6
2012,אינדונזיה,Science,0,0,General,381.9
2015,אינדונזיה,Science,0,0,General,403.1
2018,אינדונזיה,Science,0,0,General,396.1
2022,אינדונזיה,Science,0,0,General,382.9
2025,אינדונזיה,Science,0,0,General,388.7
2006,אינדונזיה,Science,0,High,GeneralHigh,468.5
2009,אינדונזיה,Science,0,High,GeneralHigh,438.6
2012,אינדונזיה,Science,0,High,GeneralHigh,477.8
2015,אינדונזיה,Science,0,High,GeneralHigh,513
2018,אינדונזיה,Science,0,High,GeneralHigh,469.6
2022,אינדונזיה,Science,0,High,GeneralHigh,443.7
2025,אינדונזיה,Science,0,High,GeneralHigh,455
2006,אינדונזיה,Science,0,Low,GeneralLow,386.7
2009,אינדונזיה,Science,0,Low,GeneralLow,375.8
2012,אינדונזיה,Science,0,Low,GeneralLow,375.8
2015,אינדונזיה,Science,0,Low,GeneralLow,396.7
2018,אינדונזיה,Science,0,Low,GeneralLow,390.5
2022,אינדונזיה,Science,0,Low,GeneralLow,378.6
2025,אינדונזיה,Science,0,Low,GeneralLow,383
2006,אינדונזיה,Science,0,Medium,GeneralMedium,430.6
2009,אינדונזיה,Science,0,Medium,GeneralMedium,421.7
2012,אינדונזיה,Science,0,Medium,GeneralMedium,429.7
2015,אינדונזיה,Science,0,Medium,GeneralMedium,459.1
2018,אינדונזיה,Science,0,Medium,GeneralMedium,427.7
2022,אינדונזיה,Science,0,Medium,GeneralMedium,410.2
2025,אינדונזיה,Science,0,Medium,GeneralMedium,427.8
2006,אינדונזיה,Science,Male,0,Male,399.2
2009,אינדונזיה,Science,Male,0,Male,378.1
2012,אינדונזיה,Science,Male,0,Male,380.4
2015,אינדונזיה,Science,Male,0,Male,401.1
2018,אינדונזיה,Science,Male,0,Male,392.6
2022,אינדונזיה,Science,Male,0,Male,380.3
2025,אינדונזיה,Science,Male,0,Male,385.9
2006,אינדונזיה,Science,Male,High,MaleHigh,460.3
2009,אינדונזיה,Science,Male,High,MaleHigh,431.2
2012,אינדונזיה,Science,Male,High,MaleHigh,464
2015,אינדונזיה,Science,Male,High,MaleHigh,510.4
2018,אינדונזיה,Science,Male,High,MaleHigh,459.1
2022,אינדונזיה,Science,Male,High,MaleHigh,423.3
2025,אינדונזיה,Science,Male,High,MaleHigh,458.9
2006,אינדונזיה,Science,Male,Low,MaleLow,393
2009,אינדונזיה,Science,Male,Low,MaleLow,371.4
2012,אינדונזיה,Science,Male,Low,MaleLow,373.9
2015,אינדונזיה,Science,Male,Low,MaleLow,395.7
2018,אינדונזיה,Science,Male,Low,MaleLow,386.8
2022,אינדונזיה,Science,Male,Low,MaleLow,376.2
2025,אינדונזיה,Science,Male,Low,MaleLow,380
2006,אינדונזיה,Science,Male,Medium,MaleMedium,434.4
2009,אינדונזיה,Science,Male,Medium,MaleMedium,413.8
2012,אינדונזיה,Science,Male,Medium,MaleMedium,430.3
2015,אינדונזיה,Science,Male,Medium,MaleMedium,452.8
2018,אינדונזיה,Science,Male,Medium,MaleMedium,425.6
2022,אינדונזיה,Science,Male,Medium,MaleMedium,407.9
2025,אינדונזיה,Science,Male,Medium,MaleMedium,426.8
2006,איסלנד,Math,Female,0,Female,507.8
2009,איסלנד,Math,Female,0,Female,504.9
2012,איסלנד,Math,Female,0,Female,495.9
2015,איסלנד,Math,Female,0,Female,488.6
2018,איסלנד,Math,Female,0,Female,500.1
2022,איסלנד,Math,Female,0,Female,457.2
2006,איסלנד,Math,Female,High,FemaleHigh,528
2009,איסלנד,Math,Female,High,FemaleHigh,528
2012,איסלנד,Math,Female,High,FemaleHigh,515.9
2015,איסלנד,Math,Female,High,FemaleHigh,511.5
2018,איסלנד,Math,Female,High,FemaleHigh,522.9
2022,איסלנד,Math,Female,High,FemaleHigh,480.6
2006,איסלנד,Math,Female,Low,FemaleLow,465.6
2009,איסלנד,Math,Female,Low,FemaleLow,464.8
2012,איסלנד,Math,Female,Low,FemaleLow,459.4
2015,איסלנד,Math,Female,Low,FemaleLow,434.4
2018,איסלנד,Math,Female,Low,FemaleLow,462.5
2022,איסלנד,Math,Female,Low,FemaleLow,419
2006,איסלנד,Math,Female,Medium,FemaleMedium,495.8
2009,איסלנד,Math,Female,Medium,FemaleMedium,494.1
2012,איסלנד,Math,Female,Medium,FemaleMedium,478.8
2015,איסלנד,Math,Female,Medium,FemaleMedium,471.3
2018,איסלנד,Math,Female,Medium,FemaleMedium,488.6
2022,איסלנד,Math,Female,Medium,FemaleMedium,455.4
2006,איסלנד,Math,0,0,General,505.5
2009,איסלנד,Math,0,0,General,506.7
2012,איסלנד,Math,0,0,General,492.8
2015,איסלנד,Math,0,0,General,488
2018,איסלנד,Math,0,0,General,495.2
2022,איסלנד,Math,0,0,General,458.9
2025,איסלנד,Math,0,0,General,449.7
2006,איסלנד,Math,0,High,GeneralHigh,523.8
2009,איסלנד,Math,0,High,GeneralHigh,529.1
2012,איסלנד,Math,0,High,GeneralHigh,513.1
2015,איסלנד,Math,0,High,GeneralHigh,507
2018,איסלנד,Math,0,High,GeneralHigh,520.9
2022,איסלנד,Math,0,High,GeneralHigh,485.1
2025,איסלנד,Math,0,High,GeneralHigh,482.6
2006,איסלנד,Math,0,Low,GeneralLow,464
2009,איסלנד,Math,0,Low,GeneralLow,465.4
2012,איסלנד,Math,0,Low,GeneralLow,457.8
2015,איסלנד,Math,0,Low,GeneralLow,444.8
2018,איסלנד,Math,0,Low,GeneralLow,457.4
2022,איסלנד,Math,0,Low,GeneralLow,421.7
2025,איסלנד,Math,0,Low,GeneralLow,426.7
2006,איסלנד,Math,0,Medium,GeneralMedium,491.9
2009,איסלנד,Math,0,Medium,GeneralMedium,494.5
2012,איסלנד,Math,0,Medium,GeneralMedium,475.4
2015,איסלנד,Math,0,Medium,GeneralMedium,471.9
2018,איסלנד,Math,0,Medium,GeneralMedium,481.1
2022,איסלנד,Math,0,Medium,GeneralMedium,456.3
2025,איסלנד,Math,0,Medium,GeneralMedium,455.9
2006,איסלנד,Math,Male,0,Male,503.3
2009,איסלנד,Math,Male,0,Male,508.4
2012,איסלנד,Math,Male,0,Male,489.7
2015,איסלנד,Math,Male,0,Male,487.4
2018,איסלנד,Math,Male,0,Male,490.2
2022,איסלנד,Math,Male,0,Male,460.6
2006,איסלנד,Math,Male,High,MaleHigh,520.1
2009,איסלנד,Math,Male,High,MaleHigh,530.2
2012,איסלנד,Math,Male,High,MaleHigh,510.5
2015,איסלנד,Math,Male,High,MaleHigh,502.7
2018,איסלנד,Math,Male,High,MaleHigh,518.8
2022,איסלנד,Math,Male,High,MaleHigh,489.8
2006,איסלנד,Math,Male,Low,MaleLow,462.2
2009,איסלנד,Math,Male,Low,MaleLow,466.2
2012,איסלנד,Math,Male,Low,MaleLow,456
2015,איסלנד,Math,Male,Low,MaleLow,456.5
2018,איסלנד,Math,Male,Low,MaleLow,451.6
2022,איסלנד,Math,Male,Low,MaleLow,424
2006,איסלנד,Math,Male,Medium,MaleMedium,487.4
2009,איסלנד,Math,Male,Medium,MaleMedium,495
2012,איסלנד,Math,Male,Medium,MaleMedium,471.8
2015,איסלנד,Math,Male,Medium,MaleMedium,472.6
2018,איסלנד,Math,Male,Medium,MaleMedium,474
2022,איסלנד,Math,Male,Medium,MaleMedium,457.2
2006,איסלנד,Reading,Female,0,Female,508.9
2009,איסלנד,Reading,Female,0,Female,522.2
2012,איסלנד,Reading,Female,0,Female,508.4
2015,איסלנד,Reading,Female,0,Female,501.7
2018,איסלנד,Reading,Female,0,Female,494.1
2022,איסלנד,Reading,Female,0,Female,454
2006,איסלנד,Reading,Female,High,FemaleHigh,526.6
2009,איסלנד,Reading,Female,High,FemaleHigh,542.8
2012,איסלנד,Reading,Female,High,FemaleHigh,528
2015,איסלנד,Reading,Female,High,FemaleHigh,523.6
2018,איסלנד,Reading,Female,High,FemaleHigh,518.7
2022,איסלנד,Reading,Female,High,FemaleHigh,481.3
2006,איסלנד,Reading,Female,Low,FemaleLow,471.2
2009,איסלנד,Reading,Female,Low,FemaleLow,484.8
2012,איסלנד,Reading,Female,Low,FemaleLow,476.3
2015,איסלנד,Reading,Female,Low,FemaleLow,447.2
2018,איסלנד,Reading,Female,Low,FemaleLow,455.5
2022,איסלנד,Reading,Female,Low,FemaleLow,409.9
2006,איסלנד,Reading,Female,Medium,FemaleMedium,498.5
2009,איסלנד,Reading,Female,Medium,FemaleMedium,513.6
2012,איסלנד,Reading,Female,Medium,FemaleMedium,491.7
2015,איסלנד,Reading,Female,Medium,FemaleMedium,487.3
2018,איסלנד,Reading,Female,Medium,FemaleMedium,481
2022,איסלנד,Reading,Female,Medium,FemaleMedium,452.5
2006,איסלנד,Reading,0,0,General,484.4
2009,איסלנד,Reading,0,0,General,500.3
2012,איסלנד,Reading,0,0,General,482.5
2015,איסלנד,Reading,0,0,General,481.5
2018,איסלנד,Reading,0,0,General,474
2022,איסלנד,Reading,0,0,General,435.9
2025,איסלנד,Reading,0,0,General,422.3
2006,איסלנד,Reading,0,High,GeneralHigh,498.9
2009,איסלנד,Reading,0,High,GeneralHigh,519.8
2012,איסלנד,Reading,0,High,GeneralHigh,502.7
2015,איסלנד,Reading,0,High,GeneralHigh,498.9
2018,איסלנד,Reading,0,High,GeneralHigh,501.4
2022,איסלנד,Reading,0,High,GeneralHigh,466.5
2025,איסלנד,Reading,0,High,GeneralHigh,459.1
2006,איסלנד,Reading,0,Low,GeneralLow,450.3
2009,איסלנד,Reading,0,Low,GeneralLow,464.3
2012,איסלנד,Reading,0,Low,GeneralLow,451.5
2015,איסלנד,Reading,0,Low,GeneralLow,440.2
2018,איסלנד,Reading,0,Low,GeneralLow,436.8
2022,איסלנד,Reading,0,Low,GeneralLow,392.9
2025,איסלנד,Reading,0,Low,GeneralLow,395
2006,איסלנד,Reading,0,Medium,GeneralMedium,474.1
2009,איסלנד,Reading,0,Medium,GeneralMedium,490
2012,איסלנד,Reading,0,Medium,GeneralMedium,466.7
2015,איסלנד,Reading,0,Medium,GeneralMedium,468.5
2018,איסלנד,Reading,0,Medium,GeneralMedium,458.2
2022,איסלנד,Reading,0,Medium,GeneralMedium,432.9
2025,איסלנד,Reading,0,Medium,GeneralMedium,433.7
2006,איסלנד,Reading,Male,0,Male,460.4
2009,איסלנד,Reading,Male,0,Male,478.1
2012,איסלנד,Reading,Male,0,Male,457.3
2015,איסלנד,Reading,Male,0,Male,460.1
2018,איסלנד,Reading,Male,0,Male,453.5
2022,איסלנד,Reading,Male,0,Male,418.5
2006,איסלנד,Reading,Male,High,MaleHigh,475
2009,איסלנד,Reading,Male,High,MaleHigh,498.1
2012,איסלנד,Reading,Male,High,MaleHigh,479.3
2015,איסלנד,Reading,Male,High,MaleHigh,475.1
2018,איסלנד,Reading,Male,High,MaleHigh,483.5
2022,איסלנד,Reading,Male,High,MaleHigh,450.9
2006,איסלנד,Reading,Male,Low,MaleLow,426.3
2009,איסלנד,Reading,Male,Low,MaleLow,439.1
2012,איסלנד,Reading,Male,Low,MaleLow,422.6
2015,איסלנד,Reading,Male,Low,MaleLow,432.3
2018,איסלנד,Reading,Male,Low,MaleLow,415.7
2022,איסלנד,Reading,Male,Low,MaleLow,378.2
2006,איסלנד,Reading,Male,Medium,MaleMedium,446
2009,איסלנד,Reading,Male,Medium,MaleMedium,465.5
2012,איסלנד,Reading,Male,Medium,MaleMedium,440.4
2015,איסלנד,Reading,Male,Medium,MaleMedium,444.5
2018,איסלנד,Reading,Male,Medium,MaleMedium,436.5
2022,איסלנד,Reading,Male,Medium,MaleMedium,414.4
2006,איסלנד,Science,Female,0,Female,493.9
2009,איסלנד,Science,Female,0,Female,494.7
2012,איסלנד,Science,Female,0,Female,479.7
2015,איסלנד,Science,Female,0,Female,474.7
2018,איסלנד,Science,Female,0,Female,479.2
2022,איסלנד,Science,Female,0,Female,453.7
2006,איסלנד,Science,Female,High,FemaleHigh,514.4
2009,איסלנד,Science,Female,High,FemaleHigh,514.7
2012,איסלנד,Science,Female,High,FemaleHigh,501.6
2015,איסלנד,Science,Female,High,FemaleHigh,494.1
2018,איסלנד,Science,Female,High,FemaleHigh,503
2022,איסלנד,Science,Female,High,FemaleHigh,480.5
2006,איסלנד,Science,Female,Low,FemaleLow,449.7
2009,איסלנד,Science,Female,Low,FemaleLow,458.9
2012,איסלנד,Science,Female,Low,FemaleLow,441.8
2015,איסלנד,Science,Female,Low,FemaleLow,428.1
2018,איסלנד,Science,Female,Low,FemaleLow,440.6
2022,איסלנד,Science,Female,Low,FemaleLow,408.4
2006,איסלנד,Science,Female,Medium,FemaleMedium,482.3
2009,איסלנד,Science,Female,Medium,FemaleMedium,485.7
2012,איסלנד,Science,Female,Medium,FemaleMedium,459.6
2015,איסלנד,Science,Female,Medium,FemaleMedium,460.2
2018,איסלנד,Science,Female,Medium,FemaleMedium,465.1
2022,איסלנד,Science,Female,Medium,FemaleMedium,451.4
2006,איסלנד,Science,0,0,General,490.8
2009,איסלנד,Science,0,0,General,495.6
2012,איסלנד,Science,0,0,General,478.2
2015,איסלנד,Science,0,0,General,473.2
2018,איסלנד,Science,0,0,General,475
2022,איסלנד,Science,0,0,General,447
2025,איסלנד,Science,0,0,General,441.4
2006,איסלנד,Science,0,High,GeneralHigh,508.6
2009,איסלנד,Science,0,High,GeneralHigh,516.7
2012,איסלנד,Science,0,High,GeneralHigh,500
2015,איסלנד,Science,0,High,GeneralHigh,489.4
2018,איסלנד,Science,0,High,GeneralHigh,501.2
2022,איסלנד,Science,0,High,GeneralHigh,476.8
2025,איסלנד,Science,0,High,GeneralHigh,477.4
2006,איסלנד,Science,0,Low,GeneralLow,447.9
2009,איסלנד,Science,0,Low,GeneralLow,457.2
2012,איסלנד,Science,0,Low,GeneralLow,442.8
2015,איסלנד,Science,0,Low,GeneralLow,436.4
2018,איסלנד,Science,0,Low,GeneralLow,436.2
2022,איסלנד,Science,0,Low,GeneralLow,402
2025,איסלנד,Science,0,Low,GeneralLow,413
2006,איסלנד,Science,0,Medium,GeneralMedium,478.5
2009,איסלנד,Science,0,Medium,GeneralMedium,483.2
2012,איסלנד,Science,0,Medium,GeneralMedium,458.5
2015,איסלנד,Science,0,Medium,GeneralMedium,460.3
2018,איסלנד,Science,0,Medium,GeneralMedium,459.1
2022,איסלנד,Science,0,Medium,GeneralMedium,443.7
2025,איסלנד,Science,0,Medium,GeneralMedium,450.5
2006,איסלנד,Science,Male,0,Male,487.7
2009,איסלנד,Science,Male,0,Male,496.5
2012,איסלנד,Science,Male,0,Male,476.7
2015,איסלנד,Science,Male,0,Male,471.7
2018,איסלנד,Science,Male,0,Male,470.8
2022,איסלנד,Science,Male,0,Male,440.5
2006,איסלנד,Science,Male,High,MaleHigh,503.6
2009,איסלנד,Science,Male,High,MaleHigh,518.5
2012,איסלנד,Science,Male,High,MaleHigh,498.5
2015,איסלנד,Science,Male,High,MaleHigh,484.9
2018,איסלנד,Science,Male,High,MaleHigh,499.4
2022,איסלנד,Science,Male,High,MaleHigh,472.9
2006,איסלנד,Science,Male,Low,MaleLow,445.9
2009,איסלנד,Science,Male,Low,MaleLow,455.2
2012,איסלנד,Science,Male,Low,MaleLow,444
2015,איסלנד,Science,Male,Low,MaleLow,445.7
2018,איסלנד,Science,Male,Low,MaleLow,431.1
2022,איסלנד,Science,Male,Low,MaleLow,396.5
2006,איסלנד,Science,Male,Medium,MaleMedium,474.1
2009,איסלנד,Science,Male,Medium,MaleMedium,480.6
2012,איסלנד,Science,Male,Medium,MaleMedium,457.3
2015,איסלנד,Science,Male,Medium,MaleMedium,460.4
2018,איסלנד,Science,Male,Medium,MaleMedium,453.4
2022,איסלנד,Science,Male,Medium,MaleMedium,436.3
2006,אירלנד,Math,Female,0,Female,495.8
2009,אירלנד,Math,Female,0,Female,483.3
2012,אירלנד,Math,Female,0,Female,493.7
2015,אירלנד,Math,Female,0,Female,495.4
2018,אירלנד,Math,Female,0,Female,496.7
2022,אירלנד,Math,Female,0,Female,485.1
2006,אירלנד,Math,Female,High,FemaleHigh,529.6
2009,אירלנד,Math,Female,High,FemaleHigh,523.4
2012,אירלנד,Math,Female,High,FemaleHigh,530.8
2015,אירלנד,Math,Female,High,FemaleHigh,528.7
2018,אירלנד,Math,Female,High,FemaleHigh,527.9
2022,אירלנד,Math,Female,High,FemaleHigh,514.9
2006,אירלנד,Math,Female,Low,FemaleLow,468.2
2009,אירלנד,Math,Female,Low,FemaleLow,452.8
2012,אירלנד,Math,Female,Low,FemaleLow,460
2015,אירלנד,Math,Female,Low,FemaleLow,466.1
2018,אירלנד,Math,Female,Low,FemaleLow,470.7
2022,אירלנד,Math,Female,Low,FemaleLow,451.5
2006,אירלנד,Math,Female,Medium,FemaleMedium,506.2
2009,אירלנד,Math,Female,Medium,FemaleMedium,497.7
2012,אירלנד,Math,Female,Medium,FemaleMedium,499.7
2015,אירלנד,Math,Female,Medium,FemaleMedium,495.9
2018,אירלנד,Math,Female,Medium,FemaleMedium,496.5
2022,אירלנד,Math,Female,Medium,FemaleMedium,478.2
2006,אירלנד,Math,0,0,General,501.5
2009,אירלנד,Math,0,0,General,487.1
2012,אירלנד,Math,0,0,General,501.5
2015,אירלנד,Math,0,0,General,503.7
2018,אירלנד,Math,0,0,General,499.6
2022,אירלנד,Math,0,0,General,491.6
2025,אירלנד,Math,0,0,General,479.9
2006,אירלנד,Math,0,High,GeneralHigh,538
2009,אירלנד,Math,0,High,GeneralHigh,527.3
2012,אירלנד,Math,0,High,GeneralHigh,542
2015,אירלנד,Math,0,High,GeneralHigh,538.4
2018,אירלנד,Math,0,High,GeneralHigh,531.4
2022,אירלנד,Math,0,High,GeneralHigh,523.4
2025,אירלנד,Math,0,High,GeneralHigh,511.1
2006,אירלנד,Math,0,Low,GeneralLow,474.7
2009,אירלנד,Math,0,Low,GeneralLow,457
2012,אירלנד,Math,0,Low,GeneralLow,468.2
2015,אירלנד,Math,0,Low,GeneralLow,472.5
2018,אירלנד,Math,0,Low,GeneralLow,473.4
2022,אירלנד,Math,0,Low,GeneralLow,458
2025,אירלנד,Math,0,Low,GeneralLow,446.7
2006,אירלנד,Math,0,Medium,GeneralMedium,509.5
2009,אירלנד,Math,0,Medium,GeneralMedium,498.9
2012,אירלנד,Math,0,Medium,GeneralMedium,504.5
2015,אירלנד,Math,0,Medium,GeneralMedium,505.3
2018,אירלנד,Math,0,Medium,GeneralMedium,501.8
2022,אירלנד,Math,0,Medium,GeneralMedium,483.1
2025,אירלנד,Math,0,Medium,GeneralMedium,475.5
2006,אירלנד,Math,Male,0,Male,507.3
2009,אירלנד,Math,Male,0,Male,490.9
2012,אירלנד,Math,Male,0,Male,509
2015,אירלנד,Math,Male,0,Male,511.6
2018,אירלנד,Math,Male,0,Male,502.6
2022,אירלנד,Math,Male,0,Male,497.8
2006,אירלנד,Math,Male,High,MaleHigh,546.3
2009,אירלנד,Math,Male,High,MaleHigh,530.8
2012,אירלנד,Math,Male,High,MaleHigh,552.4
2015,אירלנד,Math,Male,High,MaleHigh,547.6
2018,אירלנד,Math,Male,High,MaleHigh,535.4
2022,אירלנד,Math,Male,High,MaleHigh,531.6
2006,אירלנד,Math,Male,Low,MaleLow,481.3
2009,אירלנד,Math,Male,Low,MaleLow,461.3
2012,אירלנד,Math,Male,Low,MaleLow,476.1
2015,אירלנד,Math,Male,Low,MaleLow,478.6
2018,אירלנד,Math,Male,Low,MaleLow,475.9
2022,אירלנד,Math,Male,Low,MaleLow,464.3
2006,אירלנד,Math,Male,Medium,MaleMedium,513
2009,אירלנד,Math,Male,Medium,MaleMedium,500.1
2012,אירלנד,Math,Male,Medium,MaleMedium,509.3
2015,אירלנד,Math,Male,Medium,MaleMedium,514.2
2018,אירלנד,Math,Male,Medium,MaleMedium,506.9
2022,אירלנד,Math,Male,Medium,MaleMedium,487.7
2006,אירלנד,Reading,Female,0,Female,534
2009,אירלנד,Reading,Female,0,Female,515.5
2012,אירלנד,Reading,Female,0,Female,537.7
2015,אירלנד,Reading,Female,0,Female,526.9
2018,אירלנד,Reading,Female,0,Female,529.6
2022,אירלנד,Reading,Female,0,Female,525.4
2006,אירלנד,Reading,Female,High,FemaleHigh,565.9
2009,אירלנד,Reading,Female,High,FemaleHigh,561.7
2012,אירלנד,Reading,Female,High,FemaleHigh,576.7
2015,אירלנד,Reading,Female,High,FemaleHigh,562
2018,אירלנד,Reading,Female,High,FemaleHigh,563.3
2022,אירלנד,Reading,Female,High,FemaleHigh,555.5
2006,אירלנד,Reading,Female,Low,FemaleLow,503.9
2009,אירלנד,Reading,Female,Low,FemaleLow,484
2012,אירלנד,Reading,Female,Low,FemaleLow,503.4
2015,אירלנד,Reading,Female,Low,FemaleLow,496.7
2018,אירלנד,Reading,Female,Low,FemaleLow,500.9
2022,אירלנד,Reading,Female,Low,FemaleLow,491.2
2006,אירלנד,Reading,Female,Medium,FemaleMedium,548.4
2009,אירלנד,Reading,Female,Medium,FemaleMedium,528.7
2012,אירלנד,Reading,Female,Medium,FemaleMedium,542.7
2015,אירלנד,Reading,Female,Medium,FemaleMedium,527.7
2018,אירלנד,Reading,Female,Medium,FemaleMedium,531.2
2022,אירלנד,Reading,Female,Medium,FemaleMedium,519
2006,אירלנד,Reading,0,0,General,517.3
2009,אירלנד,Reading,0,0,General,495.6
2012,אירלנד,Reading,0,0,General,523.2
2015,אירלנד,Reading,0,0,General,520.8
2018,אירלנד,Reading,0,0,General,518.1
2022,אירלנד,Reading,0,0,General,516
2025,אירלנד,Reading,0,0,General,500.4
2006,אירלנד,Reading,0,High,GeneralHigh,552.7
2009,אירלנד,Reading,0,High,GeneralHigh,540.3
2012,אירלנד,Reading,0,High,GeneralHigh,565.4
2015,אירלנד,Reading,0,High,GeneralHigh,556.3
2018,אירלנד,Reading,0,High,GeneralHigh,553.9
2022,אירלנד,Reading,0,High,GeneralHigh,548.2
2025,אירלנד,Reading,0,High,GeneralHigh,532
2006,אירלנד,Reading,0,Low,GeneralLow,488.8
2009,אירלנד,Reading,0,Low,GeneralLow,464.2
2012,אירלנד,Reading,0,Low,GeneralLow,488.4
2015,אירלנד,Reading,0,Low,GeneralLow,489.5
2018,אירלנד,Reading,0,Low,GeneralLow,489.2
2022,אירלנד,Reading,0,Low,GeneralLow,480.4
2025,אירלנד,Reading,0,Low,GeneralLow,469.1
2006,אירלנד,Reading,0,Medium,GeneralMedium,528.2
2009,אירלנד,Reading,0,Medium,GeneralMedium,507.3
2012,אירלנד,Reading,0,Medium,GeneralMedium,526.9
2015,אירלנד,Reading,0,Medium,GeneralMedium,522.9
2018,אירלנד,Reading,0,Medium,GeneralMedium,520.5
2022,אירלנד,Reading,0,Medium,GeneralMedium,508.8
2025,אירלנד,Reading,0,Medium,GeneralMedium,496.4
2006,אירלנד,Reading,Male,0,Male,500.2
2009,אירלנד,Reading,Male,0,Male,476.3
2012,אירלנד,Reading,Male,0,Male,509.2
2015,אירלנד,Reading,Male,0,Male,515
2018,אירלנד,Reading,Male,0,Male,506.4
2022,אירלנד,Reading,Male,0,Male,507.1
2006,אירלנד,Reading,Male,High,MaleHigh,539.4
2009,אירלנד,Reading,Male,High,MaleHigh,521
2012,אירלנד,Reading,Male,High,MaleHigh,554.9
2015,אירלנד,Reading,Male,High,MaleHigh,550.8
2018,אירלנד,Reading,Male,High,MaleHigh,543.2
2022,אירלנד,Reading,Male,High,MaleHigh,541.3
2006,אירלנד,Reading,Male,Low,MaleLow,473.7
2009,אירלנד,Reading,Male,Low,MaleLow,444.5
2012,אירלנד,Reading,Male,Low,MaleLow,473.8
2015,אירלנד,Reading,Male,Low,MaleLow,482.5
2018,אירלנד,Reading,Male,Low,MaleLow,478.3
2022,אירלנד,Reading,Male,Low,MaleLow,469.9
2006,אירלנד,Reading,Male,Medium,MaleMedium,506.5
2009,אירלנד,Reading,Male,Medium,MaleMedium,485.8
2012,אירלנד,Reading,Male,Medium,MaleMedium,510.8
2015,אירלנד,Reading,Male,Medium,MaleMedium,518.3
2018,אירלנד,Reading,Male,Medium,MaleMedium,509.9
2022,אירלנד,Reading,Male,Medium,MaleMedium,499.2
2006,אירלנד,Science,Female,0,Female,508.5
2009,אירלנד,Science,Female,0,Female,509.4
2012,אירלנד,Science,Female,0,Female,520
2015,אירלנד,Science,Female,0,Female,497.2
2018,אירלנד,Science,Female,0,Female,496.9
2022,אירלנד,Science,Female,0,Female,501
2006,אירלנד,Science,Female,High,FemaleHigh,544.8
2009,אירלנד,Science,Female,High,FemaleHigh,552.8
2012,אירלנד,Science,Female,High,FemaleHigh,560.2
2015,אירלנד,Science,Female,High,FemaleHigh,533.1
2018,אירלנד,Science,Female,High,FemaleHigh,531
2022,אירלנד,Science,Female,High,FemaleHigh,532.1
2006,אירלנד,Science,Female,Low,FemaleLow,478.8
2009,אירלנד,Science,Female,Low,FemaleLow,477.2
2012,אירלנד,Science,Female,Low,FemaleLow,483.7
2015,אירלנד,Science,Female,Low,FemaleLow,466.6
2018,אירלנד,Science,Female,Low,FemaleLow,466.6
2022,אירלנד,Science,Female,Low,FemaleLow,466.2
2006,אירלנד,Science,Female,Medium,FemaleMedium,519.8
2009,אירלנד,Science,Female,Medium,FemaleMedium,524.5
2012,אירלנד,Science,Female,Medium,FemaleMedium,526.3
2015,אירלנד,Science,Female,Medium,FemaleMedium,497.2
2018,אירלנד,Science,Female,Medium,FemaleMedium,498.8
2022,אירלנד,Science,Female,Medium,FemaleMedium,493.6
2006,אירלנד,Science,0,0,General,508.3
2009,אירלנד,Science,0,0,General,508
2012,אירלנד,Science,0,0,General,522
2015,אירלנד,Science,0,0,General,502.6
2018,אירלנד,Science,0,0,General,496.1
2022,אירלנד,Science,0,0,General,503.8
2025,אירלנד,Science,0,0,General,499.6
2006,אירלנד,Science,0,High,GeneralHigh,548.2
2009,אירלנד,Science,0,High,GeneralHigh,550.6
2012,אירלנד,Science,0,High,GeneralHigh,565.3
2015,אירלנד,Science,0,High,GeneralHigh,539.5
2018,אירלנד,Science,0,High,GeneralHigh,531.3
2022,אירלנד,Science,0,High,GeneralHigh,537.3
2025,אירלנד,Science,0,High,GeneralHigh,531.3
2006,אירלנד,Science,0,Low,GeneralLow,478.7
2009,אירלנד,Science,0,Low,GeneralLow,476.2
2012,אירלנד,Science,0,Low,GeneralLow,485.9
2015,אירלנד,Science,0,Low,GeneralLow,469.7
2018,אירלנד,Science,0,Low,GeneralLow,467.2
2022,אירלנד,Science,0,Low,GeneralLow,468.3
2025,אירלנד,Science,0,Low,GeneralLow,465.7
2006,אירלנד,Science,0,Medium,GeneralMedium,517.6
2009,אירלנד,Science,0,Medium,GeneralMedium,521.1
2012,אירלנד,Science,0,Medium,GeneralMedium,526
2015,אירלנד,Science,0,Medium,GeneralMedium,504.1
2018,אירלנד,Science,0,Medium,GeneralMedium,498.7
2022,אירלנד,Science,0,Medium,GeneralMedium,495.1
2025,אירלנד,Science,0,Medium,GeneralMedium,496.1
2006,אירלנד,Science,Male,0,Male,508.1
2009,אירלנד,Science,Male,0,Male,506.6
2012,אירלנד,Science,Male,0,Male,523.9
2015,אירלנד,Science,Male,0,Male,507.7
2018,אירלנד,Science,Male,0,Male,495.4
2022,אירלנד,Science,Male,0,Male,506.6
2006,אירלנד,Science,Male,High,MaleHigh,551.7
2009,אירלנד,Science,Male,High,MaleHigh,548.6
2012,אירלנד,Science,Male,High,MaleHigh,570.1
2015,אירלנד,Science,Male,High,MaleHigh,545.6
2018,אירלנד,Science,Male,High,MaleHigh,531.6
2022,אירלנד,Science,Male,High,MaleHigh,542.3
2006,אירלנד,Science,Male,Low,MaleLow,478.6
2009,אירלנד,Science,Male,Low,MaleLow,475.1
2012,אירלנד,Science,Male,Low,MaleLow,488
2015,אירלנד,Science,Male,Low,MaleLow,472.8
2018,אירלנד,Science,Male,Low,MaleLow,467.7
2022,אירלנד,Science,Male,Low,MaleLow,470.3
2006,אירלנד,Science,Male,Medium,MaleMedium,515.2
2009,אירלנד,Science,Male,Medium,MaleMedium,517.7
2012,אירלנד,Science,Male,Medium,MaleMedium,525.6
2015,אירלנד,Science,Male,Medium,MaleMedium,510.8
2018,אירלנד,Science,Male,Medium,MaleMedium,498.6
2022,אירלנד,Science,Male,Medium,MaleMedium,496.5
2009,אלבניה,Math,Female,0,Female,382.9
2012,אלבניה,Math,Female,0,Female,394.7
2015,אלבניה,Math,Female,0,Female,417.8
2018,אלבניה,Math,Female,0,Female,439.7
2022,אלבניה,Math,Female,0,Female,378.1
2025,אלבניה,Math,Female,0,Female,430.7
2009,אלבניה,Math,Female,High,FemaleHigh,453.2
2018,אלבניה,Math,Female,High,FemaleHigh,488.6
2022,אלבניה,Math,Female,High,FemaleHigh,429.5
2025,אלבניה,Math,Female,High,FemaleHigh,474.7
2009,אלבניה,Math,Female,Low,FemaleLow,371.2
2018,אלבניה,Math,Female,Low,FemaleLow,432
2022,אלבניה,Math,Female,Low,FemaleLow,366.7
2025,אלבניה,Math,Female,Low,FemaleLow,418.2
2009,אלבניה,Math,Female,Medium,FemaleMedium,408.2
2018,אלבניה,Math,Female,Medium,FemaleMedium,455.8
2022,אלבניה,Math,Female,Medium,FemaleMedium,392.7
2025,אלבניה,Math,Female,Medium,FemaleMedium,448.5
2009,אלבניה,Math,0,0,General,377.5
2012,אלבניה,Math,0,0,General,394.3
2015,אלבניה,Math,0,0,General,413.2
2018,אלבניה,Math,0,0,General,437.2
2022,אלבניה,Math,0,0,General,368.2
2025,אלבניה,Math,0,0,General,432.8
2009,אלבניה,Math,0,High,GeneralHigh,450.2
2018,אלבניה,Math,0,High,GeneralHigh,482.3
2022,אלבניה,Math,0,High,GeneralHigh,419.7
2025,אלבניה,Math,0,High,GeneralHigh,475.9
2009,אלבניה,Math,0,Low,GeneralLow,367
2018,אלבניה,Math,0,Low,GeneralLow,430.8
2022,אלבניה,Math,0,Low,GeneralLow,356.7
2025,אלבניה,Math,0,Low,GeneralLow,422.8
2009,אלבניה,Math,0,Medium,GeneralMedium,399.3
2018,אלבניה,Math,0,Medium,GeneralMedium,450.9
2022,אלבניה,Math,0,Medium,GeneralMedium,382.1
2025,אלבניה,Math,0,Medium,GeneralMedium,452.5
2009,אלבניה,Math,Male,0,Male,372.3
2012,אלבניה,Math,Male,0,Male,394
2015,אלבניה,Math,Male,0,Male,408.5
2018,אלבניה,Math,Male,0,Male,434.8
2022,אלבניה,Math,Male,0,Male,359.1
2025,אלבניה,Math,Male,0,Male,435.1
2009,אלבניה,Math,Male,High,MaleHigh,447.1
2018,אלבניה,Math,Male,High,MaleHigh,475.2
2022,אלבניה,Math,Male,High,MaleHigh,411.2
2025,אלבניה,Math,Male,High,MaleHigh,477.3
2009,אלבניה,Math,Male,Low,MaleLow,362.9
2018,אלבניה,Math,Male,Low,MaleLow,429.6
2022,אלבניה,Math,Male,Low,MaleLow,346.8
2025,אלבניה,Math,Male,Low,MaleLow,428.2
2009,אלבניה,Math,Male,Medium,MaleMedium,391.1
2018,אלבניה,Math,Male,Medium,MaleMedium,446.6
2022,אלבניה,Math,Male,Medium,MaleMedium,373.2
2025,אלבניה,Math,Male,Medium,MaleMedium,456.9
2009,אלבניה,Reading,Female,0,Female,416.7
2012,אלבניה,Reading,Female,0,Female,401.5
2015,אלבניה,Reading,Female,0,Female,434.6
2018,אלבניה,Reading,Female,0,Female,424.6
2022,אלבניה,Reading,Female,0,Female,379.2
2025,אלבניה,Reading,Female,0,Female,423.2
2009,אלבניה,Reading,Female,High,FemaleHigh,498.2
2018,אלבניה,Reading,Female,High,FemaleHigh,481.2
2022,אלבניה,Reading,Female,High,FemaleHigh,421.5
2025,אלבניה,Reading,Female,High,FemaleHigh,467.5
2009,אלבניה,Reading,Female,Low,FemaleLow,401.8
2018,אלבניה,Reading,Female,Low,FemaleLow,413.7
2022,אלבניה,Reading,Female,Low,FemaleLow,370.9
2025,אלבניה,Reading,Female,Low,FemaleLow,411.5
2009,אלבניה,Reading,Female,Medium,FemaleMedium,451.5
2018,אלבניה,Reading,Female,Medium,FemaleMedium,451
2022,אלבניה,Reading,Female,Medium,FemaleMedium,390.9
2025,אלבניה,Reading,Female,Medium,FemaleMedium,439.7
2009,אלבניה,Reading,0,0,General,384.8
2012,אלבניה,Reading,0,0,General,394
2015,אלבניה,Reading,0,0,General,405.3
2018,אלבניה,Reading,0,0,General,405.4
2022,אלבניה,Reading,0,0,General,358.4
2025,אלבניה,Reading,0,0,General,407.6
2009,אלבניה,Reading,0,High,GeneralHigh,470
2018,אלבניה,Reading,0,High,GeneralHigh,463.6
2022,אלבניה,Reading,0,High,GeneralHigh,398.8
2025,אלבניה,Reading,0,High,GeneralHigh,451.1
2009,אלבניה,Reading,0,Low,GeneralLow,371.8
2018,אלבניה,Reading,0,Low,GeneralLow,395.1
2022,אלבניה,Reading,0,Low,GeneralLow,350.1
2025,אלבניה,Reading,0,Low,GeneralLow,398.9
2009,אלבניה,Reading,0,Medium,GeneralMedium,414.7
2018,אלבניה,Reading,0,Medium,GeneralMedium,429.2
2022,אלבניה,Reading,0,Medium,GeneralMedium,370
2025,אלבניה,Reading,0,Medium,GeneralMedium,427
2009,אלבניה,Reading,Male,0,Male,354.5
2012,אלבניה,Reading,Male,0,Male,386.9
2015,אלבניה,Reading,Male,0,Male,375.8
2018,אלבניה,Reading,Male,0,Male,387
2022,אלבניה,Reading,Male,0,Male,339.2
2025,אלבניה,Reading,Male,0,Male,391
2009,אלבניה,Reading,Male,High,MaleHigh,440.7
2018,אלבניה,Reading,Male,High,MaleHigh,443.6
2022,אלבניה,Reading,Male,High,MaleHigh,379.1
2025,אלבניה,Reading,Male,High,MaleHigh,432.2
2009,אלבניה,Reading,Male,Low,MaleLow,343.1
2018,אלבניה,Reading,Male,Low,MaleLow,376.9
2022,אלבניה,Reading,Male,Low,MaleLow,329.3
2025,אלבניה,Reading,Male,Low,MaleLow,384.4
2009,אלבניה,Reading,Male,Medium,MaleMedium,380.5
2018,אלבניה,Reading,Male,Medium,MaleMedium,410.2
2022,אלבניה,Reading,Male,Medium,MaleMedium,352.6
2025,אלבניה,Reading,Male,Medium,MaleMedium,413
2009,אלבניה,Science,Female,0,Female,405.6
2012,אלבניה,Science,Female,0,Female,401.1
2015,אלבניה,Science,Female,0,Female,439.4
2018,אלבניה,Science,Female,0,Female,425.1
2022,אלבניה,Science,Female,0,Female,390.8
2025,אלבניה,Science,Female,0,Female,442.7
2009,אלבניה,Science,Female,High,FemaleHigh,477.5
2018,אלבניה,Science,Female,High,FemaleHigh,472.8
2022,אלבניה,Science,Female,High,FemaleHigh,438.4
2025,אלבניה,Science,Female,High,FemaleHigh,492.8
2009,אלבניה,Science,Female,Low,FemaleLow,392.5
2018,אלבניה,Science,Female,Low,FemaleLow,416.2
2022,אלבניה,Science,Female,Low,FemaleLow,379.7
2025,אלבניה,Science,Female,Low,FemaleLow,429
2009,אלבניה,Science,Female,Medium,FemaleMedium,436.7
2018,אלבניה,Science,Female,Medium,FemaleMedium,446.4
2022,אלבניה,Science,Female,Medium,FemaleMedium,406.6
2025,אלבניה,Science,Female,Medium,FemaleMedium,461.5
2009,אלבניה,Science,0,0,General,390.7
2012,אלבניה,Science,0,0,General,397.4
2015,אלבניה,Science,0,0,General,427.2
2018,אלבניה,Science,0,0,General,416.7
2022,אלבניה,Science,0,0,General,376
2025,אלבניה,Science,0,0,General,434.6
2009,אלבניה,Science,0,High,GeneralHigh,463
2018,אלבניה,Science,0,High,GeneralHigh,465.4
2022,אלבניה,Science,0,High,GeneralHigh,421.1
2025,אלבניה,Science,0,High,GeneralHigh,484
2009,אלבניה,Science,0,Low,GeneralLow,379.9
2018,אלבניה,Science,0,Low,GeneralLow,408.2
2022,אלבניה,Science,0,Low,GeneralLow,365.5
2025,אלבניה,Science,0,Low,GeneralLow,423.6
2009,אלבניה,Science,0,Medium,GeneralMedium,415.6
2018,אלבניה,Science,0,Medium,GeneralMedium,436.9
2022,אלבניה,Science,0,Medium,GeneralMedium,389.7
2025,אלבניה,Science,0,Medium,GeneralMedium,456.4
2009,אלבניה,Science,Male,0,Male,376.5
2012,אלבניה,Science,Male,0,Male,393.9
2015,אלבניה,Science,Male,0,Male,415
2018,אלבניה,Science,Male,0,Male,408.7
2022,אלבניה,Science,Male,0,Male,362.3
2025,אלבניה,Science,Male,0,Male,426
2009,אלבניה,Science,Male,High,MaleHigh,447.9
2018,אלבניה,Science,Male,High,MaleHigh,457.1
2022,אלבניה,Science,Male,High,MaleHigh,406.1
2025,אלבניה,Science,Male,High,MaleHigh,473.9
2009,אלבניה,Science,Male,Low,MaleLow,367.9
2018,אלבניה,Science,Male,Low,MaleLow,400.4
2022,אלבניה,Science,Male,Low,MaleLow,351.4
2025,אלבניה,Science,Male,Low,MaleLow,417.3
2009,אלבניה,Science,Male,Medium,MaleMedium,396.1
2018,אלבניה,Science,Male,Medium,MaleMedium,428.7
2022,אלבניה,Science,Male,Medium,MaleMedium,375.6
2025,אלבניה,Science,Male,Medium,MaleMedium,450.9
2015,אלג'יריה,Math,Female,0,Female,363.1
2015,אלג'יריה,Math,Female,High,FemaleHigh,410
2015,אלג'יריה,Math,Female,Low,FemaleLow,359.2
2015,אלג'יריה,Math,Female,Medium,FemaleMedium,384.3
2015,אלג'יריה,Math,0,0,General,359.6
2015,אלג'יריה,Math,0,High,GeneralHigh,394.7
2015,אלג'יריה,Math,0,Low,GeneralLow,356.1
2015,אלג'יריה,Math,0,Medium,GeneralMedium,380.2
2015,אלג'יריה,Math,Male,0,Male,356.5
2015,אלג'יריה,Math,Male,High,MaleHigh,378
2015,אלג'יריה,Math,Male,Low,MaleLow,353.5
2015,אלג'יריה,Math,Male,Medium,MaleMedium,376.4
2015,אלג'יריה,Reading,Female,0,Female,366.2
2015,אלג'יריה,Reading,Female,High,FemaleHigh,386.3
2015,אלג'יריה,Reading,Female,Low,FemaleLow,363.2
2015,אלג'יריה,Reading,Female,Medium,FemaleMedium,383.5
2015,אלג'יריה,Reading,0,0,General,349.9
2015,אלג'יריה,Reading,0,High,GeneralHigh,368.8
2015,אלג'יריה,Reading,0,Low,GeneralLow,347.4
2015,אלג'יריה,Reading,0,Medium,GeneralMedium,365.6
2015,אלג'יריה,Reading,Male,0,Male,335.2
2015,אלג'יריה,Reading,Male,High,MaleHigh,349.7
2015,אלג'יריה,Reading,Male,Low,MaleLow,333.3
2015,אלג'יריה,Reading,Male,Medium,MaleMedium,349.2
2015,אלג'יריה,Science,Female,0,Female,383.2
2015,אלג'יריה,Science,Female,High,FemaleHigh,424
2015,אלג'יריה,Science,Female,Low,FemaleLow,379.1
2015,אלג'יריה,Science,Female,Medium,FemaleMedium,405.1
2015,אלג'יריה,Science,0,0,General,375.7
2015,אלג'יריה,Science,0,High,GeneralHigh,412.1
2015,אלג'יריה,Science,0,Low,GeneralLow,372.4
2015,אלג'יריה,Science,0,Medium,GeneralMedium,395.3
2015,אלג'יריה,Science,Male,0,Male,369
2015,אלג'יריה,Science,Male,High,MaleHigh,399
2015,אלג'יריה,Science,Male,Low,MaleLow,366.4
2015,אלג'יריה,Science,Male,Medium,MaleMedium,386.3
2006,אסטוניה,Math,Female,0,Female,513.8
2009,אסטוניה,Math,Female,0,Female,507.5
2012,אסטוניה,Math,Female,0,Female,517.9
2015,אסטוניה,Math,Female,0,Female,516.9
2018,אסטוניה,Math,Female,0,Female,519.2
2022,אסטוניה,Math,Female,0,Female,506.7
2025,אסטוניה,Math,Female,0,Female,501.6
2006,אסטוניה,Math,Female,High,FemaleHigh,549.5
2009,אסטוניה,Math,Female,High,FemaleHigh,539.5
2012,אסטוניה,Math,Female,High,FemaleHigh,556.1
2015,אסטוניה,Math,Female,High,FemaleHigh,558.7
2018,אסטוניה,Math,Female,High,FemaleHigh,552
2022,אסטוניה,Math,Female,High,FemaleHigh,544.4
2025,אסטוניה,Math,Female,High,FemaleHigh,538.2
2006,אסטוניה,Math,Female,Low,FemaleLow,488.9
2009,אסטוניה,Math,Female,Low,FemaleLow,484.2
2012,אסטוניה,Math,Female,Low,FemaleLow,494.5
2015,אסטוניה,Math,Female,Low,FemaleLow,490.5
2018,אסטוניה,Math,Female,Low,FemaleLow,492.9
2022,אסטוניה,Math,Female,Low,FemaleLow,472
2025,אסטוניה,Math,Female,Low,FemaleLow,467.5
2006,אסטוניה,Math,Female,Medium,FemaleMedium,516.3
2009,אסטוניה,Math,Female,Medium,FemaleMedium,508.1
2012,אסטוניה,Math,Female,Medium,FemaleMedium,515.8
2015,אסטוניה,Math,Female,Medium,FemaleMedium,521.3
2018,אסטוניה,Math,Female,Medium,FemaleMedium,525.1
2022,אסטוניה,Math,Female,Medium,FemaleMedium,506.8
2025,אסטוניה,Math,Female,Medium,FemaleMedium,504.4
2006,אסטוניה,Math,0,0,General,514.6
2009,אסטוניה,Math,0,0,General,512.1
2012,אסטוניה,Math,0,0,General,520.5
2015,אסטוניה,Math,0,0,General,519.5
2018,אסטוניה,Math,0,0,General,523.4
2022,אסטוניה,Math,0,0,General,509.9
2025,אסטוניה,Math,0,0,General,507.9
2006,אסטוניה,Math,0,High,GeneralHigh,551.4
2009,אסטוניה,Math,0,High,GeneralHigh,544.4
2012,אסטוניה,Math,0,High,GeneralHigh,556.6
2015,אסטוניה,Math,0,High,GeneralHigh,557.7
2018,אסטוניה,Math,0,High,GeneralHigh,556.3
2022,אסטוניה,Math,0,High,GeneralHigh,550.5
2025,אסטוניה,Math,0,High,GeneralHigh,544.3
2006,אסטוניה,Math,0,Low,GeneralLow,487.4
2009,אסטוניה,Math,0,Low,GeneralLow,489.1
2012,אסטוניה,Math,0,Low,GeneralLow,498.5
2015,אסטוניה,Math,0,Low,GeneralLow,494.7
2018,אסטוניה,Math,0,Low,GeneralLow,498.1
2022,אסטוניה,Math,0,Low,GeneralLow,475.8
2025,אסטוניה,Math,0,Low,GeneralLow,472.2
2006,אסטוניה,Math,0,Medium,GeneralMedium,513.7
2009,אסטוניה,Math,0,Medium,GeneralMedium,510.6
2012,אסטוניה,Math,0,Medium,GeneralMedium,517.6
2015,אסטוניה,Math,0,Medium,GeneralMedium,523.4
2018,אסטוניה,Math,0,Medium,GeneralMedium,527.6
2022,אסטוניה,Math,0,Medium,GeneralMedium,509.4
2025,אסטוניה,Math,0,Medium,GeneralMedium,515.3
2006,אסטוניה,Math,Male,0,Male,515.3
2009,אסטוניה,Math,Male,0,Male,516.4
2012,אסטוניה,Math,Male,0,Male,523.2
2015,אסטוניה,Math,Male,0,Male,522.1
2018,אסטוניה,Math,Male,0,Male,527.6
2022,אסטוניה,Math,Male,0,Male,513
2025,אסטוניה,Math,Male,0,Male,514.2
2006,אסטוניה,Math,Male,High,MaleHigh,553
2009,אסטוניה,Math,Male,High,MaleHigh,548.5
2012,אסטוניה,Math,Male,High,MaleHigh,557.1
2015,אסטוניה,Math,Male,High,MaleHigh,556.7
2018,אסטוניה,Math,Male,High,MaleHigh,560.5
2022,אסטוניה,Math,Male,High,MaleHigh,556.7
2025,אסטוניה,Math,Male,High,MaleHigh,550.8
2006,אסטוניה,Math,Male,Low,MaleLow,485.7
2009,אסטוניה,Math,Male,Low,MaleLow,493.9
2012,אסטוניה,Math,Male,Low,MaleLow,502.7
2015,אסטוניה,Math,Male,Low,MaleLow,499.1
2018,אסטוניה,Math,Male,Low,MaleLow,503.4
2022,אסטוניה,Math,Male,Low,MaleLow,479.3
2025,אסטוניה,Math,Male,Low,MaleLow,476.8
2006,אסטוניה,Math,Male,Medium,MaleMedium,511.2
2009,אסטוניה,Math,Male,Medium,MaleMedium,513
2012,אסטוניה,Math,Male,Medium,MaleMedium,519.5
2015,אסטוניה,Math,Male,Medium,MaleMedium,525.4
2018,אסטוניה,Math,Male,Medium,MaleMedium,530.1
2022,אסטוניה,Math,Male,Medium,MaleMedium,511.8
2025,אסטוניה,Math,Male,Medium,MaleMedium,526
2006,אסטוניה,Reading,Female,0,Female,524.2
2009,אסטוניה,Reading,Female,0,Female,523.8
2012,אסטוניה,Reading,Female,0,Female,537.8
2015,אסטוניה,Reading,Female,0,Female,533.4
2018,אסטוניה,Reading,Female,0,Female,538.4
2022,אסטוניה,Reading,Female,0,Female,524.8
2025,אסטוניה,Reading,Female,0,Female,511.6
2006,אסטוניה,Reading,Female,High,FemaleHigh,557.5
2009,אסטוניה,Reading,Female,High,FemaleHigh,555.3
2012,אסטוניה,Reading,Female,High,FemaleHigh,574
2015,אסטוניה,Reading,Female,High,FemaleHigh,575
2018,אסטוניה,Reading,Female,High,FemaleHigh,575.8
2022,אסטוניה,Reading,Female,High,FemaleHigh,560.1
2025,אסטוניה,Reading,Female,High,FemaleHigh,546.3
2006,אסטוניה,Reading,Female,Low,FemaleLow,501.1
2009,אסטוניה,Reading,Female,Low,FemaleLow,499.6
2012,אסטוניה,Reading,Female,Low,FemaleLow,515.7
2015,אסטוניה,Reading,Female,Low,FemaleLow,507.8
2018,אסטוניה,Reading,Female,Low,FemaleLow,511.6
2022,אסטוניה,Reading,Female,Low,FemaleLow,491.1
2025,אסטוניה,Reading,Female,Low,FemaleLow,481.3
2006,אסטוניה,Reading,Female,Medium,FemaleMedium,526.2
2009,אסטוניה,Reading,Female,Medium,FemaleMedium,525.7
2012,אסטוניה,Reading,Female,Medium,FemaleMedium,535.9
2015,אסטוניה,Reading,Female,Medium,FemaleMedium,537.4
2018,אסטוניה,Reading,Female,Medium,FemaleMedium,542.1
2022,אסטוניה,Reading,Female,Medium,FemaleMedium,527.4
2025,אסטוניה,Reading,Female,Medium,FemaleMedium,513.7
2006,אסטוניה,Reading,0,0,General,500.7
2009,אסטוניה,Reading,0,0,General,501
2012,אסטוניה,Reading,0,0,General,516.3
2015,אסטוניה,Reading,0,0,General,519.1
2018,אסטוניה,Reading,0,0,General,523
2022,אסטוניה,Reading,0,0,General,511
2025,אסטוניה,Reading,0,0,General,499.2
2006,אסטוניה,Reading,0,High,GeneralHigh,531.5
2009,אסטוניה,Reading,0,High,GeneralHigh,533
2012,אסטוניה,Reading,0,High,GeneralHigh,550
2015,אסטוניה,Reading,0,High,GeneralHigh,555.3
2018,אסטוניה,Reading,0,High,GeneralHigh,557
2022,אסטוניה,Reading,0,High,GeneralHigh,547.8
2025,אסטוניה,Reading,0,High,GeneralHigh,533.2
2006,אסטוניה,Reading,0,Low,GeneralLow,478.5
2009,אסטוניה,Reading,0,Low,GeneralLow,477.6
2012,אסטוניה,Reading,0,Low,GeneralLow,496.6
2015,אסטוניה,Reading,0,Low,GeneralLow,495.8
2018,אסטוניה,Reading,0,Low,GeneralLow,498.9
2022,אסטוניה,Reading,0,Low,GeneralLow,479.7
2025,אסטוניה,Reading,0,Low,GeneralLow,467.5
2006,אסטוניה,Reading,0,Medium,GeneralMedium,499.5
2009,אסטוניה,Reading,0,Medium,GeneralMedium,500.7
2012,אסטוניה,Reading,0,Medium,GeneralMedium,512.9
2015,אסטוניה,Reading,0,Medium,GeneralMedium,522.8
2018,אסטוניה,Reading,0,Medium,GeneralMedium,525.7
2022,אסטוניה,Reading,0,Medium,GeneralMedium,512.3
2025,אסטוניה,Reading,0,Medium,GeneralMedium,506.2
2006,אסטוניה,Reading,Male,0,Male,478.4
2009,אסטוניה,Reading,Male,0,Male,479.6
2012,אסטוניה,Reading,Male,0,Male,494.3
2015,אסטוניה,Reading,Male,0,Male,505.5
2018,אסטוניה,Reading,Male,0,Male,507.7
2022,אסטוניה,Reading,Male,0,Male,498.1
2025,אסטוניה,Reading,Male,0,Male,486.9
2006,אסטוניה,Reading,Male,High,MaleHigh,510.8
2009,אסטוניה,Reading,Male,High,MaleHigh,514.4
2012,אסטוניה,Reading,Male,High,MaleHigh,527.3
2015,אסטוניה,Reading,Male,High,MaleHigh,537.9
2018,אסטוניה,Reading,Male,High,MaleHigh,538.9
2022,אסטוניה,Reading,Male,High,MaleHigh,535.3
2025,אסטוניה,Reading,Male,High,MaleHigh,519.2
2006,אסטוניה,Reading,Male,Low,MaleLow,453
2009,אסטוניה,Reading,Male,Low,MaleLow,456.1
2012,אסטוניה,Reading,Male,Low,MaleLow,476.5
2015,אסטוניה,Reading,Male,Low,MaleLow,483.2
2018,אסטוניה,Reading,Male,Low,MaleLow,485.9
2022,אסטוניה,Reading,Male,Low,MaleLow,469.1
2025,אסטוניה,Reading,Male,Low,MaleLow,454
2006,אסטוניה,Reading,Male,Medium,MaleMedium,474.9
2009,אסטוניה,Reading,Male,Medium,MaleMedium,476
2012,אסטוניה,Reading,Male,Medium,MaleMedium,488.5
2015,אסטוניה,Reading,Male,Medium,MaleMedium,508.9
2018,אסטוניה,Reading,Male,Medium,MaleMedium,508.9
2022,אסטוניה,Reading,Male,Medium,MaleMedium,498.4
2025,אסטוניה,Reading,Male,Medium,MaleMedium,498.8
2006,אסטוניה,Science,Female,0,Female,533.3
2009,אסטוניה,Science,Female,0,Female,528.3
2012,אסטוניה,Science,Female,0,Female,542.6
2015,אסטוניה,Science,Female,0,Female,532.5
2018,אסטוניה,Science,Female,0,Female,532.6
2022,אסטוניה,Science,Female,0,Female,527.7
2025,אסטוניה,Science,Female,0,Female,527.6
2006,אסטוניה,Science,Female,High,FemaleHigh,568.5
2009,אסטוניה,Science,Female,High,FemaleHigh,560
2012,אסטוניה,Science,Female,High,FemaleHigh,578.4
2015,אסטוניה,Science,Female,High,FemaleHigh,576.8
2018,אסטוניה,Science,Female,High,FemaleHigh,570.7
2022,אסטוניה,Science,Female,High,FemaleHigh,564.5
2025,אסטוניה,Science,Female,High,FemaleHigh,562
2006,אסטוניה,Science,Female,Low,FemaleLow,510.5
2009,אסטוניה,Science,Female,Low,FemaleLow,503
2012,אסטוניה,Science,Female,Low,FemaleLow,520.5
2015,אסטוניה,Science,Female,Low,FemaleLow,506.7
2018,אסטוניה,Science,Female,Low,FemaleLow,505.3
2022,אסטוניה,Science,Female,Low,FemaleLow,494.7
2025,אסטוניה,Science,Female,Low,FemaleLow,496.8
2006,אסטוניה,Science,Female,Medium,FemaleMedium,533.6
2009,אסטוניה,Science,Female,Medium,FemaleMedium,530.9
2012,אסטוניה,Science,Female,Medium,FemaleMedium,541.5
2015,אסטוניה,Science,Female,Medium,FemaleMedium,534.9
2018,אסטוניה,Science,Female,Medium,FemaleMedium,535.2
2022,אסטוניה,Science,Female,Medium,FemaleMedium,527.1
2025,אסטוניה,Science,Female,Medium,FemaleMedium,530.1
2006,אסטוניה,Science,0,0,General,531.4
2009,אסטוניה,Science,0,0,General,527.8
2012,אסטוניה,Science,0,0,General,541.4
2015,אסטוניה,Science,0,0,General,534.2
2018,אסטוניה,Science,0,0,General,530.1
2022,אסטוניה,Science,0,0,General,525.8
2025,אסטוניה,Science,0,0,General,527.1
2006,אסטוניה,Science,0,High,GeneralHigh,566.9
2009,אסטוניה,Science,0,High,GeneralHigh,559
2012,אסטוניה,Science,0,High,GeneralHigh,575.8
2015,אסטוניה,Science,0,High,GeneralHigh,573.2
2018,אסטוניה,Science,0,High,GeneralHigh,564.8
2022,אסטוניה,Science,0,High,GeneralHigh,564.3
2025,אסטוניה,Science,0,High,GeneralHigh,560.3
2006,אסטוניה,Science,0,Low,GeneralLow,507.7
2009,אסטוניה,Science,0,Low,GeneralLow,504.5
2012,אסטוניה,Science,0,Low,GeneralLow,521.2
2015,אסטוניה,Science,0,Low,GeneralLow,509.9
2018,אסטוניה,Science,0,Low,GeneralLow,505.4
2022,אסטוניה,Science,0,Low,GeneralLow,493.8
2025,אסטוניה,Science,0,Low,GeneralLow,494.7
2006,אסטוניה,Science,0,Medium,GeneralMedium,527.8
2009,אסטוניה,Science,0,Medium,GeneralMedium,528.1
2012,אסטוניה,Science,0,Medium,GeneralMedium,538.2
2015,אסטוניה,Science,0,Medium,GeneralMedium,537
2018,אסטוניה,Science,0,Medium,GeneralMedium,531.5
2022,אסטוניה,Science,0,Medium,GeneralMedium,525
2025,אסטוניה,Science,0,Medium,GeneralMedium,534.8
2006,אסטוניה,Science,Male,0,Male,529.6
2009,אסטוניה,Science,Male,0,Male,527.4
2012,אסטוניה,Science,Male,0,Male,540.2
2015,אסטוניה,Science,Male,0,Male,535.8
2018,אסטוניה,Science,Male,0,Male,527.6
2022,אסטוניה,Science,Male,0,Male,524.1
2025,אסטוניה,Science,Male,0,Male,526.6
2006,אסטוניה,Science,Male,High,MaleHigh,565.7
2009,אסטוניה,Science,Male,High,MaleHigh,558.1
2012,אסטוניה,Science,Male,High,MaleHigh,573.3
2015,אסטוניה,Science,Male,High,MaleHigh,570
2018,אסטוניה,Science,Male,High,MaleHigh,559.1
2022,אסטוניה,Science,Male,High,MaleHigh,564.2
2025,אסטוניה,Science,Male,High,MaleHigh,558.5
2006,אסטוניה,Science,Male,Low,MaleLow,504.6
2009,אסטוניה,Science,Male,Low,MaleLow,505.9
2012,אסטוניה,Science,Male,Low,MaleLow,522.1
2015,אסטוניה,Science,Male,Low,MaleLow,513.2
2018,אסטוניה,Science,Male,Low,MaleLow,505.6
2022,אסטוניה,Science,Male,Low,MaleLow,493
2025,אסטוניה,Science,Male,Low,MaleLow,492.7
2006,אסטוניה,Science,Male,Medium,MaleMedium,522.5
2009,אסטוניה,Science,Male,Medium,MaleMedium,525.2
2012,אסטוניה,Science,Male,Medium,MaleMedium,534.8
2015,אסטוניה,Science,Male,Medium,MaleMedium,539
2018,אסטוניה,Science,Male,Medium,MaleMedium,527.8
2022,אסטוניה,Science,Male,Medium,MaleMedium,523.1
2025,אסטוניה,Science,Male,Medium,MaleMedium,539.5
2006,ארגנטינה,Math,Female,0,Female,375.2
2009,ארגנטינה,Math,Female,0,Female,383.2
2012,ארגנטינה,Math,Female,0,Female,381.7
2018,ארגנטינה,Math,Female,0,Female,371.8
2022,ארגנטינה,Math,Female,0,Female,372
2006,ארגנטינה,Math,Female,High,FemaleHigh,446.4
2009,ארגנטינה,Math,Female,High,FemaleHigh,465.1
2012,ארגנטינה,Math,Female,High,FemaleHigh,440.3
2018,ארגנטינה,Math,Female,High,FemaleHigh,451.1
2022,ארגנטינה,Math,Female,High,FemaleHigh,434.7
2006,ארגנטינה,Math,Female,Low,FemaleLow,345.3
2009,ארגנטינה,Math,Female,Low,FemaleLow,357.5
2012,ארגנטינה,Math,Female,Low,FemaleLow,365.8
2018,ארגנטינה,Math,Female,Low,FemaleLow,353.2
2022,ארגנטינה,Math,Female,Low,FemaleLow,355.6
2006,ארגנטינה,Math,Female,Medium,FemaleMedium,416.2
2009,ארגנטינה,Math,Female,Medium,FemaleMedium,412.9
2012,ארגנטינה,Math,Female,Medium,FemaleMedium,409.7
2018,ארגנטינה,Math,Female,Medium,FemaleMedium,407
2022,ארגנטינה,Math,Female,Medium,FemaleMedium,394.5
2006,ארגנטינה,Math,0,0,General,381.3
2009,ארגנטינה,Math,0,0,General,388.1
2012,ארגנטינה,Math,0,0,General,388.4
2018,ארגנטינה,Math,0,0,General,379.5
2022,ארגנטינה,Math,0,0,General,377.5
2025,ארגנטינה,Math,0,0,General,366.8
2006,ארגנטינה,Math,0,High,GeneralHigh,449.8
2009,ארגנטינה,Math,0,High,GeneralHigh,471.5
2012,ארגנטינה,Math,0,High,GeneralHigh,445.7
2018,ארגנטינה,Math,0,High,GeneralHigh,457.3
2022,ארגנטינה,Math,0,High,GeneralHigh,436.7
2025,ארגנטינה,Math,0,High,GeneralHigh,437.5
2006,ארגנטינה,Math,0,Low,GeneralLow,352.7
2009,ארגנטינה,Math,0,Low,GeneralLow,361.9
2012,ארגנטינה,Math,0,Low,GeneralLow,372.6
2018,ארגנטינה,Math,0,Low,GeneralLow,361.1
2022,ארגנטינה,Math,0,Low,GeneralLow,361.5
2025,ארגנטינה,Math,0,Low,GeneralLow,353
2006,ארגנטינה,Math,0,Medium,GeneralMedium,416.7
2009,ארגנטינה,Math,0,Medium,GeneralMedium,412.7
2012,ארגנטינה,Math,0,Medium,GeneralMedium,413
2018,ארגנטינה,Math,0,Medium,GeneralMedium,412.9
2022,ארגנטינה,Math,0,Medium,GeneralMedium,400.9
2025,ארגנטינה,Math,0,Medium,GeneralMedium,393.4
2006,ארגנטינה,Math,Male,0,Male,388.1
2009,ארגנטינה,Math,Male,0,Male,393.7
2012,ארגנטינה,Math,Male,0,Male,395.6
2018,ארגנטינה,Math,Male,0,Male,387.3
2022,ארגנטינה,Math,Male,0,Male,383
2006,ארגנטינה,Math,Male,High,MaleHigh,453.1
2009,ארגנטינה,Math,Male,High,MaleHigh,477.7
2012,ארגנטינה,Math,Male,High,MaleHigh,451.4
2018,ארגנטינה,Math,Male,High,MaleHigh,463.3
2022,ארגנטינה,Math,Male,High,MaleHigh,438.8
2006,ארגנטינה,Math,Male,Low,MaleLow,361.2
2009,ארגנטינה,Math,Male,Low,MaleLow,367.3
2012,ארגנטינה,Math,Male,Low,MaleLow,380.4
2018,ארגנטינה,Math,Male,Low,MaleLow,369.5
2022,ארגנטינה,Math,Male,Low,MaleLow,367.7
2006,ארגנטינה,Math,Male,Medium,MaleMedium,417.2
2009,ארגנטינה,Math,Male,Medium,MaleMedium,412.6
2012,ארגנטינה,Math,Male,Medium,MaleMedium,415.8
2018,ארגנטינה,Math,Male,Medium,MaleMedium,418.6
2022,ארגנטינה,Math,Male,Medium,MaleMedium,407.1
2006,ארגנטינה,Reading,Female,0,Female,399.1
2009,ארגנטינה,Reading,Female,0,Female,415.2
2012,ארגנטינה,Reading,Female,0,Female,414.3
2018,ארגנטינה,Reading,Female,0,Female,409.4
2022,ארגנטינה,Reading,Female,0,Female,407.9
2006,ארגנטינה,Reading,Female,High,FemaleHigh,467.6
2009,ארגנטינה,Reading,Female,High,FemaleHigh,503.8
2012,ארגנטינה,Reading,Female,High,FemaleHigh,477.3
2018,ארגנטינה,Reading,Female,High,FemaleHigh,492.3
2022,ארגנטינה,Reading,Female,High,FemaleHigh,481.1
2006,ארגנטינה,Reading,Female,Low,FemaleLow,370.1
2009,ארגנטינה,Reading,Female,Low,FemaleLow,386
2012,ארגנטינה,Reading,Female,Low,FemaleLow,396.7
2018,ארגנטינה,Reading,Female,Low,FemaleLow,388.2
2022,ארגנטינה,Reading,Female,Low,FemaleLow,388.5
2006,ארגנטינה,Reading,Female,Medium,FemaleMedium,439.3
2009,ארגנטינה,Reading,Female,Medium,FemaleMedium,450.6
2012,ארגנטינה,Reading,Female,Medium,FemaleMedium,447.7
2018,ארגנטינה,Reading,Female,Medium,FemaleMedium,452
2022,ארגנטינה,Reading,Female,Medium,FemaleMedium,435.3
2006,ארגנטינה,Reading,0,0,General,373.7
2009,ארגנטינה,Reading,0,0,General,398.3
2012,ארגנטינה,Reading,0,0,General,396
2018,ארגנטינה,Reading,0,0,General,401.5
2022,ארגנטינה,Reading,0,0,General,400.7
2025,ארגנטינה,Reading,0,0,General,388.7
2006,ארגנטינה,Reading,0,High,GeneralHigh,446.1
2009,ארגנטינה,Reading,0,High,GeneralHigh,487.1
2012,ארגנטינה,Reading,0,High,GeneralHigh,458.9
2018,ארגנטינה,Reading,0,High,GeneralHigh,481.1
2022,ארגנטינה,Reading,0,High,GeneralHigh,466.9
2025,ארגנטינה,Reading,0,High,GeneralHigh,453.6
2006,ארגנטינה,Reading,0,Low,GeneralLow,344.6
2009,ארגנטינה,Reading,0,Low,GeneralLow,369.1
2012,ארגנטינה,Reading,0,Low,GeneralLow,379.4
2018,ארגנטינה,Reading,0,Low,GeneralLow,381.9
2022,ארגנטינה,Reading,0,Low,GeneralLow,382.5
2025,ארגנטינה,Reading,0,Low,GeneralLow,376
2006,ארגנטינה,Reading,0,Medium,GeneralMedium,408
2009,ארגנטינה,Reading,0,Medium,GeneralMedium,428.3
2012,ארגנטינה,Reading,0,Medium,GeneralMedium,422.4
2018,ארגנטינה,Reading,0,Medium,GeneralMedium,439.3
2022,ארגנטינה,Reading,0,Medium,GeneralMedium,427.8
2025,ארגנטינה,Reading,0,Medium,GeneralMedium,414.9
2006,ארגנטינה,Reading,Male,0,Male,345.2
2009,ארגנטינה,Reading,Male,0,Male,378.6
2012,ארגנטינה,Reading,Male,0,Male,376.6
2018,ארגנטינה,Reading,Male,0,Male,393.4
2022,ארגנטינה,Reading,Male,0,Male,393.6
2006,ארגנטינה,Reading,Male,High,MaleHigh,425.4
2009,ארגנטינה,Reading,Male,High,MaleHigh,470.8
2012,ארגנטינה,Reading,Male,High,MaleHigh,439.5
2018,ארגנטינה,Reading,Male,High,MaleHigh,470.3
2022,ארגנטינה,Reading,Male,High,MaleHigh,452.7
2006,ארגנטינה,Reading,Male,Low,MaleLow,315.4
2009,ארגנטינה,Reading,Male,Low,MaleLow,348.2
2012,ארגנטינה,Reading,Male,Low,MaleLow,359.9
2018,ארגנטינה,Reading,Male,Low,MaleLow,375
2022,ארגנטינה,Reading,Male,Low,MaleLow,376.2
2006,ארגנטינה,Reading,Male,Medium,MaleMedium,371.5
2009,ארגנטינה,Reading,Male,Medium,MaleMedium,403.8
2012,ארגנטינה,Reading,Male,Medium,MaleMedium,400.1
2018,ארגנטינה,Reading,Male,Medium,MaleMedium,427.1
2022,ארגנטינה,Reading,Male,Medium,MaleMedium,420.5
2006,ארגנטינה,Science,Female,0,Female,397.3
2009,ארגנטינה,Science,Female,0,Female,404.4
2012,ארגנטינה,Science,Female,0,Female,408.9
2018,ארגנטינה,Science,Female,0,Female,399.2
2022,ארגנטינה,Science,Female,0,Female,403.2
2006,ארגנטינה,Science,Female,High,FemaleHigh,465.5
2009,ארגנטינה,Science,Female,High,FemaleHigh,491.4
2012,ארגנטינה,Science,Female,High,FemaleHigh,471
2018,ארגנטינה,Science,Female,High,FemaleHigh,481.3
2022,ארגנטינה,Science,Female,High,FemaleHigh,469.7
2006,ארגנטינה,Science,Female,Low,FemaleLow,368.1
2009,ארגנטינה,Science,Female,Low,FemaleLow,376.4
2012,ארגנטינה,Science,Female,Low,FemaleLow,391.3
2018,ארגנטינה,Science,Female,Low,FemaleLow,378.9
2022,ארגנטינה,Science,Female,Low,FemaleLow,386.3
2006,ארגנטינה,Science,Female,Medium,FemaleMedium,438.2
2009,ארגנטינה,Science,Female,Medium,FemaleMedium,437.7
2012,ארגנטינה,Science,Female,Medium,FemaleMedium,442.9
2018,ארגנטינה,Science,Female,Medium,FemaleMedium,437.9
2022,ארגנטינה,Science,Female,Medium,FemaleMedium,425.9
2006,ארגנטינה,Science,0,0,General,391.2
2009,ארגנטינה,Science,0,0,General,400.8
2012,ארגנטינה,Science,0,0,General,405.6
2018,ארגנטינה,Science,0,0,General,404.1
2022,ארגנטינה,Science,0,0,General,406.2
2025,ארגנטינה,Science,0,0,General,392.9
2006,ארגנטינה,Science,0,High,GeneralHigh,457.4
2009,ארגנטינה,Science,0,High,GeneralHigh,488.7
2012,ארגנטינה,Science,0,High,GeneralHigh,469.3
2018,ארגנטינה,Science,0,High,GeneralHigh,482.3
2022,ארגנטינה,Science,0,High,GeneralHigh,468
2025,ארגנטינה,Science,0,High,GeneralHigh,464.5
2006,ארגנטינה,Science,0,Low,GeneralLow,362.9
2009,ארגנטינה,Science,0,Low,GeneralLow,372.7
2012,ארגנטינה,Science,0,Low,GeneralLow,388.2
2018,ארגנטינה,Science,0,Low,GeneralLow,384.5
2022,ארגנטינה,Science,0,Low,GeneralLow,390.1
2025,ארגנטינה,Science,0,Low,GeneralLow,380
2006,ארגנטינה,Science,0,Medium,GeneralMedium,427.6
2009,ארגנטינה,Science,0,Medium,GeneralMedium,428.9
2012,ארגנטינה,Science,0,Medium,GeneralMedium,433.9
2018,ארגנטינה,Science,0,Medium,GeneralMedium,440.6
2022,ארגנטינה,Science,0,Medium,GeneralMedium,429.9
2025,ארגנטינה,Science,0,Medium,GeneralMedium,422.6
2006,ארגנטינה,Science,Male,0,Male,384.5
2009,ארגנטינה,Science,Male,0,Male,396.7
2012,ארגנטינה,Science,Male,0,Male,402.2
2018,ארגנטינה,Science,Male,0,Male,409.1
2022,ארגנטינה,Science,Male,0,Male,409.2
2006,ארגנטינה,Science,Male,High,MaleHigh,449.5
2009,ארגנטינה,Science,Male,High,MaleHigh,486.1
2012,ארגנטינה,Science,Male,High,MaleHigh,467.5
2018,ארגנטינה,Science,Male,High,MaleHigh,483.2
2022,ארגנטינה,Science,Male,High,MaleHigh,466.3
2006,ארגנטינה,Science,Male,Low,MaleLow,357
2009,ארגנטינה,Science,Male,Low,MaleLow,368
2012,ארגנטינה,Science,Male,Low,MaleLow,384.8
2018,ארגנטינה,Science,Male,Low,MaleLow,390.4
2022,ארגנטינה,Science,Male,Low,MaleLow,394
2006,ארגנטינה,Science,Male,Medium,MaleMedium,415.3
2009,ארגנטינה,Science,Male,Medium,MaleMedium,419.3
2012,ארגנטינה,Science,Male,Medium,MaleMedium,426.1
2018,ארגנטינה,Science,Male,Medium,MaleMedium,443.2
2022,ארגנטינה,Science,Male,Medium,MaleMedium,433.8
2006,ארצות-הברית,Math,Female,0,Female,470.1
2012,ארצות-הברית,Math,Female,0,Female,479
2015,ארצות-הברית,Math,Female,0,Female,465.4
2018,ארצות-הברית,Math,Female,0,Female,473.8
2022,ארצות-הברית,Math,Female,0,Female,458.1
2025,ארצות-הברית,Math,Female,0,Female,451.3
2006,ארצות-הברית,Math,Female,High,FemaleHigh,518.9
2012,ארצות-הברית,Math,Female,High,FemaleHigh,524.6
2015,ארצות-הברית,Math,Female,High,FemaleHigh,511.4
2018,ארצות-הברית,Math,Female,High,FemaleHigh,522.3
2022,ארצות-הברית,Math,Female,High,FemaleHigh,504.7
2025,ארצות-הברית,Math,Female,High,FemaleHigh,492.9
2006,ארצות-הברית,Math,Female,Low,FemaleLow,426.4
2012,ארצות-הברית,Math,Female,Low,FemaleLow,441.5
2015,ארצות-הברית,Math,Female,Low,FemaleLow,430
2018,ארצות-הברית,Math,Female,Low,FemaleLow,436.1
2022,ארצות-הברית,Math,Female,Low,FemaleLow,422.2
2025,ארצות-הברית,Math,Female,Low,FemaleLow,414.4
2006,ארצות-הברית,Math,Female,Medium,FemaleMedium,471
2012,ארצות-הברית,Math,Female,Medium,FemaleMedium,474.4
2015,ארצות-הברית,Math,Female,Medium,FemaleMedium,462.4
2018,ארצות-הברית,Math,Female,Medium,FemaleMedium,471
2022,ארצות-הברית,Math,Female,Medium,FemaleMedium,458
2025,ארצות-הברית,Math,Female,Medium,FemaleMedium,436.7
2006,ארצות-הברית,Math,0,0,General,474.4
2012,ארצות-הברית,Math,0,0,General,481.4
2015,ארצות-הברית,Math,0,0,General,469.6
2018,ארצות-הברית,Math,0,0,General,478.2
2022,ארצות-הברית,Math,0,0,General,464.9
2025,ארצות-הברית,Math,0,0,General,462.8
2006,ארצות-הברית,Math,0,High,GeneralHigh,522
2012,ארצות-הברית,Math,0,High,GeneralHigh,525.9
2015,ארצות-הברית,Math,0,High,GeneralHigh,512.2
2018,ארצות-הברית,Math,0,High,GeneralHigh,525.8
2022,ארצות-הברית,Math,0,High,GeneralHigh,516.3
2025,ארצות-הברית,Math,0,High,GeneralHigh,505.1
2006,ארצות-הברית,Math,0,Low,GeneralLow,432.9
2012,ארצות-הברית,Math,0,Low,GeneralLow,444.1
2015,ארצות-הברית,Math,0,Low,GeneralLow,437.4
2018,ארצות-הברית,Math,0,Low,GeneralLow,438.9
2022,ארצות-הברית,Math,0,Low,GeneralLow,426.7
2025,ארצות-הברית,Math,0,Low,GeneralLow,426.7
2006,ארצות-הברית,Math,0,Medium,GeneralMedium,475.1
2012,ארצות-הברית,Math,0,Medium,GeneralMedium,477.9
2015,ארצות-הברית,Math,0,Medium,GeneralMedium,465.5
2018,ארצות-הברית,Math,0,Medium,GeneralMedium,475.4
2022,ארצות-הברית,Math,0,Medium,GeneralMedium,461.7
2025,ארצות-הברית,Math,0,Medium,GeneralMedium,454.7
2006,ארצות-הברית,Math,Male,0,Male,478.6
2012,ארצות-הברית,Math,Male,0,Male,483.6
2015,ארצות-הברית,Math,Male,0,Male,473.9
2018,ארצות-הברית,Math,Male,0,Male,482.5
2022,ארצות-הברית,Math,Male,0,Male,471.4
2025,ארצות-הברית,Math,Male,0,Male,475.2
2006,ארצות-הברית,Math,Male,High,MaleHigh,525.1
2012,ארצות-הברית,Math,Male,High,MaleHigh,527.1
2015,ארצות-הברית,Math,Male,High,MaleHigh,512.9
2018,ארצות-הברית,Math,Male,High,MaleHigh,529
2022,ארצות-הברית,Math,Male,High,MaleHigh,527.6
2025,ארצות-הברית,Math,Male,High,MaleHigh,519.9
2006,ארצות-הברית,Math,Male,Low,MaleLow,439.1
2012,ארצות-הברית,Math,Male,Low,MaleLow,446.6
2015,ארצות-הברית,Math,Male,Low,MaleLow,445
2018,ארצות-הברית,Math,Male,Low,MaleLow,441.8
2022,ארצות-הברית,Math,Male,Low,MaleLow,431.3
2025,ארצות-הברית,Math,Male,Low,MaleLow,440.2
2006,ארצות-הברית,Math,Male,Medium,MaleMedium,479.2
2012,ארצות-הברית,Math,Male,Medium,MaleMedium,481.4
2015,ארצות-הברית,Math,Male,Medium,MaleMedium,468.8
2018,ארצות-הברית,Math,Male,Medium,MaleMedium,479.6
2022,ארצות-הברית,Math,Male,Medium,MaleMedium,465.2
2025,ארצות-הברית,Math,Male,Medium,MaleMedium,474.2
2012,ארצות-הברית,Reading,Female,0,Female,513.3
2015,ארצות-הברית,Reading,Female,0,Female,507
2018,ארצות-הברית,Reading,Female,0,Female,517.4
2022,ארצות-הברית,Reading,Female,0,Female,514.6
2025,ארצות-הברית,Reading,Female,0,Female,501.1
2012,ארצות-הברית,Reading,Female,High,FemaleHigh,557.1
2015,ארצות-הברית,Reading,Female,High,FemaleHigh,548.3
2018,ארצות-הברית,Reading,Female,High,FemaleHigh,567.6
2022,ארצות-הברית,Reading,Female,High,FemaleHigh,562.6
2025,ארצות-הברית,Reading,Female,High,FemaleHigh,550.5
2012,ארצות-הברית,Reading,Female,Low,FemaleLow,478.6
2015,ארצות-הברית,Reading,Female,Low,FemaleLow,474.8
2018,ארצות-הברית,Reading,Female,Low,FemaleLow,477.1
2022,ארצות-הברית,Reading,Female,Low,FemaleLow,479.1
2025,ארצות-הברית,Reading,Female,Low,FemaleLow,464.6
2012,ארצות-הברית,Reading,Female,Medium,FemaleMedium,508.3
2015,ארצות-הברית,Reading,Female,Medium,FemaleMedium,507.1
2018,ארצות-הברית,Reading,Female,Medium,FemaleMedium,516
2022,ארצות-הברית,Reading,Female,Medium,FemaleMedium,516
2025,ארצות-הברית,Reading,Female,Medium,FemaleMedium,487.9
2012,ארצות-הברית,Reading,0,0,General,497.6
2015,ארצות-הברית,Reading,0,0,General,496.9
2018,ארצות-הברית,Reading,0,0,General,505.4
2022,ארצות-הברית,Reading,0,0,General,503.9
2025,ארצות-הברית,Reading,0,0,General,489.5
2012,ארצות-הברית,Reading,0,High,GeneralHigh,540.3
2015,ארצות-הברית,Reading,0,High,GeneralHigh,534.9
2018,ארצות-הברית,Reading,0,High,GeneralHigh,553.1
2022,ארצות-הברית,Reading,0,High,GeneralHigh,555
2025,ארצות-הברית,Reading,0,High,GeneralHigh,542.4
2012,ארצות-הברית,Reading,0,Low,GeneralLow,463.9
2015,ארצות-הברית,Reading,0,Low,GeneralLow,467.2
2018,ארצות-הברית,Reading,0,Low,GeneralLow,466.1
2022,ארצות-הברית,Reading,0,Low,GeneralLow,465.8
2025,ארצות-הברית,Reading,0,Low,GeneralLow,452.7
2012,ארצות-הברית,Reading,0,Medium,GeneralMedium,493.7
2015,ארצות-הברית,Reading,0,Medium,GeneralMedium,496
2018,ארצות-הברית,Reading,0,Medium,GeneralMedium,503
2022,ארצות-הברית,Reading,0,Medium,GeneralMedium,502.8
2025,ארצות-הברית,Reading,0,Medium,GeneralMedium,482.4
2012,ארצות-הברית,Reading,Male,0,Male,482.5
2015,ארצות-הברית,Reading,Male,0,Male,486.9
2018,ארצות-הברית,Reading,Male,0,Male,493.8
2022,ארצות-הברית,Reading,Male,0,Male,493
2025,ארצות-הברית,Reading,Male,0,Male,477.2
2012,ארצות-הברית,Reading,Male,High,MaleHigh,524.2
2015,ארצות-הברית,Reading,Male,High,MaleHigh,522.2
2018,ארצות-הברית,Reading,Male,High,MaleHigh,539.9
2022,ארצות-הברית,Reading,Male,High,MaleHigh,547.1
2025,ארצות-הברית,Reading,Male,High,MaleHigh,532.5
2012,ארצות-הברית,Reading,Male,Low,MaleLow,449.6
2015,ארצות-הברית,Reading,Male,Low,MaleLow,459.5
2018,ארצות-הברית,Reading,Male,Low,MaleLow,454.7
2022,ארצות-הברית,Reading,Male,Low,MaleLow,452.3
2025,ארצות-הברית,Reading,Male,Low,MaleLow,439.7
2012,ארצות-הברית,Reading,Male,Medium,MaleMedium,479.5
2015,ארצות-הברית,Reading,Male,Medium,MaleMedium,484.6
2018,ארצות-הברית,Reading,Male,Medium,MaleMedium,490.6
2022,ארצות-הברית,Reading,Male,Medium,MaleMedium,489.3
2025,ארצות-הברית,Reading,Male,Medium,MaleMedium,476.4
2006,ארצות-הברית,Science,Female,0,Female,488.6
2012,ארצות-הברית,Science,Female,0,Female,498.3
2015,ארצות-הברית,Science,Female,0,Female,492.9
2018,ארצות-הברית,Science,Female,0,Female,502
2022,ארצות-הברית,Science,Female,0,Female,495.8
2025,ארצות-הברית,Science,Female,0,Female,497.7
2006,ארצות-הברית,Science,Female,High,FemaleHigh,543.4
2012,ארצות-הברית,Science,Female,High,FemaleHigh,543.7
2015,ארצות-הברית,Science,Female,High,FemaleHigh,540.5
2018,ארצות-הברית,Science,Female,High,FemaleHigh,548.1
2022,ארצות-הברית,Science,Female,High,FemaleHigh,545
2025,ארצות-הברית,Science,Female,High,FemaleHigh,544.8
2006,ארצות-הברית,Science,Female,Low,FemaleLow,437.7
2012,ארצות-הברית,Science,Female,Low,FemaleLow,460.5
2015,ארצות-הברית,Science,Female,Low,FemaleLow,456
2018,ארצות-הברית,Science,Female,Low,FemaleLow,465.5
2022,ארצות-הברית,Science,Female,Low,FemaleLow,456.8
2025,ארצות-הברית,Science,Female,Low,FemaleLow,456.7
2006,ארצות-הברית,Science,Female,Medium,FemaleMedium,491.6
2012,ארצות-הברית,Science,Female,Medium,FemaleMedium,494.4
2015,ארצות-הברית,Science,Female,Medium,FemaleMedium,491.3
2018,ארצות-הברית,Science,Female,Medium,FemaleMedium,500.8
2022,ארצות-הברית,Science,Female,Medium,FemaleMedium,498.6
2025,ארצות-הברית,Science,Female,Medium,FemaleMedium,482.7
2006,ארצות-הברית,Science,0,0,General,488.9
2012,ארצות-הברית,Science,0,0,General,497.4
2015,ארצות-הברית,Science,0,0,General,496.2
2018,ארצות-הברית,Science,0,0,General,502.4
2022,ארצות-הברית,Science,0,0,General,499.4
2025,ארצות-הברית,Science,0,0,General,501.6
2006,ארצות-הברית,Science,0,High,GeneralHigh,543.3
2012,ארצות-הברית,Science,0,High,GeneralHigh,542.4
2015,ארצות-הברית,Science,0,High,GeneralHigh,539.9
2018,ארצות-הברית,Science,0,High,GeneralHigh,547.3
2022,ארצות-הברית,Science,0,High,GeneralHigh,553.2
2025,ארצות-הברית,Science,0,High,GeneralHigh,549.3
2006,ארצות-הברית,Science,0,Low,GeneralLow,440.4
2012,ארצות-הברית,Science,0,Low,GeneralLow,460
2015,ארצות-הברית,Science,0,Low,GeneralLow,462.4
2018,ארצות-הברית,Science,0,Low,GeneralLow,465.7
2022,ארצות-הברית,Science,0,Low,GeneralLow,458.5
2025,ארצות-הברית,Science,0,Low,GeneralLow,459
2006,ארצות-הברית,Science,0,Medium,GeneralMedium,490.9
2012,ארצות-הברית,Science,0,Medium,GeneralMedium,493.9
2015,ארצות-הברית,Science,0,Medium,GeneralMedium,493.6
2018,ארצות-הברית,Science,0,Medium,GeneralMedium,500.4
2022,ארצות-הברית,Science,0,Medium,GeneralMedium,498.5
2025,ארצות-הברית,Science,0,Medium,GeneralMedium,492.8
2006,ארצות-הברית,Science,Male,0,Male,489.2
2012,ארצות-הברית,Science,Male,0,Male,496.5
2015,ארצות-הברית,Science,Male,0,Male,499.6
2018,ארצות-הברית,Science,Male,0,Male,502.7
2022,ארצות-הברית,Science,Male,0,Male,502.7
2025,ארצות-הברית,Science,Male,0,Male,505.7
2006,ארצות-הברית,Science,Male,High,MaleHigh,543.2
2012,ארצות-הברית,Science,Male,High,MaleHigh,541.3
2015,ארצות-הברית,Science,Male,High,MaleHigh,539.5
2018,ארצות-הברית,Science,Male,High,MaleHigh,546.5
2022,ארצות-הברית,Science,Male,High,MaleHigh,561.1
2025,ארצות-הברית,Science,Male,High,MaleHigh,554.9
2006,ארצות-הברית,Science,Male,Low,MaleLow,442.9
2012,ארצות-הברית,Science,Male,Low,MaleLow,459.4
2015,ארצות-הברית,Science,Male,Low,MaleLow,469.1
2018,ארצות-הברית,Science,Male,Low,MaleLow,465.9
2022,ארצות-הברית,Science,Male,Low,MaleLow,460.3
2025,ארצות-הברית,Science,Male,Low,MaleLow,461.5
2006,ארצות-הברית,Science,Male,Medium,MaleMedium,490.4
2012,ארצות-הברית,Science,Male,Medium,MaleMedium,493.5
2015,ארצות-הברית,Science,Male,Medium,MaleMedium,495.9
2018,ארצות-הברית,Science,Male,Medium,MaleMedium,500
2022,ארצות-הברית,Science,Male,Medium,MaleMedium,498.2
2025,ארצות-הברית,Science,Male,Medium,MaleMedium,503.7
2015,בואנוס איירס,Math,Female,0,Female,446
2015,בואנוס איירס,Math,Female,High,FemaleHigh,490.1
2015,בואנוס איירס,Math,Female,Low,FemaleLow,400.9
2015,בואנוס איירס,Math,Female,Medium,FemaleMedium,451.4
2015,בואנוס איירס,Math,0,0,General,456.3
2015,בואנוס איירס,Math,0,High,GeneralHigh,501.7
2015,בואנוס איירס,Math,0,Low,GeneralLow,409.2
2015,בואנוס איירס,Math,0,Medium,GeneralMedium,461.9
2015,בואנוס איירס,Math,Male,0,Male,467.3
2015,בואנוס איירס,Math,Male,High,MaleHigh,515.2
2015,בואנוס איירס,Math,Male,Low,MaleLow,419
2015,בואנוס איירס,Math,Male,Medium,MaleMedium,471.9
2015,בואנוס איירס,Reading,Female,0,Female,482.6
2015,בואנוס איירס,Reading,Female,High,FemaleHigh,522.7
2015,בואנוס איירס,Reading,Female,Low,FemaleLow,439.8
2015,בואנוס איירס,Reading,Female,Medium,FemaleMedium,492.6
2015,בואנוס איירס,Reading,0,0,General,475.3
2015,בואנוס איירס,Reading,0,High,GeneralHigh,514.1
2015,בואנוס איירס,Reading,0,Low,GeneralLow,433.1
2015,בואנוס איירס,Reading,0,Medium,GeneralMedium,484.3
2015,בואנוס איירס,Reading,Male,0,Male,467.5
2015,בואנוס איירס,Reading,Male,High,MaleHigh,504
2015,בואנוס איירס,Reading,Male,Low,MaleLow,425.3
2015,בואנוס איירס,Reading,Male,Medium,MaleMedium,476.4
2015,בואנוס איירס,Science,Female,0,Female,468.3
2015,בואנוס איירס,Science,Female,High,FemaleHigh,513.4
2015,בואנוס איירס,Science,Female,Low,FemaleLow,422.7
2015,בואנוס איירס,Science,Female,Medium,FemaleMedium,473
2015,בואנוס איירס,Science,0,0,General,475.2
2015,בואנוס איירס,Science,0,High,GeneralHigh,519.7
2015,בואנוס איירס,Science,0,Low,GeneralLow,428.3
2015,בואנוס איירס,Science,0,Medium,GeneralMedium,481.3
2015,בואנוס איירס,Science,Male,0,Male,482.6
2015,בואנוס איירס,Science,Male,High,MaleHigh,527
2015,בואנוס איירס,Science,Male,Low,MaleLow,434.9
2015,בואנוס איירס,Science,Male,Medium,MaleMedium,489.1
2006,בולגריה,Math,Female,0,Female,415.4
2009,בולגריה,Math,Female,0,Female,430
2012,בולגריה,Math,Female,0,Female,440
2015,בולגריה,Math,Female,0,Female,442.2
2018,בולגריה,Math,Female,0,Female,436.9
2022,בולגריה,Math,Female,0,Female,420.3
2025,בולגריה,Math,Female,0,Female,412.8
2006,בולגריה,Math,Female,High,FemaleHigh,469.5
2009,בולגריה,Math,Female,High,FemaleHigh,497.9
2012,בולגריה,Math,Female,High,FemaleHigh,505.6
2015,בולגריה,Math,Female,High,FemaleHigh,493
2018,בולגריה,Math,Female,High,FemaleHigh,492.9
2022,בולגריה,Math,Female,High,FemaleHigh,478.3
2025,בולגריה,Math,Female,High,FemaleHigh,461
2006,בולגריה,Math,Female,Low,FemaleLow,383
2009,בולגריה,Math,Female,Low,FemaleLow,393.5
2012,בולגריה,Math,Female,Low,FemaleLow,407.4
2015,בולגריה,Math,Female,Low,FemaleLow,406.3
2018,בולגריה,Math,Female,Low,FemaleLow,403.5
2022,בולגריה,Math,Female,Low,FemaleLow,384.7
2025,בולגריה,Math,Female,Low,FemaleLow,388.3
2006,בולגריה,Math,Female,Medium,FemaleMedium,431.3
2009,בולגריה,Math,Female,Medium,FemaleMedium,443.3
2012,בולגריה,Math,Female,Medium,FemaleMedium,455.9
2015,בולגריה,Math,Female,Medium,FemaleMedium,454.9
2018,בולגריה,Math,Female,Medium,FemaleMedium,459.4
2022,בולגריה,Math,Female,Medium,FemaleMedium,438.7
2025,בולגריה,Math,Female,Medium,FemaleMedium,442.8
2006,בולגריה,Math,0,0,General,413.4
2009,בולגריה,Math,0,0,General,428.1
2012,בולגריה,Math,0,0,General,438.7
2015,בולגריה,Math,0,0,General,441.2
2018,בולגריה,Math,0,0,General,436
2022,בולגריה,Math,0,0,General,417.3
2025,בולגריה,Math,0,0,General,405.1
2006,בולגריה,Math,0,High,GeneralHigh,471.1
2009,בולגריה,Math,0,High,GeneralHigh,493.2
2012,בולגריה,Math,0,High,GeneralHigh,505.2
2015,בולגריה,Math,0,High,GeneralHigh,492.9
2018,בולגריה,Math,0,High,GeneralHigh,491.7
2022,בולגריה,Math,0,High,GeneralHigh,476.4
2025,בולגריה,Math,0,High,GeneralHigh,459.1
2006,בולגריה,Math,0,Low,GeneralLow,379.1
2009,בולגריה,Math,0,Low,GeneralLow,393.5
2012,בולגריה,Math,0,Low,GeneralLow,406.5
2015,בולגריה,Math,0,Low,GeneralLow,407.4
2018,בולגריה,Math,0,Low,GeneralLow,404.3
2022,בולגריה,Math,0,Low,GeneralLow,382.4
2025,בולגריה,Math,0,Low,GeneralLow,382.2
2006,בולגריה,Math,0,Medium,GeneralMedium,432.1
2009,בולגריה,Math,0,Medium,GeneralMedium,441.4
2012,בולגריה,Math,0,Medium,GeneralMedium,455.1
2015,בולגריה,Math,0,Medium,GeneralMedium,450.4
2018,בולגריה,Math,0,Medium,GeneralMedium,457.9
2022,בולגריה,Math,0,Medium,GeneralMedium,436.3
2025,בולגריה,Math,0,Medium,GeneralMedium,439.4
2006,בולגריה,Math,Male,0,Male,411.7
2009,בולגריה,Math,Male,0,Male,426.3
2012,בולגריה,Math,Male,0,Male,437.6
2015,בולגריה,Math,Male,0,Male,440.3
2018,בולגריה,Math,Male,0,Male,435.3
2022,בולגריה,Math,Male,0,Male,414.7
2025,בולגריה,Math,Male,0,Male,398
2006,בולגריה,Math,Male,High,MaleHigh,472.7
2009,בולגריה,Math,Male,High,MaleHigh,488.8
2012,בולגריה,Math,Male,High,MaleHigh,504.8
2015,בולגריה,Math,Male,High,MaleHigh,492.9
2018,בולגריה,Math,Male,High,MaleHigh,490.7
2022,בולגריה,Math,Male,High,MaleHigh,474.6
2025,בולגריה,Math,Male,High,MaleHigh,457.2
2006,בולגריה,Math,Male,Low,MaleLow,375.5
2009,בולגריה,Math,Male,Low,MaleLow,393.5
2012,בולגריה,Math,Male,Low,MaleLow,405.7
2015,בולגריה,Math,Male,Low,MaleLow,408.3
2018,בולגריה,Math,Male,Low,MaleLow,405
2022,בולגריה,Math,Male,Low,MaleLow,380.4
2025,בולגריה,Math,Male,Low,MaleLow,376.1
2006,בולגריה,Math,Male,Medium,MaleMedium,432.9
2009,בולגריה,Math,Male,Medium,MaleMedium,439.7
2012,בולגריה,Math,Male,Medium,MaleMedium,454.4
2015,בולגריה,Math,Male,Medium,MaleMedium,446.7
2018,בולגריה,Math,Male,Medium,MaleMedium,456.6
2022,בולגריה,Math,Male,Medium,MaleMedium,434.2
2025,בולגריה,Math,Male,Medium,MaleMedium,435.6
2006,בולגריה,Reading,Female,0,Female,432.1
2009,בולגריה,Reading,Female,0,Female,460.8
2012,בולגריה,Reading,Female,0,Female,472.2
2015,בולגריה,Reading,Female,0,Female,456.6
2018,בולגריה,Reading,Female,0,Female,441.3
2022,בולגריה,Reading,Female,0,Female,422.1
2025,בולגריה,Reading,Female,0,Female,412.1
2006,בולגריה,Reading,Female,High,FemaleHigh,488.8
2009,בולגריה,Reading,Female,High,FemaleHigh,527.8
2012,בולגריה,Reading,Female,High,FemaleHigh,548
2015,בולגריה,Reading,Female,High,FemaleHigh,516.2
2018,בולגריה,Reading,Female,High,FemaleHigh,501.9
2022,בולגריה,Reading,Female,High,FemaleHigh,489.7
2025,בולגריה,Reading,Female,High,FemaleHigh,458.9
2006,בולגריה,Reading,Female,Low,FemaleLow,394.8
2009,בולגריה,Reading,Female,Low,FemaleLow,423.7
2012,בולגריה,Reading,Female,Low,FemaleLow,432.2
2015,בולגריה,Reading,Female,Low,FemaleLow,411.4
2018,בולגריה,Reading,Female,Low,FemaleLow,404.5
2022,בולגריה,Reading,Female,Low,FemaleLow,381.1
2025,בולגריה,Reading,Female,Low,FemaleLow,387.1
2006,בולגריה,Reading,Female,Medium,FemaleMedium,457
2009,בולגריה,Reading,Female,Medium,FemaleMedium,476.6
2012,בולגריה,Reading,Female,Medium,FemaleMedium,495.8
2015,בולגריה,Reading,Female,Medium,FemaleMedium,478.3
2018,בולגריה,Reading,Female,Medium,FemaleMedium,467.6
2022,בולגריה,Reading,Female,Medium,FemaleMedium,445.1
2025,בולגריה,Reading,Female,Medium,FemaleMedium,445.6
2006,בולגריה,Reading,0,0,General,401.9
2009,בולגריה,Reading,0,0,General,429.1
2012,בולגריה,Reading,0,0,General,436.1
2015,בולגריה,Reading,0,0,General,431.7
2018,בולגריה,Reading,0,0,General,419.8
2022,בולגריה,Reading,0,0,General,404.3
2025,בולגריה,Reading,0,0,General,386.6
2006,בולגריה,Reading,0,High,GeneralHigh,466.4
2009,בולגריה,Reading,0,High,GeneralHigh,499.3
2012,בולגריה,Reading,0,High,GeneralHigh,514.2
2015,בולגריה,Reading,0,High,GeneralHigh,493.5
2018,בולגריה,Reading,0,High,GeneralHigh,478.9
2022,בולגריה,Reading,0,High,GeneralHigh,468.6
2025,בולגריה,Reading,0,High,GeneralHigh,438.7
2006,בולגריה,Reading,0,Low,GeneralLow,361.9
2009,בולגריה,Reading,0,Low,GeneralLow,391.9
2012,בולגריה,Reading,0,Low,GeneralLow,397.1
2015,בולגריה,Reading,0,Low,GeneralLow,389
2018,בולגריה,Reading,0,Low,GeneralLow,386.3
2022,בולגריה,Reading,0,Low,GeneralLow,366.2
2025,בולגריה,Reading,0,Low,GeneralLow,366
2006,בולגריה,Reading,0,Medium,GeneralMedium,426.7
2009,בולגריה,Reading,0,Medium,GeneralMedium,445.4
2012,בולגריה,Reading,0,Medium,GeneralMedium,458.8
2015,בולגריה,Reading,0,Medium,GeneralMedium,447
2018,בולגריה,Reading,0,Medium,GeneralMedium,443.2
2022,בולגריה,Reading,0,Medium,GeneralMedium,427.1
2025,בולגריה,Reading,0,Medium,GeneralMedium,425.1
2006,בולגריה,Reading,Male,0,Male,373.8
2009,בולגריה,Reading,Male,0,Male,399.6
2012,בולגריה,Reading,Male,0,Male,402.5
2015,בולגריה,Reading,Male,0,Male,409.4
2018,בולגריה,Reading,Male,0,Male,400.9
2022,בולגריה,Reading,Male,0,Male,388.8
2025,בולגריה,Reading,Male,0,Male,363.5
2006,בולגריה,Reading,Male,High,MaleHigh,444
2009,בולגריה,Reading,Male,High,MaleHigh,472.8
2012,בולגריה,Reading,Male,High,MaleHigh,480.6
2015,בולגריה,Reading,Male,High,MaleHigh,471.6
2018,בולגריה,Reading,Male,High,MaleHigh,458.3
2022,בולגריה,Reading,Male,High,MaleHigh,448.7
2025,בולגריה,Reading,Male,High,MaleHigh,419.1
2006,בולגריה,Reading,Male,Low,MaleLow,331.3
2009,בולגריה,Reading,Male,Low,MaleLow,361.5
2012,בולגריה,Reading,Male,Low,MaleLow,364.2
2015,בולגריה,Reading,Male,Low,MaleLow,368.9
2018,בולגריה,Reading,Male,Low,MaleLow,370.1
2022,בולגריה,Reading,Male,Low,MaleLow,353
2025,בולגריה,Reading,Male,Low,MaleLow,345.2
2006,בולגריה,Reading,Male,Medium,MaleMedium,400.2
2009,בולגריה,Reading,Male,Medium,MaleMedium,416.7
2012,בולגריה,Reading,Male,Medium,MaleMedium,425
2015,בולגריה,Reading,Male,Medium,MaleMedium,421.2
2018,בולגריה,Reading,Male,Medium,MaleMedium,421.4
2022,בולגריה,Reading,Male,Medium,MaleMedium,411.7
2025,בולגריה,Reading,Male,Medium,MaleMedium,402.5
2006,בולגריה,Science,Female,0,Female,442.9
2009,בולגריה,Science,Female,0,Female,449.6
2012,בולגריה,Science,Female,0,Female,456.9
2015,בולגריה,Science,Female,0,Female,453.9
2018,בולגריה,Science,Female,0,Female,432.2
2022,בולגריה,Science,Female,0,Female,429.7
2025,בולגריה,Science,Female,0,Female,434.2
2006,בולגריה,Science,Female,High,FemaleHigh,500.8
2009,בולגריה,Science,Female,High,FemaleHigh,513.4
2012,בולגריה,Science,Female,High,FemaleHigh,527.8
2015,בולגריה,Science,Female,High,FemaleHigh,506.5
2018,בולגריה,Science,Female,High,FemaleHigh,490.1
2022,בולגריה,Science,Female,High,FemaleHigh,489
2025,בולגריה,Science,Female,High,FemaleHigh,483.5
2006,בולגריה,Science,Female,Low,FemaleLow,405.4
2009,בולגריה,Science,Female,Low,FemaleLow,415.2
2012,בולגריה,Science,Female,Low,FemaleLow,420.3
2015,בולגריה,Science,Female,Low,FemaleLow,415.9
2018,בולגריה,Science,Female,Low,FemaleLow,397
2022,בולגריה,Science,Female,Low,FemaleLow,392.6
2025,בולגריה,Science,Female,Low,FemaleLow,406.4
2006,בולגריה,Science,Female,Medium,FemaleMedium,466.9
2009,בולגריה,Science,Female,Medium,FemaleMedium,463.7
2012,בולגריה,Science,Female,Medium,FemaleMedium,476.8
2015,בולגריה,Science,Female,Medium,FemaleMedium,468.9
2018,בולגריה,Science,Female,Medium,FemaleMedium,456.7
2022,בולגריה,Science,Female,Medium,FemaleMedium,450.7
2025,בולגריה,Science,Female,Medium,FemaleMedium,470.1
2006,בולגריה,Science,0,0,General,434.1
2009,בולגריה,Science,0,0,General,439.3
2012,בולגריה,Science,0,0,General,446.5
2015,בולגריה,Science,0,0,General,445.8
2018,בולגריה,Science,0,0,General,424.1
2022,בולגריה,Science,0,0,General,421
2025,בולגריה,Science,0,0,General,420.8
2006,בולגריה,Science,0,High,GeneralHigh,495.4
2009,בולגריה,Science,0,High,GeneralHigh,508.4
2012,בולגריה,Science,0,High,GeneralHigh,518.6
2015,בולגריה,Science,0,High,GeneralHigh,499.5
2018,בולגריה,Science,0,High,GeneralHigh,480.4
2022,בולגריה,Science,0,High,GeneralHigh,479.6
2025,בולגריה,Science,0,High,GeneralHigh,477.6
2006,בולגריה,Science,0,Low,GeneralLow,395.9
2009,בולגריה,Science,0,Low,GeneralLow,403.6
2012,בולגריה,Science,0,Low,GeneralLow,410.6
2015,בולגריה,Science,0,Low,GeneralLow,409.2
2018,בולגריה,Science,0,Low,GeneralLow,391.5
2022,בולגריה,Science,0,Low,GeneralLow,385.8
2025,בולגריה,Science,0,Low,GeneralLow,395.2
2006,בולגריה,Science,0,Medium,GeneralMedium,457.7
2009,בולגריה,Science,0,Medium,GeneralMedium,453.9
2012,בולגריה,Science,0,Medium,GeneralMedium,465.8
2015,בולגריה,Science,0,Medium,GeneralMedium,457.8
2018,בולגריה,Science,0,Medium,GeneralMedium,447
2022,בולגריה,Science,0,Medium,GeneralMedium,441.3
2025,בולגריה,Science,0,Medium,GeneralMedium,460
2006,בולגריה,Science,Male,0,Male,425.9
2009,בולגריה,Science,Male,0,Male,429.7
2012,בולגריה,Science,Male,0,Male,436.7
2015,בולגריה,Science,Male,0,Male,438.5
2018,בולגריה,Science,Male,0,Male,416.9
2022,בולגריה,Science,Male,0,Male,413.4
2025,בולגריה,Science,Male,0,Male,408.6
2006,בולגריה,Science,Male,High,MaleHigh,490.1
2009,בולגריה,Science,Male,High,MaleHigh,503.7
2012,בולגריה,Science,Male,High,MaleHigh,509.4
2015,בולגריה,Science,Male,High,MaleHigh,492.7
2018,בולגריה,Science,Male,High,MaleHigh,471.6
2022,בולגריה,Science,Male,High,MaleHigh,470.8
2025,בולגריה,Science,Male,High,MaleHigh,471.8
2006,בולגריה,Science,Male,Low,MaleLow,387.1
2009,בולגריה,Science,Male,Low,MaleLow,392.5
2012,בולגריה,Science,Male,Low,MaleLow,401.6
2015,בולגריה,Science,Male,Low,MaleLow,403.1
2018,בולגריה,Science,Male,Low,MaleLow,386.7
2022,בולגריה,Science,Male,Low,MaleLow,379.8
2025,בולגריה,Science,Male,Low,MaleLow,384.2
2006,בולגריה,Science,Male,Medium,MaleMedium,449.7
2009,בולגריה,Science,Male,Medium,MaleMedium,444.9
2012,בולגריה,Science,Male,Medium,MaleMedium,455.8
2015,בולגריה,Science,Male,Medium,MaleMedium,448.6
2018,בולגריה,Science,Male,Medium,MaleMedium,438.3
2022,בולגריה,Science,Male,Medium,MaleMedium,433.1
2025,בולגריה,Science,Male,Medium,MaleMedium,449
2006,בלגיה,Math,Female,0,Female,516.7
2009,בלגיה,Math,Female,0,Female,504.2
2012,בלגיה,Math,Female,0,Female,511.6
2015,בלגיה,Math,Female,0,Female,499.7
2018,בלגיה,Math,Female,0,Female,502
2022,בלגיה,Math,Female,0,Female,485.7
2006,בלגיה,Math,Female,High,FemaleHigh,563.9
2009,בלגיה,Math,Female,High,FemaleHigh,563.7
2012,בלגיה,Math,Female,High,FemaleHigh,561.8
2015,בלגיה,Math,Female,High,FemaleHigh,548.9
2018,בלגיה,Math,Female,High,FemaleHigh,559.6
2022,בלגיה,Math,Female,High,FemaleHigh,543.4
2006,בלגיה,Math,Female,Low,FemaleLow,468.8
2009,בלגיה,Math,Female,Low,FemaleLow,456.5
2012,בלגיה,Math,Female,Low,FemaleLow,470.3
2015,בלגיה,Math,Female,Low,FemaleLow,454.5
2018,בלגיה,Math,Female,Low,FemaleLow,456.8
2022,בלגיה,Math,Female,Low,FemaleLow,433.3
2006,בלגיה,Math,Female,Medium,FemaleMedium,525
2009,בלגיה,Math,Female,Medium,FemaleMedium,505.5
2012,בלגיה,Math,Female,Medium,FemaleMedium,515.5
2015,בלגיה,Math,Female,Medium,FemaleMedium,502.9
2018,בלגיה,Math,Female,Medium,FemaleMedium,509
2022,בלגיה,Math,Female,Medium,FemaleMedium,489.4
2006,בלגיה,Math,0,0,General,520.3
2009,בלגיה,Math,0,0,General,515.3
2012,בלגיה,Math,0,0,General,514.7
2015,בלגיה,Math,0,0,General,507
2018,בלגיה,Math,0,0,General,508.1
2022,בלגיה,Math,0,0,General,489.5
2025,בלגיה,Math,0,0,General,479.7
2006,בלגיה,Math,0,High,GeneralHigh,566.8
2009,בלגיה,Math,0,High,GeneralHigh,572.7
2012,בלגיה,Math,0,High,GeneralHigh,562.6
2015,בלגיה,Math,0,High,GeneralHigh,556.3
2018,בלגיה,Math,0,High,GeneralHigh,564.3
2022,בלגיה,Math,0,High,GeneralHigh,546.9
2025,בלגיה,Math,0,High,GeneralHigh,531.6
2006,בלגיה,Math,0,Low,GeneralLow,472.5
2009,בלגיה,Math,0,Low,GeneralLow,468.1
2012,בלגיה,Math,0,Low,GeneralLow,474.7
2015,בלגיה,Math,0,Low,GeneralLow,463.2
2018,בלגיה,Math,0,Low,GeneralLow,463.1
2022,בלגיה,Math,0,Low,GeneralLow,440.9
2025,בלגיה,Math,0,Low,GeneralLow,444.8
2006,בלגיה,Math,0,Medium,GeneralMedium,526.2
2009,בלגיה,Math,0,Medium,GeneralMedium,516
2012,בלגיה,Math,0,Medium,GeneralMedium,519.4
2015,בלגיה,Math,0,Medium,GeneralMedium,506.8
2018,בלגיה,Math,0,Medium,GeneralMedium,513.2
2022,בלגיה,Math,0,Medium,GeneralMedium,494.8
2025,בלגיה,Math,0,Medium,GeneralMedium,490.5
2006,בלגיה,Math,Male,0,Male,523.7
2009,בלגיה,Math,Male,0,Male,525.9
2012,בלגיה,Math,Male,0,Male,517.9
2015,בלגיה,Math,Male,0,Male,514
2018,בלגיה,Math,Male,0,Male,514.1
2022,בלגיה,Math,Male,0,Male,493.4
2006,בלגיה,Math,Male,High,MaleHigh,569.3
2009,בלגיה,Math,Male,High,MaleHigh,580.7
2012,בלגיה,Math,Male,High,MaleHigh,563.4
2015,בלגיה,Math,Male,High,MaleHigh,563
2018,בלגיה,Math,Male,High,MaleHigh,568.7
2022,בלגיה,Math,Male,High,MaleHigh,550.8
2006,בלגיה,Math,Male,Low,MaleLow,476.2
2009,בלגיה,Math,Male,Low,MaleLow,479.9
2012,בלגיה,Math,Male,Low,MaleLow,479.3
2015,בלגיה,Math,Male,Low,MaleLow,472
2018,בלגיה,Math,Male,Low,MaleLow,470.1
2022,בלגיה,Math,Male,Low,MaleLow,448.2
2006,בלגיה,Math,Male,Medium,MaleMedium,527.3
2009,בלגיה,Math,Male,Medium,MaleMedium,526.3
2012,בלגיה,Math,Male,Medium,MaleMedium,523.2
2015,בלגיה,Math,Male,Medium,MaleMedium,510.7
2018,בלגיה,Math,Male,Medium,MaleMedium,517.3
2022,בלגיה,Math,Male,Medium,MaleMedium,500.5
2006,בלגיה,Reading,Female,0,Female,521.7
2009,בלגיה,Reading,Female,0,Female,519.8
2012,בלגיה,Reading,Female,0,Female,525
2015,בלגיה,Reading,Female,0,Female,506.6
2018,בלגיה,Reading,Female,0,Female,503.7
2022,בלגיה,Reading,Female,0,Female,492.4
2006,בלגיה,Reading,Female,High,FemaleHigh,566.2
2009,בלגיה,Reading,Female,High,FemaleHigh,574.5
2012,בלגיה,Reading,Female,High,FemaleHigh,573
2015,בלגיה,Reading,Female,High,FemaleHigh,556.2
2018,בלגיה,Reading,Female,High,FemaleHigh,558.9
2022,בלגיה,Reading,Female,High,FemaleHigh,550.7
2006,בלגיה,Reading,Female,Low,FemaleLow,474
2009,בלגיה,Reading,Female,Low,FemaleLow,476.7
2012,בלגיה,Reading,Female,Low,FemaleLow,484.2
2015,בלגיה,Reading,Female,Low,FemaleLow,461.6
2018,בלגיה,Reading,Female,Low,FemaleLow,460.2
2022,בלגיה,Reading,Female,Low,FemaleLow,442.1
2006,בלגיה,Reading,Female,Medium,FemaleMedium,532.1
2009,בלגיה,Reading,Female,Medium,FemaleMedium,520.1
2012,בלגיה,Reading,Female,Medium,FemaleMedium,531.1
2015,בלגיה,Reading,Female,Medium,FemaleMedium,510.8
2018,בלגיה,Reading,Female,Medium,FemaleMedium,511.5
2022,בלגיה,Reading,Female,Medium,FemaleMedium,495.7
2006,בלגיה,Reading,0,0,General,500.9
2009,בלגיה,Reading,0,0,General,505.9
2012,בלגיה,Reading,0,0,General,509.1
2015,בלגיה,Reading,0,0,General,498.5
2018,בלגיה,Reading,0,0,General,492.9
2022,בלגיה,Reading,0,0,General,478.9
2025,בלגיה,Reading,0,0,General,466.3
2006,בלגיה,Reading,0,High,GeneralHigh,545.1
2009,בלגיה,Reading,0,High,GeneralHigh,561.5
2012,בלגיה,Reading,0,High,GeneralHigh,556
2015,בלגיה,Reading,0,High,GeneralHigh,548
2018,בלגיה,Reading,0,High,GeneralHigh,547.1
2022,בלגיה,Reading,0,High,GeneralHigh,536.3
2025,בלגיה,Reading,0,High,GeneralHigh,513.2
2006,בלגיה,Reading,0,Low,GeneralLow,454.5
2009,בלגיה,Reading,0,Low,GeneralLow,461
2012,בלגיה,Reading,0,Low,GeneralLow,468.8
2015,בלגיה,Reading,0,Low,GeneralLow,455.1
2018,בלגיה,Reading,0,Low,GeneralLow,450.4
2022,בלגיה,Reading,0,Low,GeneralLow,431.2
2025,בלגיה,Reading,0,Low,GeneralLow,437.9
2006,בלגיה,Reading,0,Medium,GeneralMedium,507.4
2009,בלגיה,Reading,0,Medium,GeneralMedium,506.5
2012,בלגיה,Reading,0,Medium,GeneralMedium,515.8
2015,בלגיה,Reading,0,Medium,GeneralMedium,499.8
2018,בלגיה,Reading,0,Medium,GeneralMedium,498
2022,בלגיה,Reading,0,Medium,GeneralMedium,485
2025,בלגיה,Reading,0,Medium,GeneralMedium,480
2006,בלגיה,Reading,Male,0,Male,482
2009,בלגיה,Reading,Male,0,Male,492.7
2012,בלגיה,Reading,Male,0,Male,493.3
2015,בלגיה,Reading,Male,0,Male,490.7
2018,בלגיה,Reading,Male,0,Male,482
2022,בלגיה,Reading,Male,0,Male,464.9
2006,בלגיה,Reading,Male,High,MaleHigh,527.4
2009,בלגיה,Reading,Male,High,MaleHigh,549.9
2012,בלגיה,Reading,Male,High,MaleHigh,539.9
2015,בלגיה,Reading,Male,High,MaleHigh,540.5
2018,בלגיה,Reading,Male,High,MaleHigh,535.9
2022,בלגיה,Reading,Male,High,MaleHigh,520.5
2006,בלגיה,Reading,Male,Low,MaleLow,435.7
2009,בלגיה,Reading,Male,Low,MaleLow,445.1
2012,בלגיה,Reading,Male,Low,MaleLow,452.7
2015,בלגיה,Reading,Male,Low,MaleLow,448.4
2018,בלגיה,Reading,Male,Low,MaleLow,439.4
2022,בלגיה,Reading,Male,Low,MaleLow,420.7
2006,בלגיה,Reading,Male,Medium,MaleMedium,484.7
2009,בלגיה,Reading,Male,Medium,MaleMedium,493.1
2012,בלגיה,Reading,Male,Medium,MaleMedium,500.4
2015,בלגיה,Reading,Male,Medium,MaleMedium,488.8
2018,בלגיה,Reading,Male,Medium,MaleMedium,484.7
2022,בלגיה,Reading,Male,Medium,MaleMedium,473.5
2006,בלגיה,Science,Female,0,Female,510
2009,בלגיה,Science,Female,0,Female,503.3
2012,בלגיה,Science,Female,0,Female,505.5
2015,בלגיה,Science,Female,0,Female,496
2018,בלגיה,Science,Female,0,Female,496.4
2022,בלגיה,Science,Female,0,Female,490.5
2006,בלגיה,Science,Female,High,FemaleHigh,557.2
2009,בלגיה,Science,Female,High,FemaleHigh,560.6
2012,בלגיה,Science,Female,High,FemaleHigh,550.7
2015,בלגיה,Science,Female,High,FemaleHigh,548.2
2018,בלגיה,Science,Female,High,FemaleHigh,552.5
2022,בלגיה,Science,Female,High,FemaleHigh,549.2
2006,בלגיה,Science,Female,Low,FemaleLow,462.2
2009,בלגיה,Science,Female,Low,FemaleLow,457.2
2012,בלגיה,Science,Female,Low,FemaleLow,466.5
2015,בלגיה,Science,Female,Low,FemaleLow,449.2
2018,בלגיה,Science,Female,Low,FemaleLow,452.1
2022,בלגיה,Science,Female,Low,FemaleLow,435.9
2006,בלגיה,Science,Female,Medium,FemaleMedium,518.1
2009,בלגיה,Science,Female,Medium,FemaleMedium,504.7
2012,בלגיה,Science,Female,Medium,FemaleMedium,511.4
2015,בלגיה,Science,Female,Medium,FemaleMedium,498.7
2018,בלגיה,Science,Female,Medium,FemaleMedium,503.6
2022,בלגיה,Science,Female,Medium,FemaleMedium,495.4
2006,בלגיה,Science,0,0,General,510.4
2009,בלגיה,Science,0,0,General,506.6
2012,בלגיה,Science,0,0,General,505.5
2015,בלגיה,Science,0,0,General,502
2018,בלגיה,Science,0,0,General,498.8
2022,בלגיה,Science,0,0,General,490.6
2025,בלגיה,Science,0,0,General,489.7
2006,בלגיה,Science,0,High,GeneralHigh,556.6
2009,בלגיה,Science,0,High,GeneralHigh,562.8
2012,בלגיה,Science,0,High,GeneralHigh,549.8
2015,בלגיה,Science,0,High,GeneralHigh,554.1
2018,בלגיה,Science,0,High,GeneralHigh,553.8
2022,בלגיה,Science,0,High,GeneralHigh,548.7
2025,בלגיה,Science,0,High,GeneralHigh,542.7
2006,בלגיה,Science,0,Low,GeneralLow,463.8
2009,בלגיה,Science,0,Low,GeneralLow,459.9
2012,בלגיה,Science,0,Low,GeneralLow,466.6
2015,בלגיה,Science,0,Low,GeneralLow,456
2018,בלגיה,Science,0,Low,GeneralLow,454
2022,בלגיה,Science,0,Low,GeneralLow,439.9
2025,בלגיה,Science,0,Low,GeneralLow,454.8
2006,בלגיה,Science,0,Medium,GeneralMedium,515.2
2009,בלגיה,Science,0,Medium,GeneralMedium,508.2
2012,בלגיה,Science,0,Medium,GeneralMedium,512.4
2015,בלגיה,Science,0,Medium,GeneralMedium,502.3
2018,בלגיה,Science,0,Medium,GeneralMedium,504.9
2022,בלגיה,Science,0,Medium,GeneralMedium,497.2
2025,בלגיה,Science,0,Medium,GeneralMedium,501.1
2006,בלגיה,Science,Male,0,Male,510.7
2009,בלגיה,Science,Male,0,Male,509.7
2012,בלגיה,Science,Male,0,Male,505.4
2015,בלגיה,Science,Male,0,Male,507.8
2018,בלגיה,Science,Male,0,Male,501.2
2022,בלגיה,Science,Male,0,Male,490.6
2006,בלגיה,Science,Male,High,MaleHigh,556
2009,בלגיה,Science,Male,High,MaleHigh,564.8
2012,בלגיה,Science,Male,High,MaleHigh,549
2015,בלגיה,Science,Male,High,MaleHigh,559.4
2018,בלגיה,Science,Male,High,MaleHigh,555.1
2022,בלגיה,Science,Male,High,MaleHigh,548.1
2006,בלגיה,Science,Male,Low,MaleLow,465.4
2009,בלגיה,Science,Male,Low,MaleLow,462.7
2012,בלגיה,Science,Male,Low,MaleLow,466.7
2015,בלגיה,Science,Male,Low,MaleLow,463.1
2018,בלגיה,Science,Male,Low,MaleLow,456.1
2022,בלגיה,Science,Male,Low,MaleLow,443.7
2006,בלגיה,Science,Male,Medium,MaleMedium,512.5
2009,בלגיה,Science,Male,Medium,MaleMedium,511.7
2012,בלגיה,Science,Male,Medium,MaleMedium,513.4
2015,בלגיה,Science,Male,Medium,MaleMedium,506
2018,בלגיה,Science,Male,Medium,MaleMedium,506.2
2022,בלגיה,Science,Male,Medium,MaleMedium,499
2006,ברזיל,Math,Female,0,Female,360.9
2009,ברזיל,Math,Female,0,Female,378.5
2012,ברזיל,Math,Female,0,Female,380.5
2015,ברזיל,Math,Female,0,Female,369.5
2018,ברזיל,Math,Female,0,Female,379.3
2022,ברזיל,Math,Female,0,Female,374.6
2025,ברזיל,Math,Female,0,Female,373.1
2006,ברזיל,Math,Female,High,FemaleHigh,447.2
2009,ברזיל,Math,Female,High,FemaleHigh,480.8
2012,ברזיל,Math,Female,High,FemaleHigh,468.1
2015,ברזיל,Math,Female,High,FemaleHigh,455.7
2018,ברזיל,Math,Female,High,FemaleHigh,475.5
2022,ברזיל,Math,Female,High,FemaleHigh,466.7
2025,ברזיל,Math,Female,High,FemaleHigh,461.2
2006,ברזיל,Math,Female,Low,FemaleLow,342.5
2009,ברזיל,Math,Female,Low,FemaleLow,365.1
2012,ברזיל,Math,Female,Low,FemaleLow,368.3
2015,ברזיל,Math,Female,Low,FemaleLow,354.4
2018,ברזיל,Math,Female,Low,FemaleLow,361.9
2022,ברזיל,Math,Female,Low,FemaleLow,359.8
2025,ברזיל,Math,Female,Low,FemaleLow,361
2006,ברזיל,Math,Female,Medium,FemaleMedium,395.7
2009,ברזיל,Math,Female,Medium,FemaleMedium,405.6
2012,ברזיל,Math,Female,Medium,FemaleMedium,416
2015,ברזיל,Math,Female,Medium,FemaleMedium,401.4
2018,ברזיל,Math,Female,Medium,FemaleMedium,418.3
2022,ברזיל,Math,Female,Medium,FemaleMedium,405.6
2025,ברזיל,Math,Female,Medium,FemaleMedium,417.9
2006,ברזיל,Math,0,0,General,369.5
2009,ברזיל,Math,0,0,General,385.8
2012,ברזיל,Math,0,0,General,388.5
2015,ברזיל,Math,0,0,General,377.1
2018,ברזיל,Math,0,0,General,383.6
2022,ברזיל,Math,0,0,General,378.7
2025,ברזיל,Math,0,0,General,376.8
2006,ברזיל,Math,0,High,GeneralHigh,463
2009,ברזיל,Math,0,High,GeneralHigh,484.6
2012,ברזיל,Math,0,High,GeneralHigh,478.5
2015,ברזיל,Math,0,High,GeneralHigh,459.4
2018,ברזיל,Math,0,High,GeneralHigh,483.5
2022,ברזיל,Math,0,High,GeneralHigh,468.9
2025,ברזיל,Math,0,High,GeneralHigh,463.4
2006,ברזיל,Math,0,Low,GeneralLow,350.7
2009,ברזיל,Math,0,Low,GeneralLow,371.8
2012,ברזיל,Math,0,Low,GeneralLow,375.3
2015,ברזיל,Math,0,Low,GeneralLow,360.5
2018,ברזיל,Math,0,Low,GeneralLow,366.7
2022,ברזיל,Math,0,Low,GeneralLow,363.8
2025,ברזיל,Math,0,Low,GeneralLow,365.7
2006,ברזיל,Math,0,Medium,GeneralMedium,398.9
2009,ברזיל,Math,0,Medium,GeneralMedium,411.8
2012,ברזיל,Math,0,Medium,GeneralMedium,423.7
2015,ברזיל,Math,0,Medium,GeneralMedium,409.9
2018,ברזיל,Math,0,Medium,GeneralMedium,420.3
2022,ברזיל,Math,0,Medium,GeneralMedium,409.9
2025,ברזיל,Math,0,Medium,GeneralMedium,421.9
2006,ברזיל,Math,Male,0,Male,379.6
2009,ברזיל,Math,Male,0,Male,394
2012,ברזיל,Math,Male,0,Male,397.2
2015,ברזיל,Math,Male,0,Male,385
2018,ברזיל,Math,Male,0,Male,387.9
2022,ברזיל,Math,Male,0,Male,382.8
2025,ברזיל,Math,Male,0,Male,380.5
2006,ברזיל,Math,Male,High,MaleHigh,479.7
2009,ברזיל,Math,Male,High,MaleHigh,488.6
2012,ברזיל,Math,Male,High,MaleHigh,488.8
2015,ברזיל,Math,Male,High,MaleHigh,462.5
2018,ברזיל,Math,Male,High,MaleHigh,492.1
2022,ברזיל,Math,Male,High,MaleHigh,471.3
2025,ברזיל,Math,Male,High,MaleHigh,465.5
2006,ברזיל,Math,Male,Low,MaleLow,360.5
2009,ברזיל,Math,Male,Low,MaleLow,379.8
2012,ברזיל,Math,Male,Low,MaleLow,383.1
2015,ברזיל,Math,Male,Low,MaleLow,367.5
2018,ברזיל,Math,Male,Low,MaleLow,371.5
2022,ברזיל,Math,Male,Low,MaleLow,368.1
2025,ברזיל,Math,Male,Low,MaleLow,370.7
2006,ברזיל,Math,Male,Medium,MaleMedium,402.2
2009,ברזיל,Math,Male,Medium,MaleMedium,417.5
2012,ברזיל,Math,Male,Medium,MaleMedium,430.9
2015,ברזיל,Math,Male,Medium,MaleMedium,417.8
2018,ברזיל,Math,Male,Medium,MaleMedium,422.2
2022,ברזיל,Math,Male,Medium,MaleMedium,413.9
2025,ברזיל,Math,Male,Medium,MaleMedium,425.7
2006,ברזיל,Reading,Female,0,Female,407.6
2009,ברזיל,Reading,Female,0,Female,425.2
2012,ברזיל,Reading,Female,0,Female,421.8
2015,ברזיל,Reading,Female,0,Female,418.6
2018,ברזיל,Reading,Female,0,Female,425.7
2022,ברזיל,Reading,Female,0,Female,419
2025,ברזיל,Reading,Female,0,Female,418.7
2006,ברזיל,Reading,Female,High,FemaleHigh,486.9
2009,ברזיל,Reading,Female,High,FemaleHigh,535
2012,ברזיל,Reading,Female,High,FemaleHigh,500.1
2015,ברזיל,Reading,Female,High,FemaleHigh,494.5
2018,ברזיל,Reading,Female,High,FemaleHigh,522.4
2022,ברזיל,Reading,Female,High,FemaleHigh,515.3
2025,ברזיל,Reading,Female,High,FemaleHigh,506.9
2006,ברזיל,Reading,Female,Low,FemaleLow,390.5
2009,ברזיל,Reading,Female,Low,FemaleLow,410.6
2012,ברזיל,Reading,Female,Low,FemaleLow,410.7
2015,ברזיל,Reading,Female,Low,FemaleLow,405.8
2018,ברזיל,Reading,Female,Low,FemaleLow,407.1
2022,ברזיל,Reading,Female,Low,FemaleLow,402
2025,ברזיל,Reading,Female,Low,FemaleLow,407
2006,ברזיל,Reading,Female,Medium,FemaleMedium,440.3
2009,ברזיל,Reading,Female,Medium,FemaleMedium,454.7
2012,ברזיל,Reading,Female,Medium,FemaleMedium,457.3
2015,ברזיל,Reading,Female,Medium,FemaleMedium,449.6
2018,ברזיל,Reading,Female,Medium,FemaleMedium,471
2022,ברזיל,Reading,Female,Medium,FemaleMedium,458.7
2025,ברזיל,Reading,Female,Medium,FemaleMedium,470.1
2006,ברזיל,Reading,0,0,General,392.9
2009,ברזיל,Reading,0,0,General,411.8
2012,ברזיל,Reading,0,0,General,406.5
2015,ברזיל,Reading,0,0,General,407.3
2018,ברזיל,Reading,0,0,General,412.9
2022,ברזיל,Reading,0,0,General,410.4
2025,ברזיל,Reading,0,0,General,408
2006,ברזיל,Reading,0,High,GeneralHigh,480
2009,ברזיל,Reading,0,High,GeneralHigh,516.4
2012,ברזיל,Reading,0,High,GeneralHigh,485.9
2015,ברזיל,Reading,0,High,GeneralHigh,479.2
2018,ברזיל,Reading,0,High,GeneralHigh,511.2
2022,ברזיל,Reading,0,High,GeneralHigh,502.8
2025,ברזיל,Reading,0,High,GeneralHigh,494.8
2006,ברזיל,Reading,0,Low,GeneralLow,375.3
2009,ברזיל,Reading,0,Low,GeneralLow,397.2
2012,ברזיל,Reading,0,Low,GeneralLow,395
2015,ברזיל,Reading,0,Low,GeneralLow,393.6
2018,ברזיל,Reading,0,Low,GeneralLow,395.8
2022,ברזיל,Reading,0,Low,GeneralLow,394
2025,ברזיל,Reading,0,Low,GeneralLow,398.5
2006,ברזיל,Reading,0,Medium,GeneralMedium,420.2
2009,ברזיל,Reading,0,Medium,GeneralMedium,438.4
2012,ברזיל,Reading,0,Medium,GeneralMedium,440.4
2015,ברזיל,Reading,0,Medium,GeneralMedium,437.8
2018,ברזיל,Reading,0,Medium,GeneralMedium,452.6
2022,ברזיל,Reading,0,Medium,GeneralMedium,447.7
2025,ברזיל,Reading,0,Medium,GeneralMedium,458.4
2006,ברזיל,Reading,Male,0,Male,375.8
2009,ברזיל,Reading,Male,0,Male,396.6
2012,ברזיל,Reading,Male,0,Male,390
2015,ברזיל,Reading,Male,0,Male,395.5
2018,ברזיל,Reading,Male,0,Male,400
2022,ברזיל,Reading,Male,0,Male,401.6
2025,ברזיל,Reading,Male,0,Male,397.3
2006,ברזיל,Reading,Male,High,MaleHigh,472.8
2009,ברזיל,Reading,Male,High,MaleHigh,497.1
2012,ברזיל,Reading,Male,High,MaleHigh,471.8
2015,ברזיל,Reading,Male,High,MaleHigh,466.2
2018,ברזיל,Reading,Male,High,MaleHigh,499.3
2022,ברזיל,Reading,Male,High,MaleHigh,489.6
2025,ברזיל,Reading,Male,High,MaleHigh,483.3
2006,ברזיל,Reading,Male,Low,MaleLow,357
2009,ברזיל,Reading,Male,Low,MaleLow,381.1
2012,ברזיל,Reading,Male,Low,MaleLow,377.3
2015,ברזיל,Reading,Male,Low,MaleLow,379.8
2018,ברזיל,Reading,Male,Low,MaleLow,384.2
2022,ברזיל,Reading,Male,Low,MaleLow,385.5
2025,ברזיל,Reading,Male,Low,MaleLow,389.3
2006,ברזיל,Reading,Male,Medium,MaleMedium,398.8
2009,ברזיל,Reading,Male,Medium,MaleMedium,423.1
2012,ברזיל,Reading,Male,Medium,MaleMedium,424.4
2015,ברזיל,Reading,Male,Medium,MaleMedium,426.9
2018,ברזיל,Reading,Male,Medium,MaleMedium,435.2
2022,ברזיל,Reading,Male,Medium,MaleMedium,437.7
2025,ברזיל,Reading,Male,Medium,MaleMedium,447.3
2006,ברזיל,Science,Female,0,Female,386.2
2009,ברזיל,Science,Female,0,Female,403.8
2012,ברזיל,Science,Female,0,Female,401.4
2015,ברזיל,Science,Female,0,Female,398.7
2018,ברזיל,Science,Female,0,Female,404.4
2022,ברזיל,Science,Female,0,Female,400.4
2025,ברזיל,Science,Female,0,Female,407.8
2006,ברזיל,Science,Female,High,FemaleHigh,470.4
2009,ברזיל,Science,Female,High,FemaleHigh,508.1
2012,ברזיל,Science,Female,High,FemaleHigh,481.1
2015,ברזיל,Science,Female,High,FemaleHigh,480.3
2018,ברזיל,Science,Female,High,FemaleHigh,501.7
2022,ברזיל,Science,Female,High,FemaleHigh,502.2
2025,ברזיל,Science,Female,High,FemaleHigh,498.3
2006,ברזיל,Science,Female,Low,FemaleLow,368
2009,ברזיל,Science,Female,Low,FemaleLow,390.1
2012,ברזיל,Science,Female,Low,FemaleLow,390.4
2015,ברזיל,Science,Female,Low,FemaleLow,384.6
2018,ברזיל,Science,Female,Low,FemaleLow,386.2
2022,ברזיל,Science,Female,Low,FemaleLow,382.4
2025,ברזיל,Science,Female,Low,FemaleLow,396
2006,ברזיל,Science,Female,Medium,FemaleMedium,421.2
2009,ברזיל,Science,Female,Medium,FemaleMedium,431.4
2012,ברזיל,Science,Female,Medium,FemaleMedium,436.4
2015,ברזיל,Science,Female,Medium,FemaleMedium,428.6
2018,ברזיל,Science,Female,Medium,FemaleMedium,447.5
2022,ברזיל,Science,Female,Medium,FemaleMedium,440.3
2025,ברזיל,Science,Female,Medium,FemaleMedium,459
2006,ברזיל,Science,0,0,General,390.3
2009,ברזיל,Science,0,0,General,405.4
2012,ברזיל,Science,0,0,General,401.6
2015,ברזיל,Science,0,0,General,400.7
2018,ברזיל,Science,0,0,General,403.6
2022,ברזיל,Science,0,0,General,403
2025,ברזיל,Science,0,0,General,408.5
2006,ברזיל,Science,0,High,GeneralHigh,480.1
2009,ברזיל,Science,0,High,GeneralHigh,506.3
2012,ברזיל,Science,0,High,GeneralHigh,481.2
2015,ברזיל,Science,0,High,GeneralHigh,477.4
2018,ברזיל,Science,0,High,GeneralHigh,502.7
2022,ברזיל,Science,0,High,GeneralHigh,503.6
2025,ברזיל,Science,0,High,GeneralHigh,497.3
2006,ברזיל,Science,0,Low,GeneralLow,372.3
2009,ברזיל,Science,0,Low,GeneralLow,391.4
2012,ברזיל,Science,0,Low,GeneralLow,390
2015,ברזיל,Science,0,Low,GeneralLow,385.6
2018,ברזיל,Science,0,Low,GeneralLow,386.4
2022,ברזיל,Science,0,Low,GeneralLow,385.5
2025,ברזיל,Science,0,Low,GeneralLow,398.4
2006,ברזיל,Science,0,Medium,GeneralMedium,418.3
2009,ברזיל,Science,0,Medium,GeneralMedium,430.7
2012,ברזיל,Science,0,Medium,GeneralMedium,436.2
2015,ברזיל,Science,0,Medium,GeneralMedium,431.5
2018,ברזיל,Science,0,Medium,GeneralMedium,443.3
2022,ברזיל,Science,0,Medium,GeneralMedium,440.5
2025,ברזיל,Science,0,Medium,GeneralMedium,460.1
2006,ברזיל,Science,Male,0,Male,395.1
2009,ברזיל,Science,Male,0,Male,407.2
2012,ברזיל,Science,Male,0,Male,401.9
2015,ברזיל,Science,Male,0,Male,402.8
2018,ברזיל,Science,Male,0,Male,402.9
2022,ברזיל,Science,Male,0,Male,405.6
2025,ברזיל,Science,Male,0,Male,409.3
2006,ברזיל,Science,Male,High,MaleHigh,490.4
2009,ברזיל,Science,Male,High,MaleHigh,504.5
2012,ברזיל,Science,Male,High,MaleHigh,481.4
2015,ברזיל,Science,Male,High,MaleHigh,474.9
2018,ברזיל,Science,Male,High,MaleHigh,503.7
2022,ברזיל,Science,Male,High,MaleHigh,505.1
2025,ברזיל,Science,Male,High,MaleHigh,496.4
2006,ברזיל,Science,Male,Low,MaleLow,377.4
2009,ברזיל,Science,Male,Low,MaleLow,392.9
2012,ברזיל,Science,Male,Low,MaleLow,389.5
2015,ברזיל,Science,Male,Low,MaleLow,386.8
2018,ברזיל,Science,Male,Low,MaleLow,386.5
2022,ברזיל,Science,Male,Low,MaleLow,388.7
2025,ברזיל,Science,Male,Low,MaleLow,400.9
2006,ברזיל,Science,Male,Medium,MaleMedium,415.2
2009,ברזיל,Science,Male,Medium,MaleMedium,430
2012,ברזיל,Science,Male,Medium,MaleMedium,435.9
2015,ברזיל,Science,Male,Medium,MaleMedium,434.1
2018,ברזיל,Science,Male,Medium,MaleMedium,439.4
2022,ברזיל,Science,Male,Medium,MaleMedium,440.7
2025,ברזיל,Science,Male,Medium,MaleMedium,461.1
2006,בריטניה,Math,Female,0,Female,487.2
2009,בריטניה,Math,Female,0,Female,482.4
2012,בריטניה,Math,Female,0,Female,487.8
2015,בריטניה,Math,Female,0,Female,486.6
2018,בריטניה,Math,Female,0,Female,495.9
2022,בריטניה,Math,Female,0,Female,481.7
2025,בריטניה,Math,Female,0,Female,475.2
2006,בריטניה,Math,Female,High,FemaleHigh,520.6
2009,בריטניה,Math,Female,High,FemaleHigh,529
2012,בריטניה,Math,Female,High,FemaleHigh,532.5
2015,בריטניה,Math,Female,High,FemaleHigh,527.9
2018,בריטניה,Math,Female,High,FemaleHigh,533.4
2022,בריטניה,Math,Female,High,FemaleHigh,533.2
2025,בריטניה,Math,Female,High,FemaleHigh,520.6
2006,בריטניה,Math,Female,Low,FemaleLow,455.2
2009,בריטניה,Math,Female,Low,FemaleLow,445.2
2012,בריטניה,Math,Female,Low,FemaleLow,455.7
2015,בריטניה,Math,Female,Low,FemaleLow,454.2
2018,בריטניה,Math,Female,Low,FemaleLow,464.5
2022,בריטניה,Math,Female,Low,FemaleLow,451.6
2025,בריטניה,Math,Female,Low,FemaleLow,447.2
2006,בריטניה,Math,Female,Medium,FemaleMedium,489.3
2009,בריטניה,Math,Female,Medium,FemaleMedium,484.4
2012,בריטניה,Math,Female,Medium,FemaleMedium,483
2015,בריטניה,Math,Female,Medium,FemaleMedium,482.6
2018,בריטניה,Math,Female,Medium,FemaleMedium,489.1
2022,בריטניה,Math,Female,Medium,FemaleMedium,483.1
2025,בריטניה,Math,Female,Medium,FemaleMedium,479.2
2006,בריטניה,Math,0,0,General,495.4
2009,בריטניה,Math,0,0,General,492.4
2012,בריטניה,Math,0,0,General,493.9
2015,בריטניה,Math,0,0,General,492.5
2018,בריטניה,Math,0,0,General,501.8
2022,בריטניה,Math,0,0,General,489
2025,בריטניה,Math,0,0,General,487.6
2006,בריטניה,Math,0,High,GeneralHigh,529.8
2009,בריטניה,Math,0,High,GeneralHigh,537.7
2012,בריטניה,Math,0,High,GeneralHigh,537.4
2015,בריטניה,Math,0,High,GeneralHigh,531.5
2018,בריטניה,Math,0,High,GeneralHigh,539.3
2022,בריטניה,Math,0,High,GeneralHigh,537.6
2025,בריטניה,Math,0,High,GeneralHigh,534.1
2006,בריטניה,Math,0,Low,GeneralLow,462
2009,בריטניה,Math,0,Low,GeneralLow,454.8
2012,בריטניה,Math,0,Low,GeneralLow,461.5
2015,בריטניה,Math,0,Low,GeneralLow,461.6
2018,בריטניה,Math,0,Low,GeneralLow,468.3
2022,בריטניה,Math,0,Low,GeneralLow,463
2025,בריטניה,Math,0,Low,GeneralLow,459
2006,בריטניה,Math,0,Medium,GeneralMedium,495.6
2009,בריטניה,Math,0,Medium,GeneralMedium,495.8
2012,בריטניה,Math,0,Medium,GeneralMedium,488.9
2015,בריטניה,Math,0,Medium,GeneralMedium,491.4
2018,בריטניה,Math,0,Medium,GeneralMedium,498.6
2022,בריטניה,Math,0,Medium,GeneralMedium,487.7
2025,בריטניה,Math,0,Medium,GeneralMedium,492.9
2006,בריטניה,Math,Male,0,Male,503.9
2009,בריטניה,Math,Male,0,Male,502.8
2012,בריטניה,Math,Male,0,Male,500.3
2015,בריטניה,Math,Male,0,Male,498.2
2018,בריטניה,Math,Male,0,Male,508
2022,בריטניה,Math,Male,0,Male,496
2025,בריטניה,Math,Male,0,Male,499.1
2006,בריטניה,Math,Male,High,MaleHigh,538.1
2009,בריטניה,Math,Male,High,MaleHigh,546.4
2012,בריטניה,Math,Male,High,MaleHigh,542.3
2015,בריטניה,Math,Male,High,MaleHigh,535.1
2018,בריטניה,Math,Male,High,MaleHigh,545.9
2022,בריטניה,Math,Male,High,MaleHigh,541.8
2025,בריטניה,Math,Male,High,MaleHigh,546.4
2006,בריטניה,Math,Male,Low,MaleLow,469.6
2009,בריטניה,Math,Male,Low,MaleLow,465.3
2012,בריטניה,Math,Male,Low,MaleLow,467.9
2015,בריטניה,Math,Male,Low,MaleLow,468.9
2018,בריטניה,Math,Male,Low,MaleLow,472.9
2022,בריטניה,Math,Male,Low,MaleLow,474.2
2025,בריטניה,Math,Male,Low,MaleLow,470.9
2006,בריטניה,Math,Male,Medium,MaleMedium,502.1
2009,בריטניה,Math,Male,Medium,MaleMedium,507.9
2012,בריטניה,Math,Male,Medium,MaleMedium,495.1
2015,בריטניה,Math,Male,Medium,MaleMedium,499.7
2018,בריטניה,Math,Male,Medium,MaleMedium,508
2022,בריטניה,Math,Male,Medium,MaleMedium,492.2
2025,בריטניה,Math,Male,Medium,MaleMedium,506.1
2006,בריטניה,Reading,Female,0,Female,509.5
2009,בריטניה,Reading,Female,0,Female,506.5
2012,בריטניה,Reading,Female,0,Female,511.5
2015,בריטניה,Reading,Female,0,Female,509.1
2018,בריטניה,Reading,Female,0,Female,513.7
2022,בריטניה,Reading,Female,0,Female,502.8
2025,בריטניה,Reading,Female,0,Female,501.4
2006,בריטניה,Reading,Female,High,FemaleHigh,543.3
2009,בריטניה,Reading,Female,High,FemaleHigh,554.3
2012,בריטניה,Reading,Female,High,FemaleHigh,556.3
2015,בריטניה,Reading,Female,High,FemaleHigh,550.2
2018,בריטניה,Reading,Female,High,FemaleHigh,552.5
2022,בריטניה,Reading,Female,High,FemaleHigh,556.5
2025,בריטניה,Reading,Female,High,FemaleHigh,539.9
2006,בריטניה,Reading,Female,Low,FemaleLow,473.9
2009,בריטניה,Reading,Female,Low,FemaleLow,467.5
2012,בריטניה,Reading,Female,Low,FemaleLow,478.7
2015,בריטניה,Reading,Female,Low,FemaleLow,477.8
2018,בריטניה,Reading,Female,Low,FemaleLow,483.7
2022,בריטניה,Reading,Female,Low,FemaleLow,477.5
2025,בריטניה,Reading,Female,Low,FemaleLow,481.6
2006,בריטניה,Reading,Female,Medium,FemaleMedium,514.4
2009,בריטניה,Reading,Female,Medium,FemaleMedium,509.7
2012,בריטניה,Reading,Female,Medium,FemaleMedium,508.8
2015,בריטניה,Reading,Female,Medium,FemaleMedium,504.9
2018,בריטניה,Reading,Female,Medium,FemaleMedium,508
2022,בריטניה,Reading,Female,Medium,FemaleMedium,505.1
2025,בריטניה,Reading,Female,Medium,FemaleMedium,504.8
2006,בריטניה,Reading,0,0,General,495.1
2009,בריטניה,Reading,0,0,General,494.2
2012,בריטניה,Reading,0,0,General,499.3
2015,בריטניה,Reading,0,0,General,498
2018,בריטניה,Reading,0,0,General,503.9
2022,בריטניה,Reading,0,0,General,494.4
2025,בריטניה,Reading,0,0,General,494.2
2006,בריטניה,Reading,0,High,GeneralHigh,528.7
2009,בריטניה,Reading,0,High,GeneralHigh,541.3
2012,בריטניה,Reading,0,High,GeneralHigh,542.9
2015,בריטניה,Reading,0,High,GeneralHigh,537.2
2018,בריטניה,Reading,0,High,GeneralHigh,541.5
2022,בריטניה,Reading,0,High,GeneralHigh,542.3
2025,בריטניה,Reading,0,High,GeneralHigh,532.2
2006,בריטניה,Reading,0,Low,GeneralLow,459.2
2009,בריטניה,Reading,0,Low,GeneralLow,455.2
2012,בריטניה,Reading,0,Low,GeneralLow,466.4
2015,בריטניה,Reading,0,Low,GeneralLow,468.6
2018,בריטניה,Reading,0,Low,GeneralLow,473.5
2022,בריטניה,Reading,0,Low,GeneralLow,472.7
2025,בריטניה,Reading,0,Low,GeneralLow,475.4
2006,בריטניה,Reading,0,Medium,GeneralMedium,497.7
2009,בריטניה,Reading,0,Medium,GeneralMedium,498.4
2012,בריטניה,Reading,0,Medium,GeneralMedium,496.2
2015,בריטניה,Reading,0,Medium,GeneralMedium,495.4
2018,בריטניה,Reading,0,Medium,GeneralMedium,501.5
2022,בריטניה,Reading,0,Medium,GeneralMedium,493
2025,בריטניה,Reading,0,Medium,GeneralMedium,498.9
2006,בריטניה,Reading,Male,0,Male,480.4
2009,בריטניה,Reading,Male,0,Male,481.4
2012,בריטניה,Reading,Male,0,Male,486.6
2015,בריטניה,Reading,Male,0,Male,487.2
2018,בריטניה,Reading,Male,0,Male,493.6
2022,בריטניה,Reading,Male,0,Male,486.3
2025,בריטניה,Reading,Male,0,Male,487.6
2006,בריטניה,Reading,Male,High,MaleHigh,515.4
2009,בריטניה,Reading,Male,High,MaleHigh,528.3
2012,בריטניה,Reading,Male,High,MaleHigh,529.7
2015,בריטניה,Reading,Male,High,MaleHigh,524.1
2018,בריטניה,Reading,Male,High,MaleHigh,529.1
2022,בריטניה,Reading,Male,High,MaleHigh,528.8
2025,בריטניה,Reading,Male,High,MaleHigh,525.2
2006,בריטניה,Reading,Male,Low,MaleLow,442.9
2009,בריטניה,Reading,Male,Low,MaleLow,441.6
2012,בריטניה,Reading,Male,Low,MaleLow,452.9
2015,בריטניה,Reading,Male,Low,MaleLow,459.4
2018,בריטניה,Reading,Male,Low,MaleLow,461.3
2022,בריטניה,Reading,Male,Low,MaleLow,468
2025,בריטניה,Reading,Male,Low,MaleLow,469.1
2006,בריטניה,Reading,Male,Medium,MaleMedium,480.4
2009,בריטניה,Reading,Male,Medium,MaleMedium,486.4
2012,בריטניה,Reading,Male,Medium,MaleMedium,483.1
2015,בריטניה,Reading,Male,Medium,MaleMedium,486.3
2018,בריטניה,Reading,Male,Medium,MaleMedium,495.1
2022,בריטניה,Reading,Male,Medium,MaleMedium,481.4
2025,בריטניה,Reading,Male,Medium,MaleMedium,493.3
2006,בריטניה,Science,Female,0,Female,509.8
2009,בריטניה,Science,Female,0,Female,509.1
2012,בריטניה,Science,Female,0,Female,507.9
2015,בריטניה,Science,Female,0,Female,508.8
2018,בריטניה,Science,Female,0,Female,503.5
2022,בריטניה,Science,Female,0,Female,495.5
2025,בריטניה,Science,Female,0,Female,505.4
2006,בריטניה,Science,Female,High,FemaleHigh,549.5
2009,בריטניה,Science,Female,High,FemaleHigh,562.1
2012,בריטניה,Science,Female,High,FemaleHigh,556
2015,בריטניה,Science,Female,High,FemaleHigh,554
2018,בריטניה,Science,Female,High,FemaleHigh,543.4
2022,בריטניה,Science,Female,High,FemaleHigh,551.3
2025,בריטניה,Science,Female,High,FemaleHigh,548.1
2006,בריטניה,Science,Female,Low,FemaleLow,469.1
2009,בריטניה,Science,Female,Low,FemaleLow,466.2
2012,בריטניה,Science,Female,Low,FemaleLow,471.7
2015,בריטניה,Science,Female,Low,FemaleLow,473.2
2018,בריטניה,Science,Female,Low,FemaleLow,470.9
2022,בריטניה,Science,Female,Low,FemaleLow,463.7
2025,בריטניה,Science,Female,Low,FemaleLow,480.7
2006,בריטניה,Science,Female,Medium,FemaleMedium,514.6
2009,בריטניה,Science,Female,Medium,FemaleMedium,512.3
2012,בריטניה,Science,Female,Medium,FemaleMedium,504.5
2015,בריטניה,Science,Female,Medium,FemaleMedium,505.4
2018,בריטניה,Science,Female,Medium,FemaleMedium,497.7
2022,בריטניה,Science,Female,Medium,FemaleMedium,496.4
2025,בריטניה,Science,Female,Medium,FemaleMedium,510.3
2006,בריטניה,Science,0,0,General,514.8
2009,בריטניה,Science,0,0,General,513.7
2012,בריטניה,Science,0,0,General,514.1
2015,בריטניה,Science,0,0,General,509.2
2018,בריטניה,Science,0,0,General,504.7
2022,בריטניה,Science,0,0,General,499.7
2025,בריטניה,Science,0,0,General,511.4
2006,בריטניה,Science,0,High,GeneralHigh,554
2009,בריטניה,Science,0,High,GeneralHigh,565.6
2012,בריטניה,Science,0,High,GeneralHigh,561
2015,בריטניה,Science,0,High,GeneralHigh,551.2
2018,בריטניה,Science,0,High,GeneralHigh,544
2022,בריטניה,Science,0,High,GeneralHigh,551.4
2025,בריטניה,Science,0,High,GeneralHigh,555.5
2006,בריטניה,Science,0,Low,GeneralLow,474.1
2009,בריטניה,Science,0,Low,GeneralLow,471.4
2012,בריטניה,Science,0,Low,GeneralLow,477.2
2015,בריטניה,Science,0,Low,GeneralLow,476.6
2018,בריטניה,Science,0,Low,GeneralLow,470.9
2022,בריטניה,Science,0,Low,GeneralLow,471.5
2025,בריטניה,Science,0,Low,GeneralLow,486
2006,בריטניה,Science,0,Medium,GeneralMedium,516.8
2009,בריטניה,Science,0,Medium,GeneralMedium,517.2
2012,בריטניה,Science,0,Medium,GeneralMedium,510.9
2015,בריטניה,Science,0,Medium,GeneralMedium,508
2018,בריטניה,Science,0,Medium,GeneralMedium,501.3
2022,בריטניה,Science,0,Medium,GeneralMedium,499
2025,בריטניה,Science,0,Medium,GeneralMedium,517.7
2006,בריטניה,Science,Male,0,Male,519.9
2009,בריטניה,Science,Male,0,Male,518.5
2012,בריטניה,Science,Male,0,Male,520.6
2015,בריטניה,Science,Male,0,Male,509.6
2018,בריטניה,Science,Male,0,Male,505.9
2022,בריטניה,Science,Male,0,Male,503.7
2025,בריטניה,Science,Male,0,Male,516.9
2006,בריטניה,Science,Male,High,MaleHigh,558.1
2009,בריטניה,Science,Male,High,MaleHigh,569.1
2012,בריטניה,Science,Male,High,MaleHigh,565.9
2015,בריטניה,Science,Male,High,MaleHigh,548.5
2018,בריטניה,Science,Male,High,MaleHigh,544.8
2022,בריטניה,Science,Male,High,MaleHigh,551.6
2025,בריטניה,Science,Male,High,MaleHigh,562.3
2006,בריטניה,Science,Male,Low,MaleLow,479.8
2009,בריטניה,Science,Male,Low,MaleLow,477
2012,בריטניה,Science,Male,Low,MaleLow,483.2
2015,בריטניה,Science,Male,Low,MaleLow,480
2018,בריטניה,Science,Male,Low,MaleLow,471
2022,בריטניה,Science,Male,Low,MaleLow,479.2
2025,בריטניה,Science,Male,Low,MaleLow,491.3
2006,בריטניה,Science,Male,Medium,MaleMedium,519.2
2009,בריטניה,Science,Male,Medium,MaleMedium,522.4
2012,בריטניה,Science,Male,Medium,MaleMedium,517.6
2015,בריטניה,Science,Male,Medium,MaleMedium,510.5
2018,בריטניה,Science,Male,Medium,MaleMedium,504.9
2022,בריטניה,Science,Male,Medium,MaleMedium,501.6
2025,בריטניה,Science,Male,Medium,MaleMedium,524.8
2015,גאורגיה,Math,Female,0,Female,410.6
2018,גאורגיה,Math,Female,0,Female,399.8
2022,גאורגיה,Math,Female,0,Female,392.8
2025,גאורגיה,Math,Female,0,Female,417
2015,גאורגיה,Math,Female,High,FemaleHigh,458
2018,גאורגיה,Math,Female,High,FemaleHigh,453.5
2022,גאורגיה,Math,Female,High,FemaleHigh,433.4
2025,גאורגיה,Math,Female,High,FemaleHigh,452
2015,גאורגיה,Math,Female,Low,FemaleLow,381.7
2018,גאורגיה,Math,Female,Low,FemaleLow,377.8
2022,גאורגיה,Math,Female,Low,FemaleLow,375.7
2025,גאורגיה,Math,Female,Low,FemaleLow,406.8
2015,גאורגיה,Math,Female,Medium,FemaleMedium,436.6
2018,גאורגיה,Math,Female,Medium,FemaleMedium,421.6
2022,גאורגיה,Math,Female,Medium,FemaleMedium,413.5
2025,גאורגיה,Math,Female,Medium,FemaleMedium,434.6
2015,גאורגיה,Math,0,0,General,403.8
2018,גאורגיה,Math,0,0,General,397.6
2022,גאורגיה,Math,0,0,General,390
2025,גאורגיה,Math,0,0,General,416.4
2015,גאורגיה,Math,0,High,GeneralHigh,453.5
2018,גאורגיה,Math,0,High,GeneralHigh,444.6
2022,גאורגיה,Math,0,High,GeneralHigh,431.3
2025,גאורגיה,Math,0,High,GeneralHigh,449.2
2015,גאורגיה,Math,0,Low,GeneralLow,375.4
2018,גאורגיה,Math,0,Low,GeneralLow,376.5
2022,גאורגיה,Math,0,Low,GeneralLow,374.2
2025,גאורגיה,Math,0,Low,GeneralLow,409.4
2015,גאורגיה,Math,0,Medium,GeneralMedium,431.9
2018,גאורגיה,Math,0,Medium,GeneralMedium,420.1
2022,גאורגיה,Math,0,Medium,GeneralMedium,412
2025,גאורגיה,Math,0,Medium,GeneralMedium,437.7
2015,גאורגיה,Math,Male,0,Male,397.7
2018,גאורגיה,Math,Male,0,Male,395.5
2022,גאורגיה,Math,Male,0,Male,387.5
2025,גאורגיה,Math,Male,0,Male,415.8
2015,גאורגיה,Math,Male,High,MaleHigh,448.8
2018,גאורגיה,Math,Male,High,MaleHigh,436.2
2022,גאורגיה,Math,Male,High,MaleHigh,429.3
2025,גאורגיה,Math,Male,High,MaleHigh,446.6
2015,גאורגיה,Math,Male,Low,MaleLow,369.9
2018,גאורגיה,Math,Male,Low,MaleLow,375.4
2022,גאורגיה,Math,Male,Low,MaleLow,372.9
2025,גאורגיה,Math,Male,Low,MaleLow,412.1
2015,גאורגיה,Math,Male,Medium,MaleMedium,427.4
2018,גאורגיה,Math,Male,Medium,MaleMedium,418.8
2022,גאורגיה,Math,Male,Medium,MaleMedium,410.5
2025,גאורגיה,Math,Male,Medium,MaleMedium,441
2015,גאורגיה,Reading,Female,0,Female,431.9
2018,גאורגיה,Reading,Female,0,Female,399.5
2022,גאורגיה,Reading,Female,0,Female,391.8
2025,גאורגיה,Reading,Female,0,Female,405.7
2015,גאורגיה,Reading,Female,High,FemaleHigh,480.7
2018,גאורגיה,Reading,Female,High,FemaleHigh,454.3
2022,גאורגיה,Reading,Female,High,FemaleHigh,432.5
2025,גאורגיה,Reading,Female,High,FemaleHigh,436.4
2015,גאורגיה,Reading,Female,Low,FemaleLow,401.8
2018,גאורגיה,Reading,Female,Low,FemaleLow,379.2
2022,גאורגיה,Reading,Female,Low,FemaleLow,374.9
2025,גאורגיה,Reading,Female,Low,FemaleLow,395
2015,גאורגיה,Reading,Female,Medium,FemaleMedium,459.3
2018,גאורגיה,Reading,Female,Medium,FemaleMedium,417.2
2022,גאורגיה,Reading,Female,Medium,FemaleMedium,414.7
2025,גאורגיה,Reading,Female,Medium,FemaleMedium,425
2015,גאורגיה,Reading,0,0,General,401.3
2018,גאורגיה,Reading,0,0,General,379.8
2022,גאורגיה,Reading,0,0,General,373.9
2025,גאורגיה,Reading,0,0,General,384.2
2015,גאורגיה,Reading,0,High,GeneralHigh,453.8
2018,גאורגיה,Reading,0,High,GeneralHigh,424.2
2022,גאורגיה,Reading,0,High,GeneralHigh,414.3
2025,גאורגיה,Reading,0,High,GeneralHigh,412.3
2015,גאורגיה,Reading,0,Low,GeneralLow,371.5
2018,גאורגיה,Reading,0,Low,GeneralLow,361.6
2022,גאורגיה,Reading,0,Low,GeneralLow,358.1
2025,גאורגיה,Reading,0,Low,GeneralLow,380
2015,גאורגיה,Reading,0,Medium,GeneralMedium,430.5
2018,גאורגיה,Reading,0,Medium,GeneralMedium,398.7
2022,גאורגיה,Reading,0,Medium,GeneralMedium,398
2025,גאורגיה,Reading,0,Medium,GeneralMedium,406.3
2015,גאורגיה,Reading,Male,0,Male,373.8
2018,גאורגיה,Reading,Male,0,Male,361.7
2022,גאורגיה,Reading,Male,0,Male,357.1
2025,גאורגיה,Reading,Male,0,Male,364
2015,גאורגיה,Reading,Male,High,MaleHigh,425.8
2018,גאורגיה,Reading,Male,High,MaleHigh,396.2
2022,גאורגיה,Reading,Male,High,MaleHigh,396.8
2025,גאורגיה,Reading,Male,High,MaleHigh,389.7
2015,גאורגיה,Reading,Male,Low,MaleLow,345.6
2018,גאורגיה,Reading,Male,Low,MaleLow,344.8
2022,גאורגיה,Reading,Male,Low,MaleLow,342.7
2025,גאורגיה,Reading,Male,Low,MaleLow,363.4
2015,גאורגיה,Reading,Male,Medium,MaleMedium,403.5
2018,גאורגיה,Reading,Male,Medium,MaleMedium,382.3
2022,גאורגיה,Reading,Male,Medium,MaleMedium,380.4
2025,גאורגיה,Reading,Male,Medium,MaleMedium,386.7
2015,גאורגיה,Science,Female,0,Female,419.6
2018,גאורגיה,Science,Female,0,Female,390
2022,גאורגיה,Science,Female,0,Female,391.4
2025,גאורגיה,Science,Female,0,Female,429.7
2015,גאורגיה,Science,Female,High,FemaleHigh,460.6
2018,גאורגיה,Science,Female,High,FemaleHigh,436.9
2022,גאורגיה,Science,Female,High,FemaleHigh,433.8
2025,גאורגיה,Science,Female,High,FemaleHigh,464.6
2015,גאורגיה,Science,Female,Low,FemaleLow,393.8
2018,גאורגיה,Science,Female,Low,FemaleLow,370.9
2022,גאורגיה,Science,Female,Low,FemaleLow,372.1
2025,גאורגיה,Science,Female,Low,FemaleLow,419.1
2015,גאורגיה,Science,Female,Medium,FemaleMedium,443.3
2018,גאורגיה,Science,Female,Medium,FemaleMedium,408.8
2022,גאורגיה,Science,Female,Medium,FemaleMedium,415.9
2025,גאורגיה,Science,Female,Medium,FemaleMedium,448.3
2015,גאורגיה,Science,0,0,General,411.1
2018,גאורגיה,Science,0,0,General,382.7
2022,גאורגיה,Science,0,0,General,384.1
2025,גאורגיה,Science,0,0,General,422.1
2015,גאורגיה,Science,0,High,GeneralHigh,455.8
2018,גאורגיה,Science,0,High,GeneralHigh,424.6
2022,גאורגיה,Science,0,High,GeneralHigh,428
2025,גאורגיה,Science,0,High,GeneralHigh,453.4
2015,גאורגיה,Science,0,Low,GeneralLow,386
2018,גאורגיה,Science,0,Low,GeneralLow,364.7
2022,גאורגיה,Science,0,Low,GeneralLow,366.2
2025,גאורגיה,Science,0,Low,GeneralLow,416.5
2015,גאורגיה,Science,0,Medium,GeneralMedium,435.6
2018,גאורגיה,Science,0,Medium,GeneralMedium,402.2
2022,גאורגיה,Science,0,Medium,GeneralMedium,408.5
2025,גאורגיה,Science,0,Medium,GeneralMedium,443.8
2015,גאורגיה,Science,Male,0,Male,403.5
2018,גאורגיה,Science,Male,0,Male,375.9
2022,גאורגיה,Science,Male,0,Male,377.2
2025,גאורגיה,Science,Male,0,Male,415
2015,גאורגיה,Science,Male,High,MaleHigh,450.8
2018,גאורגיה,Science,Male,High,MaleHigh,413
2022,גאורגיה,Science,Male,High,MaleHigh,422.4
2025,גאורגיה,Science,Male,High,MaleHigh,442.9
2015,גאורגיה,Science,Male,Low,MaleLow,379.3
2018,גאורגיה,Science,Male,Low,MaleLow,358.7
2022,גאורגיה,Science,Male,Low,MaleLow,360.7
2025,גאורגיה,Science,Male,Low,MaleLow,413.7
2015,גאורגיה,Science,Male,Medium,MaleMedium,428.3
2018,גאורגיה,Science,Male,Medium,MaleMedium,396.3
2022,גאורגיה,Science,Male,Medium,MaleMedium,400.7
2025,גאורגיה,Science,Male,Medium,MaleMedium,439
2006,גרמניה,Math,Female,0,Female,493.7
2009,גרמניה,Math,Female,0,Female,504.8
2012,גרמניה,Math,Female,0,Female,506.6
2015,גרמניה,Math,Female,0,Female,497.5
2018,גרמניה,Math,Female,0,Female,496.2
2022,גרמניה,Math,Female,0,Female,469
2006,גרמניה,Math,Female,High,FemaleHigh,530.5
2009,גרמניה,Math,Female,High,FemaleHigh,560.4
2012,גרמניה,Math,Female,High,FemaleHigh,560.4
2015,גרמניה,Math,Female,High,FemaleHigh,542.8
2018,גרמניה,Math,Female,High,FemaleHigh,552.9
2022,גרמניה,Math,Female,High,FemaleHigh,538.3
2006,גרמניה,Math,Female,Low,FemaleLow,448.9
2009,גרמניה,Math,Female,Low,FemaleLow,455.8
2012,גרמניה,Math,Female,Low,FemaleLow,464.8
2015,גרמניה,Math,Female,Low,FemaleLow,468.6
2018,גרמניה,Math,Female,Low,FemaleLow,464.5
2022,גרמניה,Math,Female,Low,FemaleLow,435.7
2006,גרמניה,Math,Female,Medium,FemaleMedium,498.8
2009,גרמניה,Math,Female,Medium,FemaleMedium,520.1
2012,גרמניה,Math,Female,Medium,FemaleMedium,518.9
2015,גרמניה,Math,Female,Medium,FemaleMedium,505.1
2018,גרמניה,Math,Female,Medium,FemaleMedium,510.8
2022,גרמניה,Math,Female,Medium,FemaleMedium,483.8
2006,גרמניה,Math,0,0,General,503.8
2009,גרמניה,Math,0,0,General,512.8
2012,גרמניה,Math,0,0,General,513.5
2015,גרמניה,Math,0,0,General,506
2018,גרמניה,Math,0,0,General,500
2022,גרמניה,Math,0,0,General,474.8
2025,גרמניה,Math,0,0,General,463.8
2006,גרמניה,Math,0,High,GeneralHigh,539.6
2009,גרמניה,Math,0,High,GeneralHigh,567.6
2012,גרמניה,Math,0,High,GeneralHigh,564.6
2015,גרמניה,Math,0,High,GeneralHigh,552.4
2018,גרמניה,Math,0,High,GeneralHigh,559.5
2022,גרמניה,Math,0,High,GeneralHigh,541.9
2025,גרמניה,Math,0,High,GeneralHigh,531.6
2006,גרמניה,Math,0,Low,GeneralLow,456.3
2009,גרמניה,Math,0,Low,GeneralLow,465
2012,גרמניה,Math,0,Low,GeneralLow,474.4
2015,גרמניה,Math,0,Low,GeneralLow,478
2018,גרמניה,Math,0,Low,GeneralLow,470.2
2022,גרמניה,Math,0,Low,GeneralLow,444.1
2025,גרמניה,Math,0,Low,GeneralLow,439.7
2006,גרמניה,Math,0,Medium,GeneralMedium,507.2
2009,גרמניה,Math,0,Medium,GeneralMedium,523.2
2012,גרמניה,Math,0,Medium,GeneralMedium,526.4
2015,גרמניה,Math,0,Medium,GeneralMedium,513.5
2018,גרמניה,Math,0,Medium,GeneralMedium,516.6
2022,גרמניה,Math,0,Medium,GeneralMedium,488.5
2025,גרמניה,Math,0,Medium,GeneralMedium,491.4
2006,גרמניה,Math,Male,0,Male,513.2
2009,גרמניה,Math,Male,0,Male,520.4
2012,גרמניה,Math,Male,0,Male,520.2
2015,גרמניה,Math,Male,0,Male,514.1
2018,גרמניה,Math,Male,0,Male,503.3
2022,גרמניה,Math,Male,0,Male,480.4
2006,גרמניה,Math,Male,High,MaleHigh,547.2
2009,גרמניה,Math,Male,High,MaleHigh,574.5
2012,גרמניה,Math,Male,High,MaleHigh,568.9
2015,גרמניה,Math,Male,High,MaleHigh,561.5
2018,גרמניה,Math,Male,High,MaleHigh,565.7
2022,גרמניה,Math,Male,High,MaleHigh,545.5
2006,גרמניה,Math,Male,Low,MaleLow,464.3
2009,גרמניה,Math,Male,Low,MaleLow,474.5
2012,גרמניה,Math,Male,Low,MaleLow,483.7
2015,גרמניה,Math,Male,Low,MaleLow,488.2
2018,גרמניה,Math,Male,Low,MaleLow,475.1
2022,גרמניה,Math,Male,Low,MaleLow,452.5
2006,גרמניה,Math,Male,Medium,MaleMedium,515.3
2009,גרמניה,Math,Male,Medium,MaleMedium,526.1
2012,גרמניה,Math,Male,Medium,MaleMedium,534.2
2015,גרמניה,Math,Male,Medium,MaleMedium,522.3
2018,גרמניה,Math,Male,Medium,MaleMedium,521.5
2022,גרמניה,Math,Male,Medium,MaleMedium,492.6
2006,גרמניה,Reading,Female,0,Female,516.6
2009,גרמניה,Reading,Female,0,Female,517.6
2012,גרמניה,Reading,Female,0,Female,530.1
2015,גרמניה,Reading,Female,0,Female,519.7
2018,גרמניה,Reading,Female,0,Female,512.2
2022,גרמניה,Reading,Female,0,Female,489.7
2006,גרמניה,Reading,Female,High,FemaleHigh,547.4
2009,גרמניה,Reading,Female,High,FemaleHigh,567.4
2012,גרמניה,Reading,Female,High,FemaleHigh,576.4
2015,גרמניה,Reading,Female,High,FemaleHigh,569
2018,גרמניה,Reading,Female,High,FemaleHigh,577.5
2022,גרמניה,Reading,Female,High,FemaleHigh,563.6
2006,גרמניה,Reading,Female,Low,FemaleLow,473.1
2009,גרמניה,Reading,Female,Low,FemaleLow,473.6
2012,גרמניה,Reading,Female,Low,FemaleLow,496
2015,גרמניה,Reading,Female,Low,FemaleLow,493.2
2018,גרמניה,Reading,Female,Low,FemaleLow,479.2
2022,גרמניה,Reading,Female,Low,FemaleLow,457.3
2006,גרמניה,Reading,Female,Medium,FemaleMedium,525.9
2009,גרמניה,Reading,Female,Medium,FemaleMedium,531.3
2012,גרמניה,Reading,Female,Medium,FemaleMedium,545.3
2015,גרמניה,Reading,Female,Medium,FemaleMedium,530.4
2018,גרמניה,Reading,Female,Medium,FemaleMedium,528.5
2022,גרמניה,Reading,Female,Medium,FemaleMedium,505.1
2006,גרמניה,Reading,0,0,General,494.9
2009,גרמניה,Reading,0,0,General,497.3
2012,גרמניה,Reading,0,0,General,507.7
2015,גרמניה,Reading,0,0,General,509.1
2018,גרמניה,Reading,0,0,General,498.3
2022,גרמניה,Reading,0,0,General,479.8
2025,גרמניה,Reading,0,0,General,465.3
2006,גרמניה,Reading,0,High,GeneralHigh,527.6
2009,גרמניה,Reading,0,High,GeneralHigh,547.4
2012,גרמניה,Reading,0,High,GeneralHigh,553.8
2015,גרמניה,Reading,0,High,GeneralHigh,559.6
2018,גרמניה,Reading,0,High,GeneralHigh,563.9
2022,גרמניה,Reading,0,High,GeneralHigh,548.5
2025,גרמניה,Reading,0,High,GeneralHigh,538.2
2006,גרמניה,Reading,0,Low,GeneralLow,446.5
2009,גרמניה,Reading,0,Low,GeneralLow,454.8
2012,גרמניה,Reading,0,Low,GeneralLow,474.5
2015,גרמניה,Reading,0,Low,GeneralLow,483
2018,גרמניה,Reading,0,Low,GeneralLow,467.7
2022,גרמניה,Reading,0,Low,GeneralLow,449.4
2025,גרמניה,Reading,0,Low,GeneralLow,441.7
2006,גרמניה,Reading,0,Medium,GeneralMedium,502.2
2009,גרמניה,Reading,0,Medium,GeneralMedium,507.9
2012,גרמניה,Reading,0,Medium,GeneralMedium,523.9
2015,גרמניה,Reading,0,Medium,GeneralMedium,519.5
2018,גרמניה,Reading,0,Medium,GeneralMedium,514.6
2022,גרמניה,Reading,0,Medium,GeneralMedium,491.9
2025,גרמניה,Reading,0,Medium,GeneralMedium,494.5
2006,גרמניה,Reading,Male,0,Male,474.6
2009,גרמניה,Reading,Male,0,Male,477.9
2012,גרמניה,Reading,Male,0,Male,486
2015,גרמניה,Reading,Male,0,Male,498.9
2018,גרמניה,Reading,Male,0,Male,486.3
2022,גרמניה,Reading,Male,0,Male,470.3
2006,גרמניה,Reading,Male,High,MaleHigh,511.2
2009,גרמניה,Reading,Male,High,MaleHigh,528.4
2012,גרמניה,Reading,Male,High,MaleHigh,531.5
2015,גרמניה,Reading,Male,High,MaleHigh,550.6
2018,גרמניה,Reading,Male,High,MaleHigh,551.1
2022,גרמניה,Reading,Male,High,MaleHigh,533.4
2006,גרמניה,Reading,Male,Low,MaleLow,418.1
2009,גרמניה,Reading,Male,Low,MaleLow,435.1
2012,גרמניה,Reading,Male,Low,MaleLow,453.7
2015,גרמניה,Reading,Male,Low,MaleLow,472.2
2018,גרמניה,Reading,Male,Low,MaleLow,457.7
2022,גרמניה,Reading,Male,Low,MaleLow,441.4
2006,גרמניה,Reading,Male,Medium,MaleMedium,479.6
2009,גרמניה,Reading,Male,Medium,MaleMedium,485
2012,גרמניה,Reading,Male,Medium,MaleMedium,501.2
2015,גרמניה,Reading,Male,Medium,MaleMedium,508
2018,גרמניה,Reading,Male,Medium,MaleMedium,502.5
2022,גרמניה,Reading,Male,Medium,MaleMedium,480.3
2006,גרמניה,Science,Female,0,Female,512
2009,גרמניה,Science,Female,0,Female,517.6
2012,גרמניה,Science,Female,0,Female,524.4
2015,גרמניה,Science,Female,0,Female,503.8
2018,גרמניה,Science,Female,0,Female,503.6
2022,גרמניה,Science,Female,0,Female,492.2
2006,גרמניה,Science,Female,High,FemaleHigh,547.7
2009,גרמניה,Science,Female,High,FemaleHigh,572.6
2012,גרמניה,Science,Female,High,FemaleHigh,575.4
2015,גרמניה,Science,Female,High,FemaleHigh,557.3
2018,גרמניה,Science,Female,High,FemaleHigh,563.8
2022,גרמניה,Science,Female,High,FemaleHigh,567.8
2006,גרמניה,Science,Female,Low,FemaleLow,466.6
2009,גרמניה,Science,Female,Low,FemaleLow,468.6
2012,גרמניה,Science,Female,Low,FemaleLow,484.8
2015,גרמניה,Science,Female,Low,FemaleLow,471.6
2018,גרמניה,Science,Female,Low,FemaleLow,469.4
2022,גרמניה,Science,Female,Low,FemaleLow,456.3
2006,גרמניה,Science,Female,Medium,FemaleMedium,518.3
2009,גרמניה,Science,Female,Medium,FemaleMedium,532.2
2012,גרמניה,Science,Female,Medium,FemaleMedium,537.9
2015,גרמניה,Science,Female,Medium,FemaleMedium,512.4
2018,גרמניה,Science,Female,Medium,FemaleMedium,520.3
2022,גרמניה,Science,Female,Medium,FemaleMedium,507.8
2006,גרמניה,Science,0,0,General,515.6
2009,גרמניה,Science,0,0,General,520.4
2012,גרמניה,Science,0,0,General,524.1
2015,גרמניה,Science,0,0,General,509.1
2018,גרמניה,Science,0,0,General,503
2022,גרמניה,Science,0,0,General,492.4
2025,גרמניה,Science,0,0,General,485.5
2006,גרמניה,Science,0,High,GeneralHigh,550.9
2009,גרמניה,Science,0,High,GeneralHigh,577.2
2012,גרמניה,Science,0,High,GeneralHigh,573.3
2015,גרמניה,Science,0,High,GeneralHigh,564.6
2018,גרמניה,Science,0,High,GeneralHigh,565.5
2022,גרמניה,Science,0,High,GeneralHigh,564.4
2025,גרמניה,Science,0,High,GeneralHigh,562.5
2006,גרמניה,Science,0,Low,GeneralLow,467.5
2009,גרמניה,Science,0,Low,GeneralLow,470.5
2012,גרמניה,Science,0,Low,GeneralLow,486.2
2015,גרמניה,Science,0,Low,GeneralLow,477.7
2018,גרמניה,Science,0,Low,GeneralLow,470.4
2022,גרמניה,Science,0,Low,GeneralLow,459
2025,גרמניה,Science,0,Low,GeneralLow,458.7
2006,גרמניה,Science,0,Medium,GeneralMedium,520.1
2009,גרמניה,Science,0,Medium,GeneralMedium,531.9
2012,גרמניה,Science,0,Medium,GeneralMedium,538.5
2015,גרמניה,Science,0,Medium,GeneralMedium,518.1
2018,גרמניה,Science,0,Medium,GeneralMedium,521.5
2022,גרמניה,Science,0,Medium,GeneralMedium,505.9
2025,גרמניה,Science,0,Medium,GeneralMedium,516.9
2006,גרמניה,Science,Male,0,Male,519.1
2009,גרמניה,Science,Male,0,Male,523.1
2012,גרמניה,Science,Male,0,Male,523.9
2015,גרמניה,Science,Male,0,Male,514.3
2018,גרמניה,Science,Male,0,Male,502.5
2022,גרמניה,Science,Male,0,Male,492.6
2006,גרמניה,Science,Male,High,MaleHigh,553.6
2009,גרמניה,Science,Male,High,MaleHigh,581.5
2012,גרמניה,Science,Male,High,MaleHigh,571.3
2015,גרמניה,Science,Male,High,MaleHigh,571.5
2018,גרמניה,Science,Male,High,MaleHigh,567.2
2022,גרמניה,Science,Male,High,MaleHigh,560.9
2006,גרמניה,Science,Male,Low,MaleLow,468.5
2009,גרמניה,Science,Male,Low,MaleLow,472.6
2012,גרמניה,Science,Male,Low,MaleLow,487.5
2015,גרמניה,Science,Male,Low,MaleLow,484.2
2018,גרמניה,Science,Male,Low,MaleLow,471.2
2022,גרמניה,Science,Male,Low,MaleLow,461.7
2006,גרמניה,Science,Male,Medium,MaleMedium,521.9
2009,גרמניה,Science,Male,Medium,MaleMedium,531.5
2012,גרמניה,Science,Male,Medium,MaleMedium,539.2
2015,גרמניה,Science,Male,Medium,MaleMedium,524.1
2018,גרמניה,Science,Male,Medium,MaleMedium,522.7
2022,גרמניה,Science,Male,Medium,MaleMedium,504.2
2006,דנמרק,Math,Female,0,Female,507.9
2009,דנמרק,Math,Female,0,Female,495.3
2012,דנמרק,Math,Female,0,Female,493
2015,דנמרק,Math,Female,0,Female,506.4
2018,דנמרק,Math,Female,0,Female,507.5
2022,דנמרק,Math,Female,0,Female,483.3
2006,דנמרק,Math,Female,High,FemaleHigh,541
2009,דנמרק,Math,Female,High,FemaleHigh,533.5
2012,דנמרק,Math,Female,High,FemaleHigh,525.3
2015,דנמרק,Math,Female,High,FemaleHigh,529.2
2018,דנמרק,Math,Female,High,FemaleHigh,532
2022,דנמרק,Math,Female,High,FemaleHigh,510.2
2006,דנמרק,Math,Female,Low,FemaleLow,473.2
2009,דנמרק,Math,Female,Low,FemaleLow,456.3
2012,דנמרק,Math,Female,Low,FemaleLow,452.4
2015,דנמרק,Math,Female,Low,FemaleLow,468.9
2018,דנמרק,Math,Female,Low,FemaleLow,464.4
2022,דנמרק,Math,Female,Low,FemaleLow,438.7
2006,דנמרק,Math,Female,Medium,FemaleMedium,505.8
2009,דנמרק,Math,Female,Medium,FemaleMedium,495.9
2012,דנמרק,Math,Female,Medium,FemaleMedium,487.7
2015,דנמרק,Math,Female,Medium,FemaleMedium,492.8
2018,דנמרק,Math,Female,Medium,FemaleMedium,494.9
2022,דנמרק,Math,Female,Medium,FemaleMedium,475.2
2006,דנמרק,Math,0,0,General,513
2009,דנמרק,Math,0,0,General,503.3
2012,דנמרק,Math,0,0,General,500
2015,דנמרק,Math,0,0,General,511.1
2018,דנמרק,Math,0,0,General,509.4
2022,דנמרק,Math,0,0,General,489.3
2025,דנמרק,Math,0,0,General,470.6
2006,דנמרק,Math,0,High,GeneralHigh,543.3
2009,דנמרק,Math,0,High,GeneralHigh,538.7
2012,דנמרק,Math,0,High,GeneralHigh,532.9
2015,דנמרק,Math,0,High,GeneralHigh,532.7
2018,דנמרק,Math,0,High,GeneralHigh,534.1
2022,דנמרק,Math,0,High,GeneralHigh,517.5
2025,דנמרק,Math,0,High,GeneralHigh,500.8
2006,דנמרק,Math,0,Low,GeneralLow,477.9
2009,דנמרק,Math,0,Low,GeneralLow,466.8
2012,דנמרק,Math,0,Low,GeneralLow,460.2
2015,דנמרק,Math,0,Low,GeneralLow,474.2
2018,דנמרק,Math,0,Low,GeneralLow,468.6
2022,דנמרק,Math,0,Low,GeneralLow,445.1
2025,דנמרק,Math,0,Low,GeneralLow,443.9
2006,דנמרק,Math,0,Medium,GeneralMedium,511.8
2009,דנמרק,Math,0,Medium,GeneralMedium,502.4
2012,דנמרק,Math,0,Medium,GeneralMedium,493.1
2015,דנמרק,Math,0,Medium,GeneralMedium,499.3
2018,דנמרק,Math,0,Medium,GeneralMedium,496.6
2022,דנמרק,Math,0,Medium,GeneralMedium,479.2
2025,דנמרק,Math,0,Medium,GeneralMedium,469.3
2006,דנמרק,Math,Male,0,Male,518.2
2009,דנמרק,Math,Male,0,Male,511.4
2012,דנמרק,Math,Male,0,Male,507
2015,דנמרק,Math,Male,0,Male,515.8
2018,דנמרק,Math,Male,0,Male,511.3
2022,דנמרק,Math,Male,0,Male,495
2006,דנמרק,Math,Male,High,MaleHigh,545.4
2009,דנמרק,Math,Male,High,MaleHigh,543.9
2012,דנמרק,Math,Male,High,MaleHigh,540.2
2015,דנמרק,Math,Male,High,MaleHigh,536
2018,דנמרק,Math,Male,High,MaleHigh,536.3
2022,דנמרק,Math,Male,High,MaleHigh,524.3
2006,דנמרק,Math,Male,Low,MaleLow,482.8
2009,דנמרק,Math,Male,Low,MaleLow,479.1
2012,דנמרק,Math,Male,Low,MaleLow,468.1
2015,דנמרק,Math,Male,Low,MaleLow,479.5
2018,דנמרק,Math,Male,Low,MaleLow,472.6
2022,דנמרק,Math,Male,Low,MaleLow,451.4
2006,דנמרק,Math,Male,Medium,MaleMedium,518.4
2009,דנמרק,Math,Male,Medium,MaleMedium,508.5
2012,דנמרק,Math,Male,Medium,MaleMedium,498.7
2015,דנמרק,Math,Male,Medium,MaleMedium,506.4
2018,דנמרק,Math,Male,Medium,MaleMedium,498.4
2022,דנמרק,Math,Male,Medium,MaleMedium,483.3
2006,דנמרק,Reading,Female,0,Female,509.3
2009,דנמרק,Reading,Female,0,Female,509.2
2012,דנמרק,Reading,Female,0,Female,511.5
2015,דנמרק,Reading,Female,0,Female,511
2018,דנמרק,Reading,Female,0,Female,515.8
2022,דנמרק,Reading,Female,0,Female,499.4
2006,דנמרק,Reading,Female,High,FemaleHigh,539.9
2009,דנמרק,Reading,Female,High,FemaleHigh,547.2
2012,דנמרק,Reading,Female,High,FemaleHigh,543.8
2015,דנמרק,Reading,Female,High,FemaleHigh,536.4
2018,דנמרק,Reading,Female,High,FemaleHigh,543.2
2022,דנמרק,Reading,Female,High,FemaleHigh,528.1
2006,דנמרק,Reading,Female,Low,FemaleLow,476.6
2009,דנמרק,Reading,Female,Low,FemaleLow,468.6
2012,דנמרק,Reading,Female,Low,FemaleLow,471.2
2015,דנמרק,Reading,Female,Low,FemaleLow,474.7
2018,דנמרק,Reading,Female,Low,FemaleLow,470.5
2022,דנמרק,Reading,Female,Low,FemaleLow,451.3
2006,דנמרק,Reading,Female,Medium,FemaleMedium,507.8
2009,דנמרק,Reading,Female,Medium,FemaleMedium,512
2012,דנמרק,Reading,Female,Medium,FemaleMedium,506.4
2015,דנמרק,Reading,Female,Medium,FemaleMedium,493.2
2018,דנמרק,Reading,Female,Medium,FemaleMedium,502.1
2022,דנמרק,Reading,Female,Medium,FemaleMedium,492.4
2006,דנמרק,Reading,0,0,General,494.5
2009,דנמרק,Reading,0,0,General,494.9
2012,דנמרק,Reading,0,0,General,496.1
2015,דנמרק,Reading,0,0,General,499.8
2018,דנמרק,Reading,0,0,General,501.1
2022,דנמרק,Reading,0,0,General,488.8
2025,דנמרק,Reading,0,0,General,460
2006,דנמרק,Reading,0,High,GeneralHigh,522.8
2009,דנמרק,Reading,0,High,GeneralHigh,531.5
2012,דנמרק,Reading,0,High,GeneralHigh,529.5
2015,דנמרק,Reading,0,High,GeneralHigh,522.9
2018,דנמרק,Reading,0,High,GeneralHigh,528.3
2022,דנמרק,Reading,0,High,GeneralHigh,517.2
2025,דנמרק,Reading,0,High,GeneralHigh,489.5
2006,דנמרק,Reading,0,Low,GeneralLow,461.5
2009,דנמרק,Reading,0,Low,GeneralLow,457.7
2012,דנמרק,Reading,0,Low,GeneralLow,454.9
2015,דנמרק,Reading,0,Low,GeneralLow,463.9
2018,דנמרק,Reading,0,Low,GeneralLow,457.2
2022,דנמרק,Reading,0,Low,GeneralLow,443.7
2025,דנמרק,Reading,0,Low,GeneralLow,430.7
2006,דנמרק,Reading,0,Medium,GeneralMedium,493.4
2009,דנמרק,Reading,0,Medium,GeneralMedium,494.2
2012,דנמרק,Reading,0,Medium,GeneralMedium,491.2
2015,דנמרק,Reading,0,Medium,GeneralMedium,485.1
2018,דנמרק,Reading,0,Medium,GeneralMedium,487.9
2022,דנמרק,Reading,0,Medium,GeneralMedium,480.2
2025,דנמרק,Reading,0,Medium,GeneralMedium,461.5
2006,דנמרק,Reading,Male,0,Male,479.5
2009,דנמרק,Reading,Male,0,Male,480.4
2012,דנמרק,Reading,Male,0,Male,480.9
2015,דנמרק,Reading,Male,0,Male,488.8
2018,דנמרק,Reading,Male,0,Male,486.5
2022,דנמרק,Reading,Male,0,Male,478.6
2006,דנמרק,Reading,Male,High,MaleHigh,507.3
2009,דנמרק,Reading,Male,High,MaleHigh,515.9
2012,דנמרק,Reading,Male,High,MaleHigh,515.6
2015,דנמרק,Reading,Male,High,MaleHigh,510.2
2018,דנמרק,Reading,Male,High,MaleHigh,513.5
2022,דנמרק,Reading,Male,High,MaleHigh,507
2006,דנמרק,Reading,Male,Low,MaleLow,445.7
2009,דנמרק,Reading,Male,Low,MaleLow,444.9
2012,דנמרק,Reading,Male,Low,MaleLow,438.5
2015,דנמרק,Reading,Male,Low,MaleLow,453
2018,דנמרק,Reading,Male,Low,MaleLow,444.6
2022,דנמרק,Reading,Male,Low,MaleLow,436.3
2006,דנמרק,Reading,Male,Medium,MaleMedium,477.7
2009,דנמרק,Reading,Male,Medium,MaleMedium,477.4
2012,דנמרק,Reading,Male,Medium,MaleMedium,475.7
2015,דנמרק,Reading,Male,Medium,MaleMedium,476.1
2018,דנמרק,Reading,Male,Medium,MaleMedium,473
2022,דנמרק,Reading,Male,Medium,MaleMedium,467.8
2006,דנמרק,Science,Female,0,Female,491.5
2009,דנמרק,Science,Female,0,Female,493.6
2012,דנמרק,Science,Female,0,Female,493.4
2015,דנמרק,Science,Female,0,Female,498.9
2018,דנמרק,Science,Female,0,Female,493.7
2022,דנמרק,Science,Female,0,Female,490.2
2006,דנמרק,Science,Female,High,FemaleHigh,529.6
2009,דנמרק,Science,Female,High,FemaleHigh,532.5
2012,דנמרק,Science,Female,High,FemaleHigh,527.6
2015,דנמרק,Science,Female,High,FemaleHigh,523.5
2018,דנמרק,Science,Female,High,FemaleHigh,522
2022,דנמרק,Science,Female,High,FemaleHigh,519.1
2006,דנמרק,Science,Female,Low,FemaleLow,452.2
2009,דנמרק,Science,Female,Low,FemaleLow,453
2012,דנמרק,Science,Female,Low,FemaleLow,450
2015,דנמרק,Science,Female,Low,FemaleLow,460.6
2018,דנמרק,Science,Female,Low,FemaleLow,445.1
2022,דנמרק,Science,Female,Low,FemaleLow,442.4
2006,דנמרק,Science,Female,Medium,FemaleMedium,488.4
2009,דנמרק,Science,Female,Medium,FemaleMedium,496.2
2012,דנמרק,Science,Female,Medium,FemaleMedium,489.2
2015,דנמרק,Science,Female,Medium,FemaleMedium,482.6
2018,דנמרק,Science,Female,Medium,FemaleMedium,480.2
2022,דנמרק,Science,Female,Medium,FemaleMedium,480.3
2006,דנמרק,Science,0,0,General,495.9
2009,דנמרק,Science,0,0,General,499.3
2012,דנמרק,Science,0,0,General,498.5
2015,דנמרק,Science,0,0,General,501.9
2018,דנמרק,Science,0,0,General,492.6
2022,דנמרק,Science,0,0,General,493.8
2025,דנמרק,Science,0,0,General,477.5
2006,דנמרק,Science,0,High,GeneralHigh,531.4
2009,דנמרק,Science,0,High,GeneralHigh,538.9
2012,דנמרק,Science,0,High,GeneralHigh,534.5
2015,דנמרק,Science,0,High,GeneralHigh,525.6
2018,דנמרק,Science,0,High,GeneralHigh,521.2
2022,דנמרק,Science,0,High,GeneralHigh,523.9
2025,דנמרק,Science,0,High,GeneralHigh,511.9
2006,דנמרק,Science,0,Low,GeneralLow,456.3
2009,דנמרק,Science,0,Low,GeneralLow,458.6
2012,דנמרק,Science,0,Low,GeneralLow,454.1
2015,דנמרק,Science,0,Low,GeneralLow,463.6
2018,דנמרק,Science,0,Low,GeneralLow,445.2
2022,דנמרק,Science,0,Low,GeneralLow,445.2
2025,דנמרק,Science,0,Low,GeneralLow,442.8
2006,דנמרק,Science,0,Medium,GeneralMedium,493.2
2009,דנמרק,Science,0,Medium,GeneralMedium,499.2
2012,דנמרק,Science,0,Medium,GeneralMedium,492.4
2015,דנמרק,Science,0,Medium,GeneralMedium,487.1
2018,דנמרק,Science,0,Medium,GeneralMedium,479.5
2022,דנמרק,Science,0,Medium,GeneralMedium,482.3
2025,דנמרק,Science,0,Medium,GeneralMedium,476.8
2006,דנמרק,Science,Male,0,Male,500.4
2009,דנמרק,Science,Male,0,Male,505.2
2012,דנמרק,Science,Male,0,Male,503.5
2015,דנמרק,Science,Male,0,Male,504.9
2018,דנמרק,Science,Male,0,Male,491.6
2022,דנמרק,Science,Male,0,Male,497.3
2006,דנמרק,Science,Male,High,MaleHigh,533
2009,דנמרק,Science,Male,High,MaleHigh,545.2
2012,דנמרק,Science,Male,High,MaleHigh,541.2
2015,דנמרק,Science,Male,High,MaleHigh,527.6
2018,דנמרק,Science,Male,High,MaleHigh,520.4
2022,דנמרק,Science,Male,High,MaleHigh,528.4
2006,דנמרק,Science,Male,Low,MaleLow,460.7
2009,דנמרק,Science,Male,Low,MaleLow,465.2
2012,דנמרק,Science,Male,Low,MaleLow,458.2
2015,דנמרק,Science,Male,Low,MaleLow,466.7
2018,דנמרק,Science,Male,Low,MaleLow,445.2
2022,דנמרק,Science,Male,Low,MaleLow,448
2006,דנמרק,Science,Male,Medium,MaleMedium,498.3
2009,דנמרק,Science,Male,Medium,MaleMedium,502
2012,דנמרק,Science,Male,Medium,MaleMedium,495.6
2015,דנמרק,Science,Male,Medium,MaleMedium,492.2
2018,דנמרק,Science,Male,Medium,MaleMedium,478.7
2022,דנמרק,Science,Male,Medium,MaleMedium,484.4
2006,דרום-קוריאה,Math,Female,0,Female,542.8
2009,דרום-קוריאה,Math,Female,0,Female,544.5
2012,דרום-קוריאה,Math,Female,0,Female,544.2
2015,דרום-קוריאה,Math,Female,0,Female,527.8
2018,דרום-קוריאה,Math,Female,0,Female,523.8
2022,דרום-קוריאה,Math,Female,0,Female,524.6
2025,דרום-קוריאה,Math,Female,0,Female,516.7
2006,דרום-קוריאה,Math,Female,High,FemaleHigh,589.1
2009,דרום-קוריאה,Math,Female,High,FemaleHigh,591.7
2012,דרום-קוריאה,Math,Female,High,FemaleHigh,586.4
2015,דרום-קוריאה,Math,Female,High,FemaleHigh,587.3
2018,דרום-קוריאה,Math,Female,High,FemaleHigh,568.8
2022,דרום-קוריאה,Math,Female,High,FemaleHigh,561.6
2025,דרום-קוריאה,Math,Female,High,FemaleHigh,556.8
2006,דרום-קוריאה,Math,Female,Low,FemaleLow,515.8
2009,דרום-קוריאה,Math,Female,Low,FemaleLow,520.6
2012,דרום-קוריאה,Math,Female,Low,FemaleLow,517.4
2015,דרום-קוריאה,Math,Female,Low,FemaleLow,500.7
2018,דרום-קוריאה,Math,Female,Low,FemaleLow,486.7
2022,דרום-קוריאה,Math,Female,Low,FemaleLow,478.2
2025,דרום-קוריאה,Math,Female,Low,FemaleLow,468.1
2006,דרום-קוריאה,Math,Female,Medium,FemaleMedium,547.8
2009,דרום-קוריאה,Math,Female,Medium,FemaleMedium,552.6
2012,דרום-קוריאה,Math,Female,Medium,FemaleMedium,552.5
2015,דרום-קוריאה,Math,Female,Medium,FemaleMedium,544.3
2018,דרום-קוריאה,Math,Female,Medium,FemaleMedium,527.2
2022,דרום-קוריאה,Math,Female,Medium,FemaleMedium,523.2
2025,דרום-קוריאה,Math,Female,Medium,FemaleMedium,525.6
2006,דרום-קוריאה,Math,0,0,General,547.5
2009,דרום-קוריאה,Math,0,0,General,546.2
2012,דרום-קוריאה,Math,0,0,General,553.8
2015,דרום-קוריאה,Math,0,0,General,524.1
2018,דרום-קוריאה,Math,0,0,General,525.9
2022,דרום-קוריאה,Math,0,0,General,527.3
2025,דרום-קוריאה,Math,0,0,General,522.3
2006,דרום-קוריאה,Math,0,High,GeneralHigh,593.9
2009,דרום-קוריאה,Math,0,High,GeneralHigh,595.3
2012,דרום-קוריאה,Math,0,High,GeneralHigh,599.7
2015,דרום-קוריאה,Math,0,High,GeneralHigh,589.7
2018,דרום-קוריאה,Math,0,High,GeneralHigh,571.5
2022,דרום-קוריאה,Math,0,High,GeneralHigh,569.9
2025,דרום-קוריאה,Math,0,High,GeneralHigh,565.3
2006,דרום-קוריאה,Math,0,Low,GeneralLow,520.3
2009,דרום-קוריאה,Math,0,Low,GeneralLow,519.6
2012,דרום-קוריאה,Math,0,Low,GeneralLow,522.1
2015,דרום-קוריאה,Math,0,Low,GeneralLow,494.3
2018,דרום-קוריאה,Math,0,Low,GeneralLow,488.9
2022,דרום-קוריאה,Math,0,Low,GeneralLow,481.2
2025,דרום-קוריאה,Math,0,Low,GeneralLow,477.6
2006,דרום-קוריאה,Math,0,Medium,GeneralMedium,551.8
2009,דרום-קוריאה,Math,0,Medium,GeneralMedium,559.3
2012,דרום-קוריאה,Math,0,Medium,GeneralMedium,561.9
2015,דרום-קוריאה,Math,0,Medium,GeneralMedium,545.2
2018,דרום-קוריאה,Math,0,Medium,GeneralMedium,532.2
2022,דרום-קוריאה,Math,0,Medium,GeneralMedium,529.4
2025,דרום-קוריאה,Math,0,Medium,GeneralMedium,532.5
2006,דרום-קוריאה,Math,Male,0,Male,552
2009,דרום-קוריאה,Math,Male,0,Male,547.8
2012,דרום-קוריאה,Math,Male,0,Male,562.1
2015,דרום-קוריאה,Math,Male,0,Male,520.8
2018,דרום-קוריאה,Math,Male,0,Male,527.9
2022,דרום-קוריאה,Math,Male,0,Male,529.7
2025,דרום-קוריאה,Math,Male,0,Male,527.6
2006,דרום-קוריאה,Math,Male,High,MaleHigh,598.3
2009,דרום-קוריאה,Math,Male,High,MaleHigh,598.8
2012,דרום-קוריאה,Math,Male,High,MaleHigh,609.8
2015,דרום-קוריאה,Math,Male,High,MaleHigh,592
2018,דרום-קוריאה,Math,Male,High,MaleHigh,574.4
2022,דרום-קוריאה,Math,Male,High,MaleHigh,579
2025,דרום-קוריאה,Math,Male,High,MaleHigh,573.6
2006,דרום-קוריאה,Math,Male,Low,MaleLow,524.7
2009,דרום-קוריאה,Math,Male,Low,MaleLow,518.8
2012,דרום-קוריאה,Math,Male,Low,MaleLow,526.7
2015,דרום-קוריאה,Math,Male,Low,MaleLow,489
2018,דרום-קוריאה,Math,Male,Low,MaleLow,490.8
2022,דרום-קוריאה,Math,Male,Low,MaleLow,483.3
2025,דרום-קוריאה,Math,Male,Low,MaleLow,485.7
2006,דרום-קוריאה,Math,Male,Medium,MaleMedium,555.6
2009,דרום-קוריאה,Math,Male,Medium,MaleMedium,565.6
2012,דרום-קוריאה,Math,Male,Medium,MaleMedium,569.8
2015,דרום-קוריאה,Math,Male,Medium,MaleMedium,546
2018,דרום-קוריאה,Math,Male,Medium,MaleMedium,536.8
2022,דרום-קוריאה,Math,Male,Medium,MaleMedium,535.3
2025,דרום-קוריאה,Math,Male,Medium,MaleMedium,539.8
2006,דרום-קוריאה,Reading,Female,0,Female,573.8
2009,דרום-קוריאה,Reading,Female,0,Female,558
2012,דרום-קוריאה,Reading,Female,0,Female,548.2
2015,דרום-קוריאה,Reading,Female,0,Female,538.6
2018,דרום-קוריאה,Reading,Female,0,Female,526.4
2022,דרום-קוריאה,Reading,Female,0,Female,533.3
2025,דרום-קוריאה,Reading,Female,0,Female,514.9
2006,דרום-קוריאה,Reading,Female,High,FemaleHigh,608.9
2009,דרום-קוריאה,Reading,Female,High,FemaleHigh,594.3
2012,דרום-קוריאה,Reading,Female,High,FemaleHigh,582.7
2015,דרום-קוריאה,Reading,Female,High,FemaleHigh,588.2
2018,דרום-קוריאה,Reading,Female,High,FemaleHigh,561.2
2022,דרום-קוריאה,Reading,Female,High,FemaleHigh,566.6
2025,דרום-קוריאה,Reading,Female,High,FemaleHigh,543.8
2006,דרום-קוריאה,Reading,Female,Low,FemaleLow,552.8
2009,דרום-קוריאה,Reading,Female,Low,FemaleLow,540.1
2012,דרום-קוריאה,Reading,Female,Low,FemaleLow,526.2
2015,דרום-קוריאה,Reading,Female,Low,FemaleLow,516.5
2018,דרום-קוריאה,Reading,Female,Low,FemaleLow,495.6
2022,דרום-קוריאה,Reading,Female,Low,FemaleLow,491.5
2025,דרום-קוריאה,Reading,Female,Low,FemaleLow,478.6
2006,דרום-קוריאה,Reading,Female,Medium,FemaleMedium,578.2
2009,דרום-קוריאה,Reading,Female,Medium,FemaleMedium,563.7
2012,דרום-קוריאה,Reading,Female,Medium,FemaleMedium,555.2
2015,דרום-קוריאה,Reading,Female,Medium,FemaleMedium,553
2018,דרום-קוריאה,Reading,Female,Medium,FemaleMedium,530.3
2022,דרום-קוריאה,Reading,Female,Medium,FemaleMedium,531.9
2025,דרום-קוריאה,Reading,Female,Medium,FemaleMedium,522.7
2006,דרום-קוריאה,Reading,0,0,General,556
2009,דרום-קוריאה,Reading,0,0,General,539.3
2012,דרום-קוריאה,Reading,0,0,General,535.8
2015,דרום-קוריאה,Reading,0,0,General,517.4
2018,דרום-קוריאה,Reading,0,0,General,514.1
2022,דרום-קוריאה,Reading,0,0,General,515.4
2025,דרום-קוריאה,Reading,0,0,General,500.6
2006,דרום-קוריאה,Reading,0,High,GeneralHigh,591
2009,דרום-קוריאה,Reading,0,High,GeneralHigh,580.1
2012,דרום-קוריאה,Reading,0,High,GeneralHigh,571.4
2015,דרום-קוריאה,Reading,0,High,GeneralHigh,569.9
2018,דרום-קוריאה,Reading,0,High,GeneralHigh,552.9
2022,דרום-קוריאה,Reading,0,High,GeneralHigh,554.5
2025,דרום-קוריאה,Reading,0,High,GeneralHigh,530.8
2006,דרום-קוריאה,Reading,0,Low,GeneralLow,535.3
2009,דרום-קוריאה,Reading,0,Low,GeneralLow,517.2
2012,דרום-קוריאה,Reading,0,Low,GeneralLow,511
2015,דרום-קוריאה,Reading,0,Low,GeneralLow,492.4
2018,דרום-קוריאה,Reading,0,Low,GeneralLow,481.1
2022,דרום-קוריאה,Reading,0,Low,GeneralLow,471.5
2025,דרום-קוריאה,Reading,0,Low,GeneralLow,465.9
2006,דרום-קוריאה,Reading,0,Medium,GeneralMedium,559.5
2009,דרום-קוריאה,Reading,0,Medium,GeneralMedium,550
2012,דרום-קוריאה,Reading,0,Medium,GeneralMedium,542.4
2015,דרום-קוריאה,Reading,0,Medium,GeneralMedium,537.1
2018,דרום-קוריאה,Reading,0,Medium,GeneralMedium,520.4
2022,דרום-קוריאה,Reading,0,Medium,GeneralMedium,518
2025,דרום-קוריאה,Reading,0,Medium,GeneralMedium,511.8
2006,דרום-קוריאה,Reading,Male,0,Male,538.8
2009,דרום-קוריאה,Reading,Male,0,Male,522.5
2012,דרום-קוריאה,Reading,Male,0,Male,525
2015,דרום-קוריאה,Reading,Male,0,Male,498.1
2018,דרום-קוריאה,Reading,Male,0,Male,502.8
2022,דרום-קוריאה,Reading,Male,0,Male,499.1
2025,דרום-קוריאה,Reading,Male,0,Male,486.8
2006,דרום-קוריאה,Reading,Male,High,MaleHigh,574.5
2009,דרום-קוריאה,Reading,Male,High,MaleHigh,566
2012,דרום-קוריאה,Reading,Male,High,MaleHigh,562.9
2015,דרום-קוריאה,Reading,Male,High,MaleHigh,552.9
2018,דרום-קוריאה,Reading,Male,High,MaleHigh,544.2
2022,דרום-קוריאה,Reading,Male,High,MaleHigh,541.3
2025,דרום-קוריאה,Reading,Male,High,MaleHigh,518
2006,דרום-קוריאה,Reading,Male,Low,MaleLow,518
2009,דרום-קוריאה,Reading,Male,Low,MaleLow,498
2012,דרום-קוריאה,Reading,Male,Low,MaleLow,496.2
2015,דרום-קוריאה,Reading,Male,Low,MaleLow,471.9
2018,דרום-קוריאה,Reading,Male,Low,MaleLow,469.1
2022,דרום-קוריאה,Reading,Male,Low,MaleLow,457.5
2025,דרום-קוריאה,Reading,Male,Low,MaleLow,455
2006,דרום-קוריאה,Reading,Male,Medium,MaleMedium,541.2
2009,דרום-קוריאה,Reading,Male,Medium,MaleMedium,537.3
2012,דרום-קוריאה,Reading,Male,Medium,MaleMedium,531.7
2015,דרום-קוריאה,Reading,Male,Medium,MaleMedium,521
2018,דרום-קוריאה,Reading,Male,Medium,MaleMedium,511.5
2022,דרום-קוריאה,Reading,Male,Medium,MaleMedium,504.5
2025,דרום-קוריאה,Reading,Male,Medium,MaleMedium,500.3
2006,דרום-קוריאה,Science,Female,0,Female,523.1
2009,דרום-קוריאה,Science,Female,0,Female,539.3
2012,דרום-קוריאה,Science,Female,0,Female,535.9
2015,דרום-קוריאה,Science,Female,0,Female,520.8
2018,דרום-קוריאה,Science,Female,0,Female,516.9
2022,דרום-קוריאה,Science,Female,0,Female,529.6
2025,דרום-קוריאה,Science,Female,0,Female,527.2
2006,דרום-קוריאה,Science,Female,High,FemaleHigh,562
2009,דרום-קוריאה,Science,Female,High,FemaleHigh,573.9
2012,דרום-קוריאה,Science,Female,High,FemaleHigh,566
2015,דרום-קוריאה,Science,Female,High,FemaleHigh,573.3
2018,דרום-קוריאה,Science,Female,High,FemaleHigh,554.5
2022,דרום-קוריאה,Science,Female,High,FemaleHigh,564.3
2025,דרום-קוריאה,Science,Female,High,FemaleHigh,558.5
2006,דרום-קוריאה,Science,Female,Low,FemaleLow,499.3
2009,דרום-קוריאה,Science,Female,Low,FemaleLow,520.4
2012,דרום-קוריאה,Science,Female,Low,FemaleLow,517.4
2015,דרום-קוריאה,Science,Female,Low,FemaleLow,497.7
2018,דרום-קוריאה,Science,Female,Low,FemaleLow,486.3
2022,דרום-קוריאה,Science,Female,Low,FemaleLow,490.6
2025,דרום-קוריאה,Science,Female,Low,FemaleLow,489
2006,דרום-קוריאה,Science,Female,Medium,FemaleMedium,528.6
2009,דרום-קוריאה,Science,Female,Medium,FemaleMedium,547
2012,דרום-קוריאה,Science,Female,Medium,FemaleMedium,541.4
2015,דרום-קוריאה,Science,Female,Medium,FemaleMedium,535.2
2018,דרום-קוריאה,Science,Female,Medium,FemaleMedium,520
2022,דרום-קוריאה,Science,Female,Medium,FemaleMedium,525.2
2025,דרום-קוריאה,Science,Female,Medium,FemaleMedium,534.8
2006,דרום-קוריאה,Science,0,0,General,522.1
2009,דרום-קוריאה,Science,0,0,General,538
2012,דרום-קוריאה,Science,0,0,General,537.8
2015,דרום-קוריאה,Science,0,0,General,515.8
2018,דרום-קוריאה,Science,0,0,General,519
2022,דרום-קוריאה,Science,0,0,General,527.8
2025,דרום-קוריאה,Science,0,0,General,526.1
2006,דרום-קוריאה,Science,0,High,GeneralHigh,560.3
2009,דרום-קוריאה,Science,0,High,GeneralHigh,577.4
2012,דרום-קוריאה,Science,0,High,GeneralHigh,569.3
2015,דרום-קוריאה,Science,0,High,GeneralHigh,571.2
2018,דרום-קוריאה,Science,0,High,GeneralHigh,557.1
2022,דרום-קוריאה,Science,0,High,GeneralHigh,566.9
2025,דרום-קוריאה,Science,0,High,GeneralHigh,558.9
2006,דרום-קוריאה,Science,0,Low,GeneralLow,498.9
2009,דרום-קוריאה,Science,0,Low,GeneralLow,515.9
2012,דרום-קוריאה,Science,0,Low,GeneralLow,516
2015,דרום-קוריאה,Science,0,Low,GeneralLow,490.8
2018,דרום-קוריאה,Science,0,Low,GeneralLow,488.9
2022,דרום-קוריאה,Science,0,Low,GeneralLow,486.4
2025,דרום-קוריאה,Science,0,Low,GeneralLow,491.5
2006,דרום-קוריאה,Science,0,Medium,GeneralMedium,526.6
2009,דרום-קוריאה,Science,0,Medium,GeneralMedium,549.6
2012,דרום-קוריאה,Science,0,Medium,GeneralMedium,543.5
2015,דרום-קוריאה,Science,0,Medium,GeneralMedium,534.3
2018,דרום-קוריאה,Science,0,Medium,GeneralMedium,524.1
2022,דרום-קוריאה,Science,0,Medium,GeneralMedium,528.9
2025,דרום-קוריאה,Science,0,Medium,GeneralMedium,535.8
2006,דרום-קוריאה,Science,Male,0,Male,521.2
2009,דרום-קוריאה,Science,Male,0,Male,536.8
2012,דרום-קוריאה,Science,Male,0,Male,539.4
2015,דרום-קוריאה,Science,Male,0,Male,511.2
2018,דרום-קוריאה,Science,Male,0,Male,520.9
2022,דרום-קוריאה,Science,Male,0,Male,526.2
2025,דרום-קוריאה,Science,Male,0,Male,525.1
2006,דרום-קוריאה,Science,Male,High,MaleHigh,558.9
2009,דרום-קוריאה,Science,Male,High,MaleHigh,581
2012,דרום-קוריאה,Science,Male,High,MaleHigh,571.8
2015,דרום-קוריאה,Science,Male,High,MaleHigh,569.3
2018,דרום-קוריאה,Science,Male,High,MaleHigh,559.8
2022,דרום-קוריאה,Science,Male,High,MaleHigh,569.7
2025,דרום-קוריאה,Science,Male,High,MaleHigh,559.3
2006,דרום-קוריאה,Science,Male,Low,MaleLow,498.6
2009,דרום-קוריאה,Science,Male,Low,MaleLow,512.1
2012,דרום-קוריאה,Science,Male,Low,MaleLow,514.6
2015,דרום-קוריאה,Science,Male,Low,MaleLow,484.9
2018,דרום-קוריאה,Science,Male,Low,MaleLow,491.1
2022,דרום-קוריאה,Science,Male,Low,MaleLow,483.5
2025,דרום-קוריאה,Science,Male,Low,MaleLow,493.7
2006,דרום-קוריאה,Science,Male,Medium,MaleMedium,524.7
2009,דרום-קוריאה,Science,Male,Medium,MaleMedium,551.9
2012,דרום-קוריאה,Science,Male,Medium,MaleMedium,545.3
2015,דרום-קוריאה,Science,Male,Medium,MaleMedium,533.4
2018,דרום-קוריאה,Science,Male,Medium,MaleMedium,527.9
2022,דרום-קוריאה,Science,Male,Medium,MaleMedium,532.4
2025,דרום-קוריאה,Science,Male,Medium,MaleMedium,536.9
2006,הולנד,Math,Female,0,Female,524.1
2009,הולנד,Math,Female,0,Female,517.3
2012,הולנד,Math,Female,0,Female,517.7
2015,הולנד,Math,Female,0,Female,511
2018,הולנד,Math,Female,0,Female,518.5
2022,הולנד,Math,Female,0,Female,487.2
2006,הולנד,Math,Female,High,FemaleHigh,566.2
2009,הולנד,Math,Female,High,FemaleHigh,566
2012,הולנד,Math,Female,High,FemaleHigh,555.5
2015,הולנד,Math,Female,High,FemaleHigh,554
2018,הולנד,Math,Female,High,FemaleHigh,561.9
2022,הולנד,Math,Female,High,FemaleHigh,541.1
2006,הולנד,Math,Female,Low,FemaleLow,486.3
2009,הולנד,Math,Female,Low,FemaleLow,475.4
2012,הולנד,Math,Female,Low,FemaleLow,483.5
2015,הולנד,Math,Female,Low,FemaleLow,478
2018,הולנד,Math,Female,Low,FemaleLow,478.5
2022,הולנד,Math,Female,Low,FemaleLow,439.2
2006,הולנד,Math,Female,Medium,FemaleMedium,520.3
2009,הולנד,Math,Female,Medium,FemaleMedium,510.8
2012,הולנד,Math,Female,Medium,FemaleMedium,516.3
2015,הולנד,Math,Female,Medium,FemaleMedium,508.3
2018,הולנד,Math,Female,Medium,FemaleMedium,510.3
2022,הולנד,Math,Female,Medium,FemaleMedium,481.7
2006,הולנד,Math,0,0,General,530.7
2009,הולנד,Math,0,0,General,525.8
2012,הולנד,Math,0,0,General,523
2015,הולנד,Math,0,0,General,512.3
2018,הולנד,Math,0,0,General,519.2
2022,הולנד,Math,0,0,General,492.7
2025,הולנד,Math,0,0,General,483.3
2006,הולנד,Math,0,High,GeneralHigh,569.6
2009,הולנד,Math,0,High,GeneralHigh,568
2012,הולנד,Math,0,High,GeneralHigh,559.6
2015,הולנד,Math,0,High,GeneralHigh,553.8
2018,הולנד,Math,0,High,GeneralHigh,559.1
2022,הולנד,Math,0,High,GeneralHigh,545.6
2025,הולנד,Math,0,High,GeneralHigh,538
2006,הולנד,Math,0,Low,GeneralLow,493.9
2009,הולנד,Math,0,Low,GeneralLow,487.3
2012,הולנד,Math,0,Low,GeneralLow,486.6
2015,הולנד,Math,0,Low,GeneralLow,480.3
2018,הולנד,Math,0,Low,GeneralLow,481.4
2022,הולנד,Math,0,Low,GeneralLow,447.8
2025,הולנד,Math,0,Low,GeneralLow,443.8
2006,הולנד,Math,0,Medium,GeneralMedium,525.4
2009,הולנד,Math,0,Medium,GeneralMedium,520.2
2012,הולנד,Math,0,Medium,GeneralMedium,523.4
2015,הולנד,Math,0,Medium,GeneralMedium,509.4
2018,הולנד,Math,0,Medium,GeneralMedium,511.5
2022,הולנד,Math,0,Medium,GeneralMedium,483.3
2025,הולנד,Math,0,Medium,GeneralMedium,488.2
2006,הולנד,Math,Male,0,Male,536.9
2009,הולנד,Math,Male,0,Male,534.5
2012,הולנד,Math,Male,0,Male,528
2015,הולנד,Math,Male,0,Male,513.5
2018,הולנד,Math,Male,0,Male,519.9
2022,הולנד,Math,Male,0,Male,497.9
2006,הולנד,Math,Male,High,MaleHigh,572.6
2009,הולנד,Math,Male,High,MaleHigh,570
2012,הולנד,Math,Male,High,MaleHigh,563.3
2015,הולנד,Math,Male,High,MaleHigh,553.5
2018,הולנד,Math,Male,High,MaleHigh,556.4
2022,הולנד,Math,Male,High,MaleHigh,549.6
2006,הולנד,Math,Male,Low,MaleLow,502.2
2009,הולנד,Math,Male,Low,MaleLow,500.4
2012,הולנד,Math,Male,Low,MaleLow,489.6
2015,הולנד,Math,Male,Low,MaleLow,482.6
2018,הולנד,Math,Male,Low,MaleLow,484.5
2022,הולנד,Math,Male,Low,MaleLow,456.5
2006,הולנד,Math,Male,Medium,MaleMedium,530.2
2009,הולנד,Math,Male,Medium,MaleMedium,529.6
2012,הולנד,Math,Male,Medium,MaleMedium,530.2
2015,הולנד,Math,Male,Medium,MaleMedium,510.5
2018,הולנד,Math,Male,Medium,MaleMedium,512.6
2022,הולנד,Math,Male,Medium,MaleMedium,485
2006,הולנד,Reading,Female,0,Female,519
2009,הולנד,Reading,Female,0,Female,520.5
2012,הולנד,Reading,Female,0,Female,524.8
2015,הולנד,Reading,Female,0,Female,514.7
2018,הולנד,Reading,Female,0,Female,499.2
2022,הולנד,Reading,Female,0,Female,472.5
2006,הולנד,Reading,Female,High,FemaleHigh,561.8
2009,הולנד,Reading,Female,High,FemaleHigh,566.9
2012,הולנד,Reading,Female,High,FemaleHigh,561.9
2015,הולנד,Reading,Female,High,FemaleHigh,563.9
2018,הולנד,Reading,Female,High,FemaleHigh,542.3
2022,הולנד,Reading,Female,High,FemaleHigh,526.8
2006,הולנד,Reading,Female,Low,FemaleLow,480.1
2009,הולנד,Reading,Female,Low,FemaleLow,481.2
2012,הולנד,Reading,Female,Low,FemaleLow,491.2
2015,הולנד,Reading,Female,Low,FemaleLow,477.8
2018,הולנד,Reading,Female,Low,FemaleLow,461.6
2022,הולנד,Reading,Female,Low,FemaleLow,425.2
2006,הולנד,Reading,Female,Medium,FemaleMedium,515.6
2009,הולנד,Reading,Female,Medium,FemaleMedium,514.5
2012,הולנד,Reading,Female,Medium,FemaleMedium,523.5
2015,הולנד,Reading,Female,Medium,FemaleMedium,511.2
2018,הולנד,Reading,Female,Medium,FemaleMedium,492
2022,הולנד,Reading,Female,Medium,FemaleMedium,468.9
2006,הולנד,Reading,0,0,General,506.7
2009,הולנד,Reading,0,0,General,508.4
2012,הולנד,Reading,0,0,General,511.2
2015,הולנד,Reading,0,0,General,503
2018,הולנד,Reading,0,0,General,484.8
2022,הולנד,Reading,0,0,General,459.2
2025,הולנד,Reading,0,0,General,441.3
2006,הולנד,Reading,0,High,GeneralHigh,546.6
2009,הולנד,Reading,0,High,GeneralHigh,547.7
2012,הולנד,Reading,0,High,GeneralHigh,547
2015,הולנד,Reading,0,High,GeneralHigh,549.9
2018,הולנד,Reading,0,High,GeneralHigh,525.4
2022,הולנד,Reading,0,High,GeneralHigh,511.9
2025,הולנד,Reading,0,High,GeneralHigh,493.4
2006,הולנד,Reading,0,Low,GeneralLow,468.4
2009,הולנד,Reading,0,Low,GeneralLow,474.2
2012,הולנד,Reading,0,Low,GeneralLow,474.7
2015,הולנד,Reading,0,Low,GeneralLow,467.3
2018,הולנד,Reading,0,Low,GeneralLow,449.8
2022,הולנד,Reading,0,Low,GeneralLow,415.6
2025,הולנד,Reading,0,Low,GeneralLow,405.1
2006,הולנד,Reading,0,Medium,GeneralMedium,502
2009,הולנד,Reading,0,Medium,GeneralMedium,502.5
2012,הולנד,Reading,0,Medium,GeneralMedium,512.7
2015,הולנד,Reading,0,Medium,GeneralMedium,499.8
2018,הולנד,Reading,0,Medium,GeneralMedium,476.6
2022,הולנד,Reading,0,Medium,GeneralMedium,451.6
2025,הולנד,Reading,0,Medium,GeneralMedium,445.9
2006,הולנד,Reading,Male,0,Male,494.9
2009,הולנד,Reading,Male,0,Male,496.2
2012,הולנד,Reading,Male,0,Male,498.3
2015,הולנד,Reading,Male,0,Male,491.1
2018,הולנד,Reading,Male,0,Male,470.4
2022,הולנד,Reading,Male,0,Male,446.7
2006,הולנד,Reading,Male,High,MaleHigh,533.1
2009,הולנד,Reading,Male,High,MaleHigh,529.3
2012,הולנד,Reading,Male,High,MaleHigh,533.4
2015,הולנד,Reading,Male,High,MaleHigh,535.8
2018,הולנד,Reading,Male,High,MaleHigh,509.2
2022,הולנד,Reading,Male,High,MaleHigh,498.8
2006,הולנד,Reading,Male,Low,MaleLow,455.8
2009,הולנד,Reading,Male,Low,MaleLow,466.5
2012,הולנד,Reading,Male,Low,MaleLow,458.7
2015,הולנד,Reading,Male,Low,MaleLow,456.6
2018,הולנד,Reading,Male,Low,MaleLow,437.1
2022,הולנד,Reading,Male,Low,MaleLow,406
2006,הולנד,Reading,Male,Medium,MaleMedium,489.2
2009,הולנד,Reading,Male,Medium,MaleMedium,490.5
2012,הולנד,Reading,Male,Medium,MaleMedium,502.2
2015,הולנד,Reading,Male,Medium,MaleMedium,488.3
2018,הולנד,Reading,Male,Medium,MaleMedium,461.3
2022,הולנד,Reading,Male,Medium,MaleMedium,434.3
2006,הולנד,Science,Female,0,Female,521.2
2009,הולנד,Science,Female,0,Female,520.3
2012,הולנד,Science,Female,0,Female,520.4
2015,הולנד,Science,Female,0,Female,506.5
2018,הולנד,Science,Female,0,Female,507.5
2022,הולנד,Science,Female,0,Female,487.1
2006,הולנד,Science,Female,High,FemaleHigh,567.1
2009,הולנד,Science,Female,High,FemaleHigh,573.6
2012,הולנד,Science,Female,High,FemaleHigh,561.6
2015,הולנד,Science,Female,High,FemaleHigh,556.5
2018,הולנד,Science,Female,High,FemaleHigh,555.6
2022,הולנד,Science,Female,High,FemaleHigh,543.3
2006,הולנד,Science,Female,Low,FemaleLow,478.8
2009,הולנד,Science,Female,Low,FemaleLow,472.8
2012,הולנד,Science,Female,Low,FemaleLow,483.4
2015,הולנד,Science,Female,Low,FemaleLow,465.3
2018,הולנד,Science,Female,Low,FemaleLow,463.6
2022,הולנד,Science,Female,Low,FemaleLow,438.1
2006,הולנד,Science,Female,Medium,FemaleMedium,518.1
2009,הולנד,Science,Female,Medium,FemaleMedium,514.5
2012,הולנד,Science,Female,Medium,FemaleMedium,518.9
2015,הולנד,Science,Female,Medium,FemaleMedium,505.6
2018,הולנד,Science,Female,Medium,FemaleMedium,498.5
2022,הולנד,Science,Female,Medium,FemaleMedium,481.7
2006,הולנד,Science,0,0,General,524.9
2009,הולנד,Science,0,0,General,522.2
2012,הולנד,Science,0,0,General,522.1
2015,הולנד,Science,0,0,General,508.6
2018,הולנד,Science,0,0,General,503.4
2022,הולנד,Science,0,0,General,488.3
2025,הולנד,Science,0,0,General,485.5
2006,הולנד,Science,0,High,GeneralHigh,568.3
2009,הולנד,Science,0,High,GeneralHigh,566.8
2012,הולנד,Science,0,High,GeneralHigh,560.5
2015,הולנד,Science,0,High,GeneralHigh,557.3
2018,הולנד,Science,0,High,GeneralHigh,547.2
2022,הולנד,Science,0,High,GeneralHigh,543.5
2025,הולנד,Science,0,High,GeneralHigh,540.8
2006,הולנד,Science,0,Low,GeneralLow,482.6
2009,הולנד,Science,0,Low,GeneralLow,479.9
2012,הולנד,Science,0,Low,GeneralLow,483.2
2015,הולנד,Science,0,Low,GeneralLow,469.3
2018,הולנד,Science,0,Low,GeneralLow,462.6
2022,הולנד,Science,0,Low,GeneralLow,442.3
2025,הולנד,Science,0,Low,GeneralLow,444
2006,הולנד,Science,0,Medium,GeneralMedium,520.1
2009,הולנד,Science,0,Medium,GeneralMedium,517.9
2012,הולנד,Science,0,Medium,GeneralMedium,523.4
2015,הולנד,Science,0,Medium,GeneralMedium,506.6
2018,הולנד,Science,0,Medium,GeneralMedium,494.6
2022,הולנד,Science,0,Medium,GeneralMedium,479.3
2025,הולנד,Science,0,Medium,GeneralMedium,491.6
2006,הולנד,Science,Male,0,Male,528.4
2009,הולנד,Science,Male,0,Male,524.2
2012,הולנד,Science,Male,0,Male,523.6
2015,הולנד,Science,Male,0,Male,510.6
2018,הולנד,Science,Male,0,Male,499.3
2022,הולנד,Science,Male,0,Male,489.5
2006,הולנד,Science,Male,High,MaleHigh,569.3
2009,הולנד,Science,Male,High,MaleHigh,560.3
2012,הולנד,Science,Male,High,MaleHigh,559.5
2015,הולנד,Science,Male,High,MaleHigh,558.1
2018,הולנד,Science,Male,High,MaleHigh,539.2
2022,הולנד,Science,Male,High,MaleHigh,543.8
2006,הולנד,Science,Male,Low,MaleLow,486.7
2009,הולנד,Science,Male,Low,MaleLow,487.8
2012,הולנד,Science,Male,Low,MaleLow,483.1
2015,הולנד,Science,Male,Low,MaleLow,473.5
2018,הולנד,Science,Male,Low,MaleLow,461.6
2022,הולנד,Science,Male,Low,MaleLow,446.6
2006,הולנד,Science,Male,Medium,MaleMedium,522.1
2009,הולנד,Science,Male,Medium,MaleMedium,521.3
2012,הולנד,Science,Male,Medium,MaleMedium,527.8
2015,הולנד,Science,Male,Medium,MaleMedium,507.6
2018,הולנד,Science,Male,Medium,MaleMedium,490.8
2022,הולנד,Science,Male,Medium,MaleMedium,476.8
2006,הונג-קונג,Math,Female,0,Female,539.8
2009,הונג-קונג,Math,Female,0,Female,547.2
2012,הונג-קונג,Math,Female,0,Female,553
2015,הונג-קונג,Math,Female,0,Female,546.8
2018,הונג-קונג,Math,Female,0,Female,554
2022,הונג-קונג,Math,Female,0,Female,535.7
2025,הונג-קונג,Math,Female,0,Female,512.7
2006,הונג-קונג,Math,Female,High,FemaleHigh,589.4
2009,הונג-קונג,Math,Female,High,FemaleHigh,592.3
2012,הונג-קונג,Math,Female,High,FemaleHigh,598.8
2015,הונג-קונג,Math,Female,High,FemaleHigh,592.2
2018,הונג-קונג,Math,Female,High,FemaleHigh,589.4
2022,הונג-קונג,Math,Female,High,FemaleHigh,583.7
2025,הונג-קונג,Math,Female,High,FemaleHigh,558.3
2006,הונג-קונג,Math,Female,Low,FemaleLow,526.3
2009,הונג-קונג,Math,Female,Low,FemaleLow,535.6
2012,הונג-קונג,Math,Female,Low,FemaleLow,541.3
2015,הונג-קונג,Math,Female,Low,FemaleLow,532.5
2018,הונג-קונג,Math,Female,Low,FemaleLow,538.2
2022,הונג-קונג,Math,Female,Low,FemaleLow,520.2
2025,הונג-קונג,Math,Female,Low,FemaleLow,494.3
2006,הונג-קונג,Math,Female,Medium,FemaleMedium,559.4
2009,הונג-קונג,Math,Female,Medium,FemaleMedium,574.8
2012,הונג-קונג,Math,Female,Medium,FemaleMedium,585.4
2015,הונג-קונג,Math,Female,Medium,FemaleMedium,560.4
2018,הונג-קונג,Math,Female,Medium,FemaleMedium,569.8
2022,הונג-קונג,Math,Female,Medium,FemaleMedium,544
2025,הונג-קונג,Math,Female,Medium,FemaleMedium,526
2006,הונג-קונג,Math,0,0,General,547.5
2009,הונג-קונג,Math,0,0,General,554.5
2012,הונג-קונג,Math,0,0,General,561.2
2015,הונג-קונג,Math,0,0,General,547.9
2018,הונג-קונג,Math,0,0,General,551.2
2022,הונג-קונג,Math,0,0,General,540.4
2025,הונג-קונג,Math,0,0,General,521.7
2006,הונג-קונג,Math,0,High,GeneralHigh,591.7
2009,הונג-קונג,Math,0,High,GeneralHigh,597.5
2012,הונג-קונג,Math,0,High,GeneralHigh,610.9
2015,הונג-קונג,Math,0,High,GeneralHigh,591.9
2018,הונג-קונג,Math,0,High,GeneralHigh,586.5
2022,הונג-קונג,Math,0,High,GeneralHigh,584.6
2025,הונג-קונג,Math,0,High,GeneralHigh,567.1
2006,הונג-קונג,Math,0,Low,GeneralLow,535.2
2009,הונג-קונג,Math,0,Low,GeneralLow,543.6
2012,הונג-קונג,Math,0,Low,GeneralLow,548.6
2015,הונג-קונג,Math,0,Low,GeneralLow,534.1
2018,הונג-קונג,Math,0,Low,GeneralLow,538.4
2022,הונג-קונג,Math,0,Low,GeneralLow,525.7
2025,הונג-קונג,Math,0,Low,GeneralLow,505.7
2006,הונג-קונג,Math,0,Medium,GeneralMedium,568.7
2009,הונג-קונג,Math,0,Medium,GeneralMedium,579.9
2012,הונג-קונג,Math,0,Medium,GeneralMedium,592.9
2015,הונג-קונג,Math,0,Medium,GeneralMedium,562.5
2018,הונג-קונג,Math,0,Medium,GeneralMedium,566.8
2022,הונג-קונג,Math,0,Medium,GeneralMedium,551.2
2025,הונג-קונג,Math,0,Medium,GeneralMedium,538.5
2006,הונג-קונג,Math,Male,0,Male,555.4
2009,הונג-קונג,Math,Male,0,Male,561
2012,הונג-קונג,Math,Male,0,Male,568.4
2015,הונג-קונג,Math,Male,0,Male,549.1
2018,הונג-קונג,Math,Male,0,Male,548.5
2022,הונג-קונג,Math,Male,0,Male,544.4
2025,הונג-קונג,Math,Male,0,Male,530.1
2006,הונג-קונג,Math,Male,High,MaleHigh,594.1
2009,הונג-קונג,Math,Male,High,MaleHigh,601.5
2012,הונג-קונג,Math,Male,High,MaleHigh,618.4
2015,הונג-קונג,Math,Male,High,MaleHigh,591.7
2018,הונג-קונג,Math,Male,High,MaleHigh,582.4
2022,הונג-קונג,Math,Male,High,MaleHigh,585.5
2025,הונג-קונג,Math,Male,High,MaleHigh,576
2006,הונג-קונג,Math,Male,Low,MaleLow,543.8
2009,הונג-קונג,Math,Male,Low,MaleLow,551
2012,הונג-קונג,Math,Male,Low,MaleLow,555.4
2015,הונג-קונג,Math,Male,Low,MaleLow,535.7
2018,הונג-קונג,Math,Male,Low,MaleLow,538.6
2022,הונג-קונג,Math,Male,Low,MaleLow,530.6
2025,הונג-קונג,Math,Male,Low,MaleLow,516.1
2006,הונג-קונג,Math,Male,Medium,MaleMedium,580
2009,הונג-קונג,Math,Male,Medium,MaleMedium,584.4
2012,הונג-קונג,Math,Male,Medium,MaleMedium,598.9
2015,הונג-קונג,Math,Male,Medium,MaleMedium,564.6
2018,הונג-קונג,Math,Male,Medium,MaleMedium,564
2022,הונג-קונג,Math,Male,Medium,MaleMedium,557.7
2025,הונג-קונג,Math,Male,Medium,MaleMedium,551.2
2006,הונג-קונג,Reading,Female,0,Female,551.4
2009,הונג-קונג,Reading,Female,0,Female,550.4
2012,הונג-קונג,Reading,Female,0,Female,558.3
2015,הונג-קונג,Reading,Female,0,Female,541
2018,הונג-קונג,Reading,Female,0,Female,542.1
2022,הונג-קונג,Reading,Female,0,Female,511.9
2025,הונג-קונג,Reading,Female,0,Female,486.3
2006,הונג-קונג,Reading,Female,High,FemaleHigh,585.1
2009,הונג-קונג,Reading,Female,High,FemaleHigh,578.4
2012,הונג-קונג,Reading,Female,High,FemaleHigh,590.4
2015,הונג-קונג,Reading,Female,High,FemaleHigh,578.7
2018,הונג-קונג,Reading,Female,High,FemaleHigh,581.4
2022,הונג-קונג,Reading,Female,High,FemaleHigh,551.5
2025,הונג-קונג,Reading,Female,High,FemaleHigh,518.1
2006,הונג-קונג,Reading,Female,Low,FemaleLow,542.1
2009,הונג-קונג,Reading,Female,Low,FemaleLow,541.7
2012,הונג-קונג,Reading,Female,Low,FemaleLow,550.1
2015,הונג-קונג,Reading,Female,Low,FemaleLow,529.4
2018,הונג-קונג,Reading,Female,Low,FemaleLow,528.7
2022,הונג-קונג,Reading,Female,Low,FemaleLow,500.9
2025,הונג-קונג,Reading,Female,Low,FemaleLow,477.4
2006,הונג-קונג,Reading,Female,Medium,FemaleMedium,565.2
2009,הונג-קונג,Reading,Female,Medium,FemaleMedium,573.3
2012,הונג-קונג,Reading,Female,Medium,FemaleMedium,580.4
2015,הונג-קונג,Reading,Female,Medium,FemaleMedium,553.4
2018,הונג-קונג,Reading,Female,Medium,FemaleMedium,552.2
2022,הונג-קונג,Reading,Female,Medium,FemaleMedium,517.9
2025,הונג-קונג,Reading,Female,Medium,FemaleMedium,491.9
2006,הונג-קונג,Reading,0,0,General,536.1
2009,הונג-קונג,Reading,0,0,General,533.2
2012,הונג-קונג,Reading,0,0,General,544.6
2015,הונג-קונג,Reading,0,0,General,526.7
2018,הונג-קונג,Reading,0,0,General,524.3
2022,הונג-קונג,Reading,0,0,General,499.7
2025,הונג-קונג,Reading,0,0,General,480.1
2006,הונג-קונג,Reading,0,High,GeneralHigh,568.7
2009,הונג-קונג,Reading,0,High,GeneralHigh,557.5
2012,הונג-קונג,Reading,0,High,GeneralHigh,576.8
2015,הונג-קונג,Reading,0,High,GeneralHigh,564.6
2018,הונג-קונג,Reading,0,High,GeneralHigh,565
2022,הונג-קונג,Reading,0,High,GeneralHigh,530.8
2025,הונג-קונג,Reading,0,High,GeneralHigh,514.8
2006,הונג-קונג,Reading,0,Low,GeneralLow,526.2
2009,הונג-קונג,Reading,0,Low,GeneralLow,525.6
2012,הונג-קונג,Reading,0,Low,GeneralLow,536
2015,הונג-קונג,Reading,0,Low,GeneralLow,515.6
2018,הונג-קונג,Reading,0,Low,GeneralLow,513.4
2022,הונג-קונג,Reading,0,Low,GeneralLow,491
2025,הונג-קונג,Reading,0,Low,GeneralLow,471.9
2006,הונג-קונג,Reading,0,Medium,GeneralMedium,554.3
2009,הונג-קונג,Reading,0,Medium,GeneralMedium,553.8
2012,הונג-קונג,Reading,0,Medium,GeneralMedium,566.6
2015,הונג-קונג,Reading,0,Medium,GeneralMedium,539.4
2018,הונג-קונג,Reading,0,Medium,GeneralMedium,535.3
2022,הונג-קונג,Reading,0,Medium,GeneralMedium,506.9
2025,הונג-קונג,Reading,0,Medium,GeneralMedium,492.1
2006,הונג-קונג,Reading,Male,0,Male,520.3
2009,הונג-קונג,Reading,Male,0,Male,517.8
2012,הונג-קונג,Reading,Male,0,Male,532.8
2015,הונג-קונג,Reading,Male,0,Male,512.7
2018,הונג-קונג,Reading,Male,0,Male,507.4
2022,הונג-קונג,Reading,Male,0,Male,489
2025,הונג-קונג,Reading,Male,0,Male,474.4
2006,הונג-קונג,Reading,Male,High,MaleHigh,551.1
2009,הונג-קונג,Reading,Male,High,MaleHigh,541.5
2012,הונג-קונג,Reading,Male,High,MaleHigh,568.4
2015,הונג-קונג,Reading,Male,High,MaleHigh,549.6
2018,הונג-קונג,Reading,Male,High,MaleHigh,542.2
2022,הונג-קונג,Reading,Male,High,MaleHigh,512
2025,הונג-קונג,Reading,Male,High,MaleHigh,511.5
2006,הונג-קונג,Reading,Male,Low,MaleLow,510.7
2009,הונג-קונג,Reading,Male,Low,MaleLow,510.8
2012,הונג-קונג,Reading,Male,Low,MaleLow,523
2015,הונג-קונג,Reading,Male,Low,MaleLow,502.2
2018,הונג-קונג,Reading,Male,Low,MaleLow,499.9
2022,הונג-קונג,Reading,Male,Low,MaleLow,482.2
2025,הונג-קונג,Reading,Male,Low,MaleLow,466.9
2006,הונג-קונג,Reading,Male,Medium,MaleMedium,541.1
2009,הונג-קונג,Reading,Male,Medium,MaleMedium,536.5
2012,הונג-קונג,Reading,Male,Medium,MaleMedium,555.4
2015,הונג-קונג,Reading,Male,Medium,MaleMedium,525.7
2018,הונג-קונג,Reading,Male,Medium,MaleMedium,519
2022,הונג-קונג,Reading,Male,Medium,MaleMedium,497
2025,הונג-קונג,Reading,Male,Medium,MaleMedium,492.3
2006,הונג-קונג,Science,Female,0,Female,538.9
2009,הונג-קונג,Science,Female,0,Female,547.7
2012,הונג-קונג,Science,Female,0,Female,551.4
2015,הונג-קונג,Science,Female,0,Female,523.7
2018,הונג-קונג,Science,Female,0,Female,521.2
2022,הונג-קונג,Science,Female,0,Female,520.4
2025,הונג-קונג,Science,Female,0,Female,487.3
2006,הונג-קונג,Science,Female,High,FemaleHigh,581.7
2009,הונג-קונג,Science,Female,High,FemaleHigh,583.9
2012,הונג-קונג,Science,Female,High,FemaleHigh,579.4
2015,הונג-קונג,Science,Female,High,FemaleHigh,563.8
2018,הונג-קונג,Science,Female,High,FemaleHigh,561.6
2022,הונג-קונג,Science,Female,High,FemaleHigh,563
2025,הונג-קונג,Science,Female,High,FemaleHigh,532.1
2006,הונג-קונג,Science,Female,Low,FemaleLow,525.9
2009,הונג-קונג,Science,Female,Low,FemaleLow,537.6
2012,הונג-קונג,Science,Female,Low,FemaleLow,543
2015,הונג-קונג,Science,Female,Low,FemaleLow,511.5
2018,הונג-קונג,Science,Female,Low,FemaleLow,506.7
2022,הונג-קונג,Science,Female,Low,FemaleLow,508.1
2025,הונג-קונג,Science,Female,Low,FemaleLow,470.3
2006,הונג-קונג,Science,Female,Medium,FemaleMedium,559.7
2009,הונג-קונג,Science,Female,Medium,FemaleMedium,572.4
2012,הונג-קונג,Science,Female,Medium,FemaleMedium,577
2015,הונג-קונג,Science,Female,Medium,FemaleMedium,536.7
2018,הונג-קונג,Science,Female,Medium,FemaleMedium,533
2022,הונג-קונג,Science,Female,Medium,FemaleMedium,525.6
2025,הונג-קונג,Science,Female,Medium,FemaleMedium,499
2006,הונג-קונג,Science,0,0,General,542.2
2009,הונג-קונג,Science,0,0,General,549
2012,הונג-קונג,Science,0,0,General,554.9
2015,הונג-קונג,Science,0,0,General,523.3
2018,הונג-קונג,Science,0,0,General,516.7
2022,הונג-קונג,Science,0,0,General,520.4
2025,הונג-קונג,Science,0,0,General,495.6
2006,הונג-קונג,Science,0,High,GeneralHigh,580.3
2009,הונג-קונג,Science,0,High,GeneralHigh,580.7
2012,הונג-קונג,Science,0,High,GeneralHigh,589.3
2015,הונג-קונג,Science,0,High,GeneralHigh,560.8
2018,הונג-קונג,Science,0,High,GeneralHigh,557
2022,הונג-קונג,Science,0,High,GeneralHigh,556.9
2025,הונג-קונג,Science,0,High,GeneralHigh,543.1
2006,הונג-קונג,Science,0,Low,GeneralLow,530.2
2009,הונג-קונג,Science,0,Low,GeneralLow,540.6
2012,הונג-קונג,Science,0,Low,GeneralLow,545.7
2015,הונג-קונג,Science,0,Low,GeneralLow,512.1
2018,הונג-קונג,Science,0,Low,GeneralLow,505.4
2022,הונג-קונג,Science,0,Low,GeneralLow,509.7
2025,הונג-קונג,Science,0,Low,GeneralLow,480.3
2006,הונג-קונג,Science,0,Medium,GeneralMedium,565.1
2009,הונג-קונג,Science,0,Medium,GeneralMedium,569.3
2012,הונג-קונג,Science,0,Medium,GeneralMedium,579.7
2015,הונג-קונג,Science,0,Medium,GeneralMedium,536.4
2018,הונג-קונג,Science,0,Medium,GeneralMedium,528.6
2022,הונג-קונג,Science,0,Medium,GeneralMedium,527.5
2025,הונג-קונג,Science,0,Medium,GeneralMedium,510.4
2006,הונג-קונג,Science,Male,0,Male,545.6
2009,הונג-קונג,Science,Male,0,Male,550.2
2012,הונג-קונג,Science,Male,0,Male,558
2015,הונג-קונג,Science,Male,0,Male,522.8
2018,הונג-קונג,Science,Male,0,Male,512.4
2022,הונג-קונג,Science,Male,0,Male,520.4
2025,הונג-קונג,Science,Male,0,Male,503.3
2006,הונג-קונג,Science,Male,High,MaleHigh,578.7
2009,הונג-קונג,Science,Male,High,MaleHigh,578.4
2012,הונג-קונג,Science,Male,High,MaleHigh,595.3
2015,הונג-קונג,Science,Male,High,MaleHigh,557.7
2018,הונג-קונג,Science,Male,High,MaleHigh,550.7
2022,הונג-קונג,Science,Male,High,MaleHigh,551.3
2025,הונג-קונג,Science,Male,High,MaleHigh,554.2
2006,הונג-קונג,Science,Male,Low,MaleLow,534.3
2009,הונג-קונג,Science,Male,Low,MaleLow,543.4
2012,הונג-קונג,Science,Male,Low,MaleLow,548.1
2015,הונג-קונג,Science,Male,Low,MaleLow,512.7
2018,הונג-קונג,Science,Male,Low,MaleLow,504.2
2022,הונג-קונג,Science,Male,Low,MaleLow,511.1
2025,הונג-קונג,Science,Male,Low,MaleLow,489.4
2006,הונג-קונג,Science,Male,Medium,MaleMedium,571.7
2009,הונג-קונג,Science,Male,Medium,MaleMedium,566.6
2012,הונג-קונג,Science,Male,Medium,MaleMedium,581.9
2015,הונג-קונג,Science,Male,Medium,MaleMedium,536.2
2018,הונג-קונג,Science,Male,Medium,MaleMedium,524.3
2022,הונג-קונג,Science,Male,Medium,MaleMedium,529.2
2025,הונג-קונג,Science,Male,Medium,MaleMedium,522
2006,הונגריה,Math,Female,0,Female,485.7
2009,הונגריה,Math,Female,0,Female,484.1
2012,הונגריה,Math,Female,0,Female,472.7
2015,הונגריה,Math,Female,0,Female,472.7
2018,הונגריה,Math,Female,0,Female,476.7
2022,הונגריה,Math,Female,0,Female,465.3
2025,הונגריה,Math,Female,0,Female,449.9
2006,הונגריה,Math,Female,High,FemaleHigh,543.4
2009,הונגריה,Math,Female,High,FemaleHigh,547.2
2012,הונגריה,Math,Female,High,FemaleHigh,534.8
2015,הונגריה,Math,Female,High,FemaleHigh,539
2018,הונגריה,Math,Female,High,FemaleHigh,540.7
2022,הונגריה,Math,Female,High,FemaleHigh,521.7
2025,הונגריה,Math,Female,High,FemaleHigh,506.6
2006,הונגריה,Math,Female,Low,FemaleLow,453.7
2009,הונגריה,Math,Female,Low,FemaleLow,454.2
2012,הונגריה,Math,Female,Low,FemaleLow,440
2015,הונגריה,Math,Female,Low,FemaleLow,438.5
2018,הונגריה,Math,Female,Low,FemaleLow,440
2022,הונגריה,Math,Female,Low,FemaleLow,422.2
2025,הונגריה,Math,Female,Low,FemaleLow,414.5
2006,הונגריה,Math,Female,Medium,FemaleMedium,495.5
2009,הונגריה,Math,Female,Medium,FemaleMedium,502.1
2012,הונגריה,Math,Female,Medium,FemaleMedium,495.5
2015,הונגריה,Math,Female,Medium,FemaleMedium,492.3
2018,הונגריה,Math,Female,Medium,FemaleMedium,492.6
2022,הונגריה,Math,Female,Medium,FemaleMedium,471.4
2025,הונגריה,Math,Female,Medium,FemaleMedium,465.6
2006,הונגריה,Math,0,0,General,490.9
2009,הונגריה,Math,0,0,General,490.2
2012,הונגריה,Math,0,0,General,477
2015,הונגריה,Math,0,0,General,476.8
2018,הונגריה,Math,0,0,General,481.1
2022,הונגריה,Math,0,0,General,472.8
2025,הונגריה,Math,0,0,General,459.5
2006,הונגריה,Math,0,High,GeneralHigh,554
2009,הונגריה,Math,0,High,GeneralHigh,557
2012,הונגריה,Math,0,High,GeneralHigh,542.4
2015,הונגריה,Math,0,High,GeneralHigh,540
2018,הונגריה,Math,0,High,GeneralHigh,542.4
2022,הונגריה,Math,0,High,GeneralHigh,531.8
2025,הונגריה,Math,0,High,GeneralHigh,513.1
2006,הונגריה,Math,0,Low,GeneralLow,457.5
2009,הונגריה,Math,0,Low,GeneralLow,456.9
2012,הונגריה,Math,0,Low,GeneralLow,444.7
2015,הונגריה,Math,0,Low,GeneralLow,444.3
2018,הונגריה,Math,0,Low,GeneralLow,444.8
2022,הונגריה,Math,0,Low,GeneralLow,428.8
2025,הונגריה,Math,0,Low,GeneralLow,424.4
2006,הונגריה,Math,0,Medium,GeneralMedium,499
2009,הונגריה,Math,0,Medium,GeneralMedium,506.5
2012,הונגריה,Math,0,Medium,GeneralMedium,495
2015,הונגריה,Math,0,Medium,GeneralMedium,494.3
2018,הונגריה,Math,0,Medium,GeneralMedium,496.4
2022,הונגריה,Math,0,Medium,GeneralMedium,478.4
2025,הונגריה,Math,0,Medium,GeneralMedium,475.2
2006,הונגריה,Math,Male,0,Male,495.8
2009,הונגריה,Math,Male,0,Male,496.1
2012,הונגריה,Math,Male,0,Male,481.7
2015,הונגריה,Math,Male,0,Male,480.9
2018,הונגריה,Math,Male,0,Male,485.5
2022,הונגריה,Math,Male,0,Male,480.2
2025,הונגריה,Math,Male,0,Male,469
2006,הונגריה,Math,Male,High,MaleHigh,563.4
2009,הונגריה,Math,Male,High,MaleHigh,565.8
2012,הונגריה,Math,Male,High,MaleHigh,550.6
2015,הונגריה,Math,Male,High,MaleHigh,541
2018,הונגריה,Math,Male,High,MaleHigh,544
2022,הונגריה,Math,Male,High,MaleHigh,542.4
2025,הונגריה,Math,Male,High,MaleHigh,519
2006,הונגריה,Math,Male,Low,MaleLow,460.9
2009,הונגריה,Math,Male,Low,MaleLow,459.7
2012,הונגריה,Math,Male,Low,MaleLow,450.1
2015,הונגריה,Math,Male,Low,MaleLow,450.2
2018,הונגריה,Math,Male,Low,MaleLow,449.8
2022,הונגריה,Math,Male,Low,MaleLow,435.6
2025,הונגריה,Math,Male,Low,MaleLow,435.4
2006,הונגריה,Math,Male,Medium,MaleMedium,502.3
2009,הונגריה,Math,Male,Medium,MaleMedium,510.6
2012,הונגריה,Math,Male,Medium,MaleMedium,494.6
2015,הונגריה,Math,Male,Medium,MaleMedium,496.2
2018,הונגריה,Math,Male,Medium,MaleMedium,500.2
2022,הונגריה,Math,Male,Medium,MaleMedium,484.9
2025,הונגריה,Math,Male,Medium,MaleMedium,484.5
2006,הונגריה,Reading,Female,0,Female,503
2009,הונגריה,Reading,Female,0,Female,513.3
2012,הונגריה,Reading,Female,0,Female,507.5
2015,הונגריה,Reading,Female,0,Female,482
2018,הונגריה,Reading,Female,0,Female,489.1
2022,הונגריה,Reading,Female,0,Female,481.5
2025,הונגריה,Reading,Female,0,Female,462.2
2006,הונגריה,Reading,Female,High,FemaleHigh,552.1
2009,הונגריה,Reading,Female,High,FemaleHigh,574.4
2012,הונגריה,Reading,Female,High,FemaleHigh,563.3
2015,הונגריה,Reading,Female,High,FemaleHigh,548.1
2018,הונגריה,Reading,Female,High,FemaleHigh,551.2
2022,הונגריה,Reading,Female,High,FemaleHigh,540
2025,הונגריה,Reading,Female,High,FemaleHigh,511.8
2006,הונגריה,Reading,Female,Low,FemaleLow,472.7
2009,הונגריה,Reading,Female,Low,FemaleLow,483.8
2012,הונגריה,Reading,Female,Low,FemaleLow,477.6
2015,הונגריה,Reading,Female,Low,FemaleLow,447
2018,הונגריה,Reading,Female,Low,FemaleLow,451.7
2022,הונגריה,Reading,Female,Low,FemaleLow,436.6
2025,הונגריה,Reading,Female,Low,FemaleLow,430.6
2006,הונגריה,Reading,Female,Medium,FemaleMedium,516.3
2009,הונגריה,Reading,Female,Medium,FemaleMedium,531.7
2012,הונגריה,Reading,Female,Medium,FemaleMedium,529.8
2015,הונגריה,Reading,Female,Medium,FemaleMedium,501.3
2018,הונגריה,Reading,Female,Medium,FemaleMedium,508
2022,הונגריה,Reading,Female,Medium,FemaleMedium,487.7
2025,הונגריה,Reading,Female,Medium,FemaleMedium,476.8
2006,הונגריה,Reading,0,0,General,482.4
2009,הונגריה,Reading,0,0,General,494.2
2012,הונגריה,Reading,0,0,General,488.5
2015,הונגריה,Reading,0,0,General,469.5
2018,הונגריה,Reading,0,0,General,476
2022,הונגריה,Reading,0,0,General,473
2025,הונגריה,Reading,0,0,General,452.3
2006,הונגריה,Reading,0,High,GeneralHigh,537.8
2009,הונגריה,Reading,0,High,GeneralHigh,557.9
2012,הונגריה,Reading,0,High,GeneralHigh,548.4
2015,הונגריה,Reading,0,High,GeneralHigh,533.3
2018,הונגריה,Reading,0,High,GeneralHigh,535
2022,הונגריה,Reading,0,High,GeneralHigh,534
2025,הונגריה,Reading,0,High,GeneralHigh,498.7
2006,הונגריה,Reading,0,Low,GeneralLow,450.3
2009,הונגריה,Reading,0,Low,GeneralLow,462.7
2012,הונגריה,Reading,0,Low,GeneralLow,459.6
2015,הונגריה,Reading,0,Low,GeneralLow,435.9
2018,הונגריה,Reading,0,Low,GeneralLow,440.2
2022,הונגריה,Reading,0,Low,GeneralLow,427.2
2025,הונגריה,Reading,0,Low,GeneralLow,422.9
2006,הונגריה,Reading,0,Medium,GeneralMedium,493.7
2009,הונגריה,Reading,0,Medium,GeneralMedium,509.5
2012,הונגריה,Reading,0,Medium,GeneralMedium,504
2015,הונגריה,Reading,0,Medium,GeneralMedium,486.7
2018,הונגריה,Reading,0,Medium,GeneralMedium,492.2
2022,הונגריה,Reading,0,Medium,GeneralMedium,478.3
2025,הונגריה,Reading,0,Medium,GeneralMedium,466.3
2006,הונגריה,Reading,Male,0,Male,463.4
2009,הונגריה,Reading,Male,0,Male,475.4
2012,הונגריה,Reading,Male,0,Male,468
2015,הונגריה,Reading,Male,0,Male,457.1
2018,הונגריה,Reading,Male,0,Male,462.6
2022,הונגריה,Reading,Male,0,Male,464.5
2025,הונגריה,Reading,Male,0,Male,442.5
2006,הונגריה,Reading,Male,High,MaleHigh,525.1
2009,הונגריה,Reading,Male,High,MaleHigh,543.2
2012,הונגריה,Reading,Male,High,MaleHigh,532.1
2015,הונגריה,Reading,Male,High,MaleHigh,518.8
2018,הונגריה,Reading,Male,High,MaleHigh,519.1
2022,הונגריה,Reading,Male,High,MaleHigh,527.7
2025,הונגריה,Reading,Male,High,MaleHigh,486.5
2006,הונגריה,Reading,Male,Low,MaleLow,429.8
2009,הונגריה,Reading,Male,Low,MaleLow,440.2
2012,הונגריה,Reading,Male,Low,MaleLow,439.2
2015,הונגריה,Reading,Male,Low,MaleLow,424.5
2018,הונגריה,Reading,Male,Low,MaleLow,428.1
2022,הונגריה,Reading,Male,Low,MaleLow,417.6
2025,הונגריה,Reading,Male,Low,MaleLow,414.2
2006,הונגריה,Reading,Male,Medium,MaleMedium,472.3
2009,הונגריה,Reading,Male,Medium,MaleMedium,489.2
2012,הונגריה,Reading,Male,Medium,MaleMedium,479.1
2015,הונגריה,Reading,Male,Medium,MaleMedium,472.5
2018,הונגריה,Reading,Male,Medium,MaleMedium,476.2
2022,הונגריה,Reading,Male,Medium,MaleMedium,469.6
2025,הונגריה,Reading,Male,Medium,MaleMedium,456.2
2006,הונגריה,Science,Female,0,Female,500.6
2009,הונגריה,Science,Female,0,Female,502.6
2012,הונגריה,Science,Female,0,Female,492.8
2015,הונגריה,Science,Female,0,Female,475.2
2018,הונגריה,Science,Female,0,Female,477.9
2022,הונגריה,Science,Female,0,Female,484.2
2025,הונגריה,Science,Female,0,Female,475.9
2006,הונגריה,Science,Female,High,FemaleHigh,551.7
2009,הונגריה,Science,Female,High,FemaleHigh,560.1
2012,הונגריה,Science,Female,High,FemaleHigh,550.8
2015,הונגריה,Science,Female,High,FemaleHigh,541.4
2018,הונגריה,Science,Female,High,FemaleHigh,539.2
2022,הונגריה,Science,Female,High,FemaleHigh,543.5
2025,הונגריה,Science,Female,High,FemaleHigh,530.6
2006,הונגריה,Science,Female,Low,FemaleLow,471.3
2009,הונגריה,Science,Female,Low,FemaleLow,475.8
2012,הונגריה,Science,Female,Low,FemaleLow,461.8
2015,הונגריה,Science,Female,Low,FemaleLow,441
2018,הונגריה,Science,Female,Low,FemaleLow,440.7
2022,הונגריה,Science,Female,Low,FemaleLow,437.5
2025,הונגריה,Science,Female,Low,FemaleLow,440.8
2006,הונגריה,Science,Female,Medium,FemaleMedium,510.9
2009,הונגריה,Science,Female,Medium,FemaleMedium,517.7
2012,הונגריה,Science,Female,Medium,FemaleMedium,517
2015,הונגריה,Science,Female,Medium,FemaleMedium,492.7
2018,הונגריה,Science,Female,Medium,FemaleMedium,496.4
2022,הונגריה,Science,Female,Medium,FemaleMedium,492.7
2025,הונגריה,Science,Female,Medium,FemaleMedium,491.9
2006,הונגריה,Science,0,0,General,503.9
2009,הונגריה,Science,0,0,General,502.6
2012,הונגריה,Science,0,0,General,494.3
2015,הונגריה,Science,0,0,General,476.7
2018,הונגריה,Science,0,0,General,480.9
2022,הונגריה,Science,0,0,General,485.9
2025,הונגריה,Science,0,0,General,479.9
2006,הונגריה,Science,0,High,GeneralHigh,560.6
2009,הונגריה,Science,0,High,GeneralHigh,561.9
2012,הונגריה,Science,0,High,GeneralHigh,555.8
2015,הונגריה,Science,0,High,GeneralHigh,539.9
2018,הונגריה,Science,0,High,GeneralHigh,538.8
2022,הונגריה,Science,0,High,GeneralHigh,546.1
2025,הונגריה,Science,0,High,GeneralHigh,532.2
2006,הונגריה,Science,0,Low,GeneralLow,472.8
2009,הונגריה,Science,0,Low,GeneralLow,473.7
2012,הונגריה,Science,0,Low,GeneralLow,464
2015,הונגריה,Science,0,Low,GeneralLow,443.6
2018,הונגריה,Science,0,Low,GeneralLow,444.7
2022,הונגריה,Science,0,Low,GeneralLow,439.8
2025,הונגריה,Science,0,Low,GeneralLow,445.5
2006,הונגריה,Science,0,Medium,GeneralMedium,512.9
2009,הונגריה,Science,0,Medium,GeneralMedium,516
2012,הונגריה,Science,0,Medium,GeneralMedium,512.9
2015,הונגריה,Science,0,Medium,GeneralMedium,493.4
2018,הונגריה,Science,0,Medium,GeneralMedium,498.1
2022,הונגריה,Science,0,Medium,GeneralMedium,493.5
2025,הונגריה,Science,0,Medium,GeneralMedium,495.8
2006,הונגריה,Science,Male,0,Male,507
2009,הונגריה,Science,Male,0,Male,502.7
2012,הונגריה,Science,Male,0,Male,495.9
2015,הונגריה,Science,Male,0,Male,478.2
2018,הונגריה,Science,Male,0,Male,484
2022,הונגריה,Science,Male,0,Male,487.6
2025,הונגריה,Science,Male,0,Male,483.9
2006,הונגריה,Science,Male,High,MaleHigh,568.6
2009,הונגריה,Science,Male,High,MaleHigh,563.5
2012,הונגריה,Science,Male,High,MaleHigh,561.1
2015,הונגריה,Science,Male,High,MaleHigh,538.5
2018,הונגריה,Science,Male,High,MaleHigh,538.4
2022,הונגריה,Science,Male,High,MaleHigh,548.8
2025,הונגריה,Science,Male,High,MaleHigh,533.7
2006,הונגריה,Science,Male,Low,MaleLow,474.2
2009,הונגריה,Science,Male,Low,MaleLow,471.4
2012,הונגריה,Science,Male,Low,MaleLow,466.4
2015,הונגריה,Science,Male,Low,MaleLow,446.2
2018,הונגריה,Science,Male,Low,MaleLow,448.9
2022,הונגריה,Science,Male,Low,MaleLow,442.1
2025,הונגריה,Science,Male,Low,MaleLow,450.7
2006,הונגריה,Science,Male,Medium,MaleMedium,514.7
2009,הונגריה,Science,Male,Medium,MaleMedium,514.5
2012,הונגריה,Science,Male,Medium,MaleMedium,509
2015,הונגריה,Science,Male,Medium,MaleMedium,494.1
2018,הונגריה,Science,Male,Medium,MaleMedium,499.9
2022,הונגריה,Science,Male,Medium,MaleMedium,494.3
2025,הונגריה,Science,Male,Medium,MaleMedium,499.5
2015,הרפובליקה הדומיניקנית,Math,Female,0,Female,329.7
2018,הרפובליקה הדומיניקנית,Math,Female,0,Female,326.7
2022,הרפובליקה הדומיניקנית,Math,Female,0,Female,341.1
2025,הרפובליקה הדומיניקנית,Math,Female,0,Female,336.1
2015,הרפובליקה הדומיניקנית,Math,Female,High,FemaleHigh,399.7
2018,הרפובליקה הדומיניקנית,Math,Female,High,FemaleHigh,398.2
2022,הרפובליקה הדומיניקנית,Math,Female,High,FemaleHigh,390.8
2025,הרפובליקה הדומיניקנית,Math,Female,High,FemaleHigh,386.7
2015,הרפובליקה הדומיניקנית,Math,Female,Low,FemaleLow,318.2
2018,הרפובליקה הדומיניקנית,Math,Female,Low,FemaleLow,316
2022,הרפובליקה הדומיניקנית,Math,Female,Low,FemaleLow,331.1
2025,הרפובליקה הדומיניקנית,Math,Female,Low,FemaleLow,325.7
2015,הרפובליקה הדומיניקנית,Math,Female,Medium,FemaleMedium,353.4
2018,הרפובליקה הדומיניקנית,Math,Female,Medium,FemaleMedium,353.5
2022,הרפובליקה הדומיניקנית,Math,Female,Medium,FemaleMedium,355.3
2025,הרפובליקה הדומיניקנית,Math,Female,Medium,FemaleMedium,356.3
2015,הרפובליקה הדומיניקנית,Math,0,0,General,327.7
2018,הרפובליקה הדומיניקנית,Math,0,0,General,325.1
2022,הרפובליקה הדומיניקנית,Math,0,0,General,339.1
2025,הרפובליקה הדומיניקנית,Math,0,0,General,338.8
2015,הרפובליקה הדומיניקנית,Math,0,High,GeneralHigh,392.7
2018,הרפובליקה הדומיניקנית,Math,0,High,GeneralHigh,400.5
2022,הרפובליקה הדומיניקנית,Math,0,High,GeneralHigh,387.5
2025,הרפובליקה הדומיניקנית,Math,0,High,GeneralHigh,388
2015,הרפובליקה הדומיניקנית,Math,0,Low,GeneralLow,315.6
2018,הרפובליקה הדומיניקנית,Math,0,Low,GeneralLow,314.3
2022,הרפובליקה הדומיניקנית,Math,0,Low,GeneralLow,329
2025,הרפובליקה הדומיניקנית,Math,0,Low,GeneralLow,329.9
2015,הרפובליקה הדומיניקנית,Math,0,Medium,GeneralMedium,351.8
2018,הרפובליקה הדומיניקנית,Math,0,Medium,GeneralMedium,351.5
2022,הרפובליקה הדומיניקנית,Math,0,Medium,GeneralMedium,353.1
2025,הרפובליקה הדומיניקנית,Math,0,Medium,GeneralMedium,357.5
2015,הרפובליקה הדומיניקנית,Math,Male,0,Male,325.6
2018,הרפובליקה הדומיניקנית,Math,Male,0,Male,323.5
2022,הרפובליקה הדומיניקנית,Math,Male,0,Male,336.9
2025,הרפובליקה הדומיניקנית,Math,Male,0,Male,341.9
2015,הרפובליקה הדומיניקנית,Math,Male,High,MaleHigh,386.7
2018,הרפובליקה הדומיניקנית,Math,Male,High,MaleHigh,403.1
2022,הרפובליקה הדומיניקנית,Math,Male,High,MaleHigh,383.6
2025,הרפובליקה הדומיניקנית,Math,Male,High,MaleHigh,389.2
2015,הרפובליקה הדומיניקנית,Math,Male,Low,MaleLow,312.8
2018,הרפובליקה הדומיניקנית,Math,Male,Low,MaleLow,312.6
2022,הרפובליקה הדומיניקנית,Math,Male,Low,MaleLow,326.6
2025,הרפובליקה הדומיניקנית,Math,Male,Low,MaleLow,335.2
2015,הרפובליקה הדומיניקנית,Math,Male,Medium,MaleMedium,350.3
2018,הרפובליקה הדומיניקנית,Math,Male,Medium,MaleMedium,349.7
2022,הרפובליקה הדומיניקנית,Math,Male,Medium,MaleMedium,351
2025,הרפובליקה הדומיניקנית,Math,Male,Medium,MaleMedium,358.9
2015,הרפובליקה הדומיניקנית,Reading,Female,0,Female,372.8
2018,הרפובליקה הדומיניקנית,Reading,Female,0,Female,357.1
2022,הרפובליקה הדומיניקנית,Reading,Female,0,Female,367.2
2025,הרפובליקה הדומיניקנית,Reading,Female,0,Female,359.8
2015,הרפובליקה הדומיניקנית,Reading,Female,High,FemaleHigh,455.6
2018,הרפובליקה הדומיניקנית,Reading,Female,High,FemaleHigh,443.7
2022,הרפובליקה הדומיניקנית,Reading,Female,High,FemaleHigh,441.5
2025,הרפובליקה הדומיניקנית,Reading,Female,High,FemaleHigh,422.3
2015,הרפובליקה הדומיניקנית,Reading,Female,Low,FemaleLow,357.5
2018,הרפובליקה הדומיניקנית,Reading,Female,Low,FemaleLow,344.3
2022,הרפובליקה הדומיניקנית,Reading,Female,Low,FemaleLow,350.6
2025,הרפובליקה הדומיניקנית,Reading,Female,Low,FemaleLow,345.3
2015,הרפובליקה הדומיניקנית,Reading,Female,Medium,FemaleMedium,408.3
2018,הרפובליקה הדומיניקנית,Reading,Female,Medium,FemaleMedium,389.4
2022,הרפובליקה הדומיניקנית,Reading,Female,Medium,FemaleMedium,393.7
2025,הרפובליקה הדומיניקנית,Reading,Female,Medium,FemaleMedium,391.6
2015,הרפובליקה הדומיניקנית,Reading,0,0,General,357.7
2018,הרפובליקה הדומיניקנית,Reading,0,0,General,341.6
2022,הרפובליקה הדומיניקנית,Reading,0,0,General,351.3
2025,הרפובליקה הדומיניקנית,Reading,0,0,General,345.5
2015,הרפובליקה הדומיניקנית,Reading,0,High,GeneralHigh,435.4
2018,הרפובליקה הדומיניקנית,Reading,0,High,GeneralHigh,428.7
2022,הרפובליקה הדומיניקנית,Reading,0,High,GeneralHigh,421.4
2025,הרפובליקה הדומיניקנית,Reading,0,High,GeneralHigh,409
2015,הרפובליקה הדומיניקנית,Reading,0,Low,GeneralLow,342.1
2018,הרפובליקה הדומיניקנית,Reading,0,Low,GeneralLow,329.4
2022,הרפובליקה הדומיניקנית,Reading,0,Low,GeneralLow,335.7
2025,הרפובליקה הדומיניקנית,Reading,0,Low,GeneralLow,333.9
2015,הרפובליקה הדומיניקנית,Reading,0,Medium,GeneralMedium,391
2018,הרפובליקה הדומיניקנית,Reading,0,Medium,GeneralMedium,370.4
2022,הרפובליקה הדומיניקנית,Reading,0,Medium,GeneralMedium,373.9
2025,הרפובליקה הדומיניקנית,Reading,0,Medium,GeneralMedium,374
2015,הרפובליקה הדומיניקנית,Reading,Male,0,Male,342.2
2018,הרפובליקה הדומיניקנית,Reading,Male,0,Male,326
2022,הרפובליקה הדומיניקנית,Reading,Male,0,Male,333.4
2025,הרפובליקה הדומיניקנית,Reading,Male,0,Male,329.8
2015,הרפובליקה הדומיניקנית,Reading,Male,High,MaleHigh,417.9
2018,הרפובליקה הדומיניקנית,Reading,Male,High,MaleHigh,411.8
2022,הרפובליקה הדומיניקנית,Reading,Male,High,MaleHigh,397.5
2025,הרפובליקה הדומיניקנית,Reading,Male,High,MaleHigh,396.2
2015,הרפובליקה הדומיניקנית,Reading,Male,Low,MaleLow,325.8
2018,הרפובליקה הדומיניקנית,Reading,Male,Low,MaleLow,314.3
2022,הרפובליקה הדומיניקנית,Reading,Male,Low,MaleLow,318.1
2025,הרפובליקה הדומיניקנית,Reading,Male,Low,MaleLow,319.6
2015,הרפובליקה הדומיניקנית,Reading,Male,Medium,MaleMedium,374.3
2018,הרפובליקה הדומיניקנית,Reading,Male,Medium,MaleMedium,352.7
2022,הרפובליקה הדומיניקנית,Reading,Male,Medium,MaleMedium,354.6
2025,הרפובליקה הדומיניקנית,Reading,Male,Medium,MaleMedium,353.2
2015,הרפובליקה הדומיניקנית,Science,Female,0,Female,330.8
2018,הרפובליקה הדומיניקנית,Science,Female,0,Female,340.4
2022,הרפובליקה הדומיניקנית,Science,Female,0,Female,366.6
2025,הרפובליקה הדומיניקנית,Science,Female,0,Female,364.1
2015,הרפובליקה הדומיניקנית,Science,Female,High,FemaleHigh,407.5
2018,הרפובליקה הדומיניקנית,Science,Female,High,FemaleHigh,414.2
2022,הרפובליקה הדומיניקנית,Science,Female,High,FemaleHigh,425.6
2025,הרפובליקה הדומיניקנית,Science,Female,High,FemaleHigh,425.3
2015,הרפובליקה הדומיניקנית,Science,Female,Low,FemaleLow,317.2
2018,הרפובליקה הדומיניקנית,Science,Female,Low,FemaleLow,329.4
2022,הרפובליקה הדומיניקנית,Science,Female,Low,FemaleLow,353.9
2025,הרפובליקה הדומיניקנית,Science,Female,Low,FemaleLow,350.9
2015,הרפובליקה הדומיניקנית,Science,Female,Medium,FemaleMedium,359.5
2018,הרפובליקה הדומיניקנית,Science,Female,Medium,FemaleMedium,369.3
2022,הרפובליקה הדומיניקנית,Science,Female,Medium,FemaleMedium,385.5
2025,הרפובליקה הדומיניקנית,Science,Female,Medium,FemaleMedium,393.6
2015,הרפובליקה הדומיניקנית,Science,0,0,General,331.6
2018,הרפובליקה הדומיניקנית,Science,0,0,General,335.6
2022,הרפובליקה הדומיניקנית,Science,0,0,General,360.4
2025,הרפובליקה הדומיניקנית,Science,0,0,General,360.8
2015,הרפובליקה הדומיניקנית,Science,0,High,GeneralHigh,401.9
2018,הרפובליקה הדומיניקנית,Science,0,High,GeneralHigh,409.1
2022,הרפובליקה הדומיניקנית,Science,0,High,GeneralHigh,414.8
2025,הרפובליקה הדומיניקנית,Science,0,High,GeneralHigh,422.2
2015,הרפובליקה הדומיניקנית,Science,0,Low,GeneralLow,318
2018,הרפובליקה הדומיניקנית,Science,0,Low,GeneralLow,325.1
2022,הרפובליקה הדומיניקנית,Science,0,Low,GeneralLow,348.1
2025,הרפובליקה הדומיניקנית,Science,0,Low,GeneralLow,349.6
2015,הרפובליקה הדומיניקנית,Science,0,Medium,GeneralMedium,359.3
2018,הרפובליקה הדומיניקנית,Science,0,Medium,GeneralMedium,363.1
2022,הרפובליקה הדומיניקנית,Science,0,Medium,GeneralMedium,378
2025,הרפובליקה הדומיניקנית,Science,0,Medium,GeneralMedium,388
2015,הרפובליקה הדומיניקנית,Science,Male,0,Male,332.5
2018,הרפובליקה הדומיניקנית,Science,Male,0,Male,330.8
2022,הרפובליקה הדומיניקנית,Science,Male,0,Male,353.5
2025,הרפובליקה הדומיניקנית,Science,Male,0,Male,357.2
2015,הרפובליקה הדומיניקנית,Science,Male,High,MaleHigh,397
2018,הרפובליקה הדומיניקנית,Science,Male,High,MaleHigh,403.5
2022,הרפובליקה הדומיניקנית,Science,Male,High,MaleHigh,402.1
2025,הרפובליקה הדומיניקנית,Science,Male,High,MaleHigh,419.2
2015,הרפובליקה הדומיניקנית,Science,Male,Low,MaleLow,318.7
2018,הרפובליקה הדומיניקנית,Science,Male,Low,MaleLow,320.7
2022,הרפובליקה הדומיניקנית,Science,Male,Low,MaleLow,341.3
2025,הרפובליקה הדומיניקנית,Science,Male,Low,MaleLow,348
2015,הרפובליקה הדומיניקנית,Science,Male,Medium,MaleMedium,359
2018,הרפובליקה הדומיניקנית,Science,Male,Medium,MaleMedium,357.3
2022,הרפובליקה הדומיניקנית,Science,Male,Medium,MaleMedium,370.7
2025,הרפובליקה הדומיניקנית,Science,Male,Medium,MaleMedium,381.5
2012,ויאטנם,Math,Female,0,Female,506.7
2015,ויאטנם,Math,Female,0,Female,496
2022,ויאטנם,Math,Female,0,Female,464.4
2025,ויאטנם,Math,Female,0,Female,440.1
2012,ויאטנם,Math,Female,High,FemaleHigh,594.8
2015,ויאטנם,Math,Female,High,FemaleHigh,592.6
2022,ויאטנם,Math,Female,High,FemaleHigh,527.5
2025,ויאטנם,Math,Female,High,FemaleHigh,520
2012,ויאטנם,Math,Female,Low,FemaleLow,500.1
2015,ויאטנם,Math,Female,Low,FemaleLow,489.1
2022,ויאטנם,Math,Female,Low,FemaleLow,453.2
2025,ויאטנם,Math,Female,Low,FemaleLow,421.8
2012,ויאטנם,Math,Female,Medium,FemaleMedium,553.4
2015,ויאטנם,Math,Female,Medium,FemaleMedium,553.5
2022,ויאטנם,Math,Female,Medium,FemaleMedium,505.4
2025,ויאטנם,Math,Female,Medium,FemaleMedium,483.1
2012,ויאטנם,Math,0,0,General,511.3
2015,ויאטנם,Math,0,0,General,494.5
2022,ויאטנם,Math,0,0,General,469.4
2025,ויאטנם,Math,0,0,General,443.2
2012,ויאטנם,Math,0,High,GeneralHigh,598.7
2015,ויאטנם,Math,0,High,GeneralHigh,585.2
2022,ויאטנם,Math,0,High,GeneralHigh,539.8
2025,ויאטנם,Math,0,High,GeneralHigh,523.2
2012,ויאטנם,Math,0,Low,GeneralLow,503.4
2015,ויאטנם,Math,0,Low,GeneralLow,487.8
2022,ויאטנם,Math,0,Low,GeneralLow,456.3
2025,ויאטנם,Math,0,Low,GeneralLow,426.1
2012,ויאטנם,Math,0,Medium,GeneralMedium,569.3
2015,ויאטנם,Math,0,Medium,GeneralMedium,554.4
2022,ויאטנם,Math,0,Medium,GeneralMedium,513.4
2025,ויאטנם,Math,0,Medium,GeneralMedium,485
2012,ויאטנם,Math,Male,0,Male,516.6
2015,ויאטנם,Math,Male,0,Male,493
2022,ויאטנם,Math,Male,0,Male,474.7
2025,ויאטנם,Math,Male,0,Male,446.4
2012,ויאטנם,Math,Male,High,MaleHigh,602.9
2015,ויאטנם,Math,Male,High,MaleHigh,578.7
2022,ויאטנם,Math,Male,High,MaleHigh,552.8
2025,ויאטנם,Math,Male,High,MaleHigh,527.2
2012,ויאטנם,Math,Male,Low,MaleLow,507.2
2015,ויאטנם,Math,Male,Low,MaleLow,486.4
2022,ויאטנם,Math,Male,Low,MaleLow,459.8
2025,ויאטנם,Math,Male,Low,MaleLow,430.7
2012,ויאטנם,Math,Male,Medium,MaleMedium,584.2
2015,ויאטנם,Math,Male,Medium,MaleMedium,555.5
2022,ויאטנם,Math,Male,Medium,MaleMedium,520.6
2025,ויאטנם,Math,Male,Medium,MaleMedium,486.7
2012,ויאטנם,Reading,Female,0,Female,522.5
2015,ויאטנם,Reading,Female,0,Female,499
2022,ויאטנם,Reading,Female,0,Female,470.6
2025,ויאטנם,Reading,Female,0,Female,403.5
2012,ויאטנם,Reading,Female,High,FemaleHigh,585.1
2015,ויאטנם,Reading,Female,High,FemaleHigh,586.7
2022,ויאטנם,Reading,Female,High,FemaleHigh,523
2025,ויאטנם,Reading,Female,High,FemaleHigh,480.4
2012,ויאטנם,Reading,Female,Low,FemaleLow,517.9
2015,ויאטנם,Reading,Female,Low,FemaleLow,492.9
2022,ויאטנם,Reading,Female,Low,FemaleLow,460.4
2025,ויאטנם,Reading,Female,Low,FemaleLow,385.9
2012,ויאטנם,Reading,Female,Medium,FemaleMedium,554.6
2015,ויאטנם,Reading,Female,Medium,FemaleMedium,549.2
2022,ויאטנם,Reading,Female,Medium,FemaleMedium,510.2
2025,ויאטנם,Reading,Female,Medium,FemaleMedium,444.5
2012,ויאטנם,Reading,0,0,General,508.2
2015,ויאטנם,Reading,0,0,General,486.8
2022,ויאטנם,Reading,0,0,General,461.9
2025,ויאטנם,Reading,0,0,General,391.5
2012,ויאטנם,Reading,0,High,GeneralHigh,575.1
2015,ויאטנם,Reading,0,High,GeneralHigh,569.3
2022,ויאטנם,Reading,0,High,GeneralHigh,522.3
2025,ויאטנם,Reading,0,High,GeneralHigh,468.5
2012,ויאטנם,Reading,0,Low,GeneralLow,502.5
2015,ויאטנם,Reading,0,Low,GeneralLow,480.6
2022,ויאטנם,Reading,0,Low,GeneralLow,450.7
2025,ויאטנם,Reading,0,Low,GeneralLow,375.5
2012,ויאטנם,Reading,0,Medium,GeneralMedium,548.2
2015,ויאטנם,Reading,0,Medium,GeneralMedium,541.9
2022,ויאטנם,Reading,0,Medium,GeneralMedium,499.7
2025,ויאטנם,Reading,0,Medium,GeneralMedium,430.2
2012,ויאטנם,Reading,Male,0,Male,491.7
2015,ויאטנם,Reading,Male,0,Male,473.9
2022,ויאטנם,Reading,Male,0,Male,452.6
2025,ויאטנם,Reading,Male,0,Male,379
2012,ויאטנם,Reading,Male,High,MaleHigh,564
2015,ויאטנם,Reading,Male,High,MaleHigh,554.2
2022,ויאטנם,Reading,Male,High,MaleHigh,521.6
2025,ויאטנם,Reading,Male,High,MaleHigh,453.5
2012,ויאטנם,Reading,Male,Low,MaleLow,484.4
2015,ויאטנם,Reading,Male,Low,MaleLow,467.8
2022,ויאטנם,Reading,Male,Low,MaleLow,440
2025,ויאטנם,Reading,Male,Low,MaleLow,364.4
2012,ויאטנם,Reading,Male,Medium,MaleMedium,542.3
2015,ויאטנם,Reading,Male,Medium,MaleMedium,532.3
2022,ויאטנם,Reading,Male,Medium,MaleMedium,490.1
2025,ויאטנם,Reading,Male,Medium,MaleMedium,416.7
2012,ויאטנם,Science,Female,0,Female,527.9
2015,ויאטנם,Science,Female,0,Female,525.9
2022,ויאטנם,Science,Female,0,Female,469.5
2025,ויאטנם,Science,Female,0,Female,457.9
2012,ויאטנם,Science,Female,High,FemaleHigh,594.9
2015,ויאטנם,Science,Female,High,FemaleHigh,618.3
2022,ויאטנם,Science,Female,High,FemaleHigh,509.6
2025,ויאטנם,Science,Female,High,FemaleHigh,532.2
2012,ויאטנם,Science,Female,Low,FemaleLow,523
2015,ויאטנם,Science,Female,Low,FemaleLow,519.5
2022,ויאטנם,Science,Female,Low,FemaleLow,461.7
2025,ויאטנם,Science,Female,Low,FemaleLow,441
2012,ויאטנם,Science,Female,Medium,FemaleMedium,562
2015,ויאטנם,Science,Female,Medium,FemaleMedium,577.5
2022,ויאטנם,Science,Female,Medium,FemaleMedium,499.6
2025,ויאטנם,Science,Female,Medium,FemaleMedium,498.1
2012,ויאטנם,Science,0,0,General,528.4
2015,ויאטנם,Science,0,0,General,524.6
2022,ויאטנם,Science,0,0,General,472.4
2025,ויאטנם,Science,0,0,General,457.4
2012,ויאטנם,Science,0,High,GeneralHigh,595.1
2015,ויאטנם,Science,0,High,GeneralHigh,610.1
2022,ויאטנם,Science,0,High,GeneralHigh,519.2
2025,ויאטנם,Science,0,High,GeneralHigh,530.8
2012,ויאטנם,Science,0,Low,GeneralLow,522.3
2015,ויאטנם,Science,0,Low,GeneralLow,518.4
2022,ויאטנם,Science,0,Low,GeneralLow,463.1
2025,ויאטנם,Science,0,Low,GeneralLow,441.9
2012,ויאטנם,Science,0,Medium,GeneralMedium,572.7
2015,ויאטנם,Science,0,Medium,GeneralMedium,578.5
2022,ויאטנם,Science,0,Medium,GeneralMedium,504.6
2025,ויאטנם,Science,0,Medium,GeneralMedium,496.2
2012,ויאטנם,Science,Male,0,Male,529
2015,ויאטנם,Science,Male,0,Male,523.3
2022,ויאטנם,Science,Male,0,Male,475.5
2025,ויאטנם,Science,Male,0,Male,456.9
2012,ויאטנם,Science,Male,High,MaleHigh,595.4
2015,ויאטנם,Science,Male,High,MaleHigh,603
2022,ויאטנם,Science,Male,High,MaleHigh,529.3
2025,ויאטנם,Science,Male,High,MaleHigh,529
2012,ויאטנם,Science,Male,Low,MaleLow,521.5
2015,ויאטנם,Science,Male,Low,MaleLow,517.3
2022,ויאטנם,Science,Male,Low,MaleLow,464.7
2025,ויאטנם,Science,Male,Low,MaleLow,443
2012,ויאטנם,Science,Male,Medium,MaleMedium,582.7
2015,ויאטנם,Science,Male,Medium,MaleMedium,579.7
2022,ויאטנם,Science,Male,Medium,MaleMedium,509.2
2025,ויאטנם,Science,Male,Medium,MaleMedium,494.4
2006,טורקיה,Math,Female,0,Female,420.7
2009,טורקיה,Math,Female,0,Female,439.8
2012,טורקיה,Math,Female,0,Female,443.9
2015,טורקיה,Math,Female,0,Female,417.5
2018,טורקיה,Math,Female,0,Female,451
2022,טורקיה,Math,Female,0,Female,450.3
2025,טורקיה,Math,Female,0,Female,453.4
2006,טורקיה,Math,Female,High,FemaleHigh,522.8
2009,טורקיה,Math,Female,High,FemaleHigh,530.7
2012,טורקיה,Math,Female,High,FemaleHigh,545.2
2015,טורקיה,Math,Female,High,FemaleHigh,502.3
2018,טורקיה,Math,Female,High,FemaleHigh,529.9
2022,טורקיה,Math,Female,High,FemaleHigh,514.3
2025,טורקיה,Math,Female,High,FemaleHigh,520.3
2006,טורקיה,Math,Female,Low,FemaleLow,406
2009,טורקיה,Math,Female,Low,FemaleLow,421
2012,טורקיה,Math,Female,Low,FemaleLow,432.6
2015,טורקיה,Math,Female,Low,FemaleLow,408
2018,טורקיה,Math,Female,Low,FemaleLow,435.6
2022,טורקיה,Math,Female,Low,FemaleLow,436.7
2025,טורקיה,Math,Female,Low,FemaleLow,438.7
2006,טורקיה,Math,Female,Medium,FemaleMedium,467.5
2009,טורקיה,Math,Female,Medium,FemaleMedium,486.2
2012,טורקיה,Math,Female,Medium,FemaleMedium,488.2
2015,טורקיה,Math,Female,Medium,FemaleMedium,453.8
2018,טורקיה,Math,Female,Medium,FemaleMedium,490
2022,טורקיה,Math,Female,Medium,FemaleMedium,495
2025,טורקיה,Math,Female,Medium,FemaleMedium,499.9
2006,טורקיה,Math,0,0,General,423.9
2009,טורקיה,Math,0,0,General,445.5
2012,טורקיה,Math,0,0,General,448
2015,טורקיה,Math,0,0,General,420.5
2018,טורקיה,Math,0,0,General,453.5
2022,טורקיה,Math,0,0,General,453.2
2025,טורקיה,Math,0,0,General,461.5
2006,טורקיה,Math,0,High,GeneralHigh,532.6
2009,טורקיה,Math,0,High,GeneralHigh,540.7
2012,טורקיה,Math,0,High,GeneralHigh,548.4
2015,טורקיה,Math,0,High,GeneralHigh,500.6
2018,טורקיה,Math,0,High,GeneralHigh,535
2022,טורקיה,Math,0,High,GeneralHigh,530.3
2025,טורקיה,Math,0,High,GeneralHigh,535.2
2006,טורקיה,Math,0,Low,GeneralLow,409.1
2009,טורקיה,Math,0,Low,GeneralLow,427.1
2012,טורקיה,Math,0,Low,GeneralLow,436.8
2015,טורקיה,Math,0,Low,GeneralLow,411.4
2018,טורקיה,Math,0,Low,GeneralLow,437.7
2022,טורקיה,Math,0,Low,GeneralLow,437.9
2025,טורקיה,Math,0,Low,GeneralLow,444.1
2006,טורקיה,Math,0,Medium,GeneralMedium,471.5
2009,טורקיה,Math,0,Medium,GeneralMedium,493.1
2012,טורקיה,Math,0,Medium,GeneralMedium,497.7
2015,טורקיה,Math,0,Medium,GeneralMedium,457.3
2018,טורקיה,Math,0,Medium,GeneralMedium,489.8
2022,טורקיה,Math,0,Medium,GeneralMedium,495
2025,טורקיה,Math,0,Medium,GeneralMedium,509.5
2006,טורקיה,Math,Male,0,Male,426.6
2009,טורקיה,Math,Male,0,Male,450.7
2012,טורקיה,Math,Male,0,Male,451.9
2015,טורקיה,Math,Male,0,Male,423.4
2018,טורקיה,Math,Male,0,Male,456
2022,טורקיה,Math,Male,0,Male,456
2025,טורקיה,Math,Male,0,Male,471.2
2006,טורקיה,Math,Male,High,MaleHigh,541.1
2009,טורקיה,Math,Male,High,MaleHigh,552
2012,טורקיה,Math,Male,High,MaleHigh,552.2
2015,טורקיה,Math,Male,High,MaleHigh,498.8
2018,טורקיה,Math,Male,High,MaleHigh,539.9
2022,טורקיה,Math,Male,High,MaleHigh,543.4
2025,טורקיה,Math,Male,High,MaleHigh,548.6
2006,טורקיה,Math,Male,Low,MaleLow,411.6
2009,טורקיה,Math,Male,Low,MaleLow,432.6
2012,טורקיה,Math,Male,Low,MaleLow,441
2015,טורקיה,Math,Male,Low,MaleLow,414.7
2018,טורקיה,Math,Male,Low,MaleLow,439.9
2022,טורקיה,Math,Male,Low,MaleLow,439.2
2025,טורקיה,Math,Male,Low,MaleLow,451.3
2006,טורקיה,Math,Male,Medium,MaleMedium,475
2009,טורקיה,Math,Male,Medium,MaleMedium,499.6
2012,טורקיה,Math,Male,Medium,MaleMedium,507.5
2015,טורקיה,Math,Male,Medium,MaleMedium,461
2018,טורקיה,Math,Male,Medium,MaleMedium,489.7
2022,טורקיה,Math,Male,Medium,MaleMedium,495
2025,טורקיה,Math,Male,Medium,MaleMedium,518.7
2006,טורקיה,Reading,Female,0,Female,471
2009,טורקיה,Reading,Female,0,Female,486.3
2012,טורקיה,Reading,Female,0,Female,498.6
2015,טורקיה,Reading,Female,0,Female,442.2
2018,טורקיה,Reading,Female,0,Female,478.4
2022,טורקיה,Reading,Female,0,Female,468.5
2025,טורקיה,Reading,Female,0,Female,482.1
2006,טורקיה,Reading,Female,High,FemaleHigh,553.8
2009,טורקיה,Reading,Female,High,FemaleHigh,558.7
2012,טורקיה,Reading,Female,High,FemaleHigh,593.1
2015,טורקיה,Reading,Female,High,FemaleHigh,519.8
2018,טורקיה,Reading,Female,High,FemaleHigh,553
2022,טורקיה,Reading,Female,High,FemaleHigh,520.2
2025,טורקיה,Reading,Female,High,FemaleHigh,533.1
2006,טורקיה,Reading,Female,Low,FemaleLow,459.4
2009,טורקיה,Reading,Female,Low,FemaleLow,471.5
2012,טורקיה,Reading,Female,Low,FemaleLow,487.7
2015,טורקיה,Reading,Female,Low,FemaleLow,433.2
2018,טורקיה,Reading,Female,Low,FemaleLow,463.6
2022,טורקיה,Reading,Female,Low,FemaleLow,457.3
2025,טורקיה,Reading,Female,Low,FemaleLow,471.2
2006,טורקיה,Reading,Female,Medium,FemaleMedium,507
2009,טורקיה,Reading,Female,Medium,FemaleMedium,522.7
2012,טורקיה,Reading,Female,Medium,FemaleMedium,544
2015,טורקיה,Reading,Female,Medium,FemaleMedium,477.2
2018,טורקיה,Reading,Female,Medium,FemaleMedium,516.3
2022,טורקיה,Reading,Female,Medium,FemaleMedium,505.5
2025,טורקיה,Reading,Female,Medium,FemaleMedium,519.3
2006,טורקיה,Reading,0,0,General,447.1
2009,טורקיה,Reading,0,0,General,464.2
2012,טורקיה,Reading,0,0,General,475.5
2015,טורקיה,Reading,0,0,General,428.3
2018,טורקיה,Reading,0,0,General,465.6
2022,טורקיה,Reading,0,0,General,456.1
2025,טורקיה,Reading,0,0,General,472.1
2006,טורקיה,Reading,0,High,GeneralHigh,540
2009,טורקיה,Reading,0,High,GeneralHigh,539.3
2012,טורקיה,Reading,0,High,GeneralHigh,570.7
2015,טורקיה,Reading,0,High,GeneralHigh,504.4
2018,טורקיה,Reading,0,High,GeneralHigh,544.7
2022,טורקיה,Reading,0,High,GeneralHigh,517.8
2025,טורקיה,Reading,0,High,GeneralHigh,525.6
2006,טורקיה,Reading,0,Low,GeneralLow,434.9
2009,טורקיה,Reading,0,Low,GeneralLow,449.5
2012,טורקיה,Reading,0,Low,GeneralLow,464.5
2015,טורקיה,Reading,0,Low,GeneralLow,419.4
2018,טורקיה,Reading,0,Low,GeneralLow,450.6
2022,טורקיה,Reading,0,Low,GeneralLow,443.4
2025,טורקיה,Reading,0,Low,GeneralLow,460.4
2006,טורקיה,Reading,0,Medium,GeneralMedium,484.4
2009,טורקיה,Reading,0,Medium,GeneralMedium,503
2012,טורקיה,Reading,0,Medium,GeneralMedium,526.3
2015,טורקיה,Reading,0,Medium,GeneralMedium,464.8
2018,טורקיה,Reading,0,Medium,GeneralMedium,499.9
2022,טורקיה,Reading,0,Medium,GeneralMedium,492.6
2025,טורקיה,Reading,0,Medium,GeneralMedium,509.8
2006,טורקיה,Reading,Male,0,Male,427.3
2009,טורקיה,Reading,Male,0,Male,443.5
2012,טורקיה,Reading,Male,0,Male,452.8
2015,טורקיה,Reading,Male,0,Male,414.4
2018,טורקיה,Reading,Male,0,Male,453.1
2022,טורקיה,Reading,Male,0,Male,443.6
2025,טורקיה,Reading,Male,0,Male,460.3
2006,טורקיה,Reading,Male,High,MaleHigh,528.2
2009,טורקיה,Reading,Male,High,MaleHigh,517.3
2012,טורקיה,Reading,Male,High,MaleHigh,544.3
2015,טורקיה,Reading,Male,High,MaleHigh,489.2
2018,טורקיה,Reading,Male,High,MaleHigh,536.5
2022,טורקיה,Reading,Male,High,MaleHigh,515.9
2025,טורקיה,Reading,Male,High,MaleHigh,519
2006,טורקיה,Reading,Male,Low,MaleLow,415
2009,טורקיה,Reading,Male,Low,MaleLow,429.3
2012,טורקיה,Reading,Male,Low,MaleLow,442
2015,טורקיה,Reading,Male,Low,MaleLow,405.6
2018,טורקיה,Reading,Male,Low,MaleLow,437.5
2022,טורקיה,Reading,Male,Low,MaleLow,429
2025,טורקיה,Reading,Male,Low,MaleLow,446.1
2006,טורקיה,Reading,Male,Medium,MaleMedium,464.4
2009,טורקיה,Reading,Male,Medium,MaleMedium,484.5
2012,טורקיה,Reading,Male,Medium,MaleMedium,507.9
2015,טורקיה,Reading,Male,Medium,MaleMedium,451.8
2018,טורקיה,Reading,Male,Medium,MaleMedium,485.3
2022,טורקיה,Reading,Male,Medium,MaleMedium,480.2
2025,טורקיה,Reading,Male,Medium,MaleMedium,500.6
2006,טורקיה,Science,Female,0,Female,430.4
2009,טורקיה,Science,Female,0,Female,460.2
2012,טורקיה,Science,Female,0,Female,468.6
2015,טורקיה,Science,Female,0,Female,428.7
2018,טורקיה,Science,Female,0,Female,472
2022,טורקיה,Science,Female,0,Female,478.4
2025,טורקיה,Science,Female,0,Female,492.4
2006,טורקיה,Science,Female,High,FemaleHigh,522.4
2009,טורקיה,Science,Female,High,FemaleHigh,531.5
2012,טורקיה,Science,Female,High,FemaleHigh,549.9
2015,טורקיה,Science,Female,High,FemaleHigh,505.9
2018,טורקיה,Science,Female,High,FemaleHigh,542.4
2022,טורקיה,Science,Female,High,FemaleHigh,536.5
2025,טורקיה,Science,Female,High,FemaleHigh,547.9
2006,טורקיה,Science,Female,Low,FemaleLow,417.3
2009,טורקיה,Science,Female,Low,FemaleLow,445.4
2012,טורקיה,Science,Female,Low,FemaleLow,460.2
2015,טורקיה,Science,Female,Low,FemaleLow,419.7
2018,טורקיה,Science,Female,Low,FemaleLow,458.1
2022,טורקיה,Science,Female,Low,FemaleLow,466.1
2025,טורקיה,Science,Female,Low,FemaleLow,480.7
2006,טורקיה,Science,Female,Medium,FemaleMedium,470.5
2009,טורקיה,Science,Female,Medium,FemaleMedium,496.9
2012,טורקיה,Science,Female,Medium,FemaleMedium,498.5
2015,טורקיה,Science,Female,Medium,FemaleMedium,462.8
2018,טורקיה,Science,Female,Medium,FemaleMedium,506.9
2022,טורקיה,Science,Female,Medium,FemaleMedium,519
2025,טורקיה,Science,Female,Medium,FemaleMedium,532.4
2006,טורקיה,Science,0,0,General,423.8
2009,טורקיה,Science,0,0,General,453.9
2012,טורקיה,Science,0,0,General,463.4
2015,טורקיה,Science,0,0,General,425.5
2018,טורקיה,Science,0,0,General,468.3
2022,טורקיה,Science,0,0,General,475.9
2025,טורקיה,Science,0,0,General,494.3
2006,טורקיה,Science,0,High,GeneralHigh,523.6
2009,טורקיה,Science,0,High,GeneralHigh,528.2
2012,טורקיה,Science,0,High,GeneralHigh,544.9
2015,טורקיה,Science,0,High,GeneralHigh,500.2
2018,טורקיה,Science,0,High,GeneralHigh,542.3
2022,טורקיה,Science,0,High,GeneralHigh,545.5
2025,טורקיה,Science,0,High,GeneralHigh,556
2006,טורקיה,Science,0,Low,GeneralLow,410.8
2009,טורקיה,Science,0,Low,GeneralLow,439.6
2012,טורקיה,Science,0,Low,GeneralLow,454.6
2015,טורקיה,Science,0,Low,GeneralLow,416.8
2018,טורקיה,Science,0,Low,GeneralLow,453.6
2022,טורקיה,Science,0,Low,GeneralLow,462
2025,טורקיה,Science,0,Low,GeneralLow,480.5
2006,טורקיה,Science,0,Medium,GeneralMedium,463.5
2009,טורקיה,Science,0,Medium,GeneralMedium,490.9
2012,טורקיה,Science,0,Medium,GeneralMedium,499.8
2015,טורקיה,Science,0,Medium,GeneralMedium,459.9
2018,טורקיה,Science,0,Medium,GeneralMedium,502.2
2022,טורקיה,Science,0,Medium,GeneralMedium,514.8
2025,טורקיה,Science,0,Medium,GeneralMedium,536.8
2006,טורקיה,Science,Male,0,Male,418.4
2009,טורקיה,Science,Male,0,Male,448
2012,טורקיה,Science,Male,0,Male,458.3
2015,טורקיה,Science,Male,0,Male,422.3
2018,טורקיה,Science,Male,0,Male,464.6
2022,טורקיה,Science,Male,0,Male,473.4
2025,טורקיה,Science,Male,0,Male,496.5
2006,טורקיה,Science,Male,High,MaleHigh,524.7
2009,טורקיה,Science,Male,High,MaleHigh,524.4
2012,טורקיה,Science,Male,High,MaleHigh,539
2015,טורקיה,Science,Male,High,MaleHigh,494.5
2018,טורקיה,Science,Male,High,MaleHigh,542.1
2022,טורקיה,Science,Male,High,MaleHigh,552.9
2025,טורקיה,Science,Male,High,MaleHigh,563.2
2006,טורקיה,Science,Male,Low,MaleLow,405.4
2009,טורקיה,Science,Male,Low,MaleLow,434.3
2012,טורקיה,Science,Male,Low,MaleLow,449.2
2015,טורקיה,Science,Male,Low,MaleLow,414
2018,טורקיה,Science,Male,Low,MaleLow,449.1
2022,טורקיה,Science,Male,Low,MaleLow,457.7
2025,טורקיה,Science,Male,Low,MaleLow,480.2
2006,טורקיה,Science,Male,Medium,MaleMedium,457.2
2009,טורקיה,Science,Male,Medium,MaleMedium,485.3
2012,טורקיה,Science,Male,Medium,MaleMedium,501.1
2015,טורקיה,Science,Male,Medium,MaleMedium,456.9
2018,טורקיה,Science,Male,Medium,MaleMedium,498
2022,טורקיה,Science,Male,Medium,MaleMedium,510.8
2025,טורקיה,Science,Male,Medium,MaleMedium,541.2
2015,טרינדד וטובגו,Math,Female,0,Female,425.9
2015,טרינדד וטובגו,Math,Female,High,FemaleHigh,485.4
2015,טרינדד וטובגו,Math,Female,Low,FemaleLow,400.7
2015,טרינדד וטובגו,Math,Female,Medium,FemaleMedium,440.5
2015,טרינדד וטובגו,Math,0,0,General,417.2
2015,טרינדד וטובגו,Math,0,High,GeneralHigh,473.7
2015,טרינדד וטובגו,Math,0,Low,GeneralLow,396.3
2015,טרינדד וטובגו,Math,0,Medium,GeneralMedium,428.9
2015,טרינדד וטובגו,Math,Male,0,Male,408.3
2015,טרינדד וטובגו,Math,Male,High,MaleHigh,461.2
2015,טרינדד וטובגו,Math,Male,Low,MaleLow,391.6
2015,טרינדד וטובגו,Math,Male,Medium,MaleMedium,417.2
2015,טרינדד וטובגו,Reading,Female,0,Female,452.4
2015,טרינדד וטובגו,Reading,Female,High,FemaleHigh,513.8
2015,טרינדד וטובגו,Reading,Female,Low,FemaleLow,425.3
2015,טרינדד וטובגו,Reading,Female,Medium,FemaleMedium,469.5
2015,טרינדד וטובגו,Reading,0,0,General,427.3
2015,טרינדד וטובגו,Reading,0,High,GeneralHigh,484.6
2015,טרינדד וטובגו,Reading,0,Low,GeneralLow,405.5
2015,טרינדד וטובגו,Reading,0,Medium,GeneralMedium,440.5
2015,טרינדד וטובגו,Reading,Male,0,Male,401.5
2015,טרינדד וטובגו,Reading,Male,High,MaleHigh,453.3
2015,טרינדד וטובגו,Reading,Male,Low,MaleLow,384.5
2015,טרינדד וטובגו,Reading,Male,Medium,MaleMedium,411.2
2015,טרינדד וטובגו,Science,Female,0,Female,434.7
2015,טרינדד וטובגו,Science,Female,High,FemaleHigh,495.4
2015,טרינדד וטובגו,Science,Female,Low,FemaleLow,409.3
2015,טרינדד וטובגו,Science,Female,Medium,FemaleMedium,449
2015,טרינדד וטובגו,Science,0,0,General,424.6
2015,טרינדד וטובגו,Science,0,High,GeneralHigh,482.2
2015,טרינדד וטובגו,Science,0,Low,GeneralLow,403.6
2015,טרינדד וטובגו,Science,0,Medium,GeneralMedium,436.1
2015,טרינדד וטובגו,Science,Male,0,Male,414.2
2015,טרינדד וטובגו,Science,Male,High,MaleHigh,468.1
2015,טרינדד וטובגו,Science,Male,Low,MaleLow,397.6
2015,טרינדד וטובגו,Science,Male,Medium,MaleMedium,423.1
2006,יוון,Math,Female,0,Female,456.8
2009,יוון,Math,Female,0,Female,459.3
2012,יוון,Math,Female,0,Female,449
2015,יוון,Math,Female,0,Female,453.6
2018,יוון,Math,Female,0,Female,451.2
2022,יוון,Math,Female,0,Female,427.1
2025,יוון,Math,Female,0,Female,420.8
2006,יוון,Math,Female,High,FemaleHigh,502.5
2009,יוון,Math,Female,High,FemaleHigh,503.5
2012,יוון,Math,Female,High,FemaleHigh,493.3
2015,יוון,Math,Female,High,FemaleHigh,495.4
2018,יוון,Math,Female,High,FemaleHigh,491.5
2022,יוון,Math,Female,High,FemaleHigh,471.6
2025,יוון,Math,Female,High,FemaleHigh,462.1
2006,יוון,Math,Female,Low,FemaleLow,432.5
2009,יוון,Math,Female,Low,FemaleLow,432.9
2012,יוון,Math,Female,Low,FemaleLow,422.7
2015,יוון,Math,Female,Low,FemaleLow,428.9
2018,יוון,Math,Female,Low,FemaleLow,424.9
2022,יוון,Math,Female,Low,FemaleLow,402.8
2025,יוון,Math,Female,Low,FemaleLow,397
2006,יוון,Math,Female,Medium,FemaleMedium,467.9
2009,יוון,Math,Female,Medium,FemaleMedium,466
2012,יוון,Math,Female,Medium,FemaleMedium,451.7
2015,יוון,Math,Female,Medium,FemaleMedium,455.4
2018,יוון,Math,Female,Medium,FemaleMedium,461
2022,יוון,Math,Female,Medium,FemaleMedium,434.1
2025,יוון,Math,Female,Medium,FemaleMedium,441.7
2006,יוון,Math,0,0,General,459.2
2009,יוון,Math,0,0,General,466.1
2012,יוון,Math,0,0,General,453
2015,יוון,Math,0,0,General,453.6
2018,יוון,Math,0,0,General,451.4
2022,יוון,Math,0,0,General,430.1
2025,יוון,Math,0,0,General,423.9
2006,יוון,Math,0,High,GeneralHigh,508.7
2009,יוון,Math,0,High,GeneralHigh,510
2012,יוון,Math,0,High,GeneralHigh,500.9
2015,יוון,Math,0,High,GeneralHigh,495.8
2018,יוון,Math,0,High,GeneralHigh,495.1
2022,יוון,Math,0,High,GeneralHigh,477.3
2025,יוון,Math,0,High,GeneralHigh,466.5
2006,יוון,Math,0,Low,GeneralLow,430.9
2009,יוון,Math,0,Low,GeneralLow,435.9
2012,יוון,Math,0,Low,GeneralLow,424.6
2015,יוון,Math,0,Low,GeneralLow,428.6
2018,יוון,Math,0,Low,GeneralLow,424.3
2022,יוון,Math,0,Low,GeneralLow,405.4
2025,יוון,Math,0,Low,GeneralLow,401
2006,יוון,Math,0,Medium,GeneralMedium,470.2
2009,יוון,Math,0,Medium,GeneralMedium,475.2
2012,יוון,Math,0,Medium,GeneralMedium,456.2
2015,יוון,Math,0,Medium,GeneralMedium,456.6
2018,יוון,Math,0,Medium,GeneralMedium,461.3
2022,יוון,Math,0,Medium,GeneralMedium,437
2025,יוון,Math,0,Medium,GeneralMedium,447.4
2006,יוון,Math,Male,0,Male,461.5
2009,יוון,Math,Male,0,Male,473.1
2012,יוון,Math,Male,0,Male,457
2015,יוון,Math,Male,0,Male,453.7
2018,יוון,Math,Male,0,Male,451.5
2022,יוון,Math,Male,0,Male,433.1
2025,יוון,Math,Male,0,Male,426.9
2006,יוון,Math,Male,High,MaleHigh,514.4
2009,יוון,Math,Male,High,MaleHigh,516.1
2012,יוון,Math,Male,High,MaleHigh,508.5
2015,יוון,Math,Male,High,MaleHigh,496.3
2018,יוון,Math,Male,High,MaleHigh,498.5
2022,יוון,Math,Male,High,MaleHigh,482.7
2025,יוון,Math,Male,High,MaleHigh,471.1
2006,יוון,Math,Male,Low,MaleLow,429.1
2009,יוון,Math,Male,Low,MaleLow,439.3
2012,יוון,Math,Male,Low,MaleLow,426.5
2015,יוון,Math,Male,Low,MaleLow,428.3
2018,יוון,Math,Male,Low,MaleLow,423.9
2022,יוון,Math,Male,Low,MaleLow,407.9
2025,יוון,Math,Male,Low,MaleLow,405.2
2006,יוון,Math,Male,Medium,MaleMedium,472.3
2009,יוון,Math,Male,Medium,MaleMedium,484.5
2012,יוון,Math,Male,Medium,MaleMedium,460.8
2015,יוון,Math,Male,Medium,MaleMedium,457.7
2018,יוון,Math,Male,Medium,MaleMedium,461.6
2022,יוון,Math,Male,Medium,MaleMedium,440
2025,יוון,Math,Male,Medium,MaleMedium,453.3
2006,יוון,Reading,Female,0,Female,488.1
2009,יוון,Reading,Female,0,Female,505.9
2012,יוון,Reading,Female,0,Female,502.2
2015,יוון,Reading,Female,0,Female,486.5
2018,יוון,Reading,Female,0,Female,478.8
2022,יוון,Reading,Female,0,Female,451.3
2025,יוון,Reading,Female,0,Female,445.8
2006,יוון,Reading,Female,High,FemaleHigh,528.6
2009,יוון,Reading,Female,High,FemaleHigh,550.3
2012,יוון,Reading,Female,High,FemaleHigh,542.2
2015,יוון,Reading,Female,High,FemaleHigh,535.5
2018,יוון,Reading,Female,High,FemaleHigh,519.3
2022,יוון,Reading,Female,High,FemaleHigh,502
2025,יוון,Reading,Female,High,FemaleHigh,483.2
2006,יוון,Reading,Female,Low,FemaleLow,466
2009,יוון,Reading,Female,Low,FemaleLow,479.7
2012,יוון,Reading,Female,Low,FemaleLow,477.8
2015,יוון,Reading,Female,Low,FemaleLow,457
2018,יוון,Reading,Female,Low,FemaleLow,452.9
2022,יוון,Reading,Female,Low,FemaleLow,423.4
2025,יוון,Reading,Female,Low,FemaleLow,423.3
2006,יוון,Reading,Female,Medium,FemaleMedium,499.2
2009,יוון,Reading,Female,Medium,FemaleMedium,512.1
2012,יוון,Reading,Female,Medium,FemaleMedium,506.7
2015,יוון,Reading,Female,Medium,FemaleMedium,490
2018,יוון,Reading,Female,Medium,FemaleMedium,487.8
2022,יוון,Reading,Female,Medium,FemaleMedium,460.4
2025,יוון,Reading,Female,Medium,FemaleMedium,468.7
2006,יוון,Reading,0,0,General,459.7
2009,יוון,Reading,0,0,General,482.8
2012,יוון,Reading,0,0,General,477.2
2015,יוון,Reading,0,0,General,467
2018,יוון,Reading,0,0,General,457.4
2022,יוון,Reading,0,0,General,438.4
2025,יוון,Reading,0,0,General,422.7
2006,יוון,Reading,0,High,GeneralHigh,504.7
2009,יוון,Reading,0,High,GeneralHigh,526.7
2012,יוון,Reading,0,High,GeneralHigh,521.9
2015,יוון,Reading,0,High,GeneralHigh,516.9
2018,יוון,Reading,0,High,GeneralHigh,502.5
2022,יוון,Reading,0,High,GeneralHigh,488.9
2025,יוון,Reading,0,High,GeneralHigh,462.6
2006,יוון,Reading,0,Low,GeneralLow,434
2009,יוון,Reading,0,Low,GeneralLow,452.6
2012,יוון,Reading,0,Low,GeneralLow,449.5
2015,יוון,Reading,0,Low,GeneralLow,437
2018,יוון,Reading,0,Low,GeneralLow,429.6
2022,יוון,Reading,0,Low,GeneralLow,411.6
2025,יוון,Reading,0,Low,GeneralLow,402.7
2006,יוון,Reading,0,Medium,GeneralMedium,469.7
2009,יוון,Reading,0,Medium,GeneralMedium,491.6
2012,יוון,Reading,0,Medium,GeneralMedium,483.9
2015,יוון,Reading,0,Medium,GeneralMedium,472.3
2018,יוון,Reading,0,Medium,GeneralMedium,467.6
2022,יוון,Reading,0,Medium,GeneralMedium,447.3
2025,יוון,Reading,0,Medium,GeneralMedium,448.8
2006,יוון,Reading,Male,0,Male,431.6
2009,יוון,Reading,Male,0,Male,458.8
2012,יוון,Reading,Male,0,Male,451.7
2015,יוון,Reading,Male,0,Male,449.1
2018,יוון,Reading,Male,0,Male,436.6
2022,יוון,Reading,Male,0,Male,425.9
2025,יוון,Reading,Male,0,Male,399.8
2006,יוון,Reading,Male,High,MaleHigh,482.9
2009,יוון,Reading,Male,High,MaleHigh,504.8
2012,יוון,Reading,Male,High,MaleHigh,501.7
2015,יוון,Reading,Male,High,MaleHigh,498.9
2018,יוון,Reading,Male,High,MaleHigh,485.9
2022,יוון,Reading,Male,High,MaleHigh,476.3
2025,יוון,Reading,Male,High,MaleHigh,441.6
2006,יוון,Reading,Male,Low,MaleLow,399.2
2009,יוון,Reading,Male,Low,MaleLow,422.6
2012,יוון,Reading,Male,Low,MaleLow,420.3
2015,יוון,Reading,Male,Low,MaleLow,418.5
2018,יוון,Reading,Male,Low,MaleLow,407.4
2022,יוון,Reading,Male,Low,MaleLow,400.2
2025,יוון,Reading,Male,Low,MaleLow,381.3
2006,יוון,Reading,Male,Medium,MaleMedium,443.5
2009,יוון,Reading,Male,Medium,MaleMedium,470.5
2012,יוון,Reading,Male,Medium,MaleMedium,460.3
2015,יוון,Reading,Male,Medium,MaleMedium,456.3
2018,יוון,Reading,Male,Medium,MaleMedium,447.3
2022,יוון,Reading,Male,Medium,MaleMedium,434.1
2025,יוון,Reading,Male,Medium,MaleMedium,428.2
2006,יוון,Science,Female,0,Female,479.1
2009,יוון,Science,Female,0,Female,474.9
2012,יוון,Science,Female,0,Female,473.3
2015,יוון,Science,Female,0,Female,459.4
2018,יוון,Science,Female,0,Female,457.4
2022,יוון,Science,Female,0,Female,445.9
2025,יוון,Science,Female,0,Female,440.2
2006,יוון,Science,Female,High,FemaleHigh,523
2009,יוון,Science,Female,High,FemaleHigh,519
2012,יוון,Science,Female,High,FemaleHigh,513.7
2015,יוון,Science,Female,High,FemaleHigh,506.8
2018,יוון,Science,Female,High,FemaleHigh,491.9
2022,יוון,Science,Female,High,FemaleHigh,494.8
2025,יוון,Science,Female,High,FemaleHigh,479
2006,יוון,Science,Female,Low,FemaleLow,454.7
2009,יוון,Science,Female,Low,FemaleLow,449.2
2012,יוון,Science,Female,Low,FemaleLow,447.9
2015,יוון,Science,Female,Low,FemaleLow,430.4
2018,יוון,Science,Female,Low,FemaleLow,433.4
2022,יוון,Science,Female,Low,FemaleLow,418.6
2025,יוון,Science,Female,Low,FemaleLow,416
2006,יוון,Science,Female,Medium,FemaleMedium,491.8
2009,יוון,Science,Female,Medium,FemaleMedium,479.5
2012,יוון,Science,Female,Medium,FemaleMedium,478.8
2015,יוון,Science,Female,Medium,FemaleMedium,463.5
2018,יוון,Science,Female,Medium,FemaleMedium,467.9
2022,יוון,Science,Female,Medium,FemaleMedium,454.5
2025,יוון,Science,Female,Medium,FemaleMedium,464.1
2006,יוון,Science,0,0,General,473.4
2009,יוון,Science,0,0,General,470.1
2012,יוון,Science,0,0,General,466.7
2015,יוון,Science,0,0,General,454.8
2018,יוון,Science,0,0,General,451.6
2022,יוון,Science,0,0,General,440.8
2025,יוון,Science,0,0,General,434.3
2006,יוון,Science,0,High,GeneralHigh,521.1
2009,יוון,Science,0,High,GeneralHigh,514
2012,יוון,Science,0,High,GeneralHigh,510.3
2015,יוון,Science,0,High,GeneralHigh,502.2
2018,יוון,Science,0,High,GeneralHigh,490.1
2022,יוון,Science,0,High,GeneralHigh,490
2025,יוון,Science,0,High,GeneralHigh,474.7
2006,יוון,Science,0,Low,GeneralLow,445.9
2009,יוון,Science,0,Low,GeneralLow,440.1
2012,יוון,Science,0,Low,GeneralLow,439.7
2015,יוון,Science,0,Low,GeneralLow,426.5
2018,יוון,Science,0,Low,GeneralLow,427
2022,יוון,Science,0,Low,GeneralLow,413.4
2025,יוון,Science,0,Low,GeneralLow,412.4
2006,יוון,Science,0,Medium,GeneralMedium,484.3
2009,יוון,Science,0,Medium,GeneralMedium,478.2
2012,יוון,Science,0,Medium,GeneralMedium,472.9
2015,יוון,Science,0,Medium,GeneralMedium,459.3
2018,יוון,Science,0,Medium,GeneralMedium,461.7
2022,יוון,Science,0,Medium,GeneralMedium,450.4
2025,יוון,Science,0,Medium,GeneralMedium,460.5
2006,יוון,Science,Male,0,Male,467.7
2009,יוון,Science,Male,0,Male,465.2
2012,יוון,Science,Male,0,Male,460
2015,יוון,Science,Male,0,Male,450.6
2018,יוון,Science,Male,0,Male,446.1
2022,יוון,Science,Male,0,Male,435.8
2025,יוון,Science,Male,0,Male,428.4
2006,יוון,Science,Male,High,MaleHigh,519.4
2009,יוון,Science,Male,High,MaleHigh,509.4
2012,יוון,Science,Male,High,MaleHigh,507
2015,יוון,Science,Male,High,MaleHigh,497.7
2018,יוון,Science,Male,High,MaleHigh,488.3
2022,יוון,Science,Male,High,MaleHigh,485.4
2025,יוון,Science,Male,High,MaleHigh,470.4
2006,יוון,Science,Male,Low,MaleLow,436.4
2009,יוון,Science,Male,Low,MaleLow,430.1
2012,יוון,Science,Male,Low,MaleLow,431.1
2015,יוון,Science,Male,Low,MaleLow,422.9
2018,יוון,Science,Male,Low,MaleLow,420.9
2022,יוון,Science,Male,Low,MaleLow,408.3
2025,יוון,Science,Male,Low,MaleLow,408.6
2006,יוון,Science,Male,Medium,MaleMedium,477.7
2009,יוון,Science,Male,Medium,MaleMedium,476.8
2012,יוון,Science,Male,Medium,MaleMedium,466.8
2015,יוון,Science,Male,Medium,MaleMedium,455.5
2018,יוון,Science,Male,Medium,MaleMedium,455.4
2022,יוון,Science,Male,Medium,MaleMedium,446.3
2025,יוון,Science,Male,Medium,MaleMedium,456.8
2006,יפן,Math,Female,0,Female,513.2
2009,יפן,Math,Female,0,Female,524.1
2012,יפן,Math,Female,0,Female,527
2015,יפן,Math,Female,0,Female,525.5
2018,יפן,Math,Female,0,Female,522
2022,יפן,Math,Female,0,Female,531.1
2025,יפן,Math,Female,0,Female,517
2006,יפן,Math,Female,High,FemaleHigh,547.5
2009,יפן,Math,Female,High,FemaleHigh,559.8
2012,יפן,Math,Female,High,FemaleHigh,565.2
2015,יפן,Math,Female,High,FemaleHigh,578.5
2018,יפן,Math,Female,High,FemaleHigh,554.4
2022,יפן,Math,Female,High,FemaleHigh,574.7
2025,יפן,Math,Female,High,FemaleHigh,568.6
2006,יפן,Math,Female,Low,FemaleLow,483.9
2009,יפן,Math,Female,Low,FemaleLow,498.9
2012,יפן,Math,Female,Low,FemaleLow,500.5
2015,יפן,Math,Female,Low,FemaleLow,500.4
2018,יפן,Math,Female,Low,FemaleLow,498
2022,יפן,Math,Female,Low,FemaleLow,499.1
2025,יפן,Math,Female,Low,FemaleLow,483.7
2006,יפן,Math,Female,Medium,FemaleMedium,528.4
2009,יפן,Math,Female,Medium,FemaleMedium,535.5
2012,יפן,Math,Female,Medium,FemaleMedium,544.7
2015,יפן,Math,Female,Medium,FemaleMedium,543.4
2018,יפן,Math,Female,Medium,FemaleMedium,534.9
2022,יפן,Math,Female,Medium,FemaleMedium,542.1
2025,יפן,Math,Female,Medium,FemaleMedium,532.8
2006,יפן,Math,0,0,General,523.1
2009,יפן,Math,0,0,General,529
2012,יפן,Math,0,0,General,536.4
2015,יפן,Math,0,0,General,532.4
2018,יפן,Math,0,0,General,527
2022,יפן,Math,0,0,General,535.6
2025,יפן,Math,0,0,General,525.4
2006,יפן,Math,0,High,GeneralHigh,550
2009,יפן,Math,0,High,GeneralHigh,568
2012,יפן,Math,0,High,GeneralHigh,578
2015,יפן,Math,0,High,GeneralHigh,579.9
2018,יפן,Math,0,High,GeneralHigh,558.8
2022,יפן,Math,0,High,GeneralHigh,579.9
2025,יפן,Math,0,High,GeneralHigh,568.3
2006,יפן,Math,0,Low,GeneralLow,495.6
2009,יפן,Math,0,Low,GeneralLow,501.1
2012,יפן,Math,0,Low,GeneralLow,511.7
2015,יפן,Math,0,Low,GeneralLow,509.1
2018,יפן,Math,0,Low,GeneralLow,501.1
2022,יפן,Math,0,Low,GeneralLow,501.3
2025,יפן,Math,0,Low,GeneralLow,496.1
2006,יפן,Math,0,Medium,GeneralMedium,538.8
2009,יפן,Math,0,Medium,GeneralMedium,543
2012,יפן,Math,0,Medium,GeneralMedium,552.4
2015,יפן,Math,0,Medium,GeneralMedium,550.9
2018,יפן,Math,0,Medium,GeneralMedium,542.6
2022,יפן,Math,0,Medium,GeneralMedium,548.5
2025,יפן,Math,0,Medium,GeneralMedium,543.5
2006,יפן,Math,Male,0,Male,532.9
2009,יפן,Math,Male,0,Male,533.6
2012,יפן,Math,Male,0,Male,544.9
2015,יפן,Math,Male,0,Male,539.3
2018,יפן,Math,Male,0,Male,532.2
2022,יפן,Math,Male,0,Male,540.1
2025,יפן,Math,Male,0,Male,533.3
2006,יפן,Math,Male,High,MaleHigh,552.4
2009,יפן,Math,Male,High,MaleHigh,576.2
2012,יפן,Math,Male,High,MaleHigh,589.7
2015,יפן,Math,Male,High,MaleHigh,581.3
2018,יפן,Math,Male,High,MaleHigh,563.4
2022,יפן,Math,Male,High,MaleHigh,585.6
2025,יפן,Math,Male,High,MaleHigh,568
2006,יפן,Math,Male,Low,MaleLow,507.8
2009,יפן,Math,Male,Low,MaleLow,503
2012,יפן,Math,Male,Low,MaleLow,522.1
2015,יפן,Math,Male,Low,MaleLow,517.7
2018,יפן,Math,Male,Low,MaleLow,504.3
2022,יפן,Math,Male,Low,MaleLow,503.6
2025,יפן,Math,Male,Low,MaleLow,507.7
2006,יפן,Math,Male,Medium,MaleMedium,548.7
2009,יפן,Math,Male,Medium,MaleMedium,550.4
2012,יפן,Math,Male,Medium,MaleMedium,559.4
2015,יפן,Math,Male,Medium,MaleMedium,558.4
2018,יפן,Math,Male,Medium,MaleMedium,551.2
2022,יפן,Math,Male,Medium,MaleMedium,554.6
2025,יפן,Math,Male,Medium,MaleMedium,553.6
2006,יפן,Reading,Female,0,Female,513.3
2009,יפן,Reading,Female,0,Female,539.9
2012,יפן,Reading,Female,0,Female,550.7
2015,יפן,Reading,Female,0,Female,522.7
2018,יפן,Reading,Female,0,Female,513.8
2022,יפן,Reading,Female,0,Female,524.1
2025,יפן,Reading,Female,0,Female,509.9
2006,יפן,Reading,Female,High,FemaleHigh,542.8
2009,יפן,Reading,Female,High,FemaleHigh,576.3
2012,יפן,Reading,Female,High,FemaleHigh,585
2015,יפן,Reading,Female,High,FemaleHigh,572.8
2018,יפן,Reading,Female,High,FemaleHigh,548.6
2022,יפן,Reading,Female,High,FemaleHigh,561.7
2025,יפן,Reading,Female,High,FemaleHigh,550.8
2006,יפן,Reading,Female,Low,FemaleLow,484
2009,יפן,Reading,Female,Low,FemaleLow,515.8
2012,יפן,Reading,Female,Low,FemaleLow,528
2015,יפן,Reading,Female,Low,FemaleLow,498.2
2018,יפן,Reading,Female,Low,FemaleLow,488.4
2022,יפן,Reading,Female,Low,FemaleLow,494.9
2025,יפן,Reading,Female,Low,FemaleLow,483.9
2006,יפן,Reading,Female,Medium,FemaleMedium,530.7
2009,יפן,Reading,Female,Medium,FemaleMedium,550.4
2012,יפן,Reading,Female,Medium,FemaleMedium,567.2
2015,יפן,Reading,Female,Medium,FemaleMedium,540.6
2018,יפן,Reading,Female,Medium,FemaleMedium,527.1
2022,יפן,Reading,Female,Medium,FemaleMedium,535.2
2025,יפן,Reading,Female,Medium,FemaleMedium,525.1
2006,יפן,Reading,0,0,General,498
2009,יפן,Reading,0,0,General,519.9
2012,יפן,Reading,0,0,General,538.1
2015,יפן,Reading,0,0,General,516
2018,יפן,Reading,0,0,General,503.9
2022,יפן,Reading,0,0,General,515.9
2025,יפן,Reading,0,0,General,502.7
2006,יפן,Reading,0,High,GeneralHigh,519.8
2009,יפן,Reading,0,High,GeneralHigh,560.4
2012,יפן,Reading,0,High,GeneralHigh,577.9
2015,יפן,Reading,0,High,GeneralHigh,562.8
2018,יפן,Reading,0,High,GeneralHigh,537.9
2022,יפן,Reading,0,High,GeneralHigh,553.9
2025,יפן,Reading,0,High,GeneralHigh,538.8
2006,יפן,Reading,0,Low,GeneralLow,470.8
2009,יפן,Reading,0,Low,GeneralLow,492.2
2012,יפן,Reading,0,Low,GeneralLow,516.2
2015,יפן,Reading,0,Low,GeneralLow,493.1
2018,יפן,Reading,0,Low,GeneralLow,476.8
2022,יפן,Reading,0,Low,GeneralLow,485
2025,יפן,Reading,0,Low,GeneralLow,479.9
2006,יפן,Reading,0,Medium,GeneralMedium,515.6
2009,יפן,Reading,0,Medium,GeneralMedium,534.1
2012,יפן,Reading,0,Medium,GeneralMedium,553.4
2015,יפן,Reading,0,Medium,GeneralMedium,534
2018,יפן,Reading,0,Medium,GeneralMedium,519.9
2022,יפן,Reading,0,Medium,GeneralMedium,528.7
2025,יפן,Reading,0,Medium,GeneralMedium,519.3
2006,יפן,Reading,Male,0,Male,482.7
2009,יפן,Reading,Male,0,Male,501
2012,יפן,Reading,Male,0,Male,526.6
2015,יפן,Reading,Male,0,Male,509.4
2018,יפן,Reading,Male,0,Male,493.4
2022,יפן,Reading,Male,0,Male,507.5
2025,יפן,Reading,Male,0,Male,495.9
2006,יפן,Reading,Male,High,MaleHigh,497.6
2009,יפן,Reading,Male,High,MaleHigh,544.3
2012,יפן,Reading,Male,High,MaleHigh,571.4
2015,יפן,Reading,Male,High,MaleHigh,552.2
2018,יפן,Reading,Male,High,MaleHigh,526.8
2022,יפן,Reading,Male,High,MaleHigh,545.1
2025,יפן,Reading,Male,High,MaleHigh,525.9
2006,יפן,Reading,Male,Low,MaleLow,457.1
2009,יפן,Reading,Male,Low,MaleLow,471.1
2012,יפן,Reading,Male,Low,MaleLow,505.2
2015,יפן,Reading,Male,Low,MaleLow,488.1
2018,יפן,Reading,Male,Low,MaleLow,465.2
2022,יפן,Reading,Male,Low,MaleLow,474.4
2025,יפן,Reading,Male,Low,MaleLow,476.2
2006,יפן,Reading,Male,Medium,MaleMedium,501.1
2009,יפן,Reading,Male,Medium,MaleMedium,518.3
2012,יפן,Reading,Male,Medium,MaleMedium,540.9
2015,יפן,Reading,Male,Medium,MaleMedium,527.4
2018,יפן,Reading,Male,Medium,MaleMedium,512
2022,יפן,Reading,Male,Medium,MaleMedium,522.4
2025,יפן,Reading,Male,Medium,MaleMedium,513.8
2006,יפן,Science,Female,0,Female,529.8
2009,יפן,Science,Female,0,Female,545.4
2012,יפן,Science,Female,0,Female,541
2015,יפן,Science,Female,0,Female,531.5
2018,יפן,Science,Female,0,Female,527.8
2022,יפן,Science,Female,0,Female,545.7
2025,יפן,Science,Female,0,Female,532.6
2006,יפן,Science,Female,High,FemaleHigh,561.2
2009,יפן,Science,Female,High,FemaleHigh,581.5
2012,יפן,Science,Female,High,FemaleHigh,572.7
2015,יפן,Science,Female,High,FemaleHigh,585.6
2018,יפן,Science,Female,High,FemaleHigh,560.3
2022,יפן,Science,Female,High,FemaleHigh,584.3
2025,יפן,Science,Female,High,FemaleHigh,581.1
2006,יפן,Science,Female,Low,FemaleLow,500.1
2009,יפן,Science,Female,Low,FemaleLow,521.2
2012,יפן,Science,Female,Low,FemaleLow,517.9
2015,יפן,Science,Female,Low,FemaleLow,505.8
2018,יפן,Science,Female,Low,FemaleLow,504.2
2022,יפן,Science,Female,Low,FemaleLow,517.5
2025,יפן,Science,Female,Low,FemaleLow,502.4
2006,יפן,Science,Female,Medium,FemaleMedium,546.7
2009,יפן,Science,Female,Medium,FemaleMedium,555.9
2012,יפן,Science,Female,Medium,FemaleMedium,558.2
2015,יפן,Science,Female,Medium,FemaleMedium,549.6
2018,יפן,Science,Female,Medium,FemaleMedium,540.3
2022,יפן,Science,Female,Medium,FemaleMedium,555.4
2025,יפן,Science,Female,Medium,FemaleMedium,548.6
2006,יפן,Science,0,0,General,531.4
2009,יפן,Science,0,0,General,539.4
2012,יפן,Science,0,0,General,546.7
2015,יפן,Science,0,0,General,538.4
2018,יפן,Science,0,0,General,529.1
2022,יפן,Science,0,0,General,546.6
2025,יפן,Science,0,0,General,537.6
2006,יפן,Science,0,High,GeneralHigh,555.4
2009,יפן,Science,0,High,GeneralHigh,576.7
2012,יפן,Science,0,High,GeneralHigh,582.9
2015,יפן,Science,0,High,GeneralHigh,586
2018,יפן,Science,0,High,GeneralHigh,561
2022,יפן,Science,0,High,GeneralHigh,585.9
2025,יפן,Science,0,High,GeneralHigh,578.7
2006,יפן,Science,0,Low,GeneralLow,504.4
2009,יפן,Science,0,Low,GeneralLow,513.4
2012,יפן,Science,0,Low,GeneralLow,525.6
2015,יפן,Science,0,Low,GeneralLow,515.1
2018,יפן,Science,0,Low,GeneralLow,504
2022,יפן,Science,0,Low,GeneralLow,517.3
2025,יפן,Science,0,Low,GeneralLow,511.9
2006,יפן,Science,0,Medium,GeneralMedium,547.9
2009,יפן,Science,0,Medium,GeneralMedium,552.9
2012,יפן,Science,0,Medium,GeneralMedium,561.8
2015,יפן,Science,0,Medium,GeneralMedium,556.4
2018,יפן,Science,0,Medium,GeneralMedium,544.2
2022,יפן,Science,0,Medium,GeneralMedium,557.5
2025,יפן,Science,0,Medium,GeneralMedium,554.4
2006,יפן,Science,Male,0,Male,533
2009,יפן,Science,Male,0,Male,533.8
2012,יפן,Science,Male,0,Male,551.9
2015,יפן,Science,Male,0,Male,545.1
2018,יפן,Science,Male,0,Male,530.6
2022,יפן,Science,Male,0,Male,547.6
2025,יפן,Science,Male,0,Male,542.3
2006,יפן,Science,Male,High,MaleHigh,549.9
2009,יפן,Science,Male,High,MaleHigh,571.7
2012,יפן,Science,Male,High,MaleHigh,592.3
2015,יפן,Science,Male,High,MaleHigh,586.5
2018,יפן,Science,Male,High,MaleHigh,561.8
2022,יפן,Science,Male,High,MaleHigh,587.6
2025,יפן,Science,Male,High,MaleHigh,576.1
2006,יפן,Science,Male,Low,MaleLow,508.8
2009,יפן,Science,Male,Low,MaleLow,506.5
2012,יפן,Science,Male,Low,MaleLow,532.7
2015,יפן,Science,Male,Low,MaleLow,524.2
2018,יפן,Science,Male,Low,MaleLow,503.8
2022,יפן,Science,Male,Low,MaleLow,517
2025,יפן,Science,Male,Low,MaleLow,520.9
2006,יפן,Science,Male,Medium,MaleMedium,549.1
2009,יפן,Science,Male,Medium,MaleMedium,550.1
2012,יפן,Science,Male,Medium,MaleMedium,565
2015,יפן,Science,Male,Medium,MaleMedium,563.1
2018,יפן,Science,Male,Medium,MaleMedium,548.4
2022,יפן,Science,Male,Medium,MaleMedium,559.5
2025,יפן,Science,Male,Medium,MaleMedium,560
2006,ירדן,Math,Female,0,Female,387.5
2009,ירדן,Math,Female,0,Female,386.9
2012,ירדן,Math,Female,0,Female,395.8
2015,ירדן,Math,Female,0,Female,387.4
2018,ירדן,Math,Female,0,Female,402.8
2022,ירדן,Math,Female,0,Female,368.5
2025,ירדן,Math,Female,0,Female,390.2
2006,ירדן,Math,Female,High,FemaleHigh,436.5
2009,ירדן,Math,Female,High,FemaleHigh,433.8
2012,ירדן,Math,Female,High,FemaleHigh,439.2
2015,ירדן,Math,Female,High,FemaleHigh,433.1
2018,ירדן,Math,Female,High,FemaleHigh,452
2022,ירדן,Math,Female,High,FemaleHigh,413.3
2025,ירדן,Math,Female,High,FemaleHigh,419.4
2006,ירדן,Math,Female,Low,FemaleLow,368.9
2009,ירדן,Math,Female,Low,FemaleLow,369.6
2012,ירדן,Math,Female,Low,FemaleLow,378.3
2015,ירדן,Math,Female,Low,FemaleLow,367.8
2018,ירדן,Math,Female,Low,FemaleLow,387.7
2022,ירדן,Math,Female,Low,FemaleLow,356.9
2025,ירדן,Math,Female,Low,FemaleLow,382.1
2006,ירדן,Math,Female,Medium,FemaleMedium,408
2009,ירדן,Math,Female,Medium,FemaleMedium,412.7
2012,ירדן,Math,Female,Medium,FemaleMedium,413.5
2015,ירדן,Math,Female,Medium,FemaleMedium,406.3
2018,ירדן,Math,Female,Medium,FemaleMedium,419.8
2022,ירדן,Math,Female,Medium,FemaleMedium,387.4
2025,ירדן,Math,Female,Medium,FemaleMedium,406.2
2006,ירדן,Math,0,0,General,384
2009,ירדן,Math,0,0,General,386.7
2012,ירדן,Math,0,0,General,385.6
2015,ירדן,Math,0,0,General,380.3
2018,ירדן,Math,0,0,General,399.8
2022,ירדן,Math,0,0,General,361.2
2025,ירדן,Math,0,0,General,387.6
2006,ירדן,Math,0,High,GeneralHigh,429.3
2009,ירדן,Math,0,High,GeneralHigh,434.5
2012,ירדן,Math,0,High,GeneralHigh,427.2
2015,ירדן,Math,0,High,GeneralHigh,421.3
2018,ירדן,Math,0,High,GeneralHigh,442.5
2022,ירדן,Math,0,High,GeneralHigh,392.9
2025,ירדן,Math,0,High,GeneralHigh,412.8
2006,ירדן,Math,0,Low,GeneralLow,364.2
2009,ירדן,Math,0,Low,GeneralLow,371.6
2012,ירדן,Math,0,Low,GeneralLow,370.3
2015,ירדן,Math,0,Low,GeneralLow,362.5
2018,ירדן,Math,0,Low,GeneralLow,385.8
2022,ירדן,Math,0,Low,GeneralLow,352.7
2025,ירדן,Math,0,Low,GeneralLow,381.2
2006,ירדן,Math,0,Medium,GeneralMedium,406.2
2009,ירדן,Math,0,Medium,GeneralMedium,405.7
2012,ירדן,Math,0,Medium,GeneralMedium,401.6
2015,ירדן,Math,0,Medium,GeneralMedium,399.7
2018,ירדן,Math,0,Medium,GeneralMedium,418.7
2022,ירדן,Math,0,Medium,GeneralMedium,376.7
2025,ירדן,Math,0,Medium,GeneralMedium,403.4
2006,ירדן,Math,Male,0,Male,380.5
2009,ירדן,Math,Male,0,Male,386.4
2012,ירדן,Math,Male,0,Male,375.1
2015,ירדן,Math,Male,0,Male,373
2018,ירדן,Math,Male,0,Male,396.6
2022,ירדן,Math,Male,0,Male,353.5
2025,ירדן,Math,Male,0,Male,384.9
2006,ירדן,Math,Male,High,MaleHigh,422.7
2009,ירדן,Math,Male,High,MaleHigh,435.1
2012,ירדן,Math,Male,High,MaleHigh,416.4
2015,ירדן,Math,Male,High,MaleHigh,408.6
2018,ירדן,Math,Male,High,MaleHigh,431.4
2022,ירדן,Math,Male,High,MaleHigh,369.3
2025,ירדן,Math,Male,High,MaleHigh,406.9
2006,ירדן,Math,Male,Low,MaleLow,359.1
2009,ירדן,Math,Male,Low,MaleLow,373.7
2012,ירדן,Math,Male,Low,MaleLow,361
2015,ירדן,Math,Male,Low,MaleLow,356.9
2018,ירדן,Math,Male,Low,MaleLow,383.8
2022,ירדן,Math,Male,Low,MaleLow,348
2025,ירדן,Math,Male,Low,MaleLow,380.1
2006,ירדן,Math,Male,Medium,MaleMedium,404.4
2009,ירדן,Math,Male,Medium,MaleMedium,399.4
2012,ירדן,Math,Male,Medium,MaleMedium,390.5
2015,ירדן,Math,Male,Medium,MaleMedium,393.4
2018,ירדן,Math,Male,Medium,MaleMedium,417.7
2022,ירדן,Math,Male,Medium,MaleMedium,365.6
2025,ירדן,Math,Male,Medium,MaleMedium,400.9
2006,ירדן,Reading,Female,0,Female,428.1
2009,ירדן,Reading,Female,0,Female,433.6
2012,ירדן,Reading,Female,0,Female,436
2015,ירדן,Reading,Female,0,Female,443.6
2018,ירדן,Reading,Female,0,Female,444.2
2022,ירדן,Reading,Female,0,Female,364.4
2025,ירדן,Reading,Female,0,Female,379
2006,ירדן,Reading,Female,High,FemaleHigh,474.7
2009,ירדן,Reading,Female,High,FemaleHigh,473.4
2012,ירדן,Reading,Female,High,FemaleHigh,473.5
2015,ירדן,Reading,Female,High,FemaleHigh,481.2
2018,ירדן,Reading,Female,High,FemaleHigh,487.8
2022,ירדן,Reading,Female,High,FemaleHigh,421.3
2025,ירדן,Reading,Female,High,FemaleHigh,407.5
2006,ירדן,Reading,Female,Low,FemaleLow,410
2009,ירדן,Reading,Female,Low,FemaleLow,418.1
2012,ירדן,Reading,Female,Low,FemaleLow,419.4
2015,ירדן,Reading,Female,Low,FemaleLow,427.9
2018,ירדן,Reading,Female,Low,FemaleLow,428.7
2022,ירדן,Reading,Female,Low,FemaleLow,349.4
2025,ירדן,Reading,Female,Low,FemaleLow,372
2006,ירדן,Reading,Female,Medium,FemaleMedium,448.8
2009,ירדן,Reading,Female,Medium,FemaleMedium,458.4
2012,ירדן,Reading,Female,Medium,FemaleMedium,454.7
2015,ירדן,Reading,Female,Medium,FemaleMedium,458.8
2018,ירדן,Reading,Female,Medium,FemaleMedium,464.5
2022,ירדן,Reading,Female,Medium,FemaleMedium,391.3
2025,ירדן,Reading,Female,Medium,FemaleMedium,395.4
2006,ירדן,Reading,0,0,General,400.6
2009,ירדן,Reading,0,0,General,405
2012,ירדן,Reading,0,0,General,399
2015,ירדן,Reading,0,0,General,408.1
2018,ירדן,Reading,0,0,General,419.1
2022,ירדן,Reading,0,0,General,342.2
2025,ירדן,Reading,0,0,General,362.6
2006,ירדן,Reading,0,High,GeneralHigh,445.6
2009,ירדן,Reading,0,High,GeneralHigh,449.7
2012,ירדן,Reading,0,High,GeneralHigh,433.3
2015,ירדן,Reading,0,High,GeneralHigh,444.8
2018,ירדן,Reading,0,High,GeneralHigh,460.6
2022,ירדן,Reading,0,High,GeneralHigh,384.5
2025,ירדן,Reading,0,High,GeneralHigh,386.2
2006,ירדן,Reading,0,Low,GeneralLow,380.1
2009,ירדן,Reading,0,Low,GeneralLow,391.3
2012,ירדן,Reading,0,Low,GeneralLow,387.8
2015,ירדן,Reading,0,Low,GeneralLow,392.8
2018,ירדן,Reading,0,Low,GeneralLow,404.1
2022,ירדן,Reading,0,Low,GeneralLow,331.1
2025,ירדן,Reading,0,Low,GeneralLow,359.4
2006,ירדן,Reading,0,Medium,GeneralMedium,424
2009,ירדן,Reading,0,Medium,GeneralMedium,423.9
2012,ירדן,Reading,0,Medium,GeneralMedium,415.1
2015,ירדן,Reading,0,Medium,GeneralMedium,424.7
2018,ירדן,Reading,0,Medium,GeneralMedium,441.8
2022,ירדן,Reading,0,Medium,GeneralMedium,363.4
2025,ירדן,Reading,0,Medium,GeneralMedium,378.1
2006,ירדן,Reading,Male,0,Male,372.8
2009,ירדן,Reading,Male,0,Male,376.8
2012,ירדן,Reading,Male,0,Male,361.2
2015,ירדן,Reading,Male,0,Male,371.9
2018,ירדן,Reading,Male,0,Male,393.1
2022,ירדן,Reading,Male,0,Male,318.3
2025,ירדן,Reading,Male,0,Male,346.2
2006,ירדן,Reading,Male,High,MaleHigh,419.3
2009,ירדן,Reading,Male,High,MaleHigh,427.7
2012,ירדן,Reading,Male,High,MaleHigh,397.1
2015,ירדן,Reading,Male,High,MaleHigh,405.1
2018,ירדן,Reading,Male,High,MaleHigh,428.7
2022,ירדן,Reading,Male,High,MaleHigh,342.1
2025,ירדן,Reading,Male,High,MaleHigh,367.1
2006,ירדן,Reading,Male,Low,MaleLow,348.4
2009,ירדן,Reading,Male,Low,MaleLow,363.1
2012,ירדן,Reading,Male,Low,MaleLow,350.6
2015,ירדן,Reading,Male,Low,MaleLow,355
2018,ירדן,Reading,Male,Low,MaleLow,377.7
2022,ירדן,Reading,Male,Low,MaleLow,311
2025,ירדן,Reading,Male,Low,MaleLow,344.1
2006,ירדן,Reading,Male,Medium,MaleMedium,400.5
2009,ירדן,Reading,Male,Medium,MaleMedium,393
2012,ירדן,Reading,Male,Medium,MaleMedium,378.2
2015,ירדן,Reading,Male,Medium,MaleMedium,392.6
2018,ירדן,Reading,Male,Medium,MaleMedium,420.2
2022,ירדן,Reading,Male,Medium,MaleMedium,334.5
2025,ירדן,Reading,Male,Medium,MaleMedium,362.5
2006,ירדן,Science,Female,0,Female,436.3
2009,ירדן,Science,Female,0,Female,433.1
2012,ירדן,Science,Female,0,Female,430.4
2015,ירדן,Science,Female,0,Female,428
2018,ירדן,Science,Female,0,Female,443.7
2022,ירדן,Science,Female,0,Female,390.4
2025,ירדן,Science,Female,0,Female,417
2006,ירדן,Science,Female,High,FemaleHigh,489.2
2009,ירדן,Science,Female,High,FemaleHigh,476.1
2012,ירדן,Science,Female,High,FemaleHigh,473.8
2015,ירדן,Science,Female,High,FemaleHigh,471
2018,ירדן,Science,Female,High,FemaleHigh,487.7
2022,ירדן,Science,Female,High,FemaleHigh,443
2025,ירדן,Science,Female,High,FemaleHigh,456.4
2006,ירדן,Science,Female,Low,FemaleLow,416.4
2009,ירדן,Science,Female,Low,FemaleLow,416.3
2012,ירדן,Science,Female,Low,FemaleLow,411.7
2015,ירדן,Science,Female,Low,FemaleLow,408.7
2018,ירדן,Science,Female,Low,FemaleLow,427.8
2022,ירדן,Science,Female,Low,FemaleLow,376.7
2025,ירדן,Science,Female,Low,FemaleLow,405.9
2006,ירדן,Science,Female,Medium,FemaleMedium,458
2009,ירדן,Science,Female,Medium,FemaleMedium,458.7
2012,ירדן,Science,Female,Medium,FemaleMedium,450.5
2015,ירדן,Science,Female,Medium,FemaleMedium,447
2018,ירדן,Science,Female,Medium,FemaleMedium,464.8
2022,ירדן,Science,Female,Medium,FemaleMedium,413.4
2025,ירדן,Science,Female,Medium,FemaleMedium,439.5
2006,ירדן,Science,0,0,General,422
2009,ירדן,Science,0,0,General,415.4
2012,ירדן,Science,0,0,General,409.4
2015,ירדן,Science,0,0,General,408.7
2018,ירדן,Science,0,0,General,429.3
2022,ירדן,Science,0,0,General,374.5
2025,ירדן,Science,0,0,General,406.9
2006,ירדן,Science,0,High,GeneralHigh,469.1
2009,ירדן,Science,0,High,GeneralHigh,461.2
2012,ירדן,Science,0,High,GeneralHigh,448
2015,ירדן,Science,0,High,GeneralHigh,448.2
2018,ירדן,Science,0,High,GeneralHigh,469.8
2022,ירדן,Science,0,High,GeneralHigh,412.2
2025,ירדן,Science,0,High,GeneralHigh,440.4
2006,ירדן,Science,0,Low,GeneralLow,401.4
2009,ירדן,Science,0,Low,GeneralLow,401.1
2012,ירדן,Science,0,Low,GeneralLow,394.6
2015,ירדן,Science,0,Low,GeneralLow,390.8
2018,ירדן,Science,0,Low,GeneralLow,414.5
2022,ירדן,Science,0,Low,GeneralLow,364.5
2025,ירדן,Science,0,Low,GeneralLow,399.1
2006,ירדן,Science,0,Medium,GeneralMedium,444.8
2009,ירדן,Science,0,Medium,GeneralMedium,434.8
2012,ירדן,Science,0,Medium,GeneralMedium,426.5
2015,ירדן,Science,0,Medium,GeneralMedium,427.7
2018,ירדן,Science,0,Medium,GeneralMedium,451.1
2022,ירדן,Science,0,Medium,GeneralMedium,392.5
2025,ירדן,Science,0,Medium,GeneralMedium,427.8
2006,ירדן,Science,Male,0,Male,407.5
2009,ירדן,Science,Male,0,Male,398
2012,ירדן,Science,Male,0,Male,387.8
2015,ירדן,Science,Male,0,Male,389
2018,ירדן,Science,Male,0,Male,414.3
2022,ירדן,Science,Male,0,Male,357.5
2025,ירדן,Science,Male,0,Male,396.9
2006,ירדן,Science,Male,High,MaleHigh,450.9
2009,ירדן,Science,Male,High,MaleHigh,447.3
2012,ירדן,Science,Male,High,MaleHigh,424.7
2015,ירדן,Science,Male,High,MaleHigh,423.3
2018,ירדן,Science,Male,High,MaleHigh,448.9
2022,ירדן,Science,Male,High,MaleHigh,376.5
2025,ירדן,Science,Male,High,MaleHigh,426.1
2006,ירדן,Science,Male,Low,MaleLow,385.4
2009,ירדן,Science,Male,Low,MaleLow,385.1
2012,ירדן,Science,Male,Low,MaleLow,374.6
2015,ירדן,Science,Male,Low,MaleLow,371.6
2018,ירדן,Science,Male,Low,MaleLow,400.4
2022,ירדן,Science,Male,Low,MaleLow,351.1
2025,ירדן,Science,Male,Low,MaleLow,390.8
2006,ירדן,Science,Male,Medium,MaleMedium,432.3
2009,ירדן,Science,Male,Medium,MaleMedium,413.3
2012,ירדן,Science,Male,Medium,MaleMedium,404.1
2015,ירדן,Science,Male,Medium,MaleMedium,409.5
2018,ירדן,Science,Male,Medium,MaleMedium,438
2022,ירדן,Science,Male,Medium,MaleMedium,370.9
2025,ירדן,Science,Male,Medium,MaleMedium,417.3
2006,ישראל,Math,Female,0,Female,435.9
2009,ישראל,Math,Female,0,Female,442.8
2012,ישראל,Math,Female,0,Female,460.7
2015,ישראל,Math,Female,0,Female,465.5
2018,ישראל,Math,Female,0,Female,467.4
2022,ישראל,Math,Female,0,Female,452.2
2025,ישראל,Math,Female,0,Female,431.8
2006,ישראל,Math,Female,High,FemaleHigh,469.3
2009,ישראל,Math,Female,High,FemaleHigh,499.7
2012,ישראל,Math,Female,High,FemaleHigh,512.5
2015,ישראל,Math,Female,High,FemaleHigh,509.2
2018,ישראל,Math,Female,High,FemaleHigh,506.2
2022,ישראל,Math,Female,High,FemaleHigh,499.5
2025,ישראל,Math,Female,High,FemaleHigh,472.2
2006,ישראל,Math,Female,Low,FemaleLow,391.8
2009,ישראל,Math,Female,Low,FemaleLow,403.4
2012,ישראל,Math,Female,Low,FemaleLow,412
2015,ישראל,Math,Female,Low,FemaleLow,422.8
2018,ישראל,Math,Female,Low,FemaleLow,414.6
2022,ישראל,Math,Female,Low,FemaleLow,400.3
2025,ישראל,Math,Female,Low,FemaleLow,394.7
2006,ישראל,Math,Female,Medium,FemaleMedium,442.9
2009,ישראל,Math,Female,Medium,FemaleMedium,460.5
2012,ישראל,Math,Female,Medium,FemaleMedium,466.8
2015,ישראל,Math,Female,Medium,FemaleMedium,472.6
2018,ישראל,Math,Female,Medium,FemaleMedium,462.4
2022,ישראל,Math,Female,Medium,FemaleMedium,452
2025,ישראל,Math,Female,Medium,FemaleMedium,441.4
2006,ישראל,Math,0,0,General,441.9
2009,ישראל,Math,0,0,General,446.9
2012,ישראל,Math,0,0,General,466.5
2015,ישראל,Math,0,0,General,469.7
2018,ישראל,Math,0,0,General,463
2022,ישראל,Math,0,0,General,457.9
2025,ישראל,Math,0,0,General,433.4
2006,ישראל,Math,0,High,GeneralHigh,473.4
2009,ישראל,Math,0,High,GeneralHigh,502.2
2012,ישראל,Math,0,High,GeneralHigh,521.2
2015,ישראל,Math,0,High,GeneralHigh,509.5
2018,ישראל,Math,0,High,GeneralHigh,507.9
2022,ישראל,Math,0,High,GeneralHigh,512.7
2025,ישראל,Math,0,High,GeneralHigh,480.4
2006,ישראל,Math,0,Low,GeneralLow,395.5
2009,ישראל,Math,0,Low,GeneralLow,405.9
2012,ישראל,Math,0,Low,GeneralLow,415.8
2015,ישראל,Math,0,Low,GeneralLow,423.5
2018,ישראל,Math,0,Low,GeneralLow,410.4
2022,ישראל,Math,0,Low,GeneralLow,399.8
2025,ישראל,Math,0,Low,GeneralLow,401.7
2006,ישראל,Math,0,Medium,GeneralMedium,446.9
2009,ישראל,Math,0,Medium,GeneralMedium,466.4
2012,ישראל,Math,0,Medium,GeneralMedium,469.5
2015,ישראל,Math,0,Medium,GeneralMedium,479.2
2018,ישראל,Math,0,Medium,GeneralMedium,460
2022,ישראל,Math,0,Medium,GeneralMedium,449.6
2025,ישראל,Math,0,Medium,GeneralMedium,447.4
2006,ישראל,Math,Male,0,Male,447.9
2009,ישראל,Math,Male,0,Male,451.1
2012,ישראל,Math,Male,0,Male,472.4
2015,ישראל,Math,Male,0,Male,474
2018,ישראל,Math,Male,0,Male,458.2
2022,ישראל,Math,Male,0,Male,463.4
2025,ישראל,Math,Male,0,Male,435
2006,ישראל,Math,Male,High,MaleHigh,476.7
2009,ישראל,Math,Male,High,MaleHigh,504.3
2012,ישראל,Math,Male,High,MaleHigh,528.8
2015,ישראל,Math,Male,High,MaleHigh,509.9
2018,ישראל,Math,Male,High,MaleHigh,510
2022,ישראל,Math,Male,High,MaleHigh,523.7
2025,ישראל,Math,Male,High,MaleHigh,489.2
2006,ישראל,Math,Male,Low,MaleLow,399.8
2009,ישראל,Math,Male,Low,MaleLow,408.9
2012,ישראל,Math,Male,Low,MaleLow,420.7
2015,ישראל,Math,Male,Low,MaleLow,424.6
2018,ישראל,Math,Male,Low,MaleLow,405.9
2022,ישראל,Math,Male,Low,MaleLow,399.2
2025,ישראל,Math,Male,Low,MaleLow,410.4
2006,ישראל,Math,Male,Medium,MaleMedium,451.3
2009,ישראל,Math,Male,Medium,MaleMedium,472.7
2012,ישראל,Math,Male,Medium,MaleMedium,472.3
2015,ישראל,Math,Male,Medium,MaleMedium,485.2
2018,ישראל,Math,Male,Medium,MaleMedium,457.5
2022,ישראל,Math,Male,Medium,MaleMedium,447.2
2025,ישראל,Math,Male,Medium,MaleMedium,454
2006,ישראל,Reading,Female,0,Female,459.5
2009,ישראל,Reading,Female,0,Female,494.7
2012,ישראל,Reading,Female,0,Female,507.5
2015,ישראל,Reading,Female,0,Female,490.2
2018,ישראל,Reading,Female,0,Female,493.2
2022,ישראל,Reading,Female,0,Female,485.5
2025,ישראל,Reading,Female,0,Female,455.1
2006,ישראל,Reading,Female,High,FemaleHigh,490.4
2009,ישראל,Reading,Female,High,FemaleHigh,549.1
2012,ישראל,Reading,Female,High,FemaleHigh,554.7
2015,ישראל,Reading,Female,High,FemaleHigh,536.8
2018,ישראל,Reading,Female,High,FemaleHigh,537.3
2022,ישראל,Reading,Female,High,FemaleHigh,535
2025,ישראל,Reading,Female,High,FemaleHigh,491.4
2006,ישראל,Reading,Female,Low,FemaleLow,415.8
2009,ישראל,Reading,Female,Low,FemaleLow,456.1
2012,ישראל,Reading,Female,Low,FemaleLow,463.8
2015,ישראל,Reading,Female,Low,FemaleLow,446.1
2018,ישראל,Reading,Female,Low,FemaleLow,432.3
2022,ישראל,Reading,Female,Low,FemaleLow,429.3
2025,ישראל,Reading,Female,Low,FemaleLow,428.1
2006,ישראל,Reading,Female,Medium,FemaleMedium,468.1
2009,ישראל,Reading,Female,Medium,FemaleMedium,513.8
2012,ישראל,Reading,Female,Medium,FemaleMedium,514
2015,ישראל,Reading,Female,Medium,FemaleMedium,496.6
2018,ישראל,Reading,Female,Medium,FemaleMedium,489.2
2022,ישראל,Reading,Female,Medium,FemaleMedium,488.6
2025,ישראל,Reading,Female,Medium,FemaleMedium,466
2006,ישראל,Reading,0,0,General,438.7
2009,ישראל,Reading,0,0,General,474
2012,ישראל,Reading,0,0,General,485.8
2015,ישראל,Reading,0,0,General,479
2018,ישראל,Reading,0,0,General,470.4
2022,ישראל,Reading,0,0,General,473.8
2025,ישראל,Reading,0,0,General,435.8
2006,ישראל,Reading,0,High,GeneralHigh,465.7
2009,ישראל,Reading,0,High,GeneralHigh,525.5
2012,ישראל,Reading,0,High,GeneralHigh,534.9
2015,ישראל,Reading,0,High,GeneralHigh,521
2018,ישראל,Reading,0,High,GeneralHigh,522.4
2022,ישראל,Reading,0,High,GeneralHigh,528
2025,ישראל,Reading,0,High,GeneralHigh,482.1
2006,ישראל,Reading,0,Low,GeneralLow,394.5
2009,ישראל,Reading,0,Low,GeneralLow,434.6
2012,ישראל,Reading,0,Low,GeneralLow,441.9
2015,ישראל,Reading,0,Low,GeneralLow,432.9
2018,ישראל,Reading,0,Low,GeneralLow,411
2022,ישראל,Reading,0,Low,GeneralLow,414.5
2025,ישראל,Reading,0,Low,GeneralLow,415.2
2006,ישראל,Reading,0,Medium,GeneralMedium,445.9
2009,ישראל,Reading,0,Medium,GeneralMedium,496.4
2012,ישראל,Reading,0,Medium,GeneralMedium,489.9
2015,ישראל,Reading,0,Medium,GeneralMedium,488.3
2018,ישראל,Reading,0,Medium,GeneralMedium,465.6
2022,ישראל,Reading,0,Medium,GeneralMedium,469.1
2025,ישראל,Reading,0,Medium,GeneralMedium,452.6
2006,ישראל,Reading,Male,0,Male,417.5
2009,ישראל,Reading,Male,0,Male,452.5
2012,ישראל,Reading,Male,0,Male,463.5
2015,ישראל,Reading,Male,0,Male,467.3
2018,ישראל,Reading,Male,0,Male,445.1
2022,ישראל,Reading,Male,0,Male,462.5
2025,ישראל,Reading,Male,0,Male,416.6
2006,ישראל,Reading,Male,High,MaleHigh,445.9
2009,ישראל,Reading,Male,High,MaleHigh,505.4
2012,ישראל,Reading,Male,High,MaleHigh,517.5
2015,ישראל,Reading,Male,High,MaleHigh,504.9
2018,ישראל,Reading,Male,High,MaleHigh,503.5
2022,ישראל,Reading,Male,High,MaleHigh,522.1
2025,ישראל,Reading,Male,High,MaleHigh,472.1
2006,ישראל,Reading,Male,Low,MaleLow,369.2
2009,ישראל,Reading,Male,Low,MaleLow,408.7
2012,ישראל,Reading,Male,Low,MaleLow,413.4
2015,ישראל,Reading,Male,Low,MaleLow,415.3
2018,ישראל,Reading,Male,Low,MaleLow,388
2022,ישראל,Reading,Male,Low,MaleLow,396.3
2025,ישראל,Reading,Male,Low,MaleLow,399.1
2006,ישראל,Reading,Male,Medium,MaleMedium,421.4
2009,ישראל,Reading,Male,Medium,MaleMedium,477.8
2012,ישראל,Reading,Male,Medium,MaleMedium,465.8
2015,ישראל,Reading,Male,Medium,MaleMedium,480.6
2018,ישראל,Reading,Male,Medium,MaleMedium,441.3
2022,ישראל,Reading,Male,Medium,MaleMedium,449.4
2025,ישראל,Reading,Male,Medium,MaleMedium,438.1
2006,ישראל,Science,Female,0,Female,452.2
2009,ישראל,Science,Female,0,Female,456.2
2012,ישראל,Science,Female,0,Female,470.4
2015,ישראל,Science,Female,0,Female,464.4
2018,ישראל,Science,Female,0,Female,471.3
2022,ישראל,Science,Female,0,Female,465
2025,ישראל,Science,Female,0,Female,448.7
2006,ישראל,Science,Female,High,FemaleHigh,488.2
2009,ישראל,Science,Female,High,FemaleHigh,515.8
2012,ישראל,Science,Female,High,FemaleHigh,522
2015,ישראל,Science,Female,High,FemaleHigh,511.8
2018,ישראל,Science,Female,High,FemaleHigh,511.5
2022,ישראל,Science,Female,High,FemaleHigh,513.6
2025,ישראל,Science,Female,High,FemaleHigh,491.2
2006,ישראל,Science,Female,Low,FemaleLow,408.6
2009,ישראל,Science,Female,Low,FemaleLow,416.1
2012,ישראל,Science,Female,Low,FemaleLow,424.3
2015,ישראל,Science,Female,Low,FemaleLow,422
2018,ישראל,Science,Female,Low,FemaleLow,417.5
2022,ישראל,Science,Female,Low,FemaleLow,414
2025,ישראל,Science,Female,Low,FemaleLow,416.7
2006,ישראל,Science,Female,Medium,FemaleMedium,457
2009,ישראל,Science,Female,Medium,FemaleMedium,474.4
2012,ישראל,Science,Female,Medium,FemaleMedium,475.1
2015,ישראל,Science,Female,Medium,FemaleMedium,468.8
2018,ישראל,Science,Female,Medium,FemaleMedium,466
2022,ישראל,Science,Female,Medium,FemaleMedium,463.3
2025,ישראל,Science,Female,Medium,FemaleMedium,456.7
2006,ישראל,Science,0,0,General,453.9
2009,ישראל,Science,0,0,General,454.9
2012,ישראל,Science,0,0,General,470.1
2015,ישראל,Science,0,0,General,466.6
2018,ישראל,Science,0,0,General,462.2
2022,ישראל,Science,0,0,General,464.8
2025,ישראל,Science,0,0,General,442
2006,ישראל,Science,0,High,GeneralHigh,486
2009,ישראל,Science,0,High,GeneralHigh,510
2012,ישראל,Science,0,High,GeneralHigh,524.1
2015,ישראל,Science,0,High,GeneralHigh,510.7
2018,ישראל,Science,0,High,GeneralHigh,509.1
2022,ישראל,Science,0,High,GeneralHigh,517.8
2025,ישראל,Science,0,High,GeneralHigh,492.7
2006,ישראל,Science,0,Low,GeneralLow,408.3
2009,ישראל,Science,0,Low,GeneralLow,414.2
2012,ישראל,Science,0,Low,GeneralLow,421.7
2015,ישראל,Science,0,Low,GeneralLow,420.8
2018,ישראל,Science,0,Low,GeneralLow,408.8
2022,ישראל,Science,0,Low,GeneralLow,408.2
2025,ישראל,Science,0,Low,GeneralLow,414.7
2006,ישראל,Science,0,Medium,GeneralMedium,457.9
2009,ישראל,Science,0,Medium,GeneralMedium,474.9
2012,ישראל,Science,0,Medium,GeneralMedium,472.5
2015,ישראל,Science,0,Medium,GeneralMedium,473.4
2018,ישראל,Science,0,Medium,GeneralMedium,457.6
2022,ישראל,Science,0,Medium,GeneralMedium,457.4
2025,ישראל,Science,0,Medium,GeneralMedium,456.8
2006,ישראל,Science,Male,0,Male,455.6
2009,ישראל,Science,Male,0,Male,453.4
2012,ישראל,Science,Male,0,Male,469.7
2015,ישראל,Science,Male,0,Male,468.7
2018,ישראל,Science,Male,0,Male,452
2022,ישראל,Science,Male,0,Male,464.5
2025,ישראל,Science,Male,0,Male,435.3
2006,ישראל,Science,Male,High,MaleHigh,484.3
2009,ישראל,Science,Male,High,MaleHigh,505
2012,ישראל,Science,Male,High,MaleHigh,525.9
2015,ישראל,Science,Male,High,MaleHigh,509.5
2018,ישראל,Science,Male,High,MaleHigh,506
2022,ישראל,Science,Male,High,MaleHigh,521.3
2025,ישראל,Science,Male,High,MaleHigh,494.2
2006,ישראל,Science,Male,Low,MaleLow,407.9
2009,ישראל,Science,Male,Low,MaleLow,411.7
2012,ישראל,Science,Male,Low,MaleLow,418.3
2015,ישראל,Science,Male,Low,MaleLow,419.2
2018,ישראל,Science,Male,Low,MaleLow,399.4
2022,ישראל,Science,Male,Low,MaleLow,401.2
2025,ישראל,Science,Male,Low,MaleLow,412.2
2006,ישראל,Science,Male,Medium,MaleMedium,458.9
2009,ישראל,Science,Male,Medium,MaleMedium,475.3
2012,ישראל,Science,Male,Medium,MaleMedium,469.9
2015,ישראל,Science,Male,Medium,MaleMedium,477.6
2018,ישראל,Science,Male,Medium,MaleMedium,448.9
2022,ישראל,Science,Male,Medium,MaleMedium,451.5
2025,ישראל,Science,Male,Medium,MaleMedium,457
2015,לבנון,Math,Female,0,Female,386
2018,לבנון,Math,Female,0,Female,393.3
2025,לבנון,Math,Female,0,Female,374
2015,לבנון,Math,Female,High,FemaleHigh,457.9
2018,לבנון,Math,Female,High,FemaleHigh,468.3
2025,לבנון,Math,Female,High,FemaleHigh,422.4
2015,לבנון,Math,Female,Low,FemaleLow,369.5
2018,לבנון,Math,Female,Low,FemaleLow,373.7
2025,לבנון,Math,Female,Low,FemaleLow,365.3
2015,לבנון,Math,Female,Medium,FemaleMedium,405.5
2018,לבנון,Math,Female,Medium,FemaleMedium,407.9
2025,לבנון,Math,Female,Medium,FemaleMedium,383.8
2015,לבנון,Math,0,0,General,396.2
2018,לבנון,Math,0,0,General,393.5
2025,לבנון,Math,0,0,General,377.1
2015,לבנון,Math,0,High,GeneralHigh,470.1
2018,לבנון,Math,0,High,GeneralHigh,464.6
2025,לבנון,Math,0,High,GeneralHigh,422.9
2015,לבנון,Math,0,Low,GeneralLow,377.6
2018,לבנון,Math,0,Low,GeneralLow,373.8
2025,לבנון,Math,0,Low,GeneralLow,367.7
2015,לבנון,Math,0,Medium,GeneralMedium,412.1
2018,לבנון,Math,0,Medium,GeneralMedium,405.6
2025,לבנון,Math,0,Medium,GeneralMedium,388.4
2015,לבנון,Math,Male,0,Male,408.1
2018,לבנון,Math,Male,0,Male,393.6
2025,לבנון,Math,Male,0,Male,380.8
2015,לבנון,Math,Male,High,MaleHigh,479.1
2018,לבנון,Math,Male,High,MaleHigh,460.9
2025,לבנון,Math,Male,High,MaleHigh,423.5
2015,לבנון,Math,Male,Low,MaleLow,388.4
2018,לבנון,Math,Male,Low,MaleLow,374.1
2025,לבנון,Math,Male,Low,MaleLow,370.9
2015,לבנון,Math,Male,Medium,MaleMedium,419
2018,לבנון,Math,Male,Medium,MaleMedium,403.3
2025,לבנון,Math,Male,Medium,MaleMedium,394.1
2015,לבנון,Reading,Female,0,Female,353.3
2018,לבנון,Reading,Female,0,Female,366.3
2025,לבנון,Reading,Female,0,Female,335.4
2015,לבנון,Reading,Female,High,FemaleHigh,454.2
2018,לבנון,Reading,Female,High,FemaleHigh,457.6
2025,לבנון,Reading,Female,High,FemaleHigh,397.9
2015,לבנון,Reading,Female,Low,FemaleLow,329.4
2018,לבנון,Reading,Female,Low,FemaleLow,342.8
2025,לבנון,Reading,Female,Low,FemaleLow,324.8
2015,לבנון,Reading,Female,Medium,FemaleMedium,383.3
2018,לבנון,Reading,Female,Medium,FemaleMedium,383.4
2025,לבנון,Reading,Female,Medium,FemaleMedium,351.9
2015,לבנון,Reading,0,0,General,346.5
2018,לבנון,Reading,0,0,General,353.4
2025,לבנון,Reading,0,0,General,330.9
2015,לבנון,Reading,0,High,GeneralHigh,439.9
2018,לבנון,Reading,0,High,GeneralHigh,438.4
2025,לבנון,Reading,0,High,GeneralHigh,390.1
2015,לבנון,Reading,0,Low,GeneralLow,322.2
2018,לבנון,Reading,0,Low,GeneralLow,330.4
2025,לבנון,Reading,0,Low,GeneralLow,320.6
2015,לבנון,Reading,0,Medium,GeneralMedium,369.3
2018,לבנון,Reading,0,Medium,GeneralMedium,367.3
2025,לבנון,Reading,0,Medium,GeneralMedium,349.3
2015,לבנון,Reading,Male,0,Male,338.8
2018,לבנון,Reading,Male,0,Male,338.2
2025,לבנון,Reading,Male,0,Male,325.7
2015,לבנון,Reading,Male,High,MaleHigh,429.4
2018,לבנון,Reading,Male,High,MaleHigh,418.6
2025,לבנון,Reading,Male,High,MaleHigh,381.7
2015,לבנון,Reading,Male,Low,MaleLow,312.6
2018,לבנון,Reading,Male,Low,MaleLow,314.7
2025,לבנון,Reading,Male,Low,MaleLow,314.9
2015,לבנון,Reading,Male,Medium,MaleMedium,354.8
2018,לבנון,Reading,Male,Medium,MaleMedium,350.4
2025,לבנון,Reading,Male,Medium,MaleMedium,346
2015,לבנון,Science,Female,0,Female,385.5
2018,לבנון,Science,Female,0,Female,385.8
2025,לבנון,Science,Female,0,Female,369.9
2015,לבנון,Science,Female,High,FemaleHigh,456.2
2018,לבנון,Science,Female,High,FemaleHigh,463.3
2025,לבנון,Science,Female,High,FemaleHigh,436.2
2015,לבנון,Science,Female,Low,FemaleLow,369.7
2018,לבנון,Science,Female,Low,FemaleLow,365.3
2025,לבנון,Science,Female,Low,FemaleLow,357.8
2015,לבנון,Science,Female,Medium,FemaleMedium,404.2
2018,לבנון,Science,Female,Medium,FemaleMedium,398.8
2025,לבנון,Science,Female,Medium,FemaleMedium,385.3
2015,לבנון,Science,0,0,General,386.5
2018,לבנון,Science,0,0,General,383.7
2025,לבנון,Science,0,0,General,372
2015,לבנון,Science,0,High,GeneralHigh,456.7
2018,לבנון,Science,0,High,GeneralHigh,456.8
2025,לבנון,Science,0,High,GeneralHigh,433.6
2015,לבנון,Science,0,Low,GeneralLow,369.2
2018,לבנון,Science,0,Low,GeneralLow,363.8
2025,לבנון,Science,0,Low,GeneralLow,360.7
2015,לבנון,Science,0,Medium,GeneralMedium,401.2
2018,לבנון,Science,0,Medium,GeneralMedium,393.6
2025,לבנון,Science,0,Medium,GeneralMedium,388.4
2015,לבנון,Science,Male,0,Male,387.6
2018,לבנון,Science,Male,0,Male,381.2
2025,לבנון,Science,Male,0,Male,374.5
2015,לבנון,Science,Male,High,MaleHigh,457.1
2018,לבנון,Science,Male,High,MaleHigh,450
2025,לבנון,Science,Male,High,MaleHigh,430.9
2015,לבנון,Science,Male,Low,MaleLow,368.5
2018,לבנון,Science,Male,Low,MaleLow,361.9
2025,לבנון,Science,Male,Low,MaleLow,364.8
2015,לבנון,Science,Male,Medium,MaleMedium,398
2018,לבנון,Science,Male,Medium,MaleMedium,388.1
2025,לבנון,Science,Male,Medium,MaleMedium,392.2
2006,לוקסמבורג,Math,Female,0,Female,481.6
2009,לוקסמבורג,Math,Female,0,Female,479.2
2012,לוקסמבורג,Math,Female,0,Female,477.1
2015,לוקסמבורג,Math,Female,0,Female,480.1
2018,לוקסמבורג,Math,Female,0,Female,479.6
2025,לוקסמבורג,Math,Female,0,Female,448.5
2006,לוקסמבורג,Math,Female,High,FemaleHigh,524.3
2009,לוקסמבורג,Math,Female,High,FemaleHigh,526.9
2012,לוקסמבורג,Math,Female,High,FemaleHigh,529.5
2015,לוקסמבורג,Math,Female,High,FemaleHigh,531.7
2018,לוקסמבורג,Math,Female,High,FemaleHigh,536.9
2025,לוקסמבורג,Math,Female,High,FemaleHigh,504.9
2006,לוקסמבורג,Math,Female,Low,FemaleLow,436.5
2009,לוקסמבורג,Math,Female,Low,FemaleLow,430.4
2012,לוקסמבורג,Math,Female,Low,FemaleLow,432.3
2015,לוקסמבורג,Math,Female,Low,FemaleLow,438.8
2018,לוקסמבורג,Math,Female,Low,FemaleLow,436.3
2025,לוקסמבורג,Math,Female,Low,FemaleLow,404.9
2006,לוקסמבורג,Math,Female,Medium,FemaleMedium,492.1
2009,לוקסמבורג,Math,Female,Medium,FemaleMedium,484.9
2012,לוקסמבורג,Math,Female,Medium,FemaleMedium,485
2015,לוקסמבורג,Math,Female,Medium,FemaleMedium,480.5
2018,לוקסמבורג,Math,Female,Medium,FemaleMedium,476.2
2025,לוקסמבורג,Math,Female,Medium,FemaleMedium,446.4
2006,לוקסמבורג,Math,0,0,General,490
2009,לוקסמבורג,Math,0,0,General,489.1
2012,לוקסמבורג,Math,0,0,General,489.8
2015,לוקסמבורג,Math,0,0,General,485.8
2018,לוקסמבורג,Math,0,0,General,483.4
2025,לוקסמבורג,Math,0,0,General,458.1
2006,לוקסמבורג,Math,0,High,GeneralHigh,532.5
2009,לוקסמבורג,Math,0,High,GeneralHigh,536.3
2012,לוקסמבורג,Math,0,High,GeneralHigh,538.8
2015,לוקסמבורג,Math,0,High,GeneralHigh,538
2018,לוקסמבורג,Math,0,High,GeneralHigh,539.7
2025,לוקסמבורג,Math,0,High,GeneralHigh,516.6
2006,לוקסמבורג,Math,0,Low,GeneralLow,445
2009,לוקסמבורג,Math,0,Low,GeneralLow,439.4
2012,לוקסמבורג,Math,0,Low,GeneralLow,446.1
2015,לוקסמבורג,Math,0,Low,GeneralLow,444.3
2018,לוקסמבורג,Math,0,Low,GeneralLow,441.3
2025,לוקסמבורג,Math,0,Low,GeneralLow,415
2006,לוקסמבורג,Math,0,Medium,GeneralMedium,496.1
2009,לוקסמבורג,Math,0,Medium,GeneralMedium,492.4
2012,לוקסמבורג,Math,0,Medium,GeneralMedium,495.4
2015,לוקסמבורג,Math,0,Medium,GeneralMedium,484.7
2018,לוקסמבורג,Math,0,Medium,GeneralMedium,480.6
2025,לוקסמבורג,Math,0,Medium,GeneralMedium,457.9
2006,לוקסמבורג,Math,Male,0,Male,498.2
2009,לוקסמבורג,Math,Male,0,Male,498.6
2012,לוקסמבורג,Math,Male,0,Male,502.2
2015,לוקסמבורג,Math,Male,0,Male,491.5
2018,לוקסמבורג,Math,Male,0,Male,487.1
2025,לוקסמבורג,Math,Male,0,Male,467.4
2006,לוקסמבורג,Math,Male,High,MaleHigh,539.3
2009,לוקסמבורג,Math,Male,High,MaleHigh,545
2012,לוקסמבורג,Math,Male,High,MaleHigh,546.8
2015,לוקסמבורג,Math,Male,High,MaleHigh,544.3
2018,לוקסמבורג,Math,Male,High,MaleHigh,542.5
2025,לוקסמבורג,Math,Male,High,MaleHigh,527.7
2006,לוקסמבורג,Math,Male,Low,MaleLow,453.7
2009,לוקסמבורג,Math,Male,Low,MaleLow,449.1
2012,לוקסמבורג,Math,Male,Low,MaleLow,461.2
2015,לוקסמבורג,Math,Male,Low,MaleLow,450.3
2018,לוקסמבורג,Math,Male,Low,MaleLow,446.3
2025,לוקסמבורג,Math,Male,Low,MaleLow,426.7
2006,לוקסמבורג,Math,Male,Medium,MaleMedium,500.5
2009,לוקסמבורג,Math,Male,Medium,MaleMedium,499.7
2012,לוקסמבורג,Math,Male,Medium,MaleMedium,505.6
2015,לוקסמבורג,Math,Male,Medium,MaleMedium,488.8
2018,לוקסמבורג,Math,Male,Medium,MaleMedium,484.8
2025,לוקסמבורג,Math,Male,Medium,MaleMedium,469.2
2006,לוקסמבורג,Reading,Female,0,Female,495.4
2009,לוקסמבורג,Reading,Female,0,Female,492.1
2012,לוקסמבורג,Reading,Female,0,Female,503
2015,לוקסמבורג,Reading,Female,0,Female,492
2018,לוקסמבורג,Reading,Female,0,Female,484.8
2025,לוקסמבורג,Reading,Female,0,Female,458.3
2006,לוקסמבורג,Reading,Female,High,FemaleHigh,543.7
2009,לוקסמבורג,Reading,Female,High,FemaleHigh,540.8
2012,לוקסמבורג,Reading,Female,High,FemaleHigh,557
2015,לוקסמבורג,Reading,Female,High,FemaleHigh,549.7
2018,לוקסמבורג,Reading,Female,High,FemaleHigh,542.5
2025,לוקסמבורג,Reading,Female,High,FemaleHigh,521.7
2006,לוקסמבורג,Reading,Female,Low,FemaleLow,442.9
2009,לוקסמבורג,Reading,Female,Low,FemaleLow,439.6
2012,לוקסמבורג,Reading,Female,Low,FemaleLow,455.6
2015,לוקסמבורג,Reading,Female,Low,FemaleLow,444.5
2018,לוקסמבורג,Reading,Female,Low,FemaleLow,437.6
2025,לוקסמבורג,Reading,Female,Low,FemaleLow,408.8
2006,לוקסמבורג,Reading,Female,Medium,FemaleMedium,508.9
2009,לוקסמבורג,Reading,Female,Medium,FemaleMedium,501.6
2012,לוקסמבורג,Reading,Female,Medium,FemaleMedium,513.7
2015,לוקסמבורג,Reading,Female,Medium,FemaleMedium,494.4
2018,לוקסמבורג,Reading,Female,Medium,FemaleMedium,487.3
2025,לוקסמבורג,Reading,Female,Medium,FemaleMedium,457
2006,לוקסמבורג,Reading,0,0,General,479.4
2009,לוקסמבורג,Reading,0,0,General,472.2
2012,לוקסמבורג,Reading,0,0,General,487.8
2015,לוקסמבורג,Reading,0,0,General,481.4
2018,לוקסמבורג,Reading,0,0,General,470
2025,לוקסמבורג,Reading,0,0,General,443.2
2006,לוקסמבורג,Reading,0,High,GeneralHigh,526
2009,לוקסמבורג,Reading,0,High,GeneralHigh,519.8
2012,לוקסמבורג,Reading,0,High,GeneralHigh,537.8
2015,לוקסמבורג,Reading,0,High,GeneralHigh,538.8
2018,לוקסמבורג,Reading,0,High,GeneralHigh,529.1
2025,לוקסמבורג,Reading,0,High,GeneralHigh,506.8
2006,לוקסמבורג,Reading,0,Low,GeneralLow,426.4
2009,לוקסמבורג,Reading,0,Low,GeneralLow,418.7
2012,לוקסמבורג,Reading,0,Low,GeneralLow,443.6
2015,לוקסמבורג,Reading,0,Low,GeneralLow,434.4
2018,לוקסמבורג,Reading,0,Low,GeneralLow,424.3
2025,לוקסמבורג,Reading,0,Low,GeneralLow,397.9
2006,לוקסמבורג,Reading,0,Medium,GeneralMedium,490
2009,לוקסמבורג,Reading,0,Medium,GeneralMedium,480.5
2012,לוקסמבורג,Reading,0,Medium,GeneralMedium,494.1
2015,לוקסמבורג,Reading,0,Medium,GeneralMedium,482.3
2018,לוקסמבורג,Reading,0,Medium,GeneralMedium,470.8
2025,לוקסמבורג,Reading,0,Medium,GeneralMedium,444.5
2006,לוקסמבורג,Reading,Male,0,Male,463.7
2009,לוקסמבורג,Reading,Male,0,Male,452.7
2012,לוקסמבורג,Reading,Male,0,Male,473
2015,לוקסמבורג,Reading,Male,0,Male,470.7
2018,לוקסמבורג,Reading,Male,0,Male,455.6
2025,לוקסמבורג,Reading,Male,0,Male,428.8
2006,לוקסמבורג,Reading,Male,High,MaleHigh,511.5
2009,לוקסמבורג,Reading,Male,High,MaleHigh,500.6
2012,לוקסמבורג,Reading,Male,High,MaleHigh,521
2015,לוקסמבורג,Reading,Male,High,MaleHigh,528
2018,לוקסמבורג,Reading,Male,High,MaleHigh,515.6
2025,לוקסמבורג,Reading,Male,High,MaleHigh,492.4
2006,לוקסמבורג,Reading,Male,Low,MaleLow,409.4
2009,לוקסמבורג,Reading,Male,Low,MaleLow,396
2012,לוקסמבורג,Reading,Male,Low,MaleLow,430.3
2015,לוקסמבורג,Reading,Male,Low,MaleLow,423.7
2018,לוקסמבורג,Reading,Male,Low,MaleLow,411
2025,לוקסמבורג,Reading,Male,Low,MaleLow,385.2
2006,לוקסמבורג,Reading,Male,Medium,MaleMedium,469.3
2009,לוקסמבורג,Reading,Male,Medium,MaleMedium,460.3
2012,לוקסמבורג,Reading,Male,Medium,MaleMedium,475
2015,לוקסמבורג,Reading,Male,Medium,MaleMedium,470.3
2018,לוקסמבורג,Reading,Male,Medium,MaleMedium,455.3
2025,לוקסמבורג,Reading,Male,Medium,MaleMedium,432.3
2006,לוקסמבורג,Science,Female,0,Female,481.6
2009,לוקסמבורג,Science,Female,0,Female,480.5
2012,לוקסמבורג,Science,Female,0,Female,483.5
2015,לוקסמבורג,Science,Female,0,Female,479
2018,לוקסמבורג,Science,Female,0,Female,479.1
2025,לוקסמבורג,Science,Female,0,Female,473
2006,לוקסמבורג,Science,Female,High,FemaleHigh,529.1
2009,לוקסמבורג,Science,Female,High,FemaleHigh,531.5
2012,לוקסמבורג,Science,Female,High,FemaleHigh,539.2
2015,לוקסמבורג,Science,Female,High,FemaleHigh,536.6
2018,לוקסמבורג,Science,Female,High,FemaleHigh,536.3
2025,לוקסמבורג,Science,Female,High,FemaleHigh,543.2
2006,לוקסמבורג,Science,Female,Low,FemaleLow,430.1
2009,לוקסמבורג,Science,Female,Low,FemaleLow,424.3
2012,לוקסמבורג,Science,Female,Low,FemaleLow,433
2015,לוקסמבורג,Science,Female,Low,FemaleLow,431.9
2018,לוקסמבורג,Science,Female,Low,FemaleLow,432.4
2025,לוקסמבורג,Science,Female,Low,FemaleLow,416.5
2006,לוקסמבורג,Science,Female,Medium,FemaleMedium,494.7
2009,לוקסמבורג,Science,Female,Medium,FemaleMedium,491.2
2012,לוקסמבורג,Science,Female,Medium,FemaleMedium,496.2
2015,לוקסמבורג,Science,Female,Medium,FemaleMedium,480.2
2018,לוקסמבורג,Science,Female,Medium,FemaleMedium,481.1
2025,לוקסמבורג,Science,Female,Medium,FemaleMedium,474.2
2006,לוקסמבורג,Science,0,0,General,486.3
2009,לוקסמבורג,Science,0,0,General,483.9
2012,לוקסמבורג,Science,0,0,General,491.2
2015,לוקסמבורג,Science,0,0,General,482.8
2018,לוקסמבורג,Science,0,0,General,476.8
2025,לוקסמבורג,Science,0,0,General,473.8
2006,לוקסמבורג,Science,0,High,GeneralHigh,533.5
2009,לוקסמבורג,Science,0,High,GeneralHigh,535
2012,לוקסמבורג,Science,0,High,GeneralHigh,544.6
2015,לוקסמבורג,Science,0,High,GeneralHigh,540.7
2018,לוקסמבורג,Science,0,High,GeneralHigh,533.6
2025,לוקסמבורג,Science,0,High,GeneralHigh,544.3
2006,לוקסמבורג,Science,0,Low,GeneralLow,434.2
2009,לוקסמבורג,Science,0,Low,GeneralLow,425.4
2012,לוקסמבורג,Science,0,Low,GeneralLow,441.3
2015,לוקסמבורג,Science,0,Low,GeneralLow,435.5
2018,לוקסמבורג,Science,0,Low,GeneralLow,432.1
2025,לוקסמבורג,Science,0,Low,GeneralLow,420.7
2006,לוקסמבורג,Science,0,Medium,GeneralMedium,495.4
2009,לוקסמבורג,Science,0,Medium,GeneralMedium,493.2
2012,לוקסמבורג,Science,0,Medium,GeneralMedium,500.3
2015,לוקסמבורג,Science,0,Medium,GeneralMedium,483.1
2018,לוקסמבורג,Science,0,Medium,GeneralMedium,478.2
2025,לוקסמבורג,Science,0,Medium,GeneralMedium,475.7
2006,לוקסמבורג,Science,Male,0,Male,490.9
2009,לוקסמבורג,Science,Male,0,Male,487.3
2012,לוקסמבורג,Science,Male,0,Male,498.7
2015,לוקסמבורג,Science,Male,0,Male,486.7
2018,לוקסמבורג,Science,Male,0,Male,474.5
2025,לוקסמבורג,Science,Male,0,Male,474.5
2006,לוקסמבורג,Science,Male,High,MaleHigh,537.1
2009,לוקסמבורג,Science,Male,High,MaleHigh,538.2
2012,לוקסמבורג,Science,Male,High,MaleHigh,549.3
2015,לוקסמבורג,Science,Male,High,MaleHigh,544.8
2018,לוקסמבורג,Science,Male,High,MaleHigh,530.9
2025,לוקסמבורג,Science,Male,High,MaleHigh,545.4
2006,לוקסמבורג,Science,Male,Low,MaleLow,438.5
2009,לוקסמבורג,Science,Male,Low,MaleLow,426.7
2012,לוקסמבורג,Science,Male,Low,MaleLow,450.5
2015,לוקסמבורג,Science,Male,Low,MaleLow,439.4
2018,לוקסמבורג,Science,Male,Low,MaleLow,431.7
2025,לוקסמבורג,Science,Male,Low,MaleLow,425.6
2006,לוקסמבורג,Science,Male,Medium,MaleMedium,496.2
2009,לוקסמבורג,Science,Male,Medium,MaleMedium,495.2
2012,לוקסמבורג,Science,Male,Medium,MaleMedium,504.3
2015,לוקסמבורג,Science,Male,Medium,MaleMedium,485.8
2018,לוקסמבורג,Science,Male,Medium,MaleMedium,475.4
2025,לוקסמבורג,Science,Male,Medium,MaleMedium,477.2
2006,לטביה,Math,Female,0,Female,483.6
2006,לטביה,Math,Female,0,Female,485.3
2009,לטביה,Math,Female,0,Female,481
2009,לטביה,Math,Female,0,Female,479.8
2012,לטביה,Math,Female,0,Female,492.5
2012,לטביה,Math,Female,0,Female,478.7
2015,לטביה,Math,Female,0,Female,483.3
2015,לטביה,Math,Female,0,Female,479
2018,לטביה,Math,Female,0,Female,482.5
2018,לטביה,Math,Female,0,Female,492.8
2022,לטביה,Math,Female,0,Female,478.5
2022,לטביה,Math,Female,0,Female,472.6
2025,לטביה,Math,Female,0,Female,456.9
2025,לטביה,Math,Female,0,Female,466
2006,לטביה,Math,Female,High,FemaleHigh,516.1
2006,לטביה,Math,Female,High,FemaleHigh,534.1
2009,לטביה,Math,Female,High,FemaleHigh,519.8
2009,לטביה,Math,Female,High,FemaleHigh,530.8
2012,לטביה,Math,Female,High,FemaleHigh,539
2012,לטביה,Math,Female,High,FemaleHigh,522.1
2015,לטביה,Math,Female,High,FemaleHigh,518
2015,לטביה,Math,Female,High,FemaleHigh,523.5
2018,לטביה,Math,Female,High,FemaleHigh,525
2018,לטביה,Math,Female,High,FemaleHigh,529
2022,לטביה,Math,Female,High,FemaleHigh,519.1
2022,לטביה,Math,Female,High,FemaleHigh,517
2025,לטביה,Math,Female,High,FemaleHigh,491.7
2025,לטביה,Math,Female,High,FemaleHigh,500.4
2006,לטביה,Math,Female,Low,FemaleLow,459.6
2006,לטביה,Math,Female,Low,FemaleLow,452.8
2009,לטביה,Math,Female,Low,FemaleLow,459
2009,לטביה,Math,Female,Low,FemaleLow,448.7
2012,לטביה,Math,Female,Low,FemaleLow,465.8
2012,לטביה,Math,Female,Low,FemaleLow,448.8
2015,לטביה,Math,Female,Low,FemaleLow,463.6
2015,לטביה,Math,Female,Low,FemaleLow,451.1
2018,לטביה,Math,Female,Low,FemaleLow,447.6
2018,לטביה,Math,Female,Low,FemaleLow,466.8
2022,לטביה,Math,Female,Low,FemaleLow,448.8
2022,לטביה,Math,Female,Low,FemaleLow,433.9
2025,לטביה,Math,Female,Low,FemaleLow,438.5
2025,לטביה,Math,Female,Low,FemaleLow,435.4
2006,לטביה,Math,Female,Medium,FemaleMedium,496.3
2006,לטביה,Math,Female,Medium,FemaleMedium,488.6
2009,לטביה,Math,Female,Medium,FemaleMedium,492.8
2009,לטביה,Math,Female,Medium,FemaleMedium,486.8
2012,לטביה,Math,Female,Medium,FemaleMedium,514.5
2012,לטביה,Math,Female,Medium,FemaleMedium,493.3
2015,לטביה,Math,Female,Medium,FemaleMedium,506.5
2015,לטביה,Math,Female,Medium,FemaleMedium,488.3
2018,לטביה,Math,Female,Medium,FemaleMedium,491.5
2018,לטביה,Math,Female,Medium,FemaleMedium,501.4
2022,לטביה,Math,Female,Medium,FemaleMedium,483.2
2022,לטביה,Math,Female,Medium,FemaleMedium,475.6
2025,לטביה,Math,Female,Medium,FemaleMedium,473.6
2025,לטביה,Math,Female,Medium,FemaleMedium,475.6
2006,לטביה,Math,0,0,General,486.2
2006,לטביה,Math,0,0,General,486.4
2009,לטביה,Math,0,0,General,482
2009,לטביה,Math,0,0,General,476.6
2012,לטביה,Math,0,0,General,490.6
2012,לטביה,Math,0,0,General,478.8
2015,לטביה,Math,0,0,General,482.3
2015,לטביה,Math,0,0,General,478.4
2018,לטביה,Math,0,0,General,481.2
2018,לטביה,Math,0,0,General,496.1
2022,לטביה,Math,0,0,General,483.2
2022,לטביה,Math,0,0,General,475.1
2025,לטביה,Math,0,0,General,460.5
2025,לטביה,Math,0,0,General,470.5
2006,לטביה,Math,0,High,GeneralHigh,519.8
2006,לטביה,Math,0,High,GeneralHigh,533.8
2009,לטביה,Math,0,High,GeneralHigh,520.9
2009,לטביה,Math,0,High,GeneralHigh,527.8
2012,לטביה,Math,0,High,GeneralHigh,534.4
2012,לטביה,Math,0,High,GeneralHigh,522.6
2015,לטביה,Math,0,High,GeneralHigh,515.6
2015,לטביה,Math,0,High,GeneralHigh,520.1
2018,לטביה,Math,0,High,GeneralHigh,525.6
2018,לטביה,Math,0,High,GeneralHigh,531.4
2022,לטביה,Math,0,High,GeneralHigh,523.7
2022,לטביה,Math,0,High,GeneralHigh,521.3
2025,לטביה,Math,0,High,GeneralHigh,496.8
2025,לטביה,Math,0,High,GeneralHigh,507.4
2006,לטביה,Math,0,Low,GeneralLow,462.2
2006,לטביה,Math,0,Low,GeneralLow,452.7
2009,לטביה,Math,0,Low,GeneralLow,457.6
2009,לטביה,Math,0,Low,GeneralLow,444.6
2012,לטביה,Math,0,Low,GeneralLow,463.8
2012,לטביה,Math,0,Low,GeneralLow,449.4
2015,לטביה,Math,0,Low,GeneralLow,463.1
2015,לטביה,Math,0,Low,GeneralLow,451.3
2018,לטביה,Math,0,Low,GeneralLow,448.9
2018,לטביה,Math,0,Low,GeneralLow,470.5
2022,לטביה,Math,0,Low,GeneralLow,454.4
2022,לטביה,Math,0,Low,GeneralLow,438
2025,לטביה,Math,0,Low,GeneralLow,445.8
2025,לטביה,Math,0,Low,GeneralLow,445
2006,לטביה,Math,0,Medium,GeneralMedium,493.8
2006,לטביה,Math,0,Medium,GeneralMedium,490.6
2009,לטביה,Math,0,Medium,GeneralMedium,494.9
2009,לטביה,Math,0,Medium,GeneralMedium,483.7
2012,לטביה,Math,0,Medium,GeneralMedium,514.6
2012,לטביה,Math,0,Medium,GeneralMedium,492
2015,לטביה,Math,0,Medium,GeneralMedium,506.3
2015,לטביה,Math,0,Medium,GeneralMedium,486.5
2018,לטביה,Math,0,Medium,GeneralMedium,486.7
2018,לטביה,Math,0,Medium,GeneralMedium,504.3
2022,לטביה,Math,0,Medium,GeneralMedium,490.9
2022,לטביה,Math,0,Medium,GeneralMedium,480
2025,לטביה,Math,0,Medium,GeneralMedium,479.2
2025,לטביה,Math,0,Medium,GeneralMedium,480.7
2006,לטביה,Math,Male,0,Male,488.8
2006,לטביה,Math,Male,0,Male,487.5
2009,לטביה,Math,Male,0,Male,482.9
2009,לטביה,Math,Male,0,Male,473.5
2012,לטביה,Math,Male,0,Male,488.7
2012,לטביה,Math,Male,0,Male,478.9
2015,לטביה,Math,Male,0,Male,481.4
2015,לטביה,Math,Male,0,Male,477.8
2018,לטביה,Math,Male,0,Male,480
2018,לטביה,Math,Male,0,Male,499.6
2022,לטביה,Math,Male,0,Male,488
2022,לטביה,Math,Male,0,Male,477.7
2025,לטביה,Math,Male,0,Male,464.2
2025,לטביה,Math,Male,0,Male,475
2006,לטביה,Math,Male,High,MaleHigh,523.3
2006,לטביה,Math,Male,High,MaleHigh,533.6
2009,לטביה,Math,Male,High,MaleHigh,521.9
2009,לטביה,Math,Male,High,MaleHigh,524.9
2012,לטביה,Math,Male,High,MaleHigh,529.7
2012,לטביה,Math,Male,High,MaleHigh,523.1
2015,לטביה,Math,Male,High,MaleHigh,513.1
2015,לטביה,Math,Male,High,MaleHigh,516.9
2018,לטביה,Math,Male,High,MaleHigh,526.1
2018,לטביה,Math,Male,High,MaleHigh,534
2022,לטביה,Math,Male,High,MaleHigh,529.2
2022,לטביה,Math,Male,High,MaleHigh,526.1
2025,לטביה,Math,Male,High,MaleHigh,502.2
2025,לטביה,Math,Male,High,MaleHigh,514.6
2006,לטביה,Math,Male,Low,MaleLow,465.4
2006,לטביה,Math,Male,Low,MaleLow,452.6
2009,לטביה,Math,Male,Low,MaleLow,456
2009,לטביה,Math,Male,Low,MaleLow,440.5
2012,לטביה,Math,Male,Low,MaleLow,461.7
2012,לטביה,Math,Male,Low,MaleLow,450
2015,לטביה,Math,Male,Low,MaleLow,462.6
2015,לטביה,Math,Male,Low,MaleLow,451.5
2018,לטביה,Math,Male,Low,MaleLow,450
2018,לטביה,Math,Male,Low,MaleLow,474.6
2022,לטביה,Math,Male,Low,MaleLow,459.7
2022,לטביה,Math,Male,Low,MaleLow,441.9
2025,לטביה,Math,Male,Low,MaleLow,454.2
2025,לטביה,Math,Male,Low,MaleLow,455.1
2006,לטביה,Math,Male,Medium,MaleMedium,491.5
2006,לטביה,Math,Male,Medium,MaleMedium,492.4
2009,לטביה,Math,Male,Medium,MaleMedium,496.8
2009,לטביה,Math,Male,Medium,MaleMedium,480.9
2012,לטביה,Math,Male,Medium,MaleMedium,514.6
2012,לטביה,Math,Male,Medium,MaleMedium,490.6
2015,לטביה,Math,Male,Medium,MaleMedium,506
2015,לטביה,Math,Male,Medium,MaleMedium,484.9
2018,לטביה,Math,Male,Medium,MaleMedium,482.1
2018,לטביה,Math,Male,Medium,MaleMedium,507.1
2022,לטביה,Math,Male,Medium,MaleMedium,498.7
2022,לטביה,Math,Male,Medium,MaleMedium,484.4
2025,לטביה,Math,Male,Medium,MaleMedium,485.4
2025,לטביה,Math,Male,Medium,MaleMedium,486.3
2006,לטביה,Reading,Female,0,Female,503.8
2006,לטביה,Reading,Female,0,Female,496.2
2009,לטביה,Reading,Female,0,Female,507.3
2009,לטביה,Reading,Female,0,Female,498.2
2012,לטביה,Reading,Female,0,Female,516.3
2012,לטביה,Reading,Female,0,Female,505.1
2015,לטביה,Reading,Female,0,Female,508.8
2015,לטביה,Reading,Female,0,Female,492.2
2018,לטביה,Reading,Female,0,Female,495.6
2018,לטביה,Reading,Female,0,Female,494.8
2022,לטביה,Reading,Female,0,Female,488.2
2022,לטביה,Reading,Female,0,Female,487.1
2025,לטביה,Reading,Female,0,Female,450.4
2025,לטביה,Reading,Female,0,Female,485.9
2006,לטביה,Reading,Female,High,FemaleHigh,540.5
2006,לטביה,Reading,Female,High,FemaleHigh,542.7
2009,לטביה,Reading,Female,High,FemaleHigh,542.7
2009,לטביה,Reading,Female,High,FemaleHigh,543.3
2012,לטביה,Reading,Female,High,FemaleHigh,557.5
2012,לטביה,Reading,Female,High,FemaleHigh,540.5
2015,לטביה,Reading,Female,High,FemaleHigh,548.7
2015,לטביה,Reading,Female,High,FemaleHigh,539.8
2018,לטביה,Reading,Female,High,FemaleHigh,538
2018,לטביה,Reading,Female,High,FemaleHigh,527.7
2022,לטביה,Reading,Female,High,FemaleHigh,531
2022,לטביה,Reading,Female,High,FemaleHigh,529
2025,לטביה,Reading,Female,High,FemaleHigh,484.4
2025,לטביה,Reading,Female,High,FemaleHigh,515.9
2006,לטביה,Reading,Female,Low,FemaleLow,479.6
2006,לטביה,Reading,Female,Low,FemaleLow,464.3
2009,לטביה,Reading,Female,Low,FemaleLow,487.1
2009,לטביה,Reading,Female,Low,FemaleLow,470.8
2012,לטביה,Reading,Female,Low,FemaleLow,490.1
2012,לטביה,Reading,Female,Low,FemaleLow,479.2
2015,לטביה,Reading,Female,Low,FemaleLow,486.9
2015,לטביה,Reading,Female,Low,FemaleLow,460.6
2018,לטביה,Reading,Female,Low,FemaleLow,460.7
2018,לטביה,Reading,Female,Low,FemaleLow,471.3
2022,לטביה,Reading,Female,Low,FemaleLow,457.2
2022,לטביה,Reading,Female,Low,FemaleLow,450.7
2025,לטביה,Reading,Female,Low,FemaleLow,435.9
2025,לטביה,Reading,Female,Low,FemaleLow,458.4
2006,לטביה,Reading,Female,Medium,FemaleMedium,513.1
2006,לטביה,Reading,Female,Medium,FemaleMedium,500.9
2009,לטביה,Reading,Female,Medium,FemaleMedium,518.7
2009,לטביה,Reading,Female,Medium,FemaleMedium,504.4
2012,לטביה,Reading,Female,Medium,FemaleMedium,540.2
2012,לטביה,Reading,Female,Medium,FemaleMedium,519.1
2015,לטביה,Reading,Female,Medium,FemaleMedium,534.2
2015,לטביה,Reading,Female,Medium,FemaleMedium,505.7
2018,לטביה,Reading,Female,Medium,FemaleMedium,505
2018,לטביה,Reading,Female,Medium,FemaleMedium,503.4
2022,לטביה,Reading,Female,Medium,FemaleMedium,495.6
2022,לטביה,Reading,Female,Medium,FemaleMedium,491.7
2025,לטביה,Reading,Female,Medium,FemaleMedium,468.2
2025,לטביה,Reading,Female,Medium,FemaleMedium,496.8
2006,לטביה,Reading,0,0,General,479.5
2006,לטביה,Reading,0,0,General,470.1
2009,לטביה,Reading,0,0,General,484
2009,לטביה,Reading,0,0,General,468.4
2012,לטביה,Reading,0,0,General,488.7
2012,לטביה,Reading,0,0,General,477.3
2015,לטביה,Reading,0,0,General,487.8
2015,לטביה,Reading,0,0,General,472.4
2018,לטביה,Reading,0,0,General,475.9
2018,לטביה,Reading,0,0,General,478.7
2022,לטביה,Reading,0,0,General,474.6
2022,לטביה,Reading,0,0,General,471.8
2025,לטביה,Reading,0,0,General,429.7
2025,לטביה,Reading,0,0,General,464.1
2006,לטביה,Reading,0,High,GeneralHigh,513.9
2006,לטביה,Reading,0,High,GeneralHigh,515.1
2009,לטביה,Reading,0,High,GeneralHigh,521
2009,לטביה,Reading,0,High,GeneralHigh,513.2
2012,לטביה,Reading,0,High,GeneralHigh,529.7
2012,לטביה,Reading,0,High,GeneralHigh,514.7
2015,לטביה,Reading,0,High,GeneralHigh,523.8
2015,לטביה,Reading,0,High,GeneralHigh,517.3
2018,לטביה,Reading,0,High,GeneralHigh,520.2
2018,לטביה,Reading,0,High,GeneralHigh,512.1
2022,לטביה,Reading,0,High,GeneralHigh,517.5
2022,לטביה,Reading,0,High,GeneralHigh,515.7
2025,לטביה,Reading,0,High,GeneralHigh,464.3
2025,לטביה,Reading,0,High,GeneralHigh,497.9
2006,לטביה,Reading,0,Low,GeneralLow,457.2
2006,לטביה,Reading,0,Low,GeneralLow,438.8
2009,לטביה,Reading,0,Low,GeneralLow,462.4
2009,לטביה,Reading,0,Low,GeneralLow,441.5
2012,לטביה,Reading,0,Low,GeneralLow,463
2012,לטביה,Reading,0,Low,GeneralLow,451.6
2015,לטביה,Reading,0,Low,GeneralLow,468
2015,לטביה,Reading,0,Low,GeneralLow,442
2018,לטביה,Reading,0,Low,GeneralLow,444.2
2018,לטביה,Reading,0,Low,GeneralLow,456.1
2022,לטביה,Reading,0,Low,GeneralLow,445.6
2022,לטביה,Reading,0,Low,GeneralLow,437
2025,לטביה,Reading,0,Low,GeneralLow,421.3
2025,לטביה,Reading,0,Low,GeneralLow,441.4
2006,לטביה,Reading,0,Medium,GeneralMedium,483.9
2006,לטביה,Reading,0,Medium,GeneralMedium,473
2009,לטביה,Reading,0,Medium,GeneralMedium,494.2
2009,לטביה,Reading,0,Medium,GeneralMedium,472.8
2012,לטביה,Reading,0,Medium,GeneralMedium,512.6
2012,לטביה,Reading,0,Medium,GeneralMedium,489.8
2015,לטביה,Reading,0,Medium,GeneralMedium,511.7
2015,לטביה,Reading,0,Medium,GeneralMedium,483.5
2018,לטביה,Reading,0,Medium,GeneralMedium,480.9
2018,לטביה,Reading,0,Medium,GeneralMedium,485
2022,לטביה,Reading,0,Medium,GeneralMedium,483
2022,לטביה,Reading,0,Medium,GeneralMedium,477.7
2025,לטביה,Reading,0,Medium,GeneralMedium,450.6
2025,לטביה,Reading,0,Medium,GeneralMedium,476.8
2006,לטביה,Reading,Male,0,Male,453.8
2006,לטביה,Reading,Male,0,Male,444.8
2009,לטביה,Reading,Male,0,Male,460
2009,לטביה,Reading,Male,0,Male,439.5
2012,לטביה,Reading,Male,0,Male,461.6
2012,לטביה,Reading,Male,0,Male,450
2015,לטביה,Reading,Male,0,Male,466.8
2015,לטביה,Reading,Male,0,Male,453.2
2018,לטביה,Reading,Male,0,Male,457
2018,לטביה,Reading,Male,0,Male,462
2022,לטביה,Reading,Male,0,Male,460.6
2022,לטביה,Reading,Male,0,Male,456.3
2025,לטביה,Reading,Male,0,Male,408.7
2025,לטביה,Reading,Male,0,Male,442.3
2006,לטביה,Reading,Male,High,MaleHigh,488
2006,לטביה,Reading,Male,High,MaleHigh,488.6
2009,לטביה,Reading,Male,High,MaleHigh,499.7
2009,לטביה,Reading,Male,High,MaleHigh,483.8
2012,לטביה,Reading,Male,High,MaleHigh,500.6
2012,לטביה,Reading,Male,High,MaleHigh,489.8
2015,לטביה,Reading,Male,High,MaleHigh,497.2
2015,לטביה,Reading,Male,High,MaleHigh,495.7
2018,לטביה,Reading,Male,High,MaleHigh,502.6
2018,לטביה,Reading,Male,High,MaleHigh,495.8
2022,לטביה,Reading,Male,High,MaleHigh,501.6
2022,לטביה,Reading,Male,High,MaleHigh,500.6
2025,לטביה,Reading,Male,High,MaleHigh,443.1
2025,לטביה,Reading,Male,High,MaleHigh,479.3
2006,לטביה,Reading,Male,Low,MaleLow,430.6
2006,לטביה,Reading,Male,Low,MaleLow,412.3
2009,לטביה,Reading,Male,Low,MaleLow,435.1
2009,לטביה,Reading,Male,Low,MaleLow,411.5
2012,לטביה,Reading,Male,Low,MaleLow,436.1
2012,לטביה,Reading,Male,Low,MaleLow,424
2015,לטביה,Reading,Male,Low,MaleLow,449
2015,לטביה,Reading,Male,Low,MaleLow,422.3
2018,לטביה,Reading,Male,Low,MaleLow,428.3
2018,לטביה,Reading,Male,Low,MaleLow,438.8
2022,לטביה,Reading,Male,Low,MaleLow,434.6
2022,לטביה,Reading,Male,Low,MaleLow,424
2025,לטביה,Reading,Male,Low,MaleLow,404.6
2025,לטביה,Reading,Male,Low,MaleLow,423.7
2006,לטביה,Reading,Male,Medium,MaleMedium,456.4
2006,לטביה,Reading,Male,Medium,MaleMedium,448.7
2009,לטביה,Reading,Male,Medium,MaleMedium,471.1
2009,לטביה,Reading,Male,Medium,MaleMedium,444.4
2012,לטביה,Reading,Male,Medium,MaleMedium,486.3
2012,לטביה,Reading,Male,Medium,MaleMedium,460.3
2015,לטביה,Reading,Male,Medium,MaleMedium,489.4
2015,לטביה,Reading,Male,Medium,MaleMedium,464
2018,לטביה,Reading,Male,Medium,MaleMedium,458
2018,לטביה,Reading,Male,Medium,MaleMedium,467.5
2022,לטביה,Reading,Male,Medium,MaleMedium,470.1
2022,לטביה,Reading,Male,Medium,MaleMedium,463.5
2025,לטביה,Reading,Male,Medium,MaleMedium,431
2025,לטביה,Reading,Male,Medium,MaleMedium,454.3
2006,לטביה,Science,Female,0,Female,493
2006,לטביה,Science,Female,0,Female,492.7
2009,לטביה,Science,Female,0,Female,497.2
2009,לטביה,Science,Female,0,Female,500.1
2012,לטביה,Science,Female,0,Female,510
2012,לטביה,Science,Female,0,Female,503.2
2015,לטביה,Science,Female,0,Female,495.6
2015,לטביה,Science,Female,0,Female,479.2
2018,לטביה,Science,Female,0,Female,485.2
2018,לטביה,Science,Female,0,Female,491.4
2022,לטביה,Science,Female,0,Female,493.2
2022,לטביה,Science,Female,0,Female,487.3
2025,לטביה,Science,Female,0,Female,474.2
2025,לטביה,Science,Female,0,Female,492.8
2006,לטביה,Science,Female,High,FemaleHigh,524.8
2006,לטביה,Science,Female,High,FemaleHigh,540.7
2009,לטביה,Science,Female,High,FemaleHigh,531.6
2009,לטביה,Science,Female,High,FemaleHigh,544
2012,לטביה,Science,Female,High,FemaleHigh,549.1
2012,לטביה,Science,Female,High,FemaleHigh,539.5
2015,לטביה,Science,Female,High,FemaleHigh,533.1
2015,לטביה,Science,Female,High,FemaleHigh,527.5
2018,לטביה,Science,Female,High,FemaleHigh,526.4
2018,לטביה,Science,Female,High,FemaleHigh,523.9
2022,לטביה,Science,Female,High,FemaleHigh,533.4
2022,לטביה,Science,Female,High,FemaleHigh,530.4
2025,לטביה,Science,Female,High,FemaleHigh,510.7
2025,לטביה,Science,Female,High,FemaleHigh,525.9
2006,לטביה,Science,Female,Low,FemaleLow,469.8
2006,לטביה,Science,Female,Low,FemaleLow,461.9
2009,לטביה,Science,Female,Low,FemaleLow,478
2009,לטביה,Science,Female,Low,FemaleLow,473
2012,לטביה,Science,Female,Low,FemaleLow,488
2012,לטביה,Science,Female,Low,FemaleLow,477.6
2015,לטביה,Science,Female,Low,FemaleLow,475.2
2015,לטביה,Science,Female,Low,FemaleLow,448.4
2018,לטביה,Science,Female,Low,FemaleLow,452.4
2018,לטביה,Science,Female,Low,FemaleLow,467.1
2022,לטביה,Science,Female,Low,FemaleLow,464.4
2022,לטביה,Science,Female,Low,FemaleLow,450.2
2025,לטביה,Science,Female,Low,FemaleLow,458
2025,לטביה,Science,Female,Low,FemaleLow,464.7
2006,לטביה,Science,Female,Medium,FemaleMedium,504.7
2006,לטביה,Science,Female,Medium,FemaleMedium,493.8
2009,לטביה,Science,Female,Medium,FemaleMedium,506.9
2009,לטביה,Science,Female,Medium,FemaleMedium,506.7
2012,לטביה,Science,Female,Medium,FemaleMedium,528.6
2012,לטביה,Science,Female,Medium,FemaleMedium,516.2
2015,לטביה,Science,Female,Medium,FemaleMedium,519
2015,לטביה,Science,Female,Medium,FemaleMedium,489.7
2018,לטביה,Science,Female,Medium,FemaleMedium,491.9
2018,לטביה,Science,Female,Medium,FemaleMedium,500.6
2022,לטביה,Science,Female,Medium,FemaleMedium,498.2
2022,לטביה,Science,Female,Medium,FemaleMedium,491.1
2025,לטביה,Science,Female,Medium,FemaleMedium,492.3
2025,לטביה,Science,Female,Medium,FemaleMedium,501.4
2006,לטביה,Science,0,0,General,489.5
2006,לטביה,Science,0,0,General,488
2009,לטביה,Science,0,0,General,493.9
2009,לטביה,Science,0,0,General,491.4
2012,לטביה,Science,0,0,General,502.2
2012,לטביה,Science,0,0,General,495.7
2015,לטביה,Science,0,0,General,490.2
2015,לטביה,Science,0,0,General,475.4
2018,לטביה,Science,0,0,General,482.1
2018,לטביה,Science,0,0,General,487.3
2022,לטביה,Science,0,0,General,493.8
2022,לטביה,Science,0,0,General,484.5
2025,לטביה,Science,0,0,General,468.4
2025,לטביה,Science,0,0,General,487.7
2006,לטביה,Science,0,High,GeneralHigh,521.3
2006,לטביה,Science,0,High,GeneralHigh,533
2009,לטביה,Science,0,High,GeneralHigh,529.4
2009,לטביה,Science,0,High,GeneralHigh,535.9
2012,לטביה,Science,0,High,GeneralHigh,539.8
2012,לטביה,Science,0,High,GeneralHigh,534.8
2015,לטביה,Science,0,High,GeneralHigh,523.8
2015,לטביה,Science,0,High,GeneralHigh,520.2
2018,לטביה,Science,0,High,GeneralHigh,525.2
2018,לטביה,Science,0,High,GeneralHigh,520
2022,לטביה,Science,0,High,GeneralHigh,534.8
2022,לטביה,Science,0,High,GeneralHigh,528.9
2025,לטביה,Science,0,High,GeneralHigh,506.3
2025,לטביה,Science,0,High,GeneralHigh,523.5
2006,לטביה,Science,0,Low,GeneralLow,467.3
2006,לטביה,Science,0,Low,GeneralLow,457.3
2009,לטביה,Science,0,Low,GeneralLow,472.4
2009,לטביה,Science,0,Low,GeneralLow,463.1
2012,לטביה,Science,0,Low,GeneralLow,479.7
2012,לטביה,Science,0,Low,GeneralLow,469.5
2015,לטביה,Science,0,Low,GeneralLow,471.6
2015,לטביה,Science,0,Low,GeneralLow,446.1
2018,לטביה,Science,0,Low,GeneralLow,452
2018,לטביה,Science,0,Low,GeneralLow,463.5
2022,לטביה,Science,0,Low,GeneralLow,466.1
2022,לטביה,Science,0,Low,GeneralLow,449.2
2025,לטביה,Science,0,Low,GeneralLow,457
2025,לטביה,Science,0,Low,GeneralLow,464
2006,לטביה,Science,0,Medium,GeneralMedium,496.2
2006,לטביה,Science,0,Medium,GeneralMedium,489.9
2009,לטביה,Science,0,Medium,GeneralMedium,504.7
2009,לטביה,Science,0,Medium,GeneralMedium,497.9
2012,לטביה,Science,0,Medium,GeneralMedium,523.2
2012,לטביה,Science,0,Medium,GeneralMedium,507.1
2015,לטביה,Science,0,Medium,GeneralMedium,513
2015,לטביה,Science,0,Medium,GeneralMedium,484.4
2018,לטביה,Science,0,Medium,GeneralMedium,485.5
2018,לטביה,Science,0,Medium,GeneralMedium,494.9
2022,לטביה,Science,0,Medium,GeneralMedium,500.9
2022,לטביה,Science,0,Medium,GeneralMedium,489.8
2025,לטביה,Science,0,Medium,GeneralMedium,488.8
2025,לטביה,Science,0,Medium,GeneralMedium,497.8
2006,לטביה,Science,Male,0,Male,485.9
2006,לטביה,Science,Male,0,Male,483.4
2009,לטביה,Science,Male,0,Male,490.4
2009,לטביה,Science,Male,0,Male,482.9
2012,לטביה,Science,Male,0,Male,494.5
2012,לטביה,Science,Male,0,Male,488.3
2015,לטביה,Science,Male,0,Male,484.9
2015,לטביה,Science,Male,0,Male,471.8
2018,לטביה,Science,Male,0,Male,479.1
2018,לטביה,Science,Male,0,Male,483
2022,לטביה,Science,Male,0,Male,494.5
2022,לטביה,Science,Male,0,Male,481.6
2025,לטביה,Science,Male,0,Male,462.5
2025,לטביה,Science,Male,0,Male,482.7
2006,לטביה,Science,Male,High,MaleHigh,518
2006,לטביה,Science,Male,High,MaleHigh,525.6
2009,לטביה,Science,Male,High,MaleHigh,527.2
2009,לטביה,Science,Male,High,MaleHigh,528
2012,לטביה,Science,Male,High,MaleHigh,530.1
2012,לטביה,Science,Male,High,MaleHigh,530.3
2015,לטביה,Science,Male,High,MaleHigh,513.8
2015,לטביה,Science,Male,High,MaleHigh,513.2
2018,לטביה,Science,Male,High,MaleHigh,523.9
2018,לטביה,Science,Male,High,MaleHigh,515.9
2022,לטביה,Science,Male,High,MaleHigh,536.5
2022,לטביה,Science,Male,High,MaleHigh,527.2
2025,לטביה,Science,Male,High,MaleHigh,501.7
2025,לטביה,Science,Male,High,MaleHigh,521.1
2006,לטביה,Science,Male,Low,MaleLow,464.2
2006,לטביה,Science,Male,Low,MaleLow,452.5
2009,לטביה,Science,Male,Low,MaleLow,466.3
2009,לטביה,Science,Male,Low,MaleLow,452.8
2012,לטביה,Science,Male,Low,MaleLow,471.6
2012,לטביה,Science,Male,Low,MaleLow,461.4
2015,לטביה,Science,Male,Low,MaleLow,468
2015,לטביה,Science,Male,Low,MaleLow,443.6
2018,לטביה,Science,Male,Low,MaleLow,451.5
2018,לטביה,Science,Male,Low,MaleLow,459.3
2022,לטביה,Science,Male,Low,MaleLow,467.8
2022,לטביה,Science,Male,Low,MaleLow,448.2
2025,לטביה,Science,Male,Low,MaleLow,455.9
2025,לטביה,Science,Male,Low,MaleLow,463.3
2006,לטביה,Science,Male,Medium,MaleMedium,488.3
2006,לטביה,Science,Male,Medium,MaleMedium,486.6
2009,לטביה,Science,Male,Medium,MaleMedium,502.7
2009,לטביה,Science,Male,Medium,MaleMedium,490
2012,לטביה,Science,Male,Medium,MaleMedium,518.2
2012,לטביה,Science,Male,Medium,MaleMedium,497.8
2015,לטביה,Science,Male,Medium,MaleMedium,507
2015,לטביה,Science,Male,Medium,MaleMedium,479.8
2018,לטביה,Science,Male,Medium,MaleMedium,479.3
2018,לטביה,Science,Male,Medium,MaleMedium,489.5
2022,לטביה,Science,Male,Medium,MaleMedium,503.6
2022,לטביה,Science,Male,Medium,MaleMedium,488.6
2025,לטביה,Science,Male,Medium,MaleMedium,485
2025,לטביה,Science,Male,Medium,MaleMedium,493.7
2006,ליכטנשטיין,Math,Female,0,Female,525.1
2009,ליכטנשטיין,Math,Female,0,Female,523.2
2012,ליכטנשטיין,Math,Female,0,Female,523
2006,ליכטנשטיין,Math,Female,High,FemaleHigh,565.3
2009,ליכטנשטיין,Math,Female,High,FemaleHigh,557.9
2012,ליכטנשטיין,Math,Female,High,FemaleHigh,556.3
2006,ליכטנשטיין,Math,Female,Low,FemaleLow,478.9
2009,ליכטנשטיין,Math,Female,Low,FemaleLow,494.8
2012,ליכטנשטיין,Math,Female,Low,FemaleLow,480.7
2006,ליכטנשטיין,Math,Female,Medium,FemaleMedium,529.7
2009,ליכטנשטיין,Math,Female,Medium,FemaleMedium,532.5
2012,ליכטנשטיין,Math,Female,Medium,FemaleMedium,529.9
2006,ליכטנשטיין,Math,0,0,General,525
2009,ליכטנשטיין,Math,0,0,General,536
2012,ליכטנשטיין,Math,0,0,General,535
2006,ליכטנשטיין,Math,0,High,GeneralHigh,565.7
2009,ליכטנשטיין,Math,0,High,GeneralHigh,578.3
2012,ליכטנשטיין,Math,0,High,GeneralHigh,559.6
2006,ליכטנשטיין,Math,0,Low,GeneralLow,483.6
2009,ליכטנשטיין,Math,0,Low,GeneralLow,506.4
2012,ליכטנשטיין,Math,0,Low,GeneralLow,492.8
2006,ליכטנשטיין,Math,0,Medium,GeneralMedium,528.5
2009,ליכטנשטיין,Math,0,Medium,GeneralMedium,535.2
2012,ליכטנשטיין,Math,0,Medium,GeneralMedium,549.3
2006,ליכטנשטיין,Math,Male,0,Male,524.8
2009,ליכטנשטיין,Math,Male,0,Male,547.4
2012,ליכטנשטיין,Math,Male,0,Male,545.5
2006,ליכטנשטיין,Math,Male,High,MaleHigh,566.2
2009,ליכטנשטיין,Math,Male,High,MaleHigh,594.5
2012,ליכטנשטיין,Math,Male,High,MaleHigh,562.8
2006,ליכטנשטיין,Math,Male,Low,MaleLow,488.6
2009,ליכטנשטיין,Math,Male,Low,MaleLow,518.9
2012,ליכטנשטיין,Math,Male,Low,MaleLow,504.2
2006,ליכטנשטיין,Math,Male,Medium,MaleMedium,527
2009,ליכטנשטיין,Math,Male,Medium,MaleMedium,537.4
2012,ליכטנשטיין,Math,Male,Medium,MaleMedium,564.4
2006,ליכטנשטיין,Reading,Female,0,Female,531.1
2009,ליכטנשטיין,Reading,Female,0,Female,516.5
2012,ליכטנשטיין,Reading,Female,0,Female,528.5
2006,ליכטנשטיין,Reading,Female,High,FemaleHigh,571.9
2009,ליכטנשטיין,Reading,Female,High,FemaleHigh,539.7
2012,ליכטנשטיין,Reading,Female,High,FemaleHigh,557.9
2006,ליכטנשטיין,Reading,Female,Low,FemaleLow,483.8
2009,ליכטנשטיין,Reading,Female,Low,FemaleLow,491.5
2012,ליכטנשטיין,Reading,Female,Low,FemaleLow,497.1
2006,ליכטנשטיין,Reading,Female,Medium,FemaleMedium,536
2009,ליכטנשטיין,Reading,Female,Medium,FemaleMedium,530.2
2012,ליכטנשטיין,Reading,Female,Medium,FemaleMedium,527.6
2006,ליכטנשטיין,Reading,0,0,General,510.4
2009,ליכטנשטיין,Reading,0,0,General,499.3
2012,ליכטנשטיין,Reading,0,0,General,515.5
2006,ליכטנשטיין,Reading,0,High,GeneralHigh,552.1
2009,ליכטנשטיין,Reading,0,High,GeneralHigh,527.9
2012,ליכטנשטיין,Reading,0,High,GeneralHigh,539.4
2006,ליכטנשטיין,Reading,0,Low,GeneralLow,468.2
2009,ליכטנשטיין,Reading,0,Low,GeneralLow,474.4
2012,ליכטנשטיין,Reading,0,Low,GeneralLow,482.5
2006,ליכטנשטיין,Reading,0,Medium,GeneralMedium,513.9
2009,ליכטנשטיין,Reading,0,Medium,GeneralMedium,504.9
2012,ליכטנשטיין,Reading,0,Medium,GeneralMedium,522.5
2006,ליכטנשטיין,Reading,Male,0,Male,486.4
2009,ליכטנשטיין,Reading,Male,0,Male,484.1
2012,ליכטנשטיין,Reading,Male,0,Male,504.1
2006,ליכטנשטיין,Reading,Male,High,MaleHigh,526.6
2009,ליכטנשטיין,Reading,Male,High,MaleHigh,518.5
2012,ליכטנשטיין,Reading,Male,High,MaleHigh,521.4
2006,ליכטנשטיין,Reading,Male,Low,MaleLow,451.8
2009,ליכטנשטיין,Reading,Male,Low,MaleLow,456.1
2012,ליכטנשטיין,Reading,Male,Low,MaleLow,468.7
2006,ליכטנשטיין,Reading,Male,Medium,MaleMedium,487.9
2009,ליכטנשטיין,Reading,Male,Medium,MaleMedium,484.2
2012,ליכטנשטיין,Reading,Male,Medium,MaleMedium,518.5
2006,ליכטנשטיין,Science,Female,0,Female,527.4
2009,ליכטנשטיין,Science,Female,0,Female,511.5
2012,ליכטנשטיין,Science,Female,0,Female,515.7
2006,ליכטנשטיין,Science,Female,High,FemaleHigh,571.3
2009,ליכטנשטיין,Science,Female,High,FemaleHigh,540.8
2012,ליכטנשטיין,Science,Female,High,FemaleHigh,545.1
2006,ליכטנשטיין,Science,Female,Low,FemaleLow,474.2
2009,ליכטנשטיין,Science,Female,Low,FemaleLow,485.6
2012,ליכטנשטיין,Science,Female,Low,FemaleLow,478.1
2006,ליכטנשטיין,Science,Female,Medium,FemaleMedium,534.7
2009,ליכטנשטיין,Science,Female,Medium,FemaleMedium,521.7
2012,ליכטנשטיין,Science,Female,Medium,FemaleMedium,519.5
2006,ליכטנשטיין,Science,0,0,General,522.2
2009,ליכטנשטיין,Science,0,0,General,519.9
2012,ליכטנשטיין,Science,0,0,General,524.7
2006,ליכטנשטיין,Science,0,High,GeneralHigh,567.7
2009,ליכטנשטיין,Science,0,High,GeneralHigh,555.9
2012,ליכטנשטיין,Science,0,High,GeneralHigh,548.9
2006,ליכטנשטיין,Science,0,Low,GeneralLow,475
2009,ליכטנשטיין,Science,0,Low,GeneralLow,490
2012,ליכטנשטיין,Science,0,Low,GeneralLow,484.7
2006,ליכטנשטיין,Science,0,Medium,GeneralMedium,526.8
2009,ליכטנשטיין,Science,0,Medium,GeneralMedium,524.2
2012,ליכטנשטיין,Science,0,Medium,GeneralMedium,536.3
2006,ליכטנשטיין,Science,Male,0,Male,516
2009,ליכטנשטיין,Science,Male,0,Male,527.4
2012,ליכטנשטיין,Science,Male,0,Male,532.6
2006,ליכטנשטיין,Science,Male,High,MaleHigh,563
2009,ליכטנשטיין,Science,Male,High,MaleHigh,567.9
2012,ליכטנשטיין,Science,Male,High,MaleHigh,552.5
2006,ליכטנשטיין,Science,Male,Low,MaleLow,475.9
2009,ליכטנשטיין,Science,Male,Low,MaleLow,494.7
2012,ליכטנשטיין,Science,Male,Low,MaleLow,490.9
2006,ליכטנשטיין,Science,Male,Medium,MaleMedium,517.6
2009,ליכטנשטיין,Science,Male,Medium,MaleMedium,526.2
2012,ליכטנשטיין,Science,Male,Medium,MaleMedium,549.3
2015,מולדובה,Math,Female,0,Female,420.6
2018,מולדובה,Math,Female,0,Female,421.7
2022,מולדובה,Math,Female,0,Female,412.2
2025,מולדובה,Math,Female,0,Female,408.3
2015,מולדובה,Math,Female,High,FemaleHigh,474.4
2018,מולדובה,Math,Female,High,FemaleHigh,497.8
2022,מולדובה,Math,Female,High,FemaleHigh,475.4
2025,מולדובה,Math,Female,High,FemaleHigh,468.3
2015,מולדובה,Math,Female,Low,FemaleLow,405.9
2018,מולדובה,Math,Female,Low,FemaleLow,399.8
2022,מולדובה,Math,Female,Low,FemaleLow,390.8
2025,מולדובה,Math,Female,Low,FemaleLow,391.6
2015,מולדובה,Math,Female,Medium,FemaleMedium,451.6
2018,מולדובה,Math,Female,Medium,FemaleMedium,450.3
2022,מולדובה,Math,Female,Medium,FemaleMedium,432.8
2025,מולדובה,Math,Female,Medium,FemaleMedium,438.5
2015,מולדובה,Math,0,0,General,419.7
2018,מולדובה,Math,0,0,General,420.6
2022,מולדובה,Math,0,0,General,414.2
2025,מולדובה,Math,0,0,General,410.1
2015,מולדובה,Math,0,High,GeneralHigh,478
2018,מולדובה,Math,0,High,GeneralHigh,494.9
2022,מולדובה,Math,0,High,GeneralHigh,479.4
2025,מולדובה,Math,0,High,GeneralHigh,466.4
2015,מולדובה,Math,0,Low,GeneralLow,404.6
2018,מולדובה,Math,0,Low,GeneralLow,397.8
2022,מולדובה,Math,0,Low,GeneralLow,393
2025,מולדובה,Math,0,Low,GeneralLow,393.8
2015,מולדובה,Math,0,Medium,GeneralMedium,450.8
2018,מולדובה,Math,0,Medium,GeneralMedium,453.8
2022,מולדובה,Math,0,Medium,GeneralMedium,435.8
2025,מולדובה,Math,0,Medium,GeneralMedium,441.3
2015,מולדובה,Math,Male,0,Male,418.7
2018,מולדובה,Math,Male,0,Male,419.6
2022,מולדובה,Math,Male,0,Male,416
2025,מולדובה,Math,Male,0,Male,411.8
2015,מולדובה,Math,Male,High,MaleHigh,481.8
2018,מולדובה,Math,Male,High,MaleHigh,491.8
2022,מולדובה,Math,Male,High,MaleHigh,483.4
2025,מולדובה,Math,Male,High,MaleHigh,464.6
2015,מולדובה,Math,Male,Low,MaleLow,403.3
2018,מולדובה,Math,Male,Low,MaleLow,395.9
2022,מולדובה,Math,Male,Low,MaleLow,395
2025,מולדובה,Math,Male,Low,MaleLow,396
2015,מולדובה,Math,Male,Medium,MaleMedium,450.1
2018,מולדובה,Math,Male,Medium,MaleMedium,456.9
2022,מולדובה,Math,Male,Medium,MaleMedium,438.6
2025,מולדובה,Math,Male,Medium,MaleMedium,443.8
2015,מולדובה,Reading,Female,0,Female,442.2
2018,מולדובה,Reading,Female,0,Female,444.6
2022,מולדובה,Reading,Female,0,Female,426.9
2025,מולדובה,Reading,Female,0,Female,423.1
2015,מולדובה,Reading,Female,High,FemaleHigh,501.4
2018,מולדובה,Reading,Female,High,FemaleHigh,519.3
2022,מולדובה,Reading,Female,High,FemaleHigh,494.4
2025,מולדובה,Reading,Female,High,FemaleHigh,478.6
2015,מולדובה,Reading,Female,Low,FemaleLow,425.9
2018,מולדובה,Reading,Female,Low,FemaleLow,423.5
2022,מולדובה,Reading,Female,Low,FemaleLow,402.6
2025,מולדובה,Reading,Female,Low,FemaleLow,407
2015,מולדובה,Reading,Female,Medium,FemaleMedium,477.1
2018,מולדובה,Reading,Female,Medium,FemaleMedium,471.9
2022,מולדובה,Reading,Female,Medium,FemaleMedium,452.2
2025,מולדובה,Reading,Female,Medium,FemaleMedium,454
2015,מולדובה,Reading,0,0,General,416.2
2018,מולדובה,Reading,0,0,General,424
2022,מולדובה,Reading,0,0,General,410.9
2025,מולדובה,Reading,0,0,General,403.7
2015,מולדובה,Reading,0,High,GeneralHigh,482.1
2018,מולדובה,Reading,0,High,GeneralHigh,497.2
2022,מולדובה,Reading,0,High,GeneralHigh,479.7
2025,מולדובה,Reading,0,High,GeneralHigh,454.6
2015,מולדובה,Reading,0,Low,GeneralLow,399.8
2018,מולדובה,Reading,0,Low,GeneralLow,401.8
2022,מולדובה,Reading,0,Low,GeneralLow,387.3
2025,מולדובה,Reading,0,Low,GeneralLow,389
2015,מולדובה,Reading,0,Medium,GeneralMedium,450.8
2018,מולדובה,Reading,0,Medium,GeneralMedium,456.5
2022,מולדובה,Reading,0,Medium,GeneralMedium,436.5
2025,מולדובה,Reading,0,Medium,GeneralMedium,435.2
2015,מולדובה,Reading,Male,0,Male,390.5
2018,מולדובה,Reading,Male,0,Male,404.5
2022,מולדובה,Reading,Male,0,Male,396.5
2025,מולדובה,Reading,Male,0,Male,385.1
2015,מולדובה,Reading,Male,High,MaleHigh,460.7
2018,מולדובה,Reading,Male,High,MaleHigh,473.1
2022,מולדובה,Reading,Male,High,MaleHigh,464.8
2025,מולדובה,Reading,Male,High,MaleHigh,432.1
2015,מולדובה,Reading,Male,Low,MaleLow,373.9
2018,מולדובה,Reading,Male,Low,MaleLow,380.9
2022,מולדובה,Reading,Male,Low,MaleLow,373.7
2025,מולדובה,Reading,Male,Low,MaleLow,370.1
2015,מולדובה,Reading,Male,Medium,MaleMedium,424.9
2018,מולדובה,Reading,Male,Medium,MaleMedium,443.2
2022,מולדובה,Reading,Male,Medium,MaleMedium,422.1
2025,מולדובה,Reading,Male,Medium,MaleMedium,418
2015,מולדובה,Science,Female,0,Female,431.4
2018,מולדובה,Science,Female,0,Female,434.1
2022,מולדובה,Science,Female,0,Female,420.9
2025,מולדובה,Science,Female,0,Female,427.4
2015,מולדובה,Science,Female,High,FemaleHigh,484.1
2018,מולדובה,Science,Female,High,FemaleHigh,504.4
2022,מולדובה,Science,Female,High,FemaleHigh,484.6
2025,מולדובה,Science,Female,High,FemaleHigh,489.3
2015,מולדובה,Science,Female,Low,FemaleLow,416.9
2018,מולדובה,Science,Female,Low,FemaleLow,414.6
2022,מולדובה,Science,Female,Low,FemaleLow,399.3
2025,מולדובה,Science,Female,Low,FemaleLow,409.6
2015,מולדובה,Science,Female,Medium,FemaleMedium,462.5
2018,מולדובה,Science,Female,Medium,FemaleMedium,458.3
2022,מולדובה,Science,Female,Medium,FemaleMedium,441.6
2025,מולדובה,Science,Female,Medium,FemaleMedium,460.5
2015,מולדובה,Science,0,0,General,428
2018,מולדובה,Science,0,0,General,428.5
2022,מולדובה,Science,0,0,General,416.9
2025,מולדובה,Science,0,0,General,421.9
2015,מולדובה,Science,0,High,GeneralHigh,484.8
2018,מולדובה,Science,0,High,GeneralHigh,494.8
2022,מולדובה,Science,0,High,GeneralHigh,480.1
2025,מולדובה,Science,0,High,GeneralHigh,480.4
2015,מולדובה,Science,0,Low,GeneralLow,413.2
2018,מולדובה,Science,0,Low,GeneralLow,407.9
2022,מולדובה,Science,0,Low,GeneralLow,396.1
2025,מולדובה,Science,0,Low,GeneralLow,404.6
2015,מולדובה,Science,0,Medium,GeneralMedium,459
2018,מולדובה,Science,0,Medium,GeneralMedium,459
2022,מולדובה,Science,0,Medium,GeneralMedium,438.4
2025,מולדובה,Science,0,Medium,GeneralMedium,456.2
2015,מולדובה,Science,Male,0,Male,424.6
2018,מולדובה,Science,Male,0,Male,423.2
2022,מולדובה,Science,Male,0,Male,413.3
2025,מולדובה,Science,Male,0,Male,416.7
2015,מולדובה,Science,Male,High,MaleHigh,485.6
2018,מולדובה,Science,Male,High,MaleHigh,484.3
2022,מולדובה,Science,Male,High,MaleHigh,475.5
2025,מולדובה,Science,Male,High,MaleHigh,472
2015,מולדובה,Science,Male,Low,MaleLow,409.6
2018,מולדובה,Science,Male,Low,MaleLow,401.5
2022,מולדובה,Science,Male,Low,MaleLow,393.2
2025,מולדובה,Science,Male,Low,MaleLow,399.4
2015,מולדובה,Science,Male,Medium,MaleMedium,455.6
2018,מולדובה,Science,Male,Medium,MaleMedium,459.6
2022,מולדובה,Science,Male,Medium,MaleMedium,435.4
2025,מולדובה,Science,Male,Medium,MaleMedium,452.4
2006,מונטגרו,Math,Female,0,Female,393.3
2009,מונטגרו,Math,Female,0,Female,396.3
2012,מונטגרו,Math,Female,0,Female,409.6
2015,מונטגרו,Math,Female,0,Female,417.7
2018,מונטגרו,Math,Female,0,Female,425.3
2022,מונטגרו,Math,Female,0,Female,405.8
2025,מונטגרו,Math,Female,0,Female,411.2
2006,מונטגרו,Math,Female,High,FemaleHigh,433.7
2009,מונטגרו,Math,Female,High,FemaleHigh,438.4
2012,מונטגרו,Math,Female,High,FemaleHigh,456
2015,מונטגרו,Math,Female,High,FemaleHigh,455.7
2018,מונטגרו,Math,Female,High,FemaleHigh,460.8
2022,מונטגרו,Math,Female,High,FemaleHigh,449.1
2025,מונטגרו,Math,Female,High,FemaleHigh,450
2006,מונטגרו,Math,Female,Low,FemaleLow,370.8
2009,מונטגרו,Math,Female,Low,FemaleLow,377.7
2012,מונטגרו,Math,Female,Low,FemaleLow,390.1
2015,מונטגרו,Math,Female,Low,FemaleLow,401.6
2018,מונטגרו,Math,Female,Low,FemaleLow,407.4
2022,מונטגרו,Math,Female,Low,FemaleLow,385.9
2025,מונטגרו,Math,Female,Low,FemaleLow,395
2006,מונטגרו,Math,Female,Medium,FemaleMedium,398
2009,מונטגרו,Math,Female,Medium,FemaleMedium,411.5
2012,מונטגרו,Math,Female,Medium,FemaleMedium,422.6
2015,מונטגרו,Math,Female,Medium,FemaleMedium,425
2018,מונטגרו,Math,Female,Medium,FemaleMedium,436.5
2022,מונטגרו,Math,Female,Medium,FemaleMedium,413.2
2025,מונטגרו,Math,Female,Medium,FemaleMedium,431.3
2006,מונטגרו,Math,0,0,General,399.3
2009,מונטגרו,Math,0,0,General,402.5
2012,מונטגרו,Math,0,0,General,409.6
2015,מונטגרו,Math,0,0,General,417.9
2018,מונטגרו,Math,0,0,General,429.6
2022,מונטגרו,Math,0,0,General,405.6
2025,מונטגרו,Math,0,0,General,411.1
2006,מונטגרו,Math,0,High,GeneralHigh,431.9
2009,מונטגרו,Math,0,High,GeneralHigh,444.6
2012,מונטגרו,Math,0,High,GeneralHigh,461
2015,מונטגרו,Math,0,High,GeneralHigh,453.5
2018,מונטגרו,Math,0,High,GeneralHigh,463.3
2022,מונטגרו,Math,0,High,GeneralHigh,447.1
2025,מונטגרו,Math,0,High,GeneralHigh,451.6
2006,מונטגרו,Math,0,Low,GeneralLow,377.3
2009,מונטגרו,Math,0,Low,GeneralLow,383
2012,מונטגרו,Math,0,Low,GeneralLow,388.4
2015,מונטגרו,Math,0,Low,GeneralLow,402.5
2018,מונטגרו,Math,0,Low,GeneralLow,410.9
2022,מונטגרו,Math,0,Low,GeneralLow,385.4
2025,מונטגרו,Math,0,Low,GeneralLow,395.4
2006,מונטגרו,Math,0,Medium,GeneralMedium,404.1
2009,מונטגרו,Math,0,Medium,GeneralMedium,415.6
2012,מונטגרו,Math,0,Medium,GeneralMedium,419.7
2015,מונטגרו,Math,0,Medium,GeneralMedium,424.3
2018,מונטגרו,Math,0,Medium,GeneralMedium,440.9
2022,מונטגרו,Math,0,Medium,GeneralMedium,417.1
2025,מונטגרו,Math,0,Medium,GeneralMedium,432.1
2006,מונטגרו,Math,Male,0,Male,404.9
2009,מונטגרו,Math,Male,0,Male,408.4
2012,מונטגרו,Math,Male,0,Male,409.7
2015,מונטגרו,Math,Male,0,Male,418.1
2018,מונטגרו,Math,Male,0,Male,433.6
2022,מונטגרו,Math,Male,0,Male,405.4
2025,מונטגרו,Math,Male,0,Male,411
2006,מונטגרו,Math,Male,High,MaleHigh,430.6
2009,מונטגרו,Math,Male,High,MaleHigh,449.7
2012,מונטגרו,Math,Male,High,MaleHigh,465.7
2015,מונטגרו,Math,Male,High,MaleHigh,451.3
2018,מונטגרו,Math,Male,High,MaleHigh,465.4
2022,מונטגרו,Math,Male,High,MaleHigh,445
2025,מונטגרו,Math,Male,High,MaleHigh,453.1
2006,מונטגרו,Math,Male,Low,MaleLow,384.4
2009,מונטגרו,Math,Male,Low,MaleLow,388.6
2012,מונטגרו,Math,Male,Low,MaleLow,386.4
2015,מונטגרו,Math,Male,Low,MaleLow,403.4
2018,מונטגרו,Math,Male,Low,MaleLow,414.3
2022,מונטגרו,Math,Male,Low,MaleLow,384.9
2025,מונטגרו,Math,Male,Low,MaleLow,395.7
2006,מונטגרו,Math,Male,Medium,MaleMedium,409.4
2009,מונטגרו,Math,Male,Medium,MaleMedium,419.4
2012,מונטגרו,Math,Male,Medium,MaleMedium,417.1
2015,מונטגרו,Math,Male,Medium,MaleMedium,423.7
2018,מונטגרו,Math,Male,Medium,MaleMedium,444.7
2022,מונטגרו,Math,Male,Medium,MaleMedium,421
2025,מונטגרו,Math,Male,Medium,MaleMedium,432.8
2006,מונטגרו,Reading,Female,0,Female,415.3
2009,מונטגרו,Reading,Female,0,Female,434.5
2012,מונטגרו,Reading,Female,0,Female,453
2015,מונטגרו,Reading,Female,0,Female,444.2
2018,מונטגרו,Reading,Female,0,Female,436.8
2022,מונטגרו,Reading,Female,0,Female,423.3
2025,מונטגרו,Reading,Female,0,Female,439.9
2006,מונטגרו,Reading,Female,High,FemaleHigh,454.8
2009,מונטגרו,Reading,Female,High,FemaleHigh,483.2
2012,מונטגרו,Reading,Female,High,FemaleHigh,499
2015,מונטגרו,Reading,Female,High,FemaleHigh,486.6
2018,מונטגרו,Reading,Female,High,FemaleHigh,474.7
2022,מונטגרו,Reading,Female,High,FemaleHigh,465.3
2025,מונטגרו,Reading,Female,High,FemaleHigh,482
2006,מונטגרו,Reading,Female,Low,FemaleLow,392.5
2009,מונטגרו,Reading,Female,Low,FemaleLow,414.2
2012,מונטגרו,Reading,Female,Low,FemaleLow,433.7
2015,מונטגרו,Reading,Female,Low,FemaleLow,426.7
2018,מונטגרו,Reading,Female,Low,FemaleLow,418.9
2022,מונטגרו,Reading,Female,Low,FemaleLow,402.3
2025,מונטגרו,Reading,Female,Low,FemaleLow,422.5
2006,מונטגרו,Reading,Female,Medium,FemaleMedium,420.8
2009,מונטגרו,Reading,Female,Medium,FemaleMedium,449
2012,מונטגרו,Reading,Female,Medium,FemaleMedium,467
2015,מונטגרו,Reading,Female,Medium,FemaleMedium,453.2
2018,מונטגרו,Reading,Female,Medium,FemaleMedium,447.4
2022,מונטגרו,Reading,Female,Medium,FemaleMedium,432.7
2025,מונטגרו,Reading,Female,Medium,FemaleMedium,461.8
2006,מונטגרו,Reading,0,0,General,392
2009,מונטגרו,Reading,0,0,General,407.5
2012,מונטגרו,Reading,0,0,General,422.1
2015,מונטגרו,Reading,0,0,General,426.9
2018,מונטגרו,Reading,0,0,General,421.1
2022,מונטגרו,Reading,0,0,General,405
2025,מונטגרו,Reading,0,0,General,418.4
2006,מונטגרו,Reading,0,High,GeneralHigh,420.5
2009,מונטגרו,Reading,0,High,GeneralHigh,452.9
2012,מונטגרו,Reading,0,High,GeneralHigh,474.4
2015,מונטגרו,Reading,0,High,GeneralHigh,469.4
2018,מונטגרו,Reading,0,High,GeneralHigh,454.7
2022,מונטגרו,Reading,0,High,GeneralHigh,444.8
2025,מונטגרו,Reading,0,High,GeneralHigh,462.3
2006,מונטגרו,Reading,0,Low,GeneralLow,372.8
2009,מונטגרו,Reading,0,Low,GeneralLow,387.5
2012,מונטגרו,Reading,0,Low,GeneralLow,401.2
2015,מונטגרו,Reading,0,Low,GeneralLow,409.4
2018,מונטגרו,Reading,0,Low,GeneralLow,403.3
2022,מונטגרו,Reading,0,Low,GeneralLow,383.9
2025,מונטגרו,Reading,0,Low,GeneralLow,403.4
2006,מונטגרו,Reading,0,Medium,GeneralMedium,396.1
2009,מונטגרו,Reading,0,Medium,GeneralMedium,419.8
2012,מונטגרו,Reading,0,Medium,GeneralMedium,432.3
2015,מונטגרו,Reading,0,Medium,GeneralMedium,434.4
2018,מונטגרו,Reading,0,Medium,GeneralMedium,431.1
2022,מונטגרו,Reading,0,Medium,GeneralMedium,418.4
2025,מונטגרו,Reading,0,Medium,GeneralMedium,440
2006,מונטגרו,Reading,Male,0,Male,370.2
2009,מונטגרו,Reading,Male,0,Male,381.9
2012,מונטגרו,Reading,Male,0,Male,391.3
2015,מונטגרו,Reading,Male,0,Male,410.4
2018,מונטגרו,Reading,Male,0,Male,406.6
2022,מונטגרו,Reading,Male,0,Male,387.6
2025,מונטגרו,Reading,Male,0,Male,398.8
2006,מונטגרו,Reading,Male,High,MaleHigh,393.2
2009,מונטגרו,Reading,Male,High,MaleHigh,428.4
2012,מונטגרו,Reading,Male,High,MaleHigh,451.5
2015,מונטגרו,Reading,Male,High,MaleHigh,452.4
2018,מונטגרו,Reading,Male,High,MaleHigh,438.4
2022,מונטגרו,Reading,Male,High,MaleHigh,422.4
2025,מונטגרו,Reading,Male,High,MaleHigh,444.4
2006,מונטגרו,Reading,Male,Low,MaleLow,351.3
2009,מונטגרו,Reading,Male,Low,MaleLow,360.2
2012,מונטגרו,Reading,Male,Low,MaleLow,364.8
2015,מונטגרו,Reading,Male,Low,MaleLow,391.6
2018,מונטגרו,Reading,Male,Low,MaleLow,387.8
2022,מונטגרו,Reading,Male,Low,MaleLow,366.9
2025,מונטגרו,Reading,Male,Low,MaleLow,383.5
2006,מונטגרו,Reading,Male,Medium,MaleMedium,374.6
2009,מונטגרו,Reading,Male,Medium,MaleMedium,392.7
2012,מונטגרו,Reading,Male,Medium,MaleMedium,402
2015,מונטגרו,Reading,Male,Medium,MaleMedium,418.3
2018,מונטגרו,Reading,Male,Medium,MaleMedium,416.7
2022,מונטגרו,Reading,Male,Medium,MaleMedium,404.5
2025,מונטגרו,Reading,Male,Medium,MaleMedium,421.7
2006,מונטגרו,Science,Female,0,Female,412.8
2009,מונטגרו,Science,Female,0,Female,407.7
2012,מונטגרו,Science,Female,0,Female,418.5
2015,מונטגרו,Science,Female,0,Female,413.8
2018,מונטגרו,Science,Female,0,Female,417.5
2022,מונטגרו,Science,Female,0,Female,407.1
2025,מונטגרו,Science,Female,0,Female,441.6
2006,מונטגרו,Science,Female,High,FemaleHigh,452.2
2009,מונטגרו,Science,Female,High,FemaleHigh,446.9
2012,מונטגרו,Science,Female,High,FemaleHigh,463
2015,מונטגרו,Science,Female,High,FemaleHigh,449
2018,מונטגרו,Science,Female,High,FemaleHigh,451
2022,מונטגרו,Science,Female,High,FemaleHigh,450.1
2025,מונטגרו,Science,Female,High,FemaleHigh,483
2006,מונטגרו,Science,Female,Low,FemaleLow,391.7
2009,מונטגרו,Science,Female,Low,FemaleLow,390.7
2012,מונטגרו,Science,Female,Low,FemaleLow,400.5
2015,מונטגרו,Science,Female,Low,FemaleLow,398.5
2018,מונטגרו,Science,Female,Low,FemaleLow,402.1
2022,מונטגרו,Science,Female,Low,FemaleLow,385.4
2025,מונטגרו,Science,Female,Low,FemaleLow,423.5
2006,מונטגרו,Science,Female,Medium,FemaleMedium,416.2
2009,מונטגרו,Science,Female,Medium,FemaleMedium,421
2012,מונטגרו,Science,Female,Medium,FemaleMedium,431
2015,מונטגרו,Science,Female,Medium,FemaleMedium,421.5
2018,מונטגרו,Science,Female,Medium,FemaleMedium,425.3
2022,מונטגרו,Science,Female,Medium,FemaleMedium,417
2025,מונטגרו,Science,Female,Medium,FemaleMedium,464.6
2006,מונטגרו,Science,0,0,General,411.8
2009,מונטגרו,Science,0,0,General,401.3
2012,מונטגרו,Science,0,0,General,410.1
2015,מונטגרו,Science,0,0,General,411.3
2018,מונטגרו,Science,0,0,General,415.2
2022,מונטגרו,Science,0,0,General,403.1
2025,מונטגרו,Science,0,0,General,435.2
2006,מונטגרו,Science,0,High,GeneralHigh,442.3
2009,מונטגרו,Science,0,High,GeneralHigh,439.5
2012,מונטגרו,Science,0,High,GeneralHigh,459.9
2015,מונטגרו,Science,0,High,GeneralHigh,446.8
2018,מונטגרו,Science,0,High,GeneralHigh,446.9
2022,מונטגרו,Science,0,High,GeneralHigh,445.8
2025,מונטגרו,Science,0,High,GeneralHigh,478
2006,מונטגרו,Science,0,Low,GeneralLow,392.5
2009,מונטגרו,Science,0,Low,GeneralLow,384.1
2012,מונטגרו,Science,0,Low,GeneralLow,389.6
2015,מונטגרו,Science,0,Low,GeneralLow,396.4
2018,מונטגרו,Science,0,Low,GeneralLow,398.7
2022,מונטגרו,Science,0,Low,GeneralLow,381.5
2025,מונטגרו,Science,0,Low,GeneralLow,418.9
2006,מונטגרו,Science,0,Medium,GeneralMedium,414.6
2009,מונטגרו,Science,0,Medium,GeneralMedium,412.1
2012,מונטגרו,Science,0,Medium,GeneralMedium,421
2015,מונטגרו,Science,0,Medium,GeneralMedium,417.4
2018,מונטגרו,Science,0,Medium,GeneralMedium,423.9
2022,מונטגרו,Science,0,Medium,GeneralMedium,415.9
2025,מונטגרו,Science,0,Medium,GeneralMedium,458
2006,מונטגרו,Science,Male,0,Male,410.8
2009,מונטגרו,Science,Male,0,Male,395.1
2012,מונטגרו,Science,Male,0,Male,401.7
2015,מונטגרו,Science,Male,0,Male,408.9
2018,מונטגרו,Science,Male,0,Male,413
2022,מונטגרו,Science,Male,0,Male,399.3
2025,מונטגרו,Science,Male,0,Male,429.4
2006,מונטגרו,Science,Male,High,MaleHigh,434.5
2009,מונטגרו,Science,Male,High,MaleHigh,433.5
2012,מונטגרו,Science,Male,High,MaleHigh,457
2015,מונטגרו,Science,Male,High,MaleHigh,444.7
2018,מונטגרו,Science,Male,High,MaleHigh,443.5
2022,מונטגרו,Science,Male,High,MaleHigh,441.1
2025,מונטגרו,Science,Male,High,MaleHigh,473.4
2006,מונטגרו,Science,Male,Low,MaleLow,393.4
2009,מונטגרו,Science,Male,Low,MaleLow,377.4
2012,מונטגרו,Science,Male,Low,MaleLow,377.5
2015,מונטגרו,Science,Male,Low,MaleLow,394.2
2018,מונטגרו,Science,Male,Low,MaleLow,395.3
2022,מונטגרו,Science,Male,Low,MaleLow,378
2025,מונטגרו,Science,Male,Low,MaleLow,414.1
2006,מונטגרו,Science,Male,Medium,MaleMedium,413.2
2009,מונטגרו,Science,Male,Medium,MaleMedium,403.8
2012,מונטגרו,Science,Male,Medium,MaleMedium,412.3
2015,מונטגרו,Science,Male,Medium,MaleMedium,413.8
2018,מונטגרו,Science,Male,Medium,MaleMedium,422.6
2022,מונטגרו,Science,Male,Medium,MaleMedium,414.9
2025,מונטגרו,Science,Male,Medium,MaleMedium,452.5
2009,מלזיה,Math,Female,0,Female,405.7
2012,מלזיה,Math,Female,0,Female,424.3
2018,מלזיה,Math,Female,0,Female,443.5
2022,מלזיה,Math,Female,0,Female,413.9
2025,מלזיה,Math,Female,0,Female,394.5
2009,מלזיה,Math,Female,High,FemaleHigh,455.8
2012,מלזיה,Math,Female,High,FemaleHigh,497.7
2018,מלזיה,Math,Female,High,FemaleHigh,511.5
2022,מלזיה,Math,Female,High,FemaleHigh,476.9
2025,מלזיה,Math,Female,High,FemaleHigh,458.5
2009,מלזיה,Math,Female,Low,FemaleLow,392
2012,מלזיה,Math,Female,Low,FemaleLow,407.1
2018,מלזיה,Math,Female,Low,FemaleLow,423.9
2022,מלזיה,Math,Female,Low,FemaleLow,395.8
2025,מלזיה,Math,Female,Low,FemaleLow,377.5
2009,מלזיה,Math,Female,Medium,FemaleMedium,421.6
2012,מלזיה,Math,Female,Medium,FemaleMedium,452
2018,מלזיה,Math,Female,Medium,FemaleMedium,475.5
2022,מלזיה,Math,Female,Medium,FemaleMedium,435.2
2025,מלזיה,Math,Female,Medium,FemaleMedium,417.2
2009,מלזיה,Math,0,0,General,404.3
2012,מלזיה,Math,0,0,General,420.5
2018,מלזיה,Math,0,0,General,440.2
2022,מלזיה,Math,0,0,General,408.7
2025,מלזיה,Math,0,0,General,397.4
2009,מלזיה,Math,0,High,GeneralHigh,459.9
2012,מלזיה,Math,0,High,GeneralHigh,490
2018,מלזיה,Math,0,High,GeneralHigh,510.8
2022,מלזיה,Math,0,High,GeneralHigh,481.1
2025,מלזיה,Math,0,High,GeneralHigh,465.9
2009,מלזיה,Math,0,Low,GeneralLow,389.8
2012,מלזיה,Math,0,Low,GeneralLow,403.1
2018,מלזיה,Math,0,Low,GeneralLow,421.5
2022,מלזיה,Math,0,Low,GeneralLow,389.4
2025,מלזיה,Math,0,Low,GeneralLow,378.9
2009,מלזיה,Math,0,Medium,GeneralMedium,420.3
2012,מלזיה,Math,0,Medium,GeneralMedium,449.7
2018,מלזיה,Math,0,Medium,GeneralMedium,468.4
2022,מלזיה,Math,0,Medium,GeneralMedium,431.6
2025,מלזיה,Math,0,Medium,GeneralMedium,425.2
2009,מלזיה,Math,Male,0,Male,402.8
2012,מלזיה,Math,Male,0,Male,416.5
2018,מלזיה,Math,Male,0,Male,436.8
2022,מלזיה,Math,Male,0,Male,403.5
2025,מלזיה,Math,Male,0,Male,400.4
2009,מלזיה,Math,Male,High,MaleHigh,465.2
2012,מלזיה,Math,Male,High,MaleHigh,482.8
2018,מלזיה,Math,Male,High,MaleHigh,509.9
2022,מלזיה,Math,Male,High,MaleHigh,485.9
2025,מלזיה,Math,Male,High,MaleHigh,475
2009,מלזיה,Math,Male,Low,MaleLow,387.5
2012,מלזיה,Math,Male,Low,MaleLow,398.7
2018,מלזיה,Math,Male,Low,MaleLow,418.9
2022,מלזיה,Math,Male,Low,MaleLow,383.1
2025,מלזיה,Math,Male,Low,MaleLow,380.4
2009,מלזיה,Math,Male,Medium,MaleMedium,419.2
2012,מלזיה,Math,Male,Medium,MaleMedium,447.3
2018,מלזיה,Math,Male,Medium,MaleMedium,461.9
2022,מלזיה,Math,Male,Medium,MaleMedium,427.9
2025,מלזיה,Math,Male,Medium,MaleMedium,432.7
2009,מלזיה,Reading,Female,0,Female,430.9
2012,מלזיה,Reading,Female,0,Female,417.6
2018,מלזיה,Reading,Female,0,Female,427.7
2022,מלזיה,Reading,Female,0,Female,403.6
2025,מלזיה,Reading,Female,0,Female,403.5
2009,מלזיה,Reading,Female,High,FemaleHigh,478
2012,מלזיה,Reading,Female,High,FemaleHigh,477.3
2018,מלזיה,Reading,Female,High,FemaleHigh,499.3
2022,מלזיה,Reading,Female,High,FemaleHigh,464.7
2025,מלזיה,Reading,Female,High,FemaleHigh,456.8
2009,מלזיה,Reading,Female,Low,FemaleLow,417.9
2012,מלזיה,Reading,Female,Low,FemaleLow,404.9
2018,מלזיה,Reading,Female,Low,FemaleLow,407.3
2022,מלזיה,Reading,Female,Low,FemaleLow,387
2025,מלזיה,Reading,Female,Low,FemaleLow,390.8
2009,מלזיה,Reading,Female,Medium,FemaleMedium,446.4
2012,מלזיה,Reading,Female,Medium,FemaleMedium,436.4
2018,מלזיה,Reading,Female,Medium,FemaleMedium,460.4
2022,מלזיה,Reading,Female,Medium,FemaleMedium,421.7
2025,מלזיה,Reading,Female,Medium,FemaleMedium,420.9
2009,מלזיה,Reading,0,0,General,413.8
2012,מלזיה,Reading,0,0,General,398.2
2018,מלזיה,Reading,0,0,General,415
2022,מלזיה,Reading,0,0,General,388.1
2025,מלזיה,Reading,0,0,General,392.8
2009,מלזיה,Reading,0,High,GeneralHigh,462.6
2012,מלזיה,Reading,0,High,GeneralHigh,455.3
2018,מלזיה,Reading,0,High,GeneralHigh,488
2022,מלזיה,Reading,0,High,GeneralHigh,459.7
2025,מלזיה,Reading,0,High,GeneralHigh,452.3
2009,מלזיה,Reading,0,Low,GeneralLow,401.7
2012,מלזיה,Reading,0,Low,GeneralLow,384.5
2018,מלזיה,Reading,0,Low,GeneralLow,395.6
2022,מלזיה,Reading,0,Low,GeneralLow,370.3
2025,מלזיה,Reading,0,Low,GeneralLow,378.2
2009,מלזיה,Reading,0,Medium,GeneralMedium,427
2012,מלזיה,Reading,0,Medium,GeneralMedium,420.3
2018,מלזיה,Reading,0,Medium,GeneralMedium,443.3
2022,מלזיה,Reading,0,Medium,GeneralMedium,407.9
2025,מלזיה,Reading,0,Medium,GeneralMedium,417.2
2009,מלזיה,Reading,Male,0,Male,396.1
2012,מלזיה,Reading,Male,0,Male,377.5
2018,מלזיה,Reading,Male,0,Male,401.6
2022,מלזיה,Reading,Male,0,Male,372.6
2025,מלזיה,Reading,Male,0,Male,381.8
2009,מלזיה,Reading,Male,High,MaleHigh,442.8
2012,מלזיה,Reading,Male,High,MaleHigh,434.5
2018,מלזיה,Reading,Male,High,MaleHigh,473.5
2022,מלזיה,Reading,Male,High,MaleHigh,454
2025,מלזיה,Reading,Male,High,MaleHigh,446.9
2009,מלזיה,Reading,Male,Low,MaleLow,384.4
2012,מלזיה,Reading,Male,Low,MaleLow,362.6
2018,מלזיה,Reading,Male,Low,MaleLow,383.1
2022,מלזיה,Reading,Male,Low,MaleLow,353.8
2025,מלזיה,Reading,Male,Low,MaleLow,365
2009,מלזיה,Reading,Male,Medium,MaleMedium,409.6
2012,מלזיה,Reading,Male,Medium,MaleMedium,402.7
2018,מלזיה,Reading,Male,Medium,MaleMedium,427.8
2022,מלזיה,Reading,Male,Medium,MaleMedium,393.8
2025,מלזיה,Reading,Male,Medium,MaleMedium,413.7
2009,מלזיה,Science,Female,0,Female,427.2
2012,מלזיה,Science,Female,0,Female,424.9
2018,מלזיה,Science,Female,0,Female,440.7
2022,מלזיה,Science,Female,0,Female,423
2025,מלזיה,Science,Female,0,Female,419.8
2009,מלזיה,Science,Female,High,FemaleHigh,473.5
2012,מלזיה,Science,Female,High,FemaleHigh,487.7
2018,מלזיה,Science,Female,High,FemaleHigh,507.9
2022,מלזיה,Science,Female,High,FemaleHigh,484.7
2025,מלזיה,Science,Female,High,FemaleHigh,481.2
2009,מלזיה,Science,Female,Low,FemaleLow,415.6
2012,מלזיה,Science,Female,Low,FemaleLow,411.1
2018,מלזיה,Science,Female,Low,FemaleLow,421.2
2022,מלזיה,Science,Female,Low,FemaleLow,406.8
2025,מלזיה,Science,Female,Low,FemaleLow,404.2
2009,מלזיה,Science,Female,Medium,FemaleMedium,439.2
2012,מלזיה,Science,Female,Medium,FemaleMedium,446.2
2018,מלזיה,Science,Female,Medium,FemaleMedium,471.5
2022,מלזיה,Science,Female,Medium,FemaleMedium,439.3
2025,מלזיה,Science,Female,Medium,FemaleMedium,441.6
2009,מלזיה,Science,0,0,General,422.2
2012,מלזיה,Science,0,0,General,419.5
2018,מלזיה,Science,0,0,General,437.6
2022,מלזיה,Science,0,0,General,416.3
2025,מלזיה,Science,0,0,General,419.2
2009,מלזיה,Science,0,High,GeneralHigh,470.1
2012,מלזיה,Science,0,High,GeneralHigh,482.3
2018,מלזיה,Science,0,High,GeneralHigh,505.2
2022,מלזיה,Science,0,High,GeneralHigh,487.1
2025,מלזיה,Science,0,High,GeneralHigh,485.6
2009,מלזיה,Science,0,Low,GeneralLow,410.4
2012,מלזיה,Science,0,Low,GeneralLow,405
2018,מלזיה,Science,0,Low,GeneralLow,419.4
2022,מלזיה,Science,0,Low,GeneralLow,398.6
2025,מלזיה,Science,0,Low,GeneralLow,401.7
2009,מלזיה,Science,0,Medium,GeneralMedium,434.6
2012,מלזיה,Science,0,Medium,GeneralMedium,442.6
2018,מלזיה,Science,0,Medium,GeneralMedium,464.1
2022,מלזיה,Science,0,Medium,GeneralMedium,435.7
2025,מלזיה,Science,0,Medium,GeneralMedium,448.3
2009,מלזיה,Science,Male,0,Male,417.1
2012,מלזיה,Science,Male,0,Male,413.8
2018,מלזיה,Science,Male,0,Male,434.4
2022,מלזיה,Science,Male,0,Male,409.6
2025,מלזיה,Science,Male,0,Male,418.6
2009,מלזיה,Science,Male,High,MaleHigh,465.7
2012,מלזיה,Science,Male,High,MaleHigh,477.3
2018,מלזיה,Science,Male,High,MaleHigh,501.7
2022,מלזיה,Science,Male,High,MaleHigh,489.7
2025,מלזיה,Science,Male,High,MaleHigh,491
2009,מלזיה,Science,Male,Low,MaleLow,404.9
2012,מלזיה,Science,Male,Low,MaleLow,398.4
2018,מלזיה,Science,Male,Low,MaleLow,417.5
2022,מלזיה,Science,Male,Low,MaleLow,390.5
2025,מלזיה,Science,Male,Low,MaleLow,399
2009,מלזיה,Science,Male,Medium,MaleMedium,430.6
2012,מלזיה,Science,Male,Medium,MaleMedium,438.6
2018,מלזיה,Science,Male,Medium,MaleMedium,457.4
2022,מלזיה,Science,Male,Medium,MaleMedium,432.1
2025,מלזיה,Science,Male,Medium,MaleMedium,454.6
2015,מלטה,Math,Female,0,Female,480.7
2018,מלטה,Math,Female,0,Female,478.4
2022,מלטה,Math,Female,0,Female,465.2
2025,מלטה,Math,Female,0,Female,442.9
2015,מלטה,Math,Female,High,FemaleHigh,525.2
2018,מלטה,Math,Female,High,FemaleHigh,523.8
2022,מלטה,Math,Female,High,FemaleHigh,505.6
2025,מלטה,Math,Female,High,FemaleHigh,482.1
2015,מלטה,Math,Female,Low,FemaleLow,448.3
2018,מלטה,Math,Female,Low,FemaleLow,445.8
2022,מלטה,Math,Female,Low,FemaleLow,435.2
2025,מלטה,Math,Female,Low,FemaleLow,415.6
2015,מלטה,Math,Female,Medium,FemaleMedium,496.6
2018,מלטה,Math,Female,Medium,FemaleMedium,483.3
2022,מלטה,Math,Female,Medium,FemaleMedium,466.9
2025,מלטה,Math,Female,Medium,FemaleMedium,451.5
2015,מלטה,Math,0,0,General,478.6
2018,מלטה,Math,0,0,General,471.7
2022,מלטה,Math,0,0,General,466
2025,מלטה,Math,0,0,General,439.1
2015,מלטה,Math,0,High,GeneralHigh,526
2018,מלטה,Math,0,High,GeneralHigh,516.5
2022,מלטה,Math,0,High,GeneralHigh,509
2025,מלטה,Math,0,High,GeneralHigh,479.3
2015,מלטה,Math,0,Low,GeneralLow,446.1
2018,מלטה,Math,0,Low,GeneralLow,441.6
2022,מלטה,Math,0,Low,GeneralLow,437.1
2025,מלטה,Math,0,Low,GeneralLow,416.3
2015,מלטה,Math,0,Medium,GeneralMedium,491.2
2018,מלטה,Math,0,Medium,GeneralMedium,473
2022,מלטה,Math,0,Medium,GeneralMedium,467.6
2025,מלטה,Math,0,Medium,GeneralMedium,452.7
2015,מלטה,Math,Male,0,Male,476.7
2018,מלטה,Math,Male,0,Male,465.6
2022,מלטה,Math,Male,0,Male,466.7
2025,מלטה,Math,Male,0,Male,435.3
2015,מלטה,Math,Male,High,MaleHigh,526.8
2018,מלטה,Math,Male,High,MaleHigh,510.3
2022,מלטה,Math,Male,High,MaleHigh,512.4
2025,מלטה,Math,Male,High,MaleHigh,476.3
2015,מלטה,Math,Male,Low,MaleLow,443.9
2018,מלטה,Math,Male,Low,MaleLow,437.5
2022,מלטה,Math,Male,Low,MaleLow,439
2025,מלטה,Math,Male,Low,MaleLow,417.1
2015,מלטה,Math,Male,Medium,MaleMedium,486.2
2018,מלטה,Math,Male,Medium,MaleMedium,463
2022,מלטה,Math,Male,Medium,MaleMedium,468.2
2025,מלטה,Math,Male,Medium,MaleMedium,453.9
2015,מלטה,Reading,Female,0,Female,468.1
2018,מלטה,Reading,Female,0,Female,473.6
2022,מלטה,Reading,Female,0,Female,465.3
2025,מלטה,Reading,Female,0,Female,438.3
2015,מלטה,Reading,Female,High,FemaleHigh,522.1
2018,מלטה,Reading,Female,High,FemaleHigh,516.3
2022,מלטה,Reading,Female,High,FemaleHigh,512.9
2025,מלטה,Reading,Female,High,FemaleHigh,472.2
2015,מלטה,Reading,Female,Low,FemaleLow,432.1
2018,מלטה,Reading,Female,Low,FemaleLow,441.7
2022,מלטה,Reading,Female,Low,FemaleLow,429.8
2025,מלטה,Reading,Female,Low,FemaleLow,417
2015,מלטה,Reading,Female,Medium,FemaleMedium,481.7
2018,מלטה,Reading,Female,Medium,FemaleMedium,479.6
2022,מלטה,Reading,Female,Medium,FemaleMedium,471.8
2025,מלטה,Reading,Female,Medium,FemaleMedium,446.2
2015,מלטה,Reading,0,0,General,446.7
2018,מלטה,Reading,0,0,General,448.2
2022,מלטה,Reading,0,0,General,445.3
2025,מלטה,Reading,0,0,General,414.6
2015,מלטה,Reading,0,High,GeneralHigh,501.8
2018,מלטה,Reading,0,High,GeneralHigh,488.5
2022,מלטה,Reading,0,High,GeneralHigh,491.3
2025,מלטה,Reading,0,High,GeneralHigh,448.7
2015,מלטה,Reading,0,Low,GeneralLow,411.7
2018,מלטה,Reading,0,Low,GeneralLow,419.5
2022,מלטה,Reading,0,Low,GeneralLow,414.5
2025,מלטה,Reading,0,Low,GeneralLow,400.5
2015,מלטה,Reading,0,Medium,GeneralMedium,456.5
2018,מלטה,Reading,0,Medium,GeneralMedium,451.2
2022,מלטה,Reading,0,Medium,GeneralMedium,449.5
2025,מלטה,Reading,0,Medium,GeneralMedium,430
2015,מלטה,Reading,Male,0,Male,425.9
2018,מלטה,Reading,Male,0,Male,425
2022,מלטה,Reading,Male,0,Male,426.5
2025,מלטה,Reading,Male,0,Male,391.6
2015,מלטה,Reading,Male,High,MaleHigh,482.8
2018,מלטה,Reading,Male,High,MaleHigh,465.3
2022,מלטה,Reading,Male,High,MaleHigh,469.6
2025,מלטה,Reading,Male,High,MaleHigh,423.8
2015,מלטה,Reading,Male,Low,MaleLow,390.4
2018,מלטה,Reading,Male,Low,MaleLow,397.6
2022,מלטה,Reading,Male,Low,MaleLow,398.9
2025,מלטה,Reading,Male,Low,MaleLow,381.9
2015,מלטה,Reading,Male,Medium,MaleMedium,433.7
2018,מלטה,Reading,Male,Medium,MaleMedium,423.2
2022,מלטה,Reading,Male,Medium,MaleMedium,430.2
2025,מלטה,Reading,Male,Medium,MaleMedium,413.3
2015,מלטה,Science,Female,0,Female,470.2
2018,מלטה,Science,Female,0,Female,467.5
2022,מלטה,Science,Female,0,Female,471.5
2025,מלטה,Science,Female,0,Female,462
2015,מלטה,Science,Female,High,FemaleHigh,530.3
2018,מלטה,Science,Female,High,FemaleHigh,510.9
2022,מלטה,Science,Female,High,FemaleHigh,517.5
2025,מלטה,Science,Female,High,FemaleHigh,502.4
2015,מלטה,Science,Female,Low,FemaleLow,431.2
2018,מלטה,Science,Female,Low,FemaleLow,433
2022,מלטה,Science,Female,Low,FemaleLow,434.5
2025,מלטה,Science,Female,Low,FemaleLow,432.6
2015,מלטה,Science,Female,Medium,FemaleMedium,482.2
2018,מלטה,Science,Female,Medium,FemaleMedium,476.8
2022,מלטה,Science,Female,Medium,FemaleMedium,478.2
2025,מלטה,Science,Female,Medium,FemaleMedium,472.8
2015,מלטה,Science,0,0,General,464.8
2018,מלטה,Science,0,0,General,456.6
2022,מלטה,Science,0,0,General,465.6
2025,מלטה,Science,0,0,General,452.5
2015,מלטה,Science,0,High,GeneralHigh,523.5
2018,מלטה,Science,0,High,GeneralHigh,498.9
2022,מלטה,Science,0,High,GeneralHigh,510.8
2025,מלטה,Science,0,High,GeneralHigh,493.4
2015,מלטה,Science,0,Low,GeneralLow,426.4
2018,מלטה,Science,0,Low,GeneralLow,425
2022,מלטה,Science,0,Low,GeneralLow,433.6
2025,מלטה,Science,0,Low,GeneralLow,429.5
2015,מלטה,Science,0,Medium,GeneralMedium,475.8
2018,מלטה,Science,0,Medium,GeneralMedium,461.9
2022,מלטה,Science,0,Medium,GeneralMedium,470.7
2025,מלטה,Science,0,Medium,GeneralMedium,468.4
2015,מלטה,Science,Male,0,Male,459.5
2018,מלטה,Science,Male,0,Male,446.6
2022,מלטה,Science,Male,0,Male,460
2025,מלטה,Science,Male,0,Male,443.3
2015,מלטה,Science,Male,High,MaleHigh,517
2018,מלטה,Science,Male,High,MaleHigh,488.9
2022,מלטה,Science,Male,High,MaleHigh,504
2025,מלטה,Science,Male,High,MaleHigh,483.9
2015,מלטה,Science,Male,Low,MaleLow,421.4
2018,מלטה,Science,Male,Low,MaleLow,417.1
2022,מלטה,Science,Male,Low,MaleLow,432.6
2025,מלטה,Science,Male,Low,MaleLow,426.1
2015,מלטה,Science,Male,Medium,MaleMedium,470
2018,מלטה,Science,Male,Medium,MaleMedium,447.3
2022,מלטה,Science,Male,Medium,MaleMedium,464.2
2025,מלטה,Science,Male,Medium,MaleMedium,464.1
2012,מסצ'וסטס,Math,Female,0,Female,508.9
2015,מסצ'וסטס,Math,Female,0,Female,495.6
2012,מסצ'וסטס,Math,Female,High,FemaleHigh,552.5
2015,מסצ'וסטס,Math,Female,High,FemaleHigh,533.3
2012,מסצ'וסטס,Math,Female,Low,FemaleLow,454.9
2015,מסצ'וסטס,Math,Female,Low,FemaleLow,459.8
2012,מסצ'וסטס,Math,Female,Medium,FemaleMedium,491.1
2015,מסצ'וסטס,Math,Female,Medium,FemaleMedium,490.7
2012,מסצ'וסטס,Math,0,0,General,513.5
2015,מסצ'וסטס,Math,0,0,General,500.1
2012,מסצ'וסטס,Math,0,High,GeneralHigh,557.5
2015,מסצ'וסטס,Math,0,High,GeneralHigh,536.9
2012,מסצ'וסטס,Math,0,Low,GeneralLow,457.8
2015,מסצ'וסטס,Math,0,Low,GeneralLow,461.7
2012,מסצ'וסטס,Math,0,Medium,GeneralMedium,495.7
2015,מסצ'וסטס,Math,0,Medium,GeneralMedium,499.3
2012,מסצ'וסטס,Math,Male,0,Male,518.5
2015,מסצ'וסטס,Math,Male,0,Male,504.6
2012,מסצ'וסטס,Math,Male,High,MaleHigh,562.9
2015,מסצ'וסטס,Math,Male,High,MaleHigh,540.4
2012,מסצ'וסטס,Math,Male,Low,MaleLow,461.3
2015,מסצ'וסטס,Math,Male,Low,MaleLow,463.6
2012,מסצ'וסטס,Math,Male,Medium,MaleMedium,500.1
2015,מסצ'וסטס,Math,Male,Medium,MaleMedium,508.4
2012,מסצ'וסטס,Reading,Female,0,Female,542.3
2015,מסצ'וסטס,Reading,Female,0,Female,536.1
2012,מסצ'וסטס,Reading,Female,High,FemaleHigh,582.1
2015,מסצ'וסטס,Reading,Female,High,FemaleHigh,569.6
2012,מסצ'וסטס,Reading,Female,Low,FemaleLow,493.8
2015,מסצ'וסטס,Reading,Female,Low,FemaleLow,503.8
2012,מסצ'וסטס,Reading,Female,Medium,FemaleMedium,526
2015,מסצ'וסטס,Reading,Female,Medium,FemaleMedium,532.7
2012,מסצ'וסטס,Reading,0,0,General,527.1
2015,מסצ'וסטס,Reading,0,0,General,527
2012,מסצ'וסטס,Reading,0,High,GeneralHigh,567
2015,מסצ'וסטס,Reading,0,High,GeneralHigh,560.4
2012,מסצ'וסטס,Reading,0,Low,GeneralLow,479.5
2015,מסצ'וסטס,Reading,0,Low,GeneralLow,491.9
2012,מסצ'וסטס,Reading,0,Medium,GeneralMedium,508.9
2015,מסצ'וסטס,Reading,0,Medium,GeneralMedium,527.6
2012,מסצ'וסטס,Reading,Male,0,Male,510.8
2015,מסצ'וסטס,Reading,Male,0,Male,518
2012,מסצ'וסטס,Reading,Male,High,MaleHigh,550.7
2015,מסצ'וסטס,Reading,Male,High,MaleHigh,551.6
2012,מסצ'וסטס,Reading,Male,Low,MaleLow,462.5
2015,מסצ'וסטס,Reading,Male,Low,MaleLow,479.7
2012,מסצ'וסטס,Reading,Male,Medium,MaleMedium,492.5
2015,מסצ'וסטס,Reading,Male,Medium,MaleMedium,522.2
2012,מסצ'וסטס,Science,Female,0,Female,526
2015,מסצ'וסטס,Science,Female,0,Female,524.4
2012,מסצ'וסטס,Science,Female,High,FemaleHigh,567.2
2015,מסצ'וסטס,Science,Female,High,FemaleHigh,566.9
2012,מסצ'וסטס,Science,Female,Low,FemaleLow,472.3
2015,מסצ'וסטס,Science,Female,Low,FemaleLow,484.7
2012,מסצ'וסטס,Science,Female,Medium,FemaleMedium,511.3
2015,מסצ'וסטס,Science,Female,Medium,FemaleMedium,518.2
2012,מסצ'וסטס,Science,0,0,General,527.4
2015,מסצ'וסטס,Science,0,0,General,529.4
2012,מסצ'וסטס,Science,0,High,GeneralHigh,569.7
2015,מסצ'וסטס,Science,0,High,GeneralHigh,571.1
2012,מסצ'וסטס,Science,0,Low,GeneralLow,473
2015,מסצ'וסטס,Science,0,Low,GeneralLow,487.5
2012,מסצ'וסטס,Science,0,Medium,GeneralMedium,510.9
2015,מסצ'וסטס,Science,0,Medium,GeneralMedium,527
2012,מסצ'וסטס,Science,Male,0,Male,528.9
2015,מסצ'וסטס,Science,Male,0,Male,534.3
2012,מסצ'וסטס,Science,Male,High,MaleHigh,572.4
2015,מסצ'וסטס,Science,Male,High,MaleHigh,575.1
2012,מסצ'וסטס,Science,Male,Low,MaleLow,473.7
2015,מסצ'וסטס,Science,Male,Low,MaleLow,490.4
2012,מסצ'וסטס,Science,Male,Medium,MaleMedium,510.5
2015,מסצ'וסטס,Science,Male,Medium,MaleMedium,536.4
2006,מקאו (סין),Math,Female,0,Female,519.6
2009,מקאו (סין),Math,Female,0,Female,519.6
2012,מקאו (סין),Math,Female,0,Female,536.7
2015,מקאו (סין),Math,Female,0,Female,547.9
2018,מקאו (סין),Math,Female,0,Female,555.8
2022,מקאו (סין),Math,Female,0,Female,544
2025,מקאו (סין),Math,Female,0,Female,539.8
2006,מקאו (סין),Math,Female,High,FemaleHigh,543.1
2009,מקאו (סין),Math,Female,High,FemaleHigh,546.9
2012,מקאו (סין),Math,Female,High,FemaleHigh,585.5
2015,מקאו (סין),Math,Female,High,FemaleHigh,584
2018,מקאו (סין),Math,Female,High,FemaleHigh,577.1
2022,מקאו (סין),Math,Female,High,FemaleHigh,584.3
2025,מקאו (סין),Math,Female,High,FemaleHigh,580.6
2006,מקאו (סין),Math,Female,Low,FemaleLow,516.4
2009,מקאו (סין),Math,Female,Low,FemaleLow,515
2012,מקאו (סין),Math,Female,Low,FemaleLow,532.8
2015,מקאו (סין),Math,Female,Low,FemaleLow,538.7
2018,מקאו (סין),Math,Female,Low,FemaleLow,549
2022,מקאו (סין),Math,Female,Low,FemaleLow,531.5
2025,מקאו (סין),Math,Female,Low,FemaleLow,526.3
2006,מקאו (סין),Math,Female,Medium,FemaleMedium,528.3
2009,מקאו (סין),Math,Female,Medium,FemaleMedium,527.9
2012,מקאו (סין),Math,Female,Medium,FemaleMedium,545
2015,מקאו (סין),Math,Female,Medium,FemaleMedium,560.1
2018,מקאו (סין),Math,Female,Medium,FemaleMedium,562.1
2022,מקאו (סין),Math,Female,Medium,FemaleMedium,552.6
2025,מקאו (סין),Math,Female,Medium,FemaleMedium,549.1
2006,מקאו (סין),Math,0,0,General,525
2009,מקאו (סין),Math,0,0,General,525.3
2012,מקאו (סין),Math,0,0,General,538.1
2015,מקאו (סין),Math,0,0,General,543.8
2018,מקאו (סין),Math,0,0,General,557.7
2022,מקאו (סין),Math,0,0,General,551.9
2025,מקאו (סין),Math,0,0,General,549.3
2006,מקאו (סין),Math,0,High,GeneralHigh,554.4
2009,מקאו (סין),Math,0,High,GeneralHigh,554.2
2012,מקאו (סין),Math,0,High,GeneralHigh,587.3
2015,מקאו (סין),Math,0,High,GeneralHigh,575.4
2018,מקאו (סין),Math,0,High,GeneralHigh,580
2022,מקאו (סין),Math,0,High,GeneralHigh,593
2025,מקאו (סין),Math,0,High,GeneralHigh,592.9
2006,מקאו (סין),Math,0,Low,GeneralLow,522.3
2009,מקאו (סין),Math,0,Low,GeneralLow,520.5
2012,מקאו (סין),Math,0,Low,GeneralLow,534.3
2015,מקאו (סין),Math,0,Low,GeneralLow,537.4
2018,מקאו (סין),Math,0,Low,GeneralLow,551
2022,מקאו (סין),Math,0,Low,GeneralLow,539.7
2025,מקאו (סין),Math,0,Low,GeneralLow,537
2006,מקאו (סין),Math,0,Medium,GeneralMedium,530.4
2009,מקאו (סין),Math,0,Medium,GeneralMedium,534.2
2012,מקאו (סין),Math,0,Medium,GeneralMedium,548.3
2015,מקאו (סין),Math,0,Medium,GeneralMedium,550.8
2018,מקאו (סין),Math,0,Medium,GeneralMedium,565.5
2022,מקאו (סין),Math,0,Medium,GeneralMedium,561.8
2025,מקאו (סין),Math,0,Medium,GeneralMedium,559.8
2006,מקאו (סין),Math,Male,0,Male,530.3
2009,מקאו (סין),Math,Male,0,Male,530.8
2012,מקאו (סין),Math,Male,0,Male,539.5
2015,מקאו (סין),Math,Male,0,Male,539.7
2018,מקאו (סין),Math,Male,0,Male,559.5
2022,מקאו (סין),Math,Male,0,Male,559.5
2025,מקאו (סין),Math,Male,0,Male,558.3
2006,מקאו (סין),Math,Male,High,MaleHigh,564.7
2009,מקאו (סין),Math,Male,High,MaleHigh,560.9
2012,מקאו (סין),Math,Male,High,MaleHigh,589.7
2015,מקאו (סין),Math,Male,High,MaleHigh,566.9
2018,מקאו (סין),Math,Male,High,MaleHigh,583.8
2022,מקאו (סין),Math,Male,High,MaleHigh,602.4
2025,מקאו (סין),Math,Male,High,MaleHigh,605.9
2006,מקאו (סין),Math,Male,Low,MaleLow,528
2009,מקאו (סין),Math,Male,Low,MaleLow,525.7
2012,מקאו (סין),Math,Male,Low,MaleLow,535.7
2015,מקאו (סין),Math,Male,Low,MaleLow,536.1
2018,מקאו (סין),Math,Male,Low,MaleLow,552.9
2022,מקאו (סין),Math,Male,Low,MaleLow,547.2
2025,מקאו (סין),Math,Male,Low,MaleLow,547
2006,מקאו (סין),Math,Male,Medium,MaleMedium,532.6
2009,מקאו (סין),Math,Male,Medium,MaleMedium,541.1
2012,מקאו (סין),Math,Male,Medium,MaleMedium,551.4
2015,מקאו (סין),Math,Male,Medium,MaleMedium,541.3
2018,מקאו (סין),Math,Male,Medium,MaleMedium,569.1
2022,מקאו (סין),Math,Male,Medium,MaleMedium,570.8
2025,מקאו (סין),Math,Male,Medium,MaleMedium,570.1
2006,מקאו (סין),Reading,Female,0,Female,505.5
2009,מקאו (סין),Reading,Female,0,Female,503.9
2012,מקאו (סין),Reading,Female,0,Female,527.2
2015,מקאו (סין),Reading,Female,0,Female,524.5
2018,מקאו (סין),Reading,Female,0,Female,536.3
2022,מקאו (סין),Reading,Female,0,Female,517.8
2025,מקאו (סין),Reading,Female,0,Female,512.5
2006,מקאו (סין),Reading,Female,High,FemaleHigh,531.5
2009,מקאו (סין),Reading,Female,High,FemaleHigh,519.2
2012,מקאו (סין),Reading,Female,High,FemaleHigh,565.8
2015,מקאו (סין),Reading,Female,High,FemaleHigh,556.6
2018,מקאו (סין),Reading,Female,High,FemaleHigh,557.4
2022,מקאו (סין),Reading,Female,High,FemaleHigh,551.6
2025,מקאו (סין),Reading,Female,High,FemaleHigh,539
2006,מקאו (סין),Reading,Female,Low,FemaleLow,502.8
2009,מקאו (סין),Reading,Female,Low,FemaleLow,500.7
2012,מקאו (סין),Reading,Female,Low,FemaleLow,525.1
2015,מקאו (סין),Reading,Female,Low,FemaleLow,515.7
2018,מקאו (סין),Reading,Female,Low,FemaleLow,530.7
2022,מקאו (סין),Reading,Female,Low,FemaleLow,509.4
2025,מקאו (סין),Reading,Female,Low,FemaleLow,504.5
2006,מקאו (סין),Reading,Female,Medium,FemaleMedium,511.4
2009,מקאו (סין),Reading,Female,Medium,FemaleMedium,511.1
2012,מקאו (סין),Reading,Female,Medium,FemaleMedium,525.6
2015,מקאו (סין),Reading,Female,Medium,FemaleMedium,536.5
2018,מקאו (סין),Reading,Female,Medium,FemaleMedium,539.7
2022,מקאו (סין),Reading,Female,Medium,FemaleMedium,520.2
2025,מקאו (סין),Reading,Female,Medium,FemaleMedium,517.4
2006,מקאו (סין),Reading,0,0,General,492.3
2009,מקאו (סין),Reading,0,0,General,486.6
2012,מקאו (סין),Reading,0,0,General,508.9
2015,מקאו (סין),Reading,0,0,General,508.7
2018,מקאו (סין),Reading,0,0,General,525.1
2022,מקאו (סין),Reading,0,0,General,510.4
2025,מקאו (סין),Reading,0,0,General,501.1
2006,מקאו (סין),Reading,0,High,GeneralHigh,525.2
2009,מקאו (סין),Reading,0,High,GeneralHigh,506.5
2012,מקאו (סין),Reading,0,High,GeneralHigh,552.9
2015,מקאו (סין),Reading,0,High,GeneralHigh,537.7
2018,מקאו (סין),Reading,0,High,GeneralHigh,548.3
2022,מקאו (סין),Reading,0,High,GeneralHigh,542.8
2025,מקאו (סין),Reading,0,High,GeneralHigh,529.7
2006,מקאו (סין),Reading,0,Low,GeneralLow,490.3
2009,מקאו (סין),Reading,0,Low,GeneralLow,482.9
2012,מקאו (סין),Reading,0,Low,GeneralLow,506.3
2015,מקאו (סין),Reading,0,Low,GeneralLow,502.4
2018,מקאו (סין),Reading,0,Low,GeneralLow,518.9
2022,מקאו (סין),Reading,0,Low,GeneralLow,502.6
2025,מקאו (סין),Reading,0,Low,GeneralLow,494.8
2006,מקאו (סין),Reading,0,Medium,GeneralMedium,493.6
2009,מקאו (סין),Reading,0,Medium,GeneralMedium,494.3
2012,מקאו (סין),Reading,0,Medium,GeneralMedium,510.5
2015,מקאו (סין),Reading,0,Medium,GeneralMedium,515.4
2018,מקאו (סין),Reading,0,Medium,GeneralMedium,531.3
2022,מקאו (סין),Reading,0,Medium,GeneralMedium,513.9
2025,מקאו (סין),Reading,0,Medium,GeneralMedium,505.8
2006,מקאו (סין),Reading,Male,0,Male,479.4
2009,מקאו (סין),Reading,Male,0,Male,469.8
2012,מקאו (סין),Reading,Male,0,Male,491.6
2015,מקאו (סין),Reading,Male,0,Male,493
2018,מקאו (סין),Reading,Male,0,Male,514.3
2022,מקאו (סין),Reading,Male,0,Male,503.4
2025,מקאו (סין),Reading,Male,0,Male,490.2
2006,מקאו (סין),Reading,Male,High,MaleHigh,519.5
2009,מקאו (סין),Reading,Male,High,MaleHigh,495
2012,מקאו (סין),Reading,Male,High,MaleHigh,536.8
2015,מקאו (סין),Reading,Male,High,MaleHigh,519
2018,מקאו (סין),Reading,Male,High,MaleHigh,536.5
2022,מקאו (סין),Reading,Male,High,MaleHigh,533.3
2025,מקאו (סין),Reading,Male,High,MaleHigh,519.7
2006,מקאו (סין),Reading,Male,Low,MaleLow,478.2
2009,מקאו (סין),Reading,Male,Low,MaleLow,466
2012,מקאו (סין),Reading,Male,Low,MaleLow,488.8
2015,מקאו (סין),Reading,Male,Low,MaleLow,489.4
2018,מקאו (סין),Reading,Male,Low,MaleLow,508.1
2022,מקאו (סין),Reading,Male,Low,MaleLow,496.4
2025,מקאו (סין),Reading,Male,Low,MaleLow,485.7
2006,מקאו (סין),Reading,Male,Medium,MaleMedium,474.9
2009,מקאו (סין),Reading,Male,Medium,MaleMedium,476
2012,מקאו (סין),Reading,Male,Medium,MaleMedium,496
2015,מקאו (סין),Reading,Male,Medium,MaleMedium,493.7
2018,מקאו (סין),Reading,Male,Medium,MaleMedium,522.7
2022,מקאו (סין),Reading,Male,Medium,MaleMedium,507.7
2025,מקאו (סין),Reading,Male,Medium,MaleMedium,494.7
2006,מקאו (סין),Science,Female,0,Female,508.9
2009,מקאו (סין),Science,Female,0,Female,512.3
2012,מקאו (סין),Science,Female,0,Female,521.2
2015,מקאו (סין),Science,Female,0,Female,532.4
2018,מקאו (סין),Science,Female,0,Female,544.5
2022,מקאו (סין),Science,Female,0,Female,542.1
2025,מקאו (סין),Science,Female,0,Female,540.5
2006,מקאו (סין),Science,Female,High,FemaleHigh,531.5
2009,מקאו (סין),Science,Female,High,FemaleHigh,527.4
2012,מקאו (סין),Science,Female,High,FemaleHigh,566
2015,מקאו (סין),Science,Female,High,FemaleHigh,566.1
2018,מקאו (סין),Science,Female,High,FemaleHigh,568.6
2022,מקאו (סין),Science,Female,High,FemaleHigh,569.2
2025,מקאו (סין),Science,Female,High,FemaleHigh,576.7
2006,מקאו (סין),Science,Female,Low,FemaleLow,506.3
2009,מקאו (סין),Science,Female,Low,FemaleLow,509.6
2012,מקאו (סין),Science,Female,Low,FemaleLow,517.8
2015,מקאו (סין),Science,Female,Low,FemaleLow,524.2
2018,מקאו (סין),Science,Female,Low,FemaleLow,539.4
2022,מקאו (סין),Science,Female,Low,FemaleLow,534.8
2025,מקאו (סין),Science,Female,Low,FemaleLow,528.7
2006,מקאו (סין),Science,Female,Medium,FemaleMedium,515.6
2009,מקאו (סין),Science,Female,Medium,FemaleMedium,517.7
2012,מקאו (סין),Science,Female,Medium,FemaleMedium,524.9
2015,מקאו (סין),Science,Female,Medium,FemaleMedium,542.2
2018,מקאו (סין),Science,Female,Medium,FemaleMedium,545.6
2022,מקאו (סין),Science,Female,Medium,FemaleMedium,545.1
2025,מקאו (סין),Science,Female,Medium,FemaleMedium,548.2
2006,מקאו (סין),Science,0,0,General,510.8
2009,מקאו (סין),Science,0,0,General,511.1
2012,מקאו (סין),Science,0,0,General,520.6
2015,מקאו (סין),Science,0,0,General,528.5
2018,מקאו (סין),Science,0,0,General,543.6
2022,מקאו (סין),Science,0,0,General,543.1
2025,מקאו (סין),Science,0,0,General,540.8
2006,מקאו (סין),Science,0,High,GeneralHigh,540.8
2009,מקאו (סין),Science,0,High,GeneralHigh,532
2012,מקאו (סין),Science,0,High,GeneralHigh,565.4
2015,מקאו (סין),Science,0,High,GeneralHigh,556.9
2018,מקאו (סין),Science,0,High,GeneralHigh,565.9
2022,מקאו (סין),Science,0,High,GeneralHigh,569.6
2025,מקאו (סין),Science,0,High,GeneralHigh,578.8
2006,מקאו (סין),Science,0,Low,GeneralLow,508.6
2009,מקאו (סין),Science,0,Low,GeneralLow,507.9
2012,מקאו (סין),Science,0,Low,GeneralLow,517.3
2015,מקאו (סין),Science,0,Low,GeneralLow,523.5
2018,מקאו (סין),Science,0,Low,GeneralLow,538.7
2022,מקאו (סין),Science,0,Low,GeneralLow,536
2025,מקאו (סין),Science,0,Low,GeneralLow,530.4
2006,מקאו (סין),Science,0,Medium,GeneralMedium,513.8
2009,מקאו (סין),Science,0,Medium,GeneralMedium,516.6
2012,מקאו (סין),Science,0,Medium,GeneralMedium,526
2015,מקאו (סין),Science,0,Medium,GeneralMedium,532.2
2018,מקאו (סין),Science,0,Medium,GeneralMedium,547
2022,מקאו (סין),Science,0,Medium,GeneralMedium,547.6
2025,מקאו (סין),Science,0,Medium,GeneralMedium,549.5
2006,מקאו (סין),Science,Male,0,Male,512.7
2009,מקאו (סין),Science,Male,0,Male,509.8
2012,מקאו (סין),Science,Male,0,Male,519.9
2015,מקאו (סין),Science,Male,0,Male,524.7
2018,מקאו (סין),Science,Male,0,Male,542.7
2022,מקאו (סין),Science,Male,0,Male,544
2025,מקאו (סין),Science,Male,0,Male,541.1
2006,מקאו (סין),Science,Male,High,MaleHigh,549.2
2009,מקאו (סין),Science,Male,High,MaleHigh,536.2
2012,מקאו (סין),Science,Male,High,MaleHigh,564.7
2015,מקאו (סין),Science,Male,High,MaleHigh,547.7
2018,מקאו (סין),Science,Male,High,MaleHigh,562.4
2022,מקאו (סין),Science,Male,High,MaleHigh,570.1
2025,מקאו (סין),Science,Male,High,MaleHigh,581
2006,מקאו (סין),Science,Male,Low,MaleLow,510.9
2009,מקאו (סין),Science,Male,Low,MaleLow,506.2
2012,מקאו (סין),Science,Male,Low,MaleLow,516.9
2015,מקאו (סין),Science,Male,Low,MaleLow,522.9
2018,מקאו (סין),Science,Male,Low,MaleLow,538
2022,מקאו (סין),Science,Male,Low,MaleLow,537
2025,מקאו (סין),Science,Male,Low,MaleLow,531.9
2006,מקאו (סין),Science,Male,Medium,MaleMedium,511.9
2009,מקאו (סין),Science,Male,Medium,MaleMedium,515.3
2012,מקאו (סין),Science,Male,Medium,MaleMedium,527.1
2015,מקאו (סין),Science,Male,Medium,MaleMedium,521.9
2018,מקאו (סין),Science,Male,Medium,MaleMedium,548.5
2022,מקאו (סין),Science,Male,Medium,MaleMedium,550.1
2025,מקאו (סין),Science,Male,Medium,MaleMedium,550.7
2015,מקדוניה,Math,Female,0,Female,374.7
2018,מקדוניה,Math,Female,0,Female,398.3
2022,מקדוניה,Math,Female,0,Female,391.9
2025,מקדוניה,Math,Female,0,Female,381.2
2015,מקדוניה,Math,Female,High,FemaleHigh,411.3
2018,מקדוניה,Math,Female,High,FemaleHigh,464
2022,מקדוניה,Math,Female,High,FemaleHigh,439.3
2025,מקדוניה,Math,Female,High,FemaleHigh,430.8
2015,מקדוניה,Math,Female,Low,FemaleLow,355.9
2018,מקדוניה,Math,Female,Low,FemaleLow,373.7
2022,מקדוניה,Math,Female,Low,FemaleLow,368.8
2025,מקדוניה,Math,Female,Low,FemaleLow,368.4
2015,מקדוניה,Math,Female,Medium,FemaleMedium,384.2
2018,מקדוניה,Math,Female,Medium,FemaleMedium,413.6
2022,מקדוניה,Math,Female,Medium,FemaleMedium,405.5
2025,מקדוניה,Math,Female,Medium,FemaleMedium,398
2015,מקדוניה,Math,0,0,General,371.3
2018,מקדוניה,Math,0,0,General,394.4
2022,מקדוניה,Math,0,0,General,388.6
2025,מקדוניה,Math,0,0,General,379.8
2015,מקדוניה,Math,0,High,GeneralHigh,411.1
2018,מקדוניה,Math,0,High,GeneralHigh,453.3
2022,מקדוניה,Math,0,High,GeneralHigh,436.6
2025,מקדוניה,Math,0,High,GeneralHigh,429.1
2015,מקדוניה,Math,0,Low,GeneralLow,352.3
2018,מקדוניה,Math,0,Low,GeneralLow,372.6
2022,מקדוניה,Math,0,Low,GeneralLow,366.1
2025,מקדוניה,Math,0,Low,GeneralLow,371.6
2015,מקדוניה,Math,0,Medium,GeneralMedium,382.7
2018,מקדוניה,Math,0,Medium,GeneralMedium,411.1
2022,מקדוניה,Math,0,Medium,GeneralMedium,404
2025,מקדוניה,Math,0,Medium,GeneralMedium,400
2015,מקדוניה,Math,Male,0,Male,368.2
2018,מקדוניה,Math,Male,0,Male,390.9
2022,מקדוניה,Math,Male,0,Male,385.5
2025,מקדוניה,Math,Male,0,Male,378.4
2015,מקדוניה,Math,Male,High,MaleHigh,410.8
2018,מקדוניה,Math,Male,High,MaleHigh,442
2022,מקדוניה,Math,Male,High,MaleHigh,433.8
2025,מקדוניה,Math,Male,High,MaleHigh,427.4
2015,מקדוניה,Math,Male,Low,MaleLow,349.2
2018,מקדוניה,Math,Male,Low,MaleLow,371.6
2022,מקדוניה,Math,Male,Low,MaleLow,363.5
2025,מקדוניה,Math,Male,Low,MaleLow,375.3
2015,מקדוניה,Math,Male,Medium,MaleMedium,381.4
2018,מקדוניה,Math,Male,Medium,MaleMedium,409
2022,מקדוניה,Math,Male,Medium,MaleMedium,402.8
2025,מקדוניה,Math,Male,Medium,MaleMedium,402
2015,מקדוניה,Reading,Female,0,Female,375.8
2018,מקדוניה,Reading,Female,0,Female,419.8
2022,מקדוניה,Reading,Female,0,Female,372
2025,מקדוניה,Reading,Female,0,Female,373.2
2015,מקדוניה,Reading,Female,High,FemaleHigh,402.7
2018,מקדוניה,Reading,Female,High,FemaleHigh,478.1
2022,מקדוניה,Reading,Female,High,FemaleHigh,412.4
2025,מקדוניה,Reading,Female,High,FemaleHigh,414.2
2015,מקדוניה,Reading,Female,Low,FemaleLow,360.5
2018,מקדוניה,Reading,Female,Low,FemaleLow,396.7
2022,מקדוניה,Reading,Female,Low,FemaleLow,352.4
2025,מקדוניה,Reading,Female,Low,FemaleLow,364.7
2015,מקדוניה,Reading,Female,Medium,FemaleMedium,385
2018,מקדוניה,Reading,Female,Medium,FemaleMedium,435
2022,מקדוניה,Reading,Female,Medium,FemaleMedium,383.6
2025,מקדוניה,Reading,Female,Medium,FemaleMedium,387.4
2015,מקדוניה,Reading,0,0,General,351.7
2018,מקדוניה,Reading,0,0,General,392.7
2022,מקדוניה,Reading,0,0,General,358.5
2025,מקדוניה,Reading,0,0,General,357.4
2015,מקדוניה,Reading,0,High,GeneralHigh,385.5
2018,מקדוניה,Reading,0,High,GeneralHigh,448.7
2022,מקדוניה,Reading,0,High,GeneralHigh,398.6
2025,מקדוניה,Reading,0,High,GeneralHigh,397.9
2015,מקדוניה,Reading,0,Low,GeneralLow,335.1
2018,מקדוניה,Reading,0,Low,GeneralLow,371.9
2022,מקדוניה,Reading,0,Low,GeneralLow,340.1
2025,מקדוניה,Reading,0,Low,GeneralLow,354.6
2015,מקדוניה,Reading,0,Medium,GeneralMedium,362.2
2018,מקדוניה,Reading,0,Medium,GeneralMedium,407.9
2022,מקדוניה,Reading,0,Medium,GeneralMedium,371.4
2025,מקדוניה,Reading,0,Medium,GeneralMedium,376.3
2015,מקדוניה,Reading,Male,0,Male,330.1
2018,מקדוניה,Reading,Male,0,Male,368.1
2022,מקדוניה,Reading,Male,0,Male,346.2
2025,מקדוניה,Reading,Male,0,Male,342.1
2015,מקדוניה,Reading,Male,High,MaleHigh,367.5
2018,מקדוניה,Reading,Male,High,MaleHigh,417.9
2022,מקדוניה,Reading,Male,High,MaleHigh,384
2025,מקדוניה,Reading,Male,High,MaleHigh,381.5
2015,מקדוניה,Reading,Male,Low,MaleLow,313
2018,מקדוניה,Reading,Male,Low,MaleLow,349
2022,מקדוניה,Reading,Male,Low,MaleLow,328.5
2025,מקדוניה,Reading,Male,Low,MaleLow,342.8
2015,מקדוניה,Reading,Male,Medium,MaleMedium,342.1
2018,מקדוניה,Reading,Male,Medium,MaleMedium,384.6
2022,מקדוניה,Reading,Male,Medium,MaleMedium,360.7
2025,מקדוניה,Reading,Male,Medium,MaleMedium,364.5
2015,מקדוניה,Science,Female,0,Female,394.4
2018,מקדוניה,Science,Female,0,Female,423
2022,מקדוניה,Science,Female,0,Female,387.7
2025,מקדוניה,Science,Female,0,Female,388.7
2015,מקדוניה,Science,Female,High,FemaleHigh,425.8
2018,מקדוניה,Science,Female,High,FemaleHigh,480.9
2022,מקדוניה,Science,Female,High,FemaleHigh,437.1
2025,מקדוניה,Science,Female,High,FemaleHigh,437.7
2015,מקדוניה,Science,Female,Low,FemaleLow,378.9
2018,מקדוניה,Science,Female,Low,FemaleLow,400.3
2022,מקדוניה,Science,Female,Low,FemaleLow,365.1
2025,מקדוניה,Science,Female,Low,FemaleLow,377.4
2015,מקדוניה,Science,Female,Medium,FemaleMedium,401.4
2018,מקדוניה,Science,Female,Medium,FemaleMedium,438.2
2022,מקדוניה,Science,Female,Medium,FemaleMedium,399.7
2025,מקדוניה,Science,Female,Medium,FemaleMedium,406
2015,מקדוניה,Science,0,0,General,383.7
2018,מקדוניה,Science,0,0,General,413
2022,מקדוניה,Science,0,0,General,379.9
2025,מקדוניה,Science,0,0,General,378.5
2015,מקדוניה,Science,0,High,GeneralHigh,418
2018,מקדוניה,Science,0,High,GeneralHigh,466.9
2022,מקדוניה,Science,0,High,GeneralHigh,428.8
2025,מקדוניה,Science,0,High,GeneralHigh,427.4
2015,מקדוניה,Science,0,Low,GeneralLow,368.7
2018,מקדוניה,Science,0,Low,GeneralLow,393
2022,מקדוניה,Science,0,Low,GeneralLow,358.3
2025,מקדוניה,Science,0,Low,GeneralLow,371.7
2015,מקדוניה,Science,0,Medium,GeneralMedium,391
2018,מקדוניה,Science,0,Medium,GeneralMedium,428.2
2022,מקדוניה,Science,0,Medium,GeneralMedium,393.6
2025,מקדוניה,Science,0,Medium,GeneralMedium,400.1
2015,מקדוניה,Science,Male,0,Male,374.1
2018,מקדוניה,Science,Male,0,Male,404.1
2022,מקדוניה,Science,Male,0,Male,372.7
2025,מקדוניה,Science,Male,0,Male,368.6
2015,מקדוניה,Science,Male,High,MaleHigh,409.8
2018,מקדוניה,Science,Male,High,MaleHigh,452.3
2022,מקדוניה,Science,Male,High,MaleHigh,420
2025,מקדוניה,Science,Male,High,MaleHigh,417
2015,מקדוניה,Science,Male,Low,MaleLow,359.8
2018,מקדוניה,Science,Male,Low,MaleLow,386.2
2022,מקדוניה,Science,Male,Low,MaleLow,351.9
2025,מקדוניה,Science,Male,Low,MaleLow,365
2015,מקדוניה,Science,Male,Medium,MaleMedium,381.8
2018,מקדוניה,Science,Male,Medium,MaleMedium,419.6
2022,מקדוניה,Science,Male,Medium,MaleMedium,388.1
2025,מקדוניה,Science,Male,Medium,MaleMedium,393.8
2006,מקסיקו,Math,Female,0,Female,401.3
2009,מקסיקו,Math,Female,0,Female,411.8
2012,מקסיקו,Math,Female,0,Female,406.4
2015,מקסיקו,Math,Female,0,Female,404.3
2018,מקסיקו,Math,Female,0,Female,403.2
2022,מקסיקו,Math,Female,0,Female,389.3
2025,מקסיקו,Math,Female,0,Female,380
2006,מקסיקו,Math,Female,High,FemaleHigh,456.6
2009,מקסיקו,Math,Female,High,FemaleHigh,470
2012,מקסיקו,Math,Female,High,FemaleHigh,456.4
2015,מקסיקו,Math,Female,High,FemaleHigh,451.6
2018,מקסיקו,Math,Female,High,FemaleHigh,461.7
2022,מקסיקו,Math,Female,High,FemaleHigh,446.1
2025,מקסיקו,Math,Female,High,FemaleHigh,424.3
2006,מקסיקו,Math,Female,Low,FemaleLow,384.1
2009,מקסיקו,Math,Female,Low,FemaleLow,399.2
2012,מקסיקו,Math,Female,Low,FemaleLow,396.5
2015,מקסיקו,Math,Female,Low,FemaleLow,396.5
2018,מקסיקו,Math,Female,Low,FemaleLow,391.4
2022,מקסיקו,Math,Female,Low,FemaleLow,378.3
2025,מקסיקו,Math,Female,Low,FemaleLow,370.5
2006,מקסיקו,Math,Female,Medium,FemaleMedium,428.9
2009,מקסיקו,Math,Female,Medium,FemaleMedium,445.7
2012,מקסיקו,Math,Female,Medium,FemaleMedium,426.3
2015,מקסיקו,Math,Female,Medium,FemaleMedium,426.3
2018,מקסיקו,Math,Female,Medium,FemaleMedium,429.5
2022,מקסיקו,Math,Female,Medium,FemaleMedium,406.2
2025,מקסיקו,Math,Female,Medium,FemaleMedium,400
2006,מקסיקו,Math,0,0,General,405.7
2009,מקסיקו,Math,0,0,General,418.5
2012,מקסיקו,Math,0,0,General,413.3
2015,מקסיקו,Math,0,0,General,408
2018,מקסיקו,Math,0,0,General,408.8
2022,מקסיקו,Math,0,0,General,395
2025,מקסיקו,Math,0,0,General,387.6
2006,מקסיקו,Math,0,High,GeneralHigh,464.8
2009,מקסיקו,Math,0,High,GeneralHigh,478.4
2012,מקסיקו,Math,0,High,GeneralHigh,463.3
2015,מקסיקו,Math,0,High,GeneralHigh,455
2018,מקסיקו,Math,0,High,GeneralHigh,463.6
2022,מקסיקו,Math,0,High,GeneralHigh,446.4
2025,מקסיקו,Math,0,High,GeneralHigh,429.1
2006,מקסיקו,Math,0,Low,GeneralLow,387.7
2009,מקסיקו,Math,0,Low,GeneralLow,404.8
2012,מקסיקו,Math,0,Low,GeneralLow,402.6
2015,מקסיקו,Math,0,Low,GeneralLow,400
2018,מקסיקו,Math,0,Low,GeneralLow,397.5
2022,מקסיקו,Math,0,Low,GeneralLow,383.3
2025,מקסיקו,Math,0,Low,GeneralLow,377.6
2006,מקסיקו,Math,0,Medium,GeneralMedium,433.5
2009,מקסיקו,Math,0,Medium,GeneralMedium,451.8
2012,מקסיקו,Math,0,Medium,GeneralMedium,433.8
2015,מקסיקו,Math,0,Medium,GeneralMedium,429.6
2018,מקסיקו,Math,0,Medium,GeneralMedium,435.6
2022,מקסיקו,Math,0,Medium,GeneralMedium,413.5
2025,מקסיקו,Math,0,Medium,GeneralMedium,408.7
2006,מקסיקו,Math,Male,0,Male,410.3
2009,מקסיקו,Math,Male,0,Male,425.4
2012,מקסיקו,Math,Male,0,Male,420.4
2015,מקסיקו,Math,Male,0,Male,411.6
2018,מקסיקו,Math,Male,0,Male,414.9
2022,מקסיקו,Math,Male,0,Male,401.4
2025,מקסיקו,Math,Male,0,Male,395.8
2006,מקסיקו,Math,Male,High,MaleHigh,473.8
2009,מקסיקו,Math,Male,High,MaleHigh,486
2012,מקסיקו,Math,Male,High,MaleHigh,469.9
2015,מקסיקו,Math,Male,High,MaleHigh,458.1
2018,מקסיקו,Math,Male,High,MaleHigh,465.6
2022,מקסיקו,Math,Male,High,MaleHigh,446.7
2025,מקסיקו,Math,Male,High,MaleHigh,434
2006,מקסיקו,Math,Male,Low,MaleLow,391.6
2009,מקסיקו,Math,Male,Low,MaleLow,410.8
2012,מקסיקו,Math,Male,Low,MaleLow,409.2
2015,מקסיקו,Math,Male,Low,MaleLow,403.5
2018,מקסיקו,Math,Male,Low,MaleLow,404.2
2022,מקסיקו,Math,Male,Low,MaleLow,389.1
2025,מקסיקו,Math,Male,Low,MaleLow,385.9
2006,מקסיקו,Math,Male,Medium,MaleMedium,438.5
2009,מקסיקו,Math,Male,Medium,MaleMedium,457.3
2012,מקסיקו,Math,Male,Medium,MaleMedium,440.8
2015,מקסיקו,Math,Male,Medium,MaleMedium,432.5
2018,מקסיקו,Math,Male,Medium,MaleMedium,441.4
2022,מקסיקו,Math,Male,Medium,MaleMedium,421
2025,מקסיקו,Math,Male,Medium,MaleMedium,416.7
2006,מקסיקו,Reading,Female,0,Female,426.7
2009,מקסיקו,Reading,Female,0,Female,437.6
2012,מקסיקו,Reading,Female,0,Female,435.3
2015,מקסיקו,Reading,Female,0,Female,431.2
2018,מקסיקו,Reading,Female,0,Female,425.8
2022,מקסיקו,Reading,Female,0,Female,419
2025,מקסיקו,Reading,Female,0,Female,413.8
2006,מקסיקו,Reading,Female,High,FemaleHigh,483.4
2009,מקסיקו,Reading,Female,High,FemaleHigh,496.6
2012,מקסיקו,Reading,Female,High,FemaleHigh,490.6
2015,מקסיקו,Reading,Female,High,FemaleHigh,488.1
2018,מקסיקו,Reading,Female,High,FemaleHigh,498.7
2022,מקסיקו,Reading,Female,High,FemaleHigh,492.7
2025,מקסיקו,Reading,Female,High,FemaleHigh,466.8
2006,מקסיקו,Reading,Female,Low,FemaleLow,408.7
2009,מקסיקו,Reading,Female,Low,FemaleLow,424.1
2012,מקסיקו,Reading,Female,Low,FemaleLow,424.1
2015,מקסיקו,Reading,Female,Low,FemaleLow,421.4
2018,מקסיקו,Reading,Female,Low,FemaleLow,412
2022,מקסיקו,Reading,Female,Low,FemaleLow,403.8
2025,מקסיקו,Reading,Female,Low,FemaleLow,401.5
2006,מקסיקו,Reading,Female,Medium,FemaleMedium,456.2
2009,מקסיקו,Reading,Female,Medium,FemaleMedium,475.2
2012,מקסיקו,Reading,Female,Medium,FemaleMedium,459.3
2015,מקסיקו,Reading,Female,Medium,FemaleMedium,458.8
2018,מקסיקו,Reading,Female,Medium,FemaleMedium,462.6
2022,מקסיקו,Reading,Female,Medium,FemaleMedium,445.2
2025,מקסיקו,Reading,Female,Medium,FemaleMedium,441.7
2006,מקסיקו,Reading,0,0,General,410.5
2009,מקסיקו,Reading,0,0,General,425.3
2012,מקסיקו,Reading,0,0,General,423.6
2015,מקסיקו,Reading,0,0,General,423.3
2018,מקסיקו,Reading,0,0,General,420.5
2022,מקסיקו,Reading,0,0,General,415.4
2025,מקסיקו,Reading,0,0,General,407.9
2006,מקסיקו,Reading,0,High,GeneralHigh,472
2009,מקסיקו,Reading,0,High,GeneralHigh,484.5
2012,מקסיקו,Reading,0,High,GeneralHigh,476.6
2015,מקסיקו,Reading,0,High,GeneralHigh,480.8
2018,מקסיקו,Reading,0,High,GeneralHigh,485.4
2022,מקסיקו,Reading,0,High,GeneralHigh,482.2
2025,מקסיקו,Reading,0,High,GeneralHigh,455.4
2006,מקסיקו,Reading,0,Low,GeneralLow,391.4
2009,מקסיקו,Reading,0,Low,GeneralLow,411.1
2012,מקסיקו,Reading,0,Low,GeneralLow,412.2
2015,מקסיקו,Reading,0,Low,GeneralLow,413.3
2018,מקסיקו,Reading,0,Low,GeneralLow,407.6
2022,מקסיקו,Reading,0,Low,GeneralLow,399.4
2025,מקסיקו,Reading,0,Low,GeneralLow,395.8
2006,מקסיקו,Reading,0,Medium,GeneralMedium,441.2
2009,מקסיקו,Reading,0,Medium,GeneralMedium,460.8
2012,מקסיקו,Reading,0,Medium,GeneralMedium,446.5
2015,מקסיקו,Reading,0,Medium,GeneralMedium,448.3
2018,מקסיקו,Reading,0,Medium,GeneralMedium,453.7
2022,מקסיקו,Reading,0,Medium,GeneralMedium,442.3
2025,מקסיקו,Reading,0,Medium,GeneralMedium,435.3
2006,מקסיקו,Reading,Male,0,Male,393.1
2009,מקסיקו,Reading,Male,0,Male,412.7
2012,מקסיקו,Reading,Male,0,Male,411.4
2015,מקסיקו,Reading,Male,0,Male,415.5
2018,מקסיקו,Reading,Male,0,Male,414.7
2022,מקסיקו,Reading,Male,0,Male,411.2
2025,מקסיקו,Reading,Male,0,Male,401.6
2006,מקסיקו,Reading,Male,High,MaleHigh,459.4
2009,מקסיקו,Reading,Male,High,MaleHigh,473.5
2012,מקסיקו,Reading,Male,High,MaleHigh,463.2
2015,מקסיקו,Reading,Male,High,MaleHigh,474
2018,מקסיקו,Reading,Male,High,MaleHigh,470.5
2022,מקסיקו,Reading,Male,High,MaleHigh,472.1
2025,מקסיקו,Reading,Male,High,MaleHigh,443.5
2006,מקסיקו,Reading,Male,Low,MaleLow,372.8
2009,מקסיקו,Reading,Male,Low,MaleLow,397.2
2012,מקסיקו,Reading,Male,Low,MaleLow,399.3
2015,מקסיקו,Reading,Male,Low,MaleLow,405.2
2018,מקסיקו,Reading,Male,Low,MaleLow,402.6
2022,מקסיקו,Reading,Male,Low,MaleLow,394.3
2025,מקסיקו,Reading,Male,Low,MaleLow,389.2
2006,מקסיקו,Reading,Male,Medium,MaleMedium,425.3
2009,מקסיקו,Reading,Male,Medium,MaleMedium,447.7
2012,מקסיקו,Reading,Male,Medium,MaleMedium,434.6
2015,מקסיקו,Reading,Male,Medium,MaleMedium,439.2
2018,מקסיקו,Reading,Male,Medium,MaleMedium,445.2
2022,מקסיקו,Reading,Male,Medium,MaleMedium,439.2
2025,מקסיקו,Reading,Male,Medium,MaleMedium,429.4
2006,מקסיקו,Science,Female,0,Female,406.4
2009,מקסיקו,Science,Female,0,Female,412.7
2012,מקסיקו,Science,Female,0,Female,411.8
2015,מקסיקו,Science,Female,0,Female,411.6
2018,מקסיקו,Science,Female,0,Female,414.7
2022,מקסיקו,Science,Female,0,Female,403.5
2025,מקסיקו,Science,Female,0,Female,407.4
2006,מקסיקו,Science,Female,High,FemaleHigh,460
2009,מקסיקו,Science,Female,High,FemaleHigh,470.3
2012,מקסיקו,Science,Female,High,FemaleHigh,457.5
2015,מקסיקו,Science,Female,High,FemaleHigh,462
2018,מקסיקו,Science,Female,High,FemaleHigh,476.9
2022,מקסיקו,Science,Female,High,FemaleHigh,467
2025,מקסיקו,Science,Female,High,FemaleHigh,457.6
2006,מקסיקו,Science,Female,Low,FemaleLow,390.3
2009,מקסיקו,Science,Female,Low,FemaleLow,399.9
2012,מקסיקו,Science,Female,Low,FemaleLow,402.4
2015,מקסיקו,Science,Female,Low,FemaleLow,403
2018,מקסיקו,Science,Female,Low,FemaleLow,401.6
2022,מקסיקו,Science,Female,Low,FemaleLow,390.3
2025,מקסיקו,Science,Female,Low,FemaleLow,395.7
2006,מקסיקו,Science,Female,Medium,FemaleMedium,430.7
2009,מקסיקו,Science,Female,Medium,FemaleMedium,447.8
2012,מקסיקו,Science,Female,Medium,FemaleMedium,432.1
2015,מקסיקו,Science,Female,Medium,FemaleMedium,434.6
2018,מקסיקו,Science,Female,Medium,FemaleMedium,445.4
2022,מקסיקו,Science,Female,Medium,FemaleMedium,425.5
2025,מקסיקו,Science,Female,Medium,FemaleMedium,434.1
2006,מקסיקו,Science,0,0,General,409.7
2009,מקסיקו,Science,0,0,General,415.9
2012,מקסיקו,Science,0,0,General,414.9
2015,מקסיקו,Science,0,0,General,415.7
2018,מקסיקו,Science,0,0,General,419.2
2022,מקסיקו,Science,0,0,General,409.9
2025,מקסיקו,Science,0,0,General,413.6
2006,מקסיקו,Science,0,High,GeneralHigh,468.4
2009,מקסיקו,Science,0,High,GeneralHigh,475
2012,מקסיקו,Science,0,High,GeneralHigh,460.4
2015,מקסיקו,Science,0,High,GeneralHigh,467.8
2018,מקסיקו,Science,0,High,GeneralHigh,475
2022,מקסיקו,Science,0,High,GeneralHigh,466.9
2025,מקסיקו,Science,0,High,GeneralHigh,459.1
2006,מקסיקו,Science,0,Low,GeneralLow,392.5
2009,מקסיקו,Science,0,Low,GeneralLow,402.2
2012,מקסיקו,Science,0,Low,GeneralLow,404.8
2015,מקסיקו,Science,0,Low,GeneralLow,406.6
2018,מקסיקו,Science,0,Low,GeneralLow,407.2
2022,מקסיקו,Science,0,Low,GeneralLow,396.1
2025,מקסיקו,Science,0,Low,GeneralLow,401.7
2006,מקסיקו,Science,0,Medium,GeneralMedium,434.3
2009,מקסיקו,Science,0,Medium,GeneralMedium,449.6
2012,מקסיקו,Science,0,Medium,GeneralMedium,435.7
2015,מקסיקו,Science,0,Medium,GeneralMedium,438.6
2018,מקסיקו,Science,0,Medium,GeneralMedium,447
2022,מקסיקו,Science,0,Medium,GeneralMedium,432.7
2025,מקסיקו,Science,0,Medium,GeneralMedium,440
2006,מקסיקו,Science,Male,0,Male,413.1
2009,מקסיקו,Science,Male,0,Male,419.2
2012,מקסיקו,Science,Male,0,Male,418.1
2015,מקסיקו,Science,Male,0,Male,419.8
2018,מקסיקו,Science,Male,0,Male,424.1
2022,מקסיקו,Science,Male,0,Male,417.1
2025,מקסיקו,Science,Male,0,Male,420.2
2006,מקסיקו,Science,Male,High,MaleHigh,477.5
2009,מקסיקו,Science,Male,High,MaleHigh,479.2
2012,מקסיקו,Science,Male,High,MaleHigh,463.2
2015,מקסיקו,Science,Male,High,MaleHigh,473.3
2018,מקסיקו,Science,Male,High,MaleHigh,472.7
2022,מקסיקו,Science,Male,High,MaleHigh,466.8
2025,מקסיקו,Science,Male,High,MaleHigh,460.8
2006,מקסיקו,Science,Male,Low,MaleLow,394.9
2009,מקסיקו,Science,Male,Low,MaleLow,404.6
2012,מקסיקו,Science,Male,Low,MaleLow,407.4
2015,מקסיקו,Science,Male,Low,MaleLow,410.2
2018,מקסיקו,Science,Male,Low,MaleLow,413.5
2022,מקסיקו,Science,Male,Low,MaleLow,403
2025,מקסיקו,Science,Male,Low,MaleLow,408.6
2006,מקסיקו,Science,Male,Medium,MaleMedium,438.1
2009,מקסיקו,Science,Male,Medium,MaleMedium,451.2
2012,מקסיקו,Science,Male,Medium,MaleMedium,438.9
2015,מקסיקו,Science,Male,Medium,MaleMedium,442
2018,מקסיקו,Science,Male,Medium,MaleMedium,448.5
2022,מקסיקו,Science,Male,Medium,MaleMedium,440.2
2025,מקסיקו,Science,Male,Medium,MaleMedium,445.4
2006,נורווגיה,Math,Female,0,Female,486.7
2009,נורווגיה,Math,Female,0,Female,495.4
2012,נורווגיה,Math,Female,0,Female,488.3
2015,נורווגיה,Math,Female,0,Female,502.9
2018,נורווגיה,Math,Female,0,Female,504.5
2022,נורווגיה,Math,Female,0,Female,468.8
2025,נורווגיה,Math,Female,0,Female,448.9
2006,נורווגיה,Math,Female,High,FemaleHigh,512.7
2009,נורווגיה,Math,Female,High,FemaleHigh,524.4
2012,נורווגיה,Math,Female,High,FemaleHigh,514.9
2015,נורווגיה,Math,Female,High,FemaleHigh,528.1
2018,נורווגיה,Math,Female,High,FemaleHigh,530.9
2022,נורווגיה,Math,Female,High,FemaleHigh,496.1
2025,נורווגיה,Math,Female,High,FemaleHigh,478.4
2006,נורווגיה,Math,Female,Low,FemaleLow,451
2009,נורווגיה,Math,Female,Low,FemaleLow,451.5
2012,נורווגיה,Math,Female,Low,FemaleLow,456.1
2015,נורווגיה,Math,Female,Low,FemaleLow,468.4
2018,נורווגיה,Math,Female,Low,FemaleLow,457.7
2022,נורווגיה,Math,Female,Low,FemaleLow,428
2025,נורווגיה,Math,Female,Low,FemaleLow,408
2006,נורווגיה,Math,Female,Medium,FemaleMedium,482.8
2009,נורווגיה,Math,Female,Medium,FemaleMedium,491.1
2012,נורווגיה,Math,Female,Medium,FemaleMedium,480.1
2015,נורווגיה,Math,Female,Medium,FemaleMedium,492.5
2018,נורווגיה,Math,Female,Medium,FemaleMedium,494.3
2022,נורווגיה,Math,Female,Medium,FemaleMedium,456
2025,נורווגיה,Math,Female,Medium,FemaleMedium,447.3
2006,נורווגיה,Math,0,0,General,489.8
2009,נורווגיה,Math,0,0,General,498
2012,נורווגיה,Math,0,0,General,489.4
2015,נורווגיה,Math,0,0,General,501.7
2018,נורווגיה,Math,0,0,General,501
2022,נורווגיה,Math,0,0,General,468.4
2025,נורווגיה,Math,0,0,General,451.8
2006,נורווגיה,Math,0,High,GeneralHigh,514.6
2009,נורווגיה,Math,0,High,GeneralHigh,525.8
2012,נורווגיה,Math,0,High,GeneralHigh,515.7
2015,נורווגיה,Math,0,High,GeneralHigh,526.3
2018,נורווגיה,Math,0,High,GeneralHigh,525.9
2022,נורווגיה,Math,0,High,GeneralHigh,496.9
2025,נורווגיה,Math,0,High,GeneralHigh,485.3
2006,נורווגיה,Math,0,Low,GeneralLow,453.4
2009,נורווגיה,Math,0,Low,GeneralLow,454.3
2012,נורווגיה,Math,0,Low,GeneralLow,457.3
2015,נורווגיה,Math,0,Low,GeneralLow,464
2018,נורווגיה,Math,0,Low,GeneralLow,457.5
2022,נורווגיה,Math,0,Low,GeneralLow,427
2025,נורווגיה,Math,0,Low,GeneralLow,412.9
2006,נורווגיה,Math,0,Medium,GeneralMedium,485.1
2009,נורווגיה,Math,0,Medium,GeneralMedium,492.2
2012,נורווגיה,Math,0,Medium,GeneralMedium,481.5
2015,נורווגיה,Math,0,Medium,GeneralMedium,494.8
2018,נורווגיה,Math,0,Medium,GeneralMedium,492
2022,נורווגיה,Math,0,Medium,GeneralMedium,457.3
2025,נורווגיה,Math,0,Medium,GeneralMedium,448.9
2006,נורווגיה,Math,Male,0,Male,492.8
2009,נורווגיה,Math,Male,0,Male,500.4
2012,נורווגיה,Math,Male,0,Male,490.4
2015,נורווגיה,Math,Male,0,Male,500.6
2018,נורווגיה,Math,Male,0,Male,497.5
2022,נורווגיה,Math,Male,0,Male,468.1
2025,נורווגיה,Math,Male,0,Male,454.6
2006,נורווגיה,Math,Male,High,MaleHigh,516.1
2009,נורווגיה,Math,Male,High,MaleHigh,527
2012,נורווגיה,Math,Male,High,MaleHigh,516.4
2015,נורווגיה,Math,Male,High,MaleHigh,524.6
2018,נורווגיה,Math,Male,High,MaleHigh,521.2
2022,נורווגיה,Math,Male,High,MaleHigh,497.7
2025,נורווגיה,Math,Male,High,MaleHigh,492.3
2006,נורווגיה,Math,Male,Low,MaleLow,456
2009,נורווגיה,Math,Male,Low,MaleLow,457.3
2012,נורווגיה,Math,Male,Low,MaleLow,458.6
2015,נורווגיה,Math,Male,Low,MaleLow,459.3
2018,נורווגיה,Math,Male,Low,MaleLow,457.3
2022,נורווגיה,Math,Male,Low,MaleLow,426
2025,נורווגיה,Math,Male,Low,MaleLow,417.5
2006,נורווגיה,Math,Male,Medium,MaleMedium,487.2
2009,נורווגיה,Math,Male,Medium,MaleMedium,493.3
2012,נורווגיה,Math,Male,Medium,MaleMedium,482.9
2015,נורווגיה,Math,Male,Medium,MaleMedium,497.2
2018,נורווגיה,Math,Male,Medium,MaleMedium,489.5
2022,נורווגיה,Math,Male,Medium,MaleMedium,458.4
2025,נורווגיה,Math,Male,Medium,MaleMedium,450.5
2006,נורווגיה,Reading,Female,0,Female,508
2009,נורווגיה,Reading,Female,0,Female,527.4
2012,נורווגיה,Reading,Female,0,Female,527.8
2015,נורווגיה,Reading,Female,0,Female,533.4
2018,נורווגיה,Reading,Female,0,Female,523.2
2022,נורווגיה,Reading,Female,0,Female,498
2025,נורווגיה,Reading,Female,0,Female,472.5
2006,נורווגיה,Reading,Female,High,FemaleHigh,534.9
2009,נורווגיה,Reading,Female,High,FemaleHigh,557.5
2012,נורווגיה,Reading,Female,High,FemaleHigh,555.7
2015,נורווגיה,Reading,Female,High,FemaleHigh,559.2
2018,נורווגיה,Reading,Female,High,FemaleHigh,550.4
2022,נורווגיה,Reading,Female,High,FemaleHigh,529.8
2025,נורווגיה,Reading,Female,High,FemaleHigh,503.2
2006,נורווגיה,Reading,Female,Low,FemaleLow,465.7
2009,נורווגיה,Reading,Female,Low,FemaleLow,485.5
2012,נורווגיה,Reading,Female,Low,FemaleLow,495.8
2015,נורווגיה,Reading,Female,Low,FemaleLow,501
2018,נורווגיה,Reading,Female,Low,FemaleLow,476.5
2022,נורווגיה,Reading,Female,Low,FemaleLow,450.6
2025,נורווגיה,Reading,Female,Low,FemaleLow,434.4
2006,נורווגיה,Reading,Female,Medium,FemaleMedium,506.8
2009,נורווגיה,Reading,Female,Medium,FemaleMedium,521.8
2012,נורווגיה,Reading,Female,Medium,FemaleMedium,521.8
2015,נורווגיה,Reading,Female,Medium,FemaleMedium,523.1
2018,נורווגיה,Reading,Female,Medium,FemaleMedium,514.1
2022,נורווגיה,Reading,Female,Medium,FemaleMedium,483.6
2025,נורווגיה,Reading,Female,Medium,FemaleMedium,474.3
2006,נורווגיה,Reading,0,0,General,484.3
2009,נורווגיה,Reading,0,0,General,503.2
2012,נורווגיה,Reading,0,0,General,503.9
2015,נורווגיה,Reading,0,0,General,513.2
2018,נורווגיה,Reading,0,0,General,499.5
2022,נורווגיה,Reading,0,0,General,476.5
2025,נורווגיה,Reading,0,0,General,452.8
2006,נורווגיה,Reading,0,High,GeneralHigh,508.2
2009,נורווגיה,Reading,0,High,GeneralHigh,530.7
2012,נורווגיה,Reading,0,High,GeneralHigh,531.5
2015,נורווגיה,Reading,0,High,GeneralHigh,537.9
2018,נורווגיה,Reading,0,High,GeneralHigh,525.8
2022,נורווגיה,Reading,0,High,GeneralHigh,509
2025,נורווגיה,Reading,0,High,GeneralHigh,488.3
2006,נורווגיה,Reading,0,Low,GeneralLow,442.8
2009,נורווגיה,Reading,0,Low,GeneralLow,461.4
2012,נורווגיה,Reading,0,Low,GeneralLow,473.1
2015,נורווגיה,Reading,0,Low,GeneralLow,476.5
2018,נורווגיה,Reading,0,Low,GeneralLow,453
2022,נורווגיה,Reading,0,Low,GeneralLow,429.4
2025,נורווגיה,Reading,0,Low,GeneralLow,417.6
2006,נורווגיה,Reading,0,Medium,GeneralMedium,482.5
2009,נורווגיה,Reading,0,Medium,GeneralMedium,497.6
2012,נורווגיה,Reading,0,Medium,GeneralMedium,498.3
2015,נורווגיה,Reading,0,Medium,GeneralMedium,508
2018,נורווגיה,Reading,0,Medium,GeneralMedium,492.8
2022,נורווגיה,Reading,0,Medium,GeneralMedium,464.1
2025,נורווגיה,Reading,0,Medium,GeneralMedium,453.7
2006,נורווגיה,Reading,Male,0,Male,462.1
2009,נורווגיה,Reading,Male,0,Male,480.1
2012,נורווגיה,Reading,Male,0,Male,481.3
2015,נורווגיה,Reading,Male,0,Male,493.5
2018,נורווגיה,Reading,Male,0,Male,476.2
2022,נורווגיה,Reading,Male,0,Male,456.2
2025,נורווגיה,Reading,Male,0,Male,433.7
2006,נורווגיה,Reading,Male,High,MaleHigh,485.5
2009,נורווגיה,Reading,Male,High,MaleHigh,507.6
2012,נורווגיה,Reading,Male,High,MaleHigh,509.7
2015,נורווגיה,Reading,Male,High,MaleHigh,517.3
2018,נורווגיה,Reading,Male,High,MaleHigh,502.4
2022,נורווגיה,Reading,Male,High,MaleHigh,488.7
2025,נורווגיה,Reading,Male,High,MaleHigh,473.1
2006,נורווגיה,Reading,Male,Low,MaleLow,418.1
2009,נורווגיה,Reading,Male,Low,MaleLow,436.3
2012,נורווגיה,Reading,Male,Low,MaleLow,449
2015,נורווגיה,Reading,Male,Low,MaleLow,450.6
2018,נורווגיה,Reading,Male,Low,MaleLow,430.7
2022,נורווגיה,Reading,Male,Low,MaleLow,409.4
2025,נורווגיה,Reading,Male,Low,MaleLow,401.5
2006,נורווגיה,Reading,Male,Medium,MaleMedium,459.5
2009,נורווגיה,Reading,Male,Medium,MaleMedium,473
2012,נורווגיה,Reading,Male,Medium,MaleMedium,475.5
2015,נורווגיה,Reading,Male,Medium,MaleMedium,493
2018,נורווגיה,Reading,Male,Medium,MaleMedium,469.7
2022,נורווגיה,Reading,Male,Medium,MaleMedium,446.2
2025,נורווגיה,Reading,Male,Medium,MaleMedium,432.9
2006,נורווגיה,Science,Female,0,Female,488.8
2009,נורווגיה,Science,Female,0,Female,501.7
2012,נורווגיה,Science,Female,0,Female,496.3
2015,נורווגיה,Science,Female,0,Female,497
2018,נורווגיה,Science,Female,0,Female,495.8
2022,נורווגיה,Science,Female,0,Female,485.2
2025,נורווגיה,Science,Female,0,Female,475.3
2006,נורווגיה,Science,Female,High,FemaleHigh,514.8
2009,נורווגיה,Science,Female,High,FemaleHigh,532.1
2012,נורווגיה,Science,Female,High,FemaleHigh,525.4
2015,נורווגיה,Science,Female,High,FemaleHigh,524.5
2018,נורווגיה,Science,Female,High,FemaleHigh,524.3
2022,נורווגיה,Science,Female,High,FemaleHigh,517.2
2025,נורווגיה,Science,Female,High,FemaleHigh,504
2006,נורווגיה,Science,Female,Low,FemaleLow,451.5
2009,נורווגיה,Science,Female,Low,FemaleLow,458.1
2012,נורווגיה,Science,Female,Low,FemaleLow,463
2015,נורווגיה,Science,Female,Low,FemaleLow,460.8
2018,נורווגיה,Science,Female,Low,FemaleLow,447.9
2022,נורווגיה,Science,Female,Low,FemaleLow,436.8
2025,נורווגיה,Science,Female,Low,FemaleLow,435
2006,נורווגיה,Science,Female,Medium,FemaleMedium,485.8
2009,נורווגיה,Science,Female,Medium,FemaleMedium,496.6
2012,נורווגיה,Science,Female,Medium,FemaleMedium,489
2015,נורווגיה,Science,Female,Medium,FemaleMedium,484.8
2018,נורווגיה,Science,Female,Medium,FemaleMedium,485.4
2022,נורווגיה,Science,Female,Medium,FemaleMedium,471.7
2025,נורווגיה,Science,Female,Medium,FemaleMedium,475.9
2006,נורווגיה,Science,0,0,General,486.5
2009,נורווגיה,Science,0,0,General,499.9
2012,נורווגיה,Science,0,0,General,494.5
2015,נורווגיה,Science,0,0,General,498.5
2018,נורווגיה,Science,0,0,General,490.4
2022,נורווגיה,Science,0,0,General,478.2
2025,נורווגיה,Science,0,0,General,470.2
2006,נורווגיה,Science,0,High,GeneralHigh,510.4
2009,נורווגיה,Science,0,High,GeneralHigh,530.1
2012,נורווגיה,Science,0,High,GeneralHigh,522.6
2015,נורווגיה,Science,0,High,GeneralHigh,525.3
2018,נורווגיה,Science,0,High,GeneralHigh,518.1
2022,נורווגיה,Science,0,High,GeneralHigh,510.5
2025,נורווגיה,Science,0,High,GeneralHigh,503.5
2006,נורווגיה,Science,0,Low,GeneralLow,449.1
2009,נורווגיה,Science,0,Low,GeneralLow,454.5
2012,נורווגיה,Science,0,Low,GeneralLow,461.1
2015,נורווגיה,Science,0,Low,GeneralLow,457.6
2018,נורווגיה,Science,0,Low,GeneralLow,443.5
2022,נורווגיה,Science,0,Low,GeneralLow,430.7
2025,נורווגיה,Science,0,Low,GeneralLow,432.1
2006,נורווגיה,Science,0,Medium,GeneralMedium,483
2009,נורווגיה,Science,0,Medium,GeneralMedium,493.3
2012,נורווגיה,Science,0,Medium,GeneralMedium,488
2015,נורווגיה,Science,0,Medium,GeneralMedium,491.1
2018,נורווגיה,Science,0,Medium,GeneralMedium,481.7
2022,נורווגיה,Science,0,Medium,GeneralMedium,466.5
2025,נורווגיה,Science,0,Medium,GeneralMedium,470.3
2006,נורווגיה,Science,Male,0,Male,484.4
2009,נורווגיה,Science,Male,0,Male,498.1
2012,נורווגיה,Science,Male,0,Male,492.8
2015,נורווגיה,Science,Male,0,Male,499.9
2018,נורווגיה,Science,Male,0,Male,485.1
2022,נורווגיה,Science,Male,0,Male,471.7
2025,נורווגיה,Science,Male,0,Male,465.3
2006,נורווגיה,Science,Male,High,MaleHigh,506.6
2009,נורווגיה,Science,Male,High,MaleHigh,528.3
2012,נורווגיה,Science,Male,High,MaleHigh,520.1
2015,נורווגיה,Science,Male,High,MaleHigh,526.2
2018,נורווגיה,Science,Male,High,MaleHigh,512.2
2022,נורווגיה,Science,Male,High,MaleHigh,503.9
2025,נורווגיה,Science,Male,High,MaleHigh,503.1
2006,נורווגיה,Science,Male,Low,MaleLow,446.5
2009,נורווגיה,Science,Male,Low,MaleLow,450.7
2012,נורווגיה,Science,Male,Low,MaleLow,459
2015,נורווגיה,Science,Male,Low,MaleLow,454.2
2018,נורווגיה,Science,Male,Low,MaleLow,439.3
2022,נורווגיה,Science,Male,Low,MaleLow,424.9
2025,נורווגיה,Science,Male,Low,MaleLow,429.2
2006,נורווגיה,Science,Male,Medium,MaleMedium,480.3
2009,נורווגיה,Science,Male,Medium,MaleMedium,489.9
2012,נורווגיה,Science,Male,Medium,MaleMedium,487.1
2015,נורווגיה,Science,Male,Medium,MaleMedium,497.3
2018,נורווגיה,Science,Male,Medium,MaleMedium,477.6
2022,נורווגיה,Science,Male,Medium,MaleMedium,461.7
2025,נורווגיה,Science,Male,Medium,MaleMedium,464.8
2006,ניו-זילנד,Math,Female,0,Female,516.8
2009,ניו-זילנד,Math,Female,0,Female,515.3
2012,ניו-זילנד,Math,Female,0,Female,492.1
2015,ניו-זילנד,Math,Female,0,Female,490.9
2018,ניו-זילנד,Math,Female,0,Female,490
2022,ניו-זילנד,Math,Female,0,Female,473.8
2006,ניו-זילנד,Math,Female,High,FemaleHigh,556.2
2009,ניו-זילנד,Math,Female,High,FemaleHigh,573.2
2012,ניו-זילנד,Math,Female,High,FemaleHigh,547.4
2015,ניו-זילנד,Math,Female,High,FemaleHigh,532.1
2018,ניו-זילנד,Math,Female,High,FemaleHigh,526.6
2022,ניו-זילנד,Math,Female,High,FemaleHigh,520.6
2006,ניו-זילנד,Math,Female,Low,FemaleLow,478.8
2009,ניו-זילנד,Math,Female,Low,FemaleLow,469.8
2012,ניו-זילנד,Math,Female,Low,FemaleLow,451.6
2015,ניו-זילנד,Math,Female,Low,FemaleLow,454.6
2018,ניו-זילנד,Math,Female,Low,FemaleLow,454.5
2022,ניו-זילנד,Math,Female,Low,FemaleLow,431.3
2006,ניו-זילנד,Math,Female,Medium,FemaleMedium,523.2
2009,ניו-זילנד,Math,Female,Medium,FemaleMedium,528.9
2012,ניו-זילנד,Math,Female,Medium,FemaleMedium,500.6
2015,ניו-זילנד,Math,Female,Medium,FemaleMedium,495.6
2018,ניו-זילנד,Math,Female,Medium,FemaleMedium,490.2
2022,ניו-זילנד,Math,Female,Medium,FemaleMedium,468.8
2006,ניו-זילנד,Math,0,0,General,522
2009,ניו-זילנד,Math,0,0,General,519.3
2012,ניו-זילנד,Math,0,0,General,499.7
2015,ניו-זילנד,Math,0,0,General,495.2
2018,ניו-זילנד,Math,0,0,General,494.5
2022,ניו-זילנד,Math,0,0,General,479.1
2025,ניו-זילנד,Math,0,0,General,479.6
2006,ניו-זילנד,Math,0,High,GeneralHigh,558.8
2009,ניו-זילנד,Math,0,High,GeneralHigh,578.4
2012,ניו-זילנד,Math,0,High,GeneralHigh,559.1
2015,ניו-זילנד,Math,0,High,GeneralHigh,538.9
2018,ניו-זילנד,Math,0,High,GeneralHigh,533.2
2022,ניו-זילנד,Math,0,High,GeneralHigh,526.1
2025,ניו-זילנד,Math,0,High,GeneralHigh,526.8
2006,ניו-זילנד,Math,0,Low,GeneralLow,485.9
2009,ניו-זילנד,Math,0,Low,GeneralLow,478.7
2012,ניו-זילנד,Math,0,Low,GeneralLow,458.5
2015,ניו-זילנד,Math,0,Low,GeneralLow,457.9
2018,ניו-זילנד,Math,0,Low,GeneralLow,458.9
2022,ניו-זילנד,Math,0,Low,GeneralLow,436.1
2025,ניו-זילנד,Math,0,Low,GeneralLow,449.7
2006,ניו-זילנד,Math,0,Medium,GeneralMedium,528.3
2009,ניו-זילנד,Math,0,Medium,GeneralMedium,528.2
2012,ניו-זילנד,Math,0,Medium,GeneralMedium,510.8
2015,ניו-זילנד,Math,0,Medium,GeneralMedium,500.1
2018,ניו-זילנד,Math,0,Medium,GeneralMedium,495
2022,ניו-זילנד,Math,0,Medium,GeneralMedium,481.1
2025,ניו-זילנד,Math,0,Medium,GeneralMedium,482.2
2006,ניו-זילנד,Math,Male,0,Male,527.5
2009,ניו-זילנד,Math,Male,0,Male,523.1
2012,ניו-זילנד,Math,Male,0,Male,507.1
2015,ניו-זילנד,Math,Male,0,Male,499.5
2018,ניו-זילנד,Math,Male,0,Male,498.9
2022,ניו-זילנד,Math,Male,0,Male,484.2
2006,ניו-זילנד,Math,Male,High,MaleHigh,561.4
2009,ניו-זילנד,Math,Male,High,MaleHigh,583.4
2012,ניו-זילנד,Math,Male,High,MaleHigh,571.3
2015,ניו-זילנד,Math,Male,High,MaleHigh,545.7
2018,ניו-זילנד,Math,Male,High,MaleHigh,540
2022,ניו-זילנד,Math,Male,High,MaleHigh,531.9
2006,ניו-זילנד,Math,Male,Low,MaleLow,493.3
2009,ניו-זילנד,Math,Male,Low,MaleLow,487.9
2012,ניו-זילנד,Math,Male,Low,MaleLow,465.1
2015,ניו-זילנד,Math,Male,Low,MaleLow,461.1
2018,ניו-זילנד,Math,Male,Low,MaleLow,463.3
2022,ניו-זילנד,Math,Male,Low,MaleLow,440.3
2006,ניו-זילנד,Math,Male,Medium,MaleMedium,534
2009,ניו-זילנד,Math,Male,Medium,MaleMedium,527.5
2012,ניו-זילנד,Math,Male,Medium,MaleMedium,520.7
2015,ניו-זילנד,Math,Male,Medium,MaleMedium,504.8
2018,ניו-זילנד,Math,Male,Medium,MaleMedium,499.6
2022,ניו-זילנד,Math,Male,Medium,MaleMedium,493.5
2006,ניו-זילנד,Reading,Female,0,Female,539.1
2009,ניו-זילנד,Reading,Female,0,Female,544.2
2012,ניו-זילנד,Reading,Female,0,Female,529.8
2015,ניו-זילנד,Reading,Female,0,Female,525.5
2018,ניו-זילנד,Reading,Female,0,Female,520.3
2022,ניו-זילנד,Reading,Female,0,Female,513.9
2006,ניו-זילנד,Reading,Female,High,FemaleHigh,584.9
2009,ניו-זילנד,Reading,Female,High,FemaleHigh,596.9
2012,ניו-זילנד,Reading,Female,High,FemaleHigh,584.5
2015,ניו-זילנד,Reading,Female,High,FemaleHigh,569.6
2018,ניו-זילנד,Reading,Female,High,FemaleHigh,564
2022,ניו-זילנד,Reading,Female,High,FemaleHigh,561.8
2006,ניו-זילנד,Reading,Female,Low,FemaleLow,497.2
2009,ניו-זילנד,Reading,Female,Low,FemaleLow,504.6
2012,ניו-זילנד,Reading,Female,Low,FemaleLow,489.8
2015,ניו-זילנד,Reading,Female,Low,FemaleLow,487.4
2018,ניו-זילנד,Reading,Female,Low,FemaleLow,483
2022,ניו-זילנד,Reading,Female,Low,FemaleLow,474.1
2006,ניו-זילנד,Reading,Female,Medium,FemaleMedium,544.5
2009,ניו-זילנד,Reading,Female,Medium,FemaleMedium,555.4
2012,ניו-זילנד,Reading,Female,Medium,FemaleMedium,538.6
2015,ניו-זילנד,Reading,Female,Medium,FemaleMedium,531.7
2018,ניו-זילנד,Reading,Female,Medium,FemaleMedium,518
2022,ניו-זילנד,Reading,Female,Medium,FemaleMedium,507.6
2006,ניו-זילנד,Reading,0,0,General,521
2009,ניו-זילנד,Reading,0,0,General,520.9
2012,ניו-זילנד,Reading,0,0,General,512.2
2015,ניו-זילנד,Reading,0,0,General,509.3
2018,ניו-זילנד,Reading,0,0,General,505.7
2022,ניו-זילנד,Reading,0,0,General,500.9
2025,ניו-זילנד,Reading,0,0,General,497
2006,ניו-זילנד,Reading,0,High,GeneralHigh,562.6
2009,ניו-זילנד,Reading,0,High,GeneralHigh,579.5
2012,ניו-זילנד,Reading,0,High,GeneralHigh,572
2015,ניו-זילנד,Reading,0,High,GeneralHigh,555.5
2018,ניו-זילנד,Reading,0,High,GeneralHigh,550.8
2022,ניו-זילנד,Reading,0,High,GeneralHigh,546.9
2025,ניו-זילנד,Reading,0,High,GeneralHigh,544.6
2006,ניו-זילנד,Reading,0,Low,GeneralLow,479.1
2009,ניו-זילנד,Reading,0,Low,GeneralLow,483.3
2012,ניו-זילנד,Reading,0,Low,GeneralLow,471.7
2015,ניו-זילנד,Reading,0,Low,GeneralLow,470
2018,ניו-זילנד,Reading,0,Low,GeneralLow,468.1
2022,ניו-זילנד,Reading,0,Low,GeneralLow,461.6
2025,ניו-זילנד,Reading,0,Low,GeneralLow,470.9
2006,ניו-זילנד,Reading,0,Medium,GeneralMedium,529.1
2009,ניו-זילנד,Reading,0,Medium,GeneralMedium,528.1
2012,ניו-זילנד,Reading,0,Medium,GeneralMedium,523.8
2015,ניו-זילנד,Reading,0,Medium,GeneralMedium,516.3
2018,ניו-זילנד,Reading,0,Medium,GeneralMedium,505.7
2022,ניו-זילנד,Reading,0,Medium,GeneralMedium,502.4
2025,ניו-זילנד,Reading,0,Medium,GeneralMedium,504
2006,ניו-זילנד,Reading,Male,0,Male,501.7
2009,ניו-זילנד,Reading,Male,0,Male,498.5
2012,ניו-זילנד,Reading,Male,0,Male,495.4
2015,ניו-זילנד,Reading,Male,0,Male,493.2
2018,ניו-זילנד,Reading,Male,0,Male,491.4
2022,ניו-זילנד,Reading,Male,0,Male,488
2006,ניו-זילנד,Reading,Male,High,MaleHigh,539.8
2009,ניו-זילנד,Reading,Male,High,MaleHigh,562.4
2012,ניו-זילנד,Reading,Male,High,MaleHigh,559
2015,ניו-זילנד,Reading,Male,High,MaleHigh,541.4
2018,ניו-זילנד,Reading,Male,High,MaleHigh,537.2
2022,ניו-זילנד,Reading,Male,High,MaleHigh,531.4
2006,ניו-זילנד,Reading,Male,Low,MaleLow,460.2
2009,ניו-זילנד,Reading,Male,Low,MaleLow,461.3
2012,ניו-זילנד,Reading,Male,Low,MaleLow,454.6
2015,ניו-זילנד,Reading,Male,Low,MaleLow,452.8
2018,ניו-זילנד,Reading,Male,Low,MaleLow,453.1
2022,ניו-זילנד,Reading,Male,Low,MaleLow,449.5
2006,ניו-זילנד,Reading,Male,Medium,MaleMedium,511.9
2009,ניו-זילנד,Reading,Male,Medium,MaleMedium,503.3
2012,ניו-זילנד,Reading,Male,Medium,MaleMedium,509.5
2015,ניו-זילנד,Reading,Male,Medium,MaleMedium,500.5
2018,ניו-זילנד,Reading,Male,Medium,MaleMedium,494.2
2022,ניו-זילנד,Reading,Male,Medium,MaleMedium,496.9
2006,ניו-זילנד,Science,Female,0,Female,532.2
2009,ניו-זילנד,Science,Female,0,Female,535.2
2012,ניו-זילנד,Science,Female,0,Female,513.3
2015,ניו-זילנד,Science,Female,0,Female,510.7
2018,ניו-זילנד,Science,Female,0,Female,507.6
2022,ניו-זילנד,Science,Female,0,Female,504.4
2006,ניו-זילנד,Science,Female,High,FemaleHigh,580
2009,ניו-זילנד,Science,Female,High,FemaleHigh,588.3
2012,ניו-זילנד,Science,Female,High,FemaleHigh,571.1
2015,ניו-זילנד,Science,Female,High,FemaleHigh,558.9
2018,ניו-זילנד,Science,Female,High,FemaleHigh,549.9
2022,ניו-זילנד,Science,Female,High,FemaleHigh,553.9
2006,ניו-זילנד,Science,Female,Low,FemaleLow,486.3
2009,ניו-זילנד,Science,Female,Low,FemaleLow,493.6
2012,ניו-זילנד,Science,Female,Low,FemaleLow,471.2
2015,ניו-זילנד,Science,Female,Low,FemaleLow,468.7
2018,ניו-זילנד,Science,Female,Low,FemaleLow,468.9
2022,ניו-זילנד,Science,Female,Low,FemaleLow,457.5
2006,ניו-זילנד,Science,Female,Medium,FemaleMedium,539.6
2009,ניו-זילנד,Science,Female,Medium,FemaleMedium,548.5
2012,ניו-זילנד,Science,Female,Medium,FemaleMedium,522.5
2015,ניו-זילנד,Science,Female,Medium,FemaleMedium,516.8
2018,ניו-זילנד,Science,Female,Medium,FemaleMedium,507.1
2022,ניו-זילנד,Science,Female,Medium,FemaleMedium,501.7
2006,ניו-זילנד,Science,0,0,General,530.4
2009,ניו-זילנד,Science,0,0,General,532
2012,ניו-זילנד,Science,0,0,General,515.6
2015,ניו-זילנד,Science,0,0,General,513.3
2018,ניו-זילנד,Science,0,0,General,508.5
2022,ניו-זילנד,Science,0,0,General,504.1
2025,ניו-זילנד,Science,0,0,General,509.4
2006,ניו-זילנד,Science,0,High,GeneralHigh,574.9
2009,ניו-זילנד,Science,0,High,GeneralHigh,590.5
2012,ניו-זילנד,Science,0,High,GeneralHigh,577.3
2015,ניו-זילנד,Science,0,High,GeneralHigh,562.8
2018,ניו-זילנד,Science,0,High,GeneralHigh,552.9
2022,ניו-זילנד,Science,0,High,GeneralHigh,553.6
2025,ניו-זילנד,Science,0,High,GeneralHigh,559.5
2006,ניו-זילנד,Science,0,Low,GeneralLow,486
2009,ניו-זילנד,Science,0,Low,GeneralLow,492.5
2012,ניו-זילנד,Science,0,Low,GeneralLow,473.2
2015,ניו-זילנד,Science,0,Low,GeneralLow,470.8
2018,ניו-זילנד,Science,0,Low,GeneralLow,469.7
2022,ניו-זילנד,Science,0,Low,GeneralLow,458.9
2025,ניו-זילנד,Science,0,Low,GeneralLow,477.7
2006,ניו-זילנד,Science,0,Medium,GeneralMedium,538.6
2009,ניו-זילנד,Science,0,Medium,GeneralMedium,541.6
2012,ניו-זילנד,Science,0,Medium,GeneralMedium,528.5
2015,ניו-זילנד,Science,0,Medium,GeneralMedium,520.1
2018,ניו-זילנד,Science,0,Medium,GeneralMedium,508.6
2022,ניו-זילנד,Science,0,Medium,GeneralMedium,507.3
2025,ניו-זילנד,Science,0,Medium,GeneralMedium,516.9
2006,ניו-זילנד,Science,Male,0,Male,528.5
2009,ניו-זילנד,Science,Male,0,Male,529
2012,ניו-זילנד,Science,Male,0,Male,517.9
2015,ניו-זילנד,Science,Male,0,Male,515.8
2018,ניו-זילנד,Science,Male,0,Male,509.3
2022,ניו-זילנד,Science,Male,0,Male,503.6
2006,ניו-זילנד,Science,Male,High,MaleHigh,569.7
2009,ניו-זילנד,Science,Male,High,MaleHigh,592.7
2012,ניו-זילנד,Science,Male,High,MaleHigh,583.6
2015,ניו-זילנד,Science,Male,High,MaleHigh,566.8
2018,ניו-זילנד,Science,Male,High,MaleHigh,555.9
2022,ניו-זילנד,Science,Male,High,MaleHigh,553.3
2006,ניו-זילנד,Science,Male,Low,MaleLow,485.6
2009,ניו-זילנד,Science,Male,Low,MaleLow,491.3
2012,ניו-זילנד,Science,Male,Low,MaleLow,475.2
2015,ניו-זילנד,Science,Male,Low,MaleLow,472.9
2018,ניו-זילנד,Science,Male,Low,MaleLow,470.6
2022,ניו-זילנד,Science,Male,Low,MaleLow,459.7
2006,ניו-זילנד,Science,Male,Medium,MaleMedium,537.5
2009,ניו-זילנד,Science,Male,Medium,MaleMedium,535.4
2012,ניו-זילנד,Science,Male,Medium,MaleMedium,534.4
2015,ניו-זילנד,Science,Male,Medium,MaleMedium,523.6
2018,ניו-זילנד,Science,Male,Medium,MaleMedium,510
2022,ניו-זילנד,Science,Male,Medium,MaleMedium,512.9
2006,סין,Math,Female,0,Female,542.5
2009,סין,Math,Female,0,Female,540.7
2012,סין,Math,Female,0,Female,557.2
2015,סין,Math,Female,0,Female,539.4
2018,סין,Math,Female,0,Female,529.4
2022,סין,Math,Female,0,Female,544.2
2025,סין,Math,Female,0,Female,545.5
2006,סין,Math,Female,High,FemaleHigh,614.9
2009,סין,Math,Female,High,FemaleHigh,604.1
2012,סין,Math,Female,High,FemaleHigh,650.7
2015,סין,Math,Female,High,FemaleHigh,600.2
2018,סין,Math,Female,High,FemaleHigh,590.2
2022,סין,Math,Female,High,FemaleHigh,613.6
2025,סין,Math,Female,High,FemaleHigh,589.2
2006,סין,Math,Female,Low,FemaleLow,514
2009,סין,Math,Female,Low,FemaleLow,514
2012,סין,Math,Female,Low,FemaleLow,525
2015,סין,Math,Female,Low,FemaleLow,509.3
2018,סין,Math,Female,Low,FemaleLow,501.2
2022,סין,Math,Female,Low,FemaleLow,505.5
2025,סין,Math,Female,Low,FemaleLow,504.7
2006,סין,Math,Female,Medium,FemaleMedium,565.1
2009,סין,Math,Female,Medium,FemaleMedium,563.4
2012,סין,Math,Female,Medium,FemaleMedium,588.8
2015,סין,Math,Female,Medium,FemaleMedium,555.5
2018,סין,Math,Female,Medium,FemaleMedium,550.5
2022,סין,Math,Female,Medium,FemaleMedium,560.4
2025,סין,Math,Female,Medium,FemaleMedium,564
2006,סין,Math,0,0,General,549.4
2009,סין,Math,0,0,General,543.2
2012,סין,Math,0,0,General,559.8
2015,סין,Math,0,0,General,542.3
2018,סין,Math,0,0,General,531.1
2022,סין,Math,0,0,General,547.1
2025,סין,Math,0,0,General,546.2
2006,סין,Math,0,High,GeneralHigh,608.5
2009,סין,Math,0,High,GeneralHigh,607.6
2012,סין,Math,0,High,GeneralHigh,649.5
2015,סין,Math,0,High,GeneralHigh,601.8
2018,סין,Math,0,High,GeneralHigh,584.6
2022,סין,Math,0,High,GeneralHigh,617.3
2025,סין,Math,0,High,GeneralHigh,589.4
2006,סין,Math,0,Low,GeneralLow,523.3
2009,סין,Math,0,Low,GeneralLow,517
2012,סין,Math,0,Low,GeneralLow,528.7
2015,סין,Math,0,Low,GeneralLow,513.4
2018,סין,Math,0,Low,GeneralLow,504.5
2022,סין,Math,0,Low,GeneralLow,508.9
2025,סין,Math,0,Low,GeneralLow,507.8
2006,סין,Math,0,Medium,GeneralMedium,572
2009,סין,Math,0,Medium,GeneralMedium,566.3
2012,סין,Math,0,Medium,GeneralMedium,591.3
2015,סין,Math,0,Medium,GeneralMedium,559.5
2018,סין,Math,0,Medium,GeneralMedium,553.1
2022,סין,Math,0,Medium,GeneralMedium,563.7
2025,סין,Math,0,Medium,GeneralMedium,568.9
2006,סין,Math,Male,0,Male,555.6
2009,סין,Math,Male,0,Male,545.6
2012,סין,Math,Male,0,Male,562.5
2015,סין,Math,Male,0,Male,545.1
2018,סין,Math,Male,0,Male,532.9
2022,סין,Math,Male,0,Male,549.8
2025,סין,Math,Male,0,Male,546.8
2006,סין,Math,Male,High,MaleHigh,603.3
2009,סין,Math,Male,High,MaleHigh,611.1
2012,סין,Math,Male,High,MaleHigh,648
2015,סין,Math,Male,High,MaleHigh,603.4
2018,סין,Math,Male,High,MaleHigh,578.9
2022,סין,Math,Male,High,MaleHigh,620.9
2025,סין,Math,Male,High,MaleHigh,589.6
2006,סין,Math,Male,Low,MaleLow,531.7
2009,סין,Math,Male,Low,MaleLow,520
2012,סין,Math,Male,Low,MaleLow,532.6
2015,סין,Math,Male,Low,MaleLow,517.2
2018,סין,Math,Male,Low,MaleLow,507.9
2022,סין,Math,Male,Low,MaleLow,512.1
2025,סין,Math,Male,Low,MaleLow,510.6
2006,סין,Math,Male,Medium,MaleMedium,578.7
2009,סין,Math,Male,Medium,MaleMedium,569.1
2012,סין,Math,Male,Medium,MaleMedium,593.8
2015,סין,Math,Male,Medium,MaleMedium,563.7
2018,סין,Math,Male,Medium,MaleMedium,555.7
2022,סין,Math,Male,Medium,MaleMedium,566.8
2025,סין,Math,Male,Medium,MaleMedium,573.7
2006,סין,Reading,Female,0,Female,507.4
2009,סין,Reading,Female,0,Female,513.9
2012,סין,Reading,Female,0,Female,539
2015,סין,Reading,Female,0,Female,509.9
2018,סין,Reading,Female,0,Female,513.6
2022,סין,Reading,Female,0,Female,529.1
2025,סין,Reading,Female,0,Female,528.1
2006,סין,Reading,Female,High,FemaleHigh,566.4
2009,סין,Reading,Female,High,FemaleHigh,561.6
2012,סין,Reading,Female,High,FemaleHigh,605.9
2015,סין,Reading,Female,High,FemaleHigh,566.6
2018,סין,Reading,Female,High,FemaleHigh,575.3
2022,סין,Reading,Female,High,FemaleHigh,583.1
2025,סין,Reading,Female,High,FemaleHigh,564.3
2006,סין,Reading,Female,Low,FemaleLow,484
2009,סין,Reading,Female,Low,FemaleLow,492.6
2012,סין,Reading,Female,Low,FemaleLow,516.5
2015,סין,Reading,Female,Low,FemaleLow,483.2
2018,סין,Reading,Female,Low,FemaleLow,486.7
2022,סין,Reading,Female,Low,FemaleLow,496.8
2025,סין,Reading,Female,Low,FemaleLow,493.1
2006,סין,Reading,Female,Medium,FemaleMedium,525.9
2009,סין,Reading,Female,Medium,FemaleMedium,532.7
2012,סין,Reading,Female,Medium,FemaleMedium,561.3
2015,סין,Reading,Female,Medium,FemaleMedium,522.6
2018,סין,Reading,Female,Medium,FemaleMedium,532.4
2022,סין,Reading,Female,Medium,FemaleMedium,545.5
2025,סין,Reading,Female,Medium,FemaleMedium,545.7
2006,סין,Reading,0,0,General,496.2
2009,סין,Reading,0,0,General,495.2
2012,סין,Reading,0,0,General,523.1
2015,סין,Reading,0,0,General,497.1
2018,סין,Reading,0,0,General,502.6
2022,סין,Reading,0,0,General,515.2
2025,סין,Reading,0,0,General,507.8
2006,סין,Reading,0,High,GeneralHigh,545.8
2009,סין,Reading,0,High,GeneralHigh,547.2
2012,סין,Reading,0,High,GeneralHigh,588.1
2015,סין,Reading,0,High,GeneralHigh,552.4
2018,סין,Reading,0,High,GeneralHigh,557.5
2022,סין,Reading,0,High,GeneralHigh,570.5
2025,סין,Reading,0,High,GeneralHigh,545
2006,סין,Reading,0,Low,GeneralLow,474.1
2009,סין,Reading,0,Low,GeneralLow,473.3
2012,סין,Reading,0,Low,GeneralLow,501.5
2015,סין,Reading,0,Low,GeneralLow,470.7
2018,סין,Reading,0,Low,GeneralLow,477.2
2022,סין,Reading,0,Low,GeneralLow,483.9
2025,סין,Reading,0,Low,GeneralLow,475.5
2006,סין,Reading,0,Medium,GeneralMedium,515.8
2009,סין,Reading,0,Medium,GeneralMedium,515.4
2012,סין,Reading,0,Medium,GeneralMedium,545.1
2015,סין,Reading,0,Medium,GeneralMedium,512
2018,סין,Reading,0,Medium,GeneralMedium,522
2022,סין,Reading,0,Medium,GeneralMedium,530.9
2025,סין,Reading,0,Medium,GeneralMedium,529.5
2006,סין,Reading,Male,0,Male,486.1
2009,סין,Reading,Male,0,Male,477
2012,סין,Reading,Male,0,Male,506.7
2015,סין,Reading,Male,0,Male,484.6
2018,סין,Reading,Male,0,Male,491.7
2022,סין,Reading,Male,0,Male,502.1
2025,סין,Reading,Male,0,Male,488.9
2006,סין,Reading,Male,High,MaleHigh,528.8
2009,סין,Reading,Male,High,MaleHigh,532.8
2012,סין,Reading,Male,High,MaleHigh,566.9
2015,סין,Reading,Male,High,MaleHigh,537.9
2018,סין,Reading,Male,High,MaleHigh,539.1
2022,סין,Reading,Male,High,MaleHigh,557.8
2025,סין,Reading,Male,High,MaleHigh,526
2006,סין,Reading,Male,Low,MaleLow,465.2
2009,סין,Reading,Male,Low,MaleLow,454.5
2012,סין,Reading,Male,Low,MaleLow,485.6
2015,סין,Reading,Male,Low,MaleLow,459
2018,סין,Reading,Male,Low,MaleLow,467.6
2022,סין,Reading,Male,Low,MaleLow,471.7
2025,סין,Reading,Male,Low,MaleLow,459.8
2006,סין,Reading,Male,Medium,MaleMedium,506
2009,סין,Reading,Male,Medium,MaleMedium,498.2
2012,סין,Reading,Male,Medium,MaleMedium,529.3
2015,סין,Reading,Male,Medium,MaleMedium,501.1
2018,סין,Reading,Male,Medium,MaleMedium,512.3
2022,סין,Reading,Male,Medium,MaleMedium,517.4
2025,סין,Reading,Male,Medium,MaleMedium,513.4
2006,סין,Science,Female,0,Female,528.7
2009,סין,Science,Female,0,Female,520.9
2012,סין,Science,Female,0,Female,522.8
2015,סין,Science,Female,0,Female,530.1
2018,סין,Science,Female,0,Female,515.2
2022,סין,Science,Female,0,Female,535.6
2025,סין,Science,Female,0,Female,545.2
2006,סין,Science,Female,High,FemaleHigh,598
2009,סין,Science,Female,High,FemaleHigh,571.6
2012,סין,Science,Female,High,FemaleHigh,587.6
2015,סין,Science,Female,High,FemaleHigh,597.1
2018,סין,Science,Female,High,FemaleHigh,575.6
2022,סין,Science,Female,High,FemaleHigh,594.9
2025,סין,Science,Female,High,FemaleHigh,588.6
2006,סין,Science,Female,Low,FemaleLow,503.2
2009,סין,Science,Female,Low,FemaleLow,498.8
2012,סין,Science,Female,Low,FemaleLow,501.1
2015,סין,Science,Female,Low,FemaleLow,498.1
2018,סין,Science,Female,Low,FemaleLow,487.7
2022,סין,Science,Female,Low,FemaleLow,501.7
2025,סין,Science,Female,Low,FemaleLow,505
2006,סין,Science,Female,Medium,FemaleMedium,547.5
2009,סין,Science,Female,Medium,FemaleMedium,540.1
2012,סין,Science,Female,Medium,FemaleMedium,544.4
2015,סין,Science,Female,Medium,FemaleMedium,545.8
2018,סין,Science,Female,Medium,FemaleMedium,535
2022,סין,Science,Female,Medium,FemaleMedium,551
2025,סין,Science,Female,Medium,FemaleMedium,563.1
2006,סין,Science,0,0,General,532.5
2009,סין,Science,0,0,General,520.4
2012,סין,Science,0,0,General,523.3
2015,סין,Science,0,0,General,532.3
2018,סין,Science,0,0,General,515.7
2022,סין,Science,0,0,General,537.4
2025,סין,Science,0,0,General,539.7
2006,סין,Science,0,High,GeneralHigh,590.4
2009,סין,Science,0,High,GeneralHigh,575.5
2012,סין,Science,0,High,GeneralHigh,585.1
2015,סין,Science,0,High,GeneralHigh,596
2018,סין,Science,0,High,GeneralHigh,568.3
2022,סין,Science,0,High,GeneralHigh,596.6
2025,סין,Science,0,High,GeneralHigh,582.9
2006,סין,Science,0,Low,GeneralLow,508.7
2009,סין,Science,0,Low,GeneralLow,497.4
2012,סין,Science,0,Low,GeneralLow,502.3
2015,סין,Science,0,Low,GeneralLow,501.7
2018,סין,Science,0,Low,GeneralLow,490.6
2022,סין,Science,0,Low,GeneralLow,505.1
2025,סין,Science,0,Low,GeneralLow,503.1
2006,סין,Science,0,Medium,GeneralMedium,552
2009,סין,Science,0,Medium,GeneralMedium,541.2
2012,סין,Science,0,Medium,GeneralMedium,544.9
2015,סין,Science,0,Medium,GeneralMedium,549.8
2018,סין,Science,0,Medium,GeneralMedium,535.3
2022,סין,Science,0,Medium,GeneralMedium,552.1
2025,סין,Science,0,Medium,GeneralMedium,561
2006,סין,Science,Male,0,Male,535.9
2009,סין,Science,Male,0,Male,519.9
2012,סין,Science,Male,0,Male,523.8
2015,סין,Science,Male,0,Male,534.6
2018,סין,Science,Male,0,Male,516.3
2022,סין,Science,Male,0,Male,539
2025,סין,Science,Male,0,Male,534.6
2006,סין,Science,Male,High,MaleHigh,584.1
2009,סין,Science,Male,High,MaleHigh,579.5
2012,סין,Science,Male,High,MaleHigh,582.2
2015,סין,Science,Male,High,MaleHigh,594.9
2018,סין,Science,Male,High,MaleHigh,560.8
2022,סין,Science,Male,High,MaleHigh,598.3
2025,סין,Science,Male,High,MaleHigh,577.3
2006,סין,Science,Male,Low,MaleLow,513.5
2009,סין,Science,Male,Low,MaleLow,495.9
2012,סין,Science,Male,Low,MaleLow,503.5
2015,סין,Science,Male,Low,MaleLow,505.1
2018,סין,Science,Male,Low,MaleLow,493.5
2022,סין,Science,Male,Low,MaleLow,508.2
2025,סין,Science,Male,Low,MaleLow,501.4
2006,סין,Science,Male,Medium,MaleMedium,556.2
2009,סין,Science,Male,Medium,MaleMedium,542.3
2012,סין,Science,Male,Medium,MaleMedium,545.3
2015,סין,Science,Male,Medium,MaleMedium,553.9
2018,סין,Science,Male,Medium,MaleMedium,535.6
2022,סין,Science,Male,Medium,MaleMedium,553
2025,סין,Science,Male,Medium,MaleMedium,558.9
2015,סין (B-S-J-G),Math,Female,0,Female,528.2
2015,סין (B-S-J-G),Math,Female,High,FemaleHigh,618.1
2015,סין (B-S-J-G),Math,Female,Low,FemaleLow,509.2
2015,סין (B-S-J-G),Math,Female,Medium,FemaleMedium,581.2
2015,סין (B-S-J-G),Math,0,0,General,531.3
2015,סין (B-S-J-G),Math,0,High,GeneralHigh,617
2015,סין (B-S-J-G),Math,0,Low,GeneralLow,513.1
2015,סין (B-S-J-G),Math,0,Medium,GeneralMedium,578.1
2015,סין (B-S-J-G),Math,Male,0,Male,534
2015,סין (B-S-J-G),Math,Male,High,MaleHigh,616.1
2015,סין (B-S-J-G),Math,Male,Low,MaleLow,516.7
2015,סין (B-S-J-G),Math,Male,Medium,MaleMedium,575.6
2015,סין (B-S-J-G),Reading,Female,0,Female,502.6
2015,סין (B-S-J-G),Reading,Female,High,FemaleHigh,604.1
2015,סין (B-S-J-G),Reading,Female,Low,FemaleLow,481.1
2015,סין (B-S-J-G),Reading,Female,Medium,FemaleMedium,564.2
2015,סין (B-S-J-G),Reading,0,0,General,493.9
2015,סין (B-S-J-G),Reading,0,High,GeneralHigh,590.4
2015,סין (B-S-J-G),Reading,0,Low,GeneralLow,473.9
2015,סין (B-S-J-G),Reading,0,Medium,GeneralMedium,545.7
2015,סין (B-S-J-G),Reading,Male,0,Male,486.4
2015,סין (B-S-J-G),Reading,Male,High,MaleHigh,578.3
2015,סין (B-S-J-G),Reading,Male,Low,MaleLow,467.4
2015,סין (B-S-J-G),Reading,Male,Medium,MaleMedium,531.4
2015,סין (B-S-J-G),Science,Female,0,Female,512.8
2015,סין (B-S-J-G),Science,Female,High,FemaleHigh,606.4
2015,סין (B-S-J-G),Science,Female,Low,FemaleLow,492.9
2015,סין (B-S-J-G),Science,Female,Medium,FemaleMedium,568.2
2015,סין (B-S-J-G),Science,0,0,General,517.8
2015,סין (B-S-J-G),Science,0,High,GeneralHigh,606.4
2015,סין (B-S-J-G),Science,0,Low,GeneralLow,498.8
2015,סין (B-S-J-G),Science,0,Medium,GeneralMedium,566.7
2015,סין (B-S-J-G),Science,Male,0,Male,522.1
2015,סין (B-S-J-G),Science,Male,High,MaleHigh,606.3
2015,סין (B-S-J-G),Science,Male,Low,MaleLow,504.1
2015,סין (B-S-J-G),Science,Male,Medium,MaleMedium,565.6
2009,סינגפור,Math,Female,0,Female,559.4
2012,סינגפור,Math,Female,0,Female,575.1
2015,סינגפור,Math,Female,0,Female,564.3
2018,סינגפור,Math,Female,0,Female,566.9
2022,סינגפור,Math,Female,0,Female,568.5
2025,סינגפור,Math,Female,0,Female,557.9
2009,סינגפור,Math,Female,High,FemaleHigh,636
2012,סינגפור,Math,Female,High,FemaleHigh,637.6
2015,סינגפור,Math,Female,High,FemaleHigh,608.8
2018,סינגפור,Math,Female,High,FemaleHigh,603.5
2022,סינגפור,Math,Female,High,FemaleHigh,614
2025,סינגפור,Math,Female,High,FemaleHigh,595
2009,סינגפור,Math,Female,Low,FemaleLow,529.1
2012,סינגפור,Math,Female,Low,FemaleLow,543.2
2015,סינגפור,Math,Female,Low,FemaleLow,522.6
2018,סינגפור,Math,Female,Low,FemaleLow,522.5
2022,סינגפור,Math,Female,Low,FemaleLow,505.7
2025,סינגפור,Math,Female,Low,FemaleLow,490.9
2009,סינגפור,Math,Female,Medium,FemaleMedium,593.9
2012,סינגפור,Math,Female,Medium,FemaleMedium,594.8
2015,סינגפור,Math,Female,Medium,FemaleMedium,570.2
2018,סינגפור,Math,Female,Medium,FemaleMedium,568.5
2022,סינגפור,Math,Female,Medium,FemaleMedium,562.8
2025,סינגפור,Math,Female,Medium,FemaleMedium,547.3
2009,סינגפור,Math,0,0,General,562
2012,סינגפור,Math,0,0,General,573.5
2015,סינגפור,Math,0,0,General,564.2
2018,סינגפור,Math,0,0,General,569
2022,סינגפור,Math,0,0,General,574.7
2025,סינגפור,Math,0,0,General,562.9
2009,סינגפור,Math,0,High,GeneralHigh,630.7
2012,סינגפור,Math,0,High,GeneralHigh,634.2
2015,סינגפור,Math,0,High,GeneralHigh,610.2
2018,סינגפור,Math,0,High,GeneralHigh,607
2022,סינגפור,Math,0,High,GeneralHigh,619.5
2025,סינגפור,Math,0,High,GeneralHigh,601.7
2009,סינגפור,Math,0,Low,GeneralLow,534.7
2012,סינגפור,Math,0,Low,GeneralLow,541
2015,סינגפור,Math,0,Low,GeneralLow,523.7
2018,סינגפור,Math,0,Low,GeneralLow,526.8
2022,סינגפור,Math,0,Low,GeneralLow,515.8
2025,סינגפור,Math,0,Low,GeneralLow,496.4
2009,סינגפור,Math,0,Medium,GeneralMedium,595.4
2012,סינגפור,Math,0,Medium,GeneralMedium,595
2015,סינגפור,Math,0,Medium,GeneralMedium,570.4
2018,סינגפור,Math,0,Medium,GeneralMedium,572
2022,סינגפור,Math,0,Medium,GeneralMedium,570.1
2025,סינגפור,Math,0,Medium,GeneralMedium,558.7
2009,סינגפור,Math,Male,0,Male,564.6
2012,סינגפור,Math,Male,0,Male,571.9
2015,סינגפור,Math,Male,0,Male,564.1
2018,סינגפור,Math,Male,0,Male,571
2022,סינגפור,Math,Male,0,Male,580.6
2025,סינגפור,Math,Male,0,Male,567.7
2009,סינגפור,Math,Male,High,MaleHigh,625.1
2012,סינגפור,Math,Male,High,MaleHigh,631.1
2015,סינגפור,Math,Male,High,MaleHigh,611.6
2018,סינגפור,Math,Male,High,MaleHigh,611
2022,סינגפור,Math,Male,High,MaleHigh,625.4
2025,סינגפור,Math,Male,High,MaleHigh,609.2
2009,סינגפור,Math,Male,Low,MaleLow,540.1
2012,סינגפור,Math,Male,Low,MaleLow,538.9
2015,סינגפור,Math,Male,Low,MaleLow,524.7
2018,סינגפור,Math,Male,Low,MaleLow,530.4
2022,סינגפור,Math,Male,Low,MaleLow,525.1
2025,סינגפור,Math,Male,Low,MaleLow,501.7
2009,סינגפור,Math,Male,Medium,MaleMedium,597
2012,סינגפור,Math,Male,Medium,MaleMedium,595.2
2015,סינגפור,Math,Male,Medium,MaleMedium,570.7
2018,סינגפור,Math,Male,Medium,MaleMedium,575.3
2022,סינגפור,Math,Male,Medium,MaleMedium,576.7
2025,סינגפור,Math,Male,Medium,MaleMedium,568.7
2009,סינגפור,Reading,Female,0,Female,541.8
2012,סינגפור,Reading,Female,0,Female,558.6
2015,סינגפור,Reading,Female,0,Female,545.6
2018,סינגפור,Reading,Female,0,Female,561.3
2022,סינגפור,Reading,Female,0,Female,552.6
2025,סינגפור,Reading,Female,0,Female,548.1
2009,סינגפור,Reading,Female,High,FemaleHigh,615.3
2012,סינגפור,Reading,Female,High,FemaleHigh,623.3
2015,סינגפור,Reading,Female,High,FemaleHigh,597
2018,סינגפור,Reading,Female,High,FemaleHigh,602.6
2022,סינגפור,Reading,Female,High,FemaleHigh,599.7
2025,סינגפור,Reading,Female,High,FemaleHigh,580.4
2009,סינגפור,Reading,Female,Low,FemaleLow,513
2012,סינגפור,Reading,Female,Low,FemaleLow,528.5
2015,סינגפור,Reading,Female,Low,FemaleLow,498
2018,סינגפור,Reading,Female,Low,FemaleLow,513.5
2022,סינגפור,Reading,Female,Low,FemaleLow,489.4
2025,סינגפור,Reading,Female,Low,FemaleLow,492.1
2009,סינגפור,Reading,Female,Medium,FemaleMedium,574.4
2012,סינגפור,Reading,Female,Medium,FemaleMedium,574.5
2015,סינגפור,Reading,Female,Medium,FemaleMedium,552
2018,סינגפור,Reading,Female,Medium,FemaleMedium,561.5
2022,סינגפור,Reading,Female,Medium,FemaleMedium,545.5
2025,סינגפור,Reading,Female,Medium,FemaleMedium,537.6
2009,סינגפור,Reading,0,0,General,525.9
2012,סינגפור,Reading,0,0,General,542.2
2015,סינגפור,Reading,0,0,General,535.1
2018,סינגפור,Reading,0,0,General,549.5
2022,סינגפור,Reading,0,0,General,542.6
2025,סינגפור,Reading,0,0,General,534.9
2009,סינגפור,Reading,0,High,GeneralHigh,595.2
2012,סינגפור,Reading,0,High,GeneralHigh,605
2015,סינגפור,Reading,0,High,GeneralHigh,585.8
2018,סינגפור,Reading,0,High,GeneralHigh,593
2022,סינגפור,Reading,0,High,GeneralHigh,588.8
2025,סינגפור,Reading,0,High,GeneralHigh,570.6
2009,סינגפור,Reading,0,Low,GeneralLow,499.6
2012,סינגפור,Reading,0,Low,GeneralLow,511.3
2015,סינגפור,Reading,0,Low,GeneralLow,491.3
2018,סינגפור,Reading,0,Low,GeneralLow,503.3
2022,סינגפור,Reading,0,Low,GeneralLow,484.6
2025,סינגפור,Reading,0,Low,GeneralLow,479.3
2009,סינגפור,Reading,0,Medium,GeneralMedium,557.9
2012,סינגפור,Reading,0,Medium,GeneralMedium,560.6
2015,סינגפור,Reading,0,Medium,GeneralMedium,541.2
2018,סינגפור,Reading,0,Medium,GeneralMedium,551.4
2022,סינגפור,Reading,0,Medium,GeneralMedium,536.2
2025,סינגפור,Reading,0,Medium,GeneralMedium,529.7
2009,סינגפור,Reading,Male,0,Male,510.6
2012,סינגפור,Reading,Male,0,Male,526.5
2015,סינגפור,Reading,Male,0,Male,525.3
2018,סינגפור,Reading,Male,0,Male,538.1
2022,סינגפור,Reading,Male,0,Male,533
2025,סינגפור,Reading,Male,0,Male,522.2
2009,סינגפור,Reading,Male,High,MaleHigh,574.4
2012,סינגפור,Reading,Male,High,MaleHigh,588
2015,סינגפור,Reading,Male,High,MaleHigh,574.8
2018,סינגפור,Reading,Male,High,MaleHigh,582.4
2022,סינגפור,Reading,Male,High,MaleHigh,577.4
2025,סינגפור,Reading,Male,High,MaleHigh,559.6
2009,סינגפור,Reading,Male,Low,MaleLow,487.1
2012,סינגפור,Reading,Male,Low,MaleLow,494.8
2015,סינגפור,Reading,Male,Low,MaleLow,485.4
2018,סינגפור,Reading,Male,Low,MaleLow,494.4
2022,סינגפור,Reading,Male,Low,MaleLow,480
2025,סינגפור,Reading,Male,Low,MaleLow,467.3
2009,סינגפור,Reading,Male,Medium,MaleMedium,541.4
2012,סינגפור,Reading,Male,Medium,MaleMedium,547
2015,סינגפור,Reading,Male,Medium,MaleMedium,530.8
2018,סינגפור,Reading,Male,Medium,MaleMedium,542
2022,סינגפור,Reading,Male,Medium,MaleMedium,527.8
2025,סינגפור,Reading,Male,Medium,MaleMedium,522.8
2009,סינגפור,Science,Female,0,Female,542.3
2012,סינגפור,Science,Female,0,Female,551.8
2015,סינגפור,Science,Female,0,Female,552.3
2018,סינגפור,Science,Female,0,Female,549.1
2022,סינגפור,Science,Female,0,Female,557.9
2025,סינגפור,Science,Female,0,Female,560
2009,סינגפור,Science,Female,High,FemaleHigh,621.4
2012,סינגפור,Science,Female,High,FemaleHigh,615.7
2015,סינגפור,Science,Female,High,FemaleHigh,603.5
2018,סינגפור,Science,Female,High,FemaleHigh,588.4
2022,סינגפור,Science,Female,High,FemaleHigh,601.9
2025,סינגפור,Science,Female,High,FemaleHigh,592.9
2009,סינגפור,Science,Female,Low,FemaleLow,510.9
2012,סינגפור,Science,Female,Low,FemaleLow,519.4
2015,סינגפור,Science,Female,Low,FemaleLow,504.3
2018,סינגפור,Science,Female,Low,FemaleLow,503.7
2022,סינגפור,Science,Female,Low,FemaleLow,497.4
2025,סינגפור,Science,Female,Low,FemaleLow,501.4
2009,סינגפור,Science,Female,Medium,FemaleMedium,577.7
2012,סינגפור,Science,Female,Medium,FemaleMedium,571.7
2015,סינגפור,Science,Female,Medium,FemaleMedium,559.2
2018,סינגפור,Science,Female,Medium,FemaleMedium,549
2022,סינגפור,Science,Female,Medium,FemaleMedium,552.2
2025,סינגפור,Science,Female,Medium,FemaleMedium,550.2
2009,סינגפור,Science,0,0,General,541.7
2012,סינגפור,Science,0,0,General,551.5
2015,סינגפור,Science,0,0,General,555.6
2018,סינגפור,Science,0,0,General,550.9
2022,סינגפור,Science,0,0,General,561.4
2025,סינגפור,Science,0,0,General,559.9
2009,סינגפור,Science,0,High,GeneralHigh,615.4
2012,סינגפור,Science,0,High,GeneralHigh,616.4
2015,סינגפור,Science,0,High,GeneralHigh,608
2018,סינגפור,Science,0,High,GeneralHigh,591.2
2022,סינגפור,Science,0,High,GeneralHigh,604.8
2025,סינגפור,Science,0,High,GeneralHigh,594.6
2009,סינגפור,Science,0,Low,GeneralLow,512.4
2012,סינגפור,Science,0,Low,GeneralLow,517.7
2015,סינגפור,Science,0,Low,GeneralLow,508.9
2018,סינגפור,Science,0,Low,GeneralLow,507.7
2022,סינגפור,Science,0,Low,GeneralLow,505
2025,סינגפור,Science,0,Low,GeneralLow,502.7
2009,סינגפור,Science,0,Medium,GeneralMedium,577.3
2012,סינגפור,Science,0,Medium,GeneralMedium,573.3
2015,סינגפור,Science,0,Medium,GeneralMedium,563.1
2018,סינגפור,Science,0,Medium,GeneralMedium,553.1
2022,סינגפור,Science,0,Medium,GeneralMedium,556.6
2025,סינגפור,Science,0,Medium,GeneralMedium,555.9
2009,סינגפור,Science,Male,0,Male,541.1
2012,סינגפור,Science,Male,0,Male,551.2
2015,סינגפור,Science,Male,0,Male,558.7
2018,סינגפור,Science,Male,0,Male,552.7
2022,סינגפור,Science,Male,0,Male,564.8
2025,סינגפור,Science,Male,0,Male,559.7
2009,סינגפור,Science,Male,High,MaleHigh,609.2
2012,סינגפור,Science,Male,High,MaleHigh,617.1
2015,סינגפור,Science,Male,High,MaleHigh,612.4
2018,סינגפור,Science,Male,High,MaleHigh,594.2
2022,סינגפור,Science,Male,High,MaleHigh,607.8
2025,סינגפור,Science,Male,High,MaleHigh,596.5
2009,סינגפור,Science,Male,Low,MaleLow,513.9
2012,סינגפור,Science,Male,Low,MaleLow,516
2015,סינגפור,Science,Male,Low,MaleLow,513
2018,סינגפור,Science,Male,Low,MaleLow,511.1
2022,סינגפור,Science,Male,Low,MaleLow,512
2025,סינגפור,Science,Male,Low,MaleLow,503.9
2009,סינגפור,Science,Male,Medium,MaleMedium,576.8
2012,סינגפור,Science,Male,Medium,MaleMedium,574.8
2015,סינגפור,Science,Male,Medium,MaleMedium,566.9
2018,סינגפור,Science,Male,Medium,MaleMedium,557
2022,סינגפור,Science,Male,Medium,MaleMedium,560.5
2025,סינגפור,Science,Male,Medium,MaleMedium,560.8
2006,סלובניה,Math,Female,0,Female,502.1
2009,סלובניה,Math,Female,0,Female,500.8
2012,סלובניה,Math,Female,0,Female,499.4
2015,סלובניה,Math,Female,0,Female,507.9
2018,סלובניה,Math,Female,0,Female,508.6
2022,סלובניה,Math,Female,0,Female,485.4
2025,סלובניה,Math,Female,0,Female,461.4
2006,סלובניה,Math,Female,High,FemaleHigh,545.8
2009,סלובניה,Math,Female,High,FemaleHigh,553.8
2012,סלובניה,Math,Female,High,FemaleHigh,546.6
2015,סלובניה,Math,Female,High,FemaleHigh,546.5
2018,סלובניה,Math,Female,High,FemaleHigh,555.6
2022,סלובניה,Math,Female,High,FemaleHigh,525
2025,סלובניה,Math,Female,High,FemaleHigh,493.8
2006,סלובניה,Math,Female,Low,FemaleLow,466.1
2009,סלובניה,Math,Female,Low,FemaleLow,466.1
2012,סלובניה,Math,Female,Low,FemaleLow,463.9
2015,סלובניה,Math,Female,Low,FemaleLow,480
2018,סלובניה,Math,Female,Low,FemaleLow,473.9
2022,סלובניה,Math,Female,Low,FemaleLow,445.5
2025,סלובניה,Math,Female,Low,FemaleLow,430.1
2006,סלובניה,Math,Female,Medium,FemaleMedium,507.3
2009,סלובניה,Math,Female,Medium,FemaleMedium,506.8
2012,סלובניה,Math,Female,Medium,FemaleMedium,506
2015,סלובניה,Math,Female,Medium,FemaleMedium,514.9
2018,סלובניה,Math,Female,Medium,FemaleMedium,511.7
2022,סלובניה,Math,Female,Medium,FemaleMedium,482.1
2025,סלובניה,Math,Female,Medium,FemaleMedium,466.8
2006,סלובניה,Math,0,0,General,504.5
2009,סלובניה,Math,0,0,General,501.5
2012,סלובניה,Math,0,0,General,501.1
2015,סלובניה,Math,0,0,General,509.9
2018,סלובניה,Math,0,0,General,508.9
2022,סלובניה,Math,0,0,General,484.5
2025,סלובניה,Math,0,0,General,459.8
2006,סלובניה,Math,0,High,GeneralHigh,549.7
2009,סלובניה,Math,0,High,GeneralHigh,553.2
2012,סלובניה,Math,0,High,GeneralHigh,550.5
2015,סלובניה,Math,0,High,GeneralHigh,549.3
2018,סלובניה,Math,0,High,GeneralHigh,556.1
2022,סלובניה,Math,0,High,GeneralHigh,526.9
2025,סלובניה,Math,0,High,GeneralHigh,496.3
2006,סלובניה,Math,0,Low,GeneralLow,467.5
2009,סלובניה,Math,0,Low,GeneralLow,468
2012,סלובניה,Math,0,Low,GeneralLow,466.8
2015,סלובניה,Math,0,Low,GeneralLow,482.8
2018,סלובניה,Math,0,Low,GeneralLow,475.6
2022,סלובניה,Math,0,Low,GeneralLow,443.8
2025,סלובניה,Math,0,Low,GeneralLow,432.3
2006,סלובניה,Math,0,Medium,GeneralMedium,508.5
2009,סלובניה,Math,0,Medium,GeneralMedium,504.4
2012,סלובניה,Math,0,Medium,GeneralMedium,505.9
2015,סלובניה,Math,0,Medium,GeneralMedium,515.3
2018,סלובניה,Math,0,Medium,GeneralMedium,511.2
2022,סלובניה,Math,0,Medium,GeneralMedium,479.2
2025,סלובניה,Math,0,Medium,GeneralMedium,466.1
2006,סלובניה,Math,Male,0,Male,506.9
2009,סלובניה,Math,Male,0,Male,502.1
2012,סלובניה,Math,Male,0,Male,502.7
2015,סלובניה,Math,Male,0,Male,511.8
2018,סלובניה,Math,Male,0,Male,509.2
2022,סלובניה,Math,Male,0,Male,483.7
2025,סלובניה,Math,Male,0,Male,458.3
2006,סלובניה,Math,Male,High,MaleHigh,553.6
2009,סלובניה,Math,Male,High,MaleHigh,552.6
2012,סלובניה,Math,Male,High,MaleHigh,554.6
2015,סלובניה,Math,Male,High,MaleHigh,552.2
2018,סלובניה,Math,Male,High,MaleHigh,556.6
2022,סלובניה,Math,Male,High,MaleHigh,528.6
2025,סלובניה,Math,Male,High,MaleHigh,498.7
2006,סלובניה,Math,Male,Low,MaleLow,469
2009,סלובניה,Math,Male,Low,MaleLow,469.9
2012,סלובניה,Math,Male,Low,MaleLow,469.6
2015,סלובניה,Math,Male,Low,MaleLow,485.5
2018,סלובניה,Math,Male,Low,MaleLow,477.4
2022,סלובניה,Math,Male,Low,MaleLow,442.1
2025,סלובניה,Math,Male,Low,MaleLow,434.6
2006,סלובניה,Math,Male,Medium,MaleMedium,509.7
2009,סלובניה,Math,Male,Medium,MaleMedium,502.3
2012,סלובניה,Math,Male,Medium,MaleMedium,505.9
2015,סלובניה,Math,Male,Medium,MaleMedium,515.7
2018,סלובניה,Math,Male,Medium,MaleMedium,510.7
2022,סלובניה,Math,Male,Medium,MaleMedium,476.5
2025,סלובניה,Math,Male,Medium,MaleMedium,465.4
2006,סלובניה,Reading,Female,0,Female,521.1
2009,סלובניה,Reading,Female,0,Female,511
2012,סלובניה,Reading,Female,0,Female,510.1
2015,סלובניה,Reading,Female,0,Female,527.6
2018,סלובניה,Reading,Female,0,Female,516.7
2022,סלובניה,Reading,Female,0,Female,491
2025,סלובניה,Reading,Female,0,Female,471.2
2006,סלובניה,Reading,Female,High,FemaleHigh,559.8
2009,סלובניה,Reading,Female,High,FemaleHigh,556.2
2012,סלובניה,Reading,Female,High,FemaleHigh,553.4
2015,סלובניה,Reading,Female,High,FemaleHigh,566.7
2018,סלובניה,Reading,Female,High,FemaleHigh,559
2022,סלובניה,Reading,Female,High,FemaleHigh,524.5
2025,סלובניה,Reading,Female,High,FemaleHigh,500.7
2006,סלובניה,Reading,Female,Low,FemaleLow,488.3
2009,סלובניה,Reading,Female,Low,FemaleLow,482.3
2012,סלובניה,Reading,Female,Low,FemaleLow,478.3
2015,סלובניה,Reading,Female,Low,FemaleLow,497.9
2018,סלובניה,Reading,Female,Low,FemaleLow,485.1
2022,סלובניה,Reading,Female,Low,FemaleLow,453.5
2025,סלובניה,Reading,Female,Low,FemaleLow,443.2
2006,סלובניה,Reading,Female,Medium,FemaleMedium,526.9
2009,סלובניה,Reading,Female,Medium,FemaleMedium,515.7
2012,סלובניה,Reading,Female,Medium,FemaleMedium,516.6
2015,סלובניה,Reading,Female,Medium,FemaleMedium,536.2
2018,סלובניה,Reading,Female,Medium,FemaleMedium,521.1
2022,סלובניה,Reading,Female,Medium,FemaleMedium,493.4
2025,סלובניה,Reading,Female,Medium,FemaleMedium,479
2006,סלובניה,Reading,0,0,General,494.4
2009,סלובניה,Reading,0,0,General,483.1
2012,סלובניה,Reading,0,0,General,481.3
2015,סלובניה,Reading,0,0,General,505.2
2018,סלובניה,Reading,0,0,General,495.3
2022,סלובניה,Reading,0,0,General,468.5
2025,סלובניה,Reading,0,0,General,444.7
2006,סלובניה,Reading,0,High,GeneralHigh,537.3
2009,סלובניה,Reading,0,High,GeneralHigh,529.8
2012,סלובניה,Reading,0,High,GeneralHigh,529.7
2015,סלובניה,Reading,0,High,GeneralHigh,547
2018,סלובניה,Reading,0,High,GeneralHigh,539.6
2022,סלובניה,Reading,0,High,GeneralHigh,506.6
2025,סלובניה,Reading,0,High,GeneralHigh,480
2006,סלובניה,Reading,0,Low,GeneralLow,460.6
2009,סלובניה,Reading,0,Low,GeneralLow,453.1
2012,סלובניה,Reading,0,Low,GeneralLow,449.5
2015,סלובניה,Reading,0,Low,GeneralLow,475.8
2018,סלובניה,Reading,0,Low,GeneralLow,465.3
2022,סלובניה,Reading,0,Low,GeneralLow,432.1
2025,סלובניה,Reading,0,Low,GeneralLow,422.8
2006,סלובניה,Reading,0,Medium,GeneralMedium,496.9
2009,סלובניה,Reading,0,Medium,GeneralMedium,486.6
2012,סלובניה,Reading,0,Medium,GeneralMedium,485.3
2015,סלובניה,Reading,0,Medium,GeneralMedium,511.8
2018,סלובניה,Reading,0,Medium,GeneralMedium,497.4
2022,סלובניה,Reading,0,Medium,GeneralMedium,465.2
2025,סלובניה,Reading,0,Medium,GeneralMedium,455
2006,סלובניה,Reading,Male,0,Male,467.5
2009,סלובניה,Reading,Male,0,Male,456.2
2012,סלובניה,Reading,Male,0,Male,454.5
2015,סלובניה,Reading,Male,0,Male,484.3
2018,סלובניה,Reading,Male,0,Male,475
2022,סלובניה,Reading,Male,0,Male,447.3
2025,סלובניה,Reading,Male,0,Male,419.5
2006,סלובניה,Reading,Male,High,MaleHigh,514.1
2009,סלובניה,Reading,Male,High,MaleHigh,505.9
2012,סלובניה,Reading,Male,High,MaleHigh,505.4
2015,סלובניה,Reading,Male,High,MaleHigh,527
2018,סלובניה,Reading,Male,High,MaleHigh,519.7
2022,סלובניה,Reading,Male,High,MaleHigh,489.5
2025,סלובניה,Reading,Male,High,MaleHigh,459
2006,סלובניה,Reading,Male,Low,MaleLow,430.9
2009,סלובניה,Reading,Male,Low,MaleLow,423
2012,סלובניה,Reading,Male,Low,MaleLow,422.4
2015,סלובניה,Reading,Male,Low,MaleLow,454.7
2018,סלובניה,Reading,Male,Low,MaleLow,445.7
2022,סלובניה,Reading,Male,Low,MaleLow,411.2
2025,סלובניה,Reading,Male,Low,MaleLow,401.4
2006,סלובניה,Reading,Male,Medium,MaleMedium,469.1
2009,סלובניה,Reading,Male,Medium,MaleMedium,459.3
2012,סלובניה,Reading,Male,Medium,MaleMedium,458.3
2015,סלובניה,Reading,Male,Medium,MaleMedium,490.8
2018,סלובניה,Reading,Male,Medium,MaleMedium,476.8
2022,סלובניה,Reading,Male,Medium,MaleMedium,438.6
2025,סלובניה,Reading,Male,Medium,MaleMedium,431.1
2006,סלובניה,Science,Female,0,Female,522.7
2009,סלובניה,Science,Female,0,Female,518.8
2012,סלובניה,Science,Female,0,Female,518.7
2015,סלובניה,Science,Female,0,Female,515.8
2018,סלובניה,Science,Female,0,Female,512
2022,סלובניה,Science,Female,0,Female,507.7
2025,סלובניה,Science,Female,0,Female,494.5
2006,סלובניה,Science,Female,High,FemaleHigh,571.8
2009,סלובניה,Science,Female,High,FemaleHigh,558.6
2012,סלובניה,Science,Female,High,FemaleHigh,562.2
2015,סלובניה,Science,Female,High,FemaleHigh,561.5
2018,סלובניה,Science,Female,High,FemaleHigh,553.8
2022,סלובניה,Science,Female,High,FemaleHigh,546.3
2025,סלובניה,Science,Female,High,FemaleHigh,529.2
2006,סלובניה,Science,Female,Low,FemaleLow,482.1
2009,סלובניה,Science,Female,Low,FemaleLow,491.4
2012,סלובניה,Science,Female,Low,FemaleLow,486.1
2015,סלובניה,Science,Female,Low,FemaleLow,481
2018,סלובניה,Science,Female,Low,FemaleLow,479.5
2022,סלובניה,Science,Female,Low,FemaleLow,466.2
2025,סלובניה,Science,Female,Low,FemaleLow,460.9
2006,סלובניה,Science,Female,Medium,FemaleMedium,528.9
2009,סלובניה,Science,Female,Medium,FemaleMedium,526.3
2012,סלובניה,Science,Female,Medium,FemaleMedium,525.3
2015,סלובניה,Science,Female,Medium,FemaleMedium,525.8
2018,סלובניה,Science,Female,Medium,FemaleMedium,517.3
2022,סלובניה,Science,Female,Medium,FemaleMedium,507.7
2025,סלובניה,Science,Female,Medium,FemaleMedium,501.8
2006,סלובניה,Science,0,0,General,518.8
2009,סלובניה,Science,0,0,General,511.8
2012,סלובניה,Science,0,0,General,514.1
2015,סלובניה,Science,0,0,General,512.9
2018,סלובניה,Science,0,0,General,507
2022,סלובניה,Science,0,0,General,500
2025,סלובניה,Science,0,0,General,483.7
2006,סלובניה,Science,0,High,GeneralHigh,568.6
2009,סלובניה,Science,0,High,GeneralHigh,555.8
2012,סלובניה,Science,0,High,GeneralHigh,560.6
2015,סלובניה,Science,0,High,GeneralHigh,559.4
2018,סלובניה,Science,0,High,GeneralHigh,549.5
2022,סלובניה,Science,0,High,GeneralHigh,542
2025,סלובניה,Science,0,High,GeneralHigh,523.6
2006,סלובניה,Science,0,Low,GeneralLow,477.7
2009,סלובניה,Science,0,Low,GeneralLow,481.6
2012,סלובניה,Science,0,Low,GeneralLow,482.2
2015,סלובניה,Science,0,Low,GeneralLow,479.4
2018,סלובניה,Science,0,Low,GeneralLow,476.1
2022,סלובניה,Science,0,Low,GeneralLow,458.8
2025,סלובניה,Science,0,Low,GeneralLow,454.5
2006,סלובניה,Science,0,Medium,GeneralMedium,523.8
2009,סלובניה,Science,0,Medium,GeneralMedium,517.7
2012,סלובניה,Science,0,Medium,GeneralMedium,519
2015,סלובניה,Science,0,Medium,GeneralMedium,520.8
2018,סלובניה,Science,0,Medium,GeneralMedium,510.8
2022,סלובניה,Science,0,Medium,GeneralMedium,496.3
2025,סלובניה,Science,0,Medium,GeneralMedium,492
2006,סלובניה,Science,Male,0,Male,514.9
2009,סלובניה,Science,Male,0,Male,505
2012,סלובניה,Science,Male,0,Male,509.9
2015,סלובניה,Science,Male,0,Male,510.1
2018,סלובניה,Science,Male,0,Male,502.2
2022,סלובניה,Science,Male,0,Male,492.6
2025,סלובניה,Science,Male,0,Male,473.5
2006,סלובניה,Science,Male,High,MaleHigh,565.3
2009,סלובניה,Science,Male,High,MaleHigh,553.2
2012,סלובניה,Science,Male,High,MaleHigh,559.1
2015,סלובניה,Science,Male,High,MaleHigh,557.3
2018,סלובניה,Science,Male,High,MaleHigh,545.2
2022,סלובניה,Science,Male,High,MaleHigh,537.8
2025,סלובניה,Science,Male,High,MaleHigh,517.8
2006,סלובניה,Science,Male,Low,MaleLow,473
2009,סלובניה,Science,Male,Low,MaleLow,471.6
2012,סלובניה,Science,Male,Low,MaleLow,478.6
2015,סלובניה,Science,Male,Low,MaleLow,477.7
2018,סלובניה,Science,Male,Low,MaleLow,472.7
2022,סלובניה,Science,Male,Low,MaleLow,451.6
2025,סלובניה,Science,Male,Low,MaleLow,447.8
2006,סלובניה,Science,Male,Medium,MaleMedium,519.1
2009,סלובניה,Science,Male,Medium,MaleMedium,509.6
2012,סלובניה,Science,Male,Medium,MaleMedium,513.6
2015,סלובניה,Science,Male,Medium,MaleMedium,516.6
2018,סלובניה,Science,Male,Medium,MaleMedium,505.1
2022,סלובניה,Science,Male,Medium,MaleMedium,485.6
2025,סלובניה,Science,Male,Medium,MaleMedium,482.3
2006,סלובקיה,Math,Female,0,Female,484.7
2009,סלובקיה,Math,Female,0,Female,495.4
2012,סלובקיה,Math,Female,0,Female,476.7
2015,סלובקיה,Math,Female,0,Female,472.3
2018,סלובקיה,Math,Female,0,Female,483.9
2022,סלובקיה,Math,Female,0,Female,463.3
2025,סלובקיה,Math,Female,0,Female,463.5
2006,סלובקיה,Math,Female,High,FemaleHigh,541.9
2009,סלובקיה,Math,Female,High,FemaleHigh,556.8
2012,סלובקיה,Math,Female,High,FemaleHigh,549.2
2015,סלובקיה,Math,Female,High,FemaleHigh,524.3
2018,סלובקיה,Math,Female,High,FemaleHigh,545.7
2022,סלובקיה,Math,Female,High,FemaleHigh,532.7
2025,סלובקיה,Math,Female,High,FemaleHigh,524.5
2006,סלובקיה,Math,Female,Low,FemaleLow,458.6
2009,סלובקיה,Math,Female,Low,FemaleLow,465.2
2012,סלובקיה,Math,Female,Low,FemaleLow,443.5
2015,סלובקיה,Math,Female,Low,FemaleLow,440.5
2018,סלובקיה,Math,Female,Low,FemaleLow,448.8
2022,סלובקיה,Math,Female,Low,FemaleLow,427.8
2025,סלובקיה,Math,Female,Low,FemaleLow,431.7
2006,סלובקיה,Math,Female,Medium,FemaleMedium,500.7
2009,סלובקיה,Math,Female,Medium,FemaleMedium,511.9
2012,סלובקיה,Math,Female,Medium,FemaleMedium,496.7
2015,סלובקיה,Math,Female,Medium,FemaleMedium,487.5
2018,סלובקיה,Math,Female,Medium,FemaleMedium,506.1
2022,סלובקיה,Math,Female,Medium,FemaleMedium,491.4
2025,סלובקיה,Math,Female,Medium,FemaleMedium,485.7
2006,סלובקיה,Math,0,0,General,492.1
2009,סלובקיה,Math,0,0,General,496.7
2012,סלובקיה,Math,0,0,General,481.6
2015,סלובקיה,Math,0,0,General,475.2
2018,סלובקיה,Math,0,0,General,486.2
2022,סלובקיה,Math,0,0,General,464
2025,סלובקיה,Math,0,0,General,469.1
2006,סלובקיה,Math,0,High,GeneralHigh,548.1
2009,סלובקיה,Math,0,High,GeneralHigh,559.6
2012,סלובקיה,Math,0,High,GeneralHigh,555.2
2015,סלובקיה,Math,0,High,GeneralHigh,525.3
2018,סלובקיה,Math,0,High,GeneralHigh,548.7
2022,סלובקיה,Math,0,High,GeneralHigh,536.2
2025,סלובקיה,Math,0,High,GeneralHigh,530.9
2006,סלובקיה,Math,0,Low,GeneralLow,464.9
2009,סלובקיה,Math,0,Low,GeneralLow,467.9
2012,סלובקיה,Math,0,Low,GeneralLow,447.7
2015,סלובקיה,Math,0,Low,GeneralLow,448.1
2018,סלובקיה,Math,0,Low,GeneralLow,452.4
2022,סלובקיה,Math,0,Low,GeneralLow,429.1
2025,סלובקיה,Math,0,Low,GeneralLow,437.7
2006,סלובקיה,Math,0,Medium,GeneralMedium,506.3
2009,סלובקיה,Math,0,Medium,GeneralMedium,508.9
2012,סלובקיה,Math,0,Medium,GeneralMedium,503.2
2015,סלובקיה,Math,0,Medium,GeneralMedium,486.5
2018,סלובקיה,Math,0,Medium,GeneralMedium,505.9
2022,סלובקיה,Math,0,Medium,GeneralMedium,488.6
2025,סלובקיה,Math,0,Medium,GeneralMedium,491.3
2006,סלובקיה,Math,Male,0,Male,499.1
2009,סלובקיה,Math,Male,0,Male,498
2012,סלובקיה,Math,Male,0,Male,486.1
2015,סלובקיה,Math,Male,0,Male,478
2018,סלובקיה,Math,Male,0,Male,488.5
2022,סלובקיה,Math,Male,0,Male,464.6
2025,סלובקיה,Math,Male,0,Male,475
2006,סלובקיה,Math,Male,High,MaleHigh,553.4
2009,סלובקיה,Math,Male,High,MaleHigh,562
2012,סלובקיה,Math,Male,High,MaleHigh,560.9
2015,סלובקיה,Math,Male,High,MaleHigh,526.4
2018,סלובקיה,Math,Male,High,MaleHigh,551.8
2022,סלובקיה,Math,Male,High,MaleHigh,539.5
2025,סלובקיה,Math,Male,High,MaleHigh,537.6
2006,סלובקיה,Math,Male,Low,MaleLow,471.3
2009,סלובקיה,Math,Male,Low,MaleLow,470.6
2012,סלובקיה,Math,Male,Low,MaleLow,451.5
2015,סלובקיה,Math,Male,Low,MaleLow,455.1
2018,סלובקיה,Math,Male,Low,MaleLow,456
2022,סלובקיה,Math,Male,Low,MaleLow,430.2
2025,סלובקיה,Math,Male,Low,MaleLow,444.4
2006,סלובקיה,Math,Male,Medium,MaleMedium,511.4
2009,סלובקיה,Math,Male,Medium,MaleMedium,505.5
2012,סלובקיה,Math,Male,Medium,MaleMedium,509.1
2015,סלובקיה,Math,Male,Medium,MaleMedium,485.6
2018,סלובקיה,Math,Male,Medium,MaleMedium,505.7
2022,סלובקיה,Math,Male,Medium,MaleMedium,486.3
2025,סלובקיה,Math,Male,Medium,MaleMedium,496.8
2006,סלובקיה,Reading,Female,0,Female,487.8
2009,סלובקיה,Reading,Female,0,Female,502.9
2012,סלובקיה,Reading,Female,0,Female,483.3
2015,סלובקיה,Reading,Female,0,Female,470.9
2018,סלובקיה,Reading,Female,0,Female,475.1
2022,סלובקיה,Reading,Female,0,Female,462.5
2025,סלובקיה,Reading,Female,0,Female,466.2
2006,סלובקיה,Reading,Female,High,FemaleHigh,545.7
2009,סלובקיה,Reading,Female,High,FemaleHigh,556.4
2012,סלובקיה,Reading,Female,High,FemaleHigh,554.7
2015,סלובקיה,Reading,Female,High,FemaleHigh,529.7
2018,סלובקיה,Reading,Female,High,FemaleHigh,533.2
2022,סלובקיה,Reading,Female,High,FemaleHigh,524.1
2025,סלובקיה,Reading,Female,High,FemaleHigh,519.3
2006,סלובקיה,Reading,Female,Low,FemaleLow,461
2009,סלובקיה,Reading,Female,Low,FemaleLow,476.3
2012,סלובקיה,Reading,Female,Low,FemaleLow,448.6
2015,סלובקיה,Reading,Female,Low,FemaleLow,437
2018,סלובקיה,Reading,Female,Low,FemaleLow,443.3
2022,סלובקיה,Reading,Female,Low,FemaleLow,432.1
2025,סלובקיה,Reading,Female,Low,FemaleLow,437.7
2006,סלובקיה,Reading,Female,Medium,FemaleMedium,504.5
2009,סלובקיה,Reading,Female,Medium,FemaleMedium,517.8
2012,סלובקיה,Reading,Female,Medium,FemaleMedium,506.4
2015,סלובקיה,Reading,Female,Medium,FemaleMedium,485
2018,סלובקיה,Reading,Female,Medium,FemaleMedium,494.8
2022,סלובקיה,Reading,Female,Medium,FemaleMedium,485.7
2025,סלובקיה,Reading,Female,Medium,FemaleMedium,487.5
2006,סלובקיה,Reading,0,0,General,466.3
2009,סלובקיה,Reading,0,0,General,477.4
2012,סלובקיה,Reading,0,0,General,462.8
2015,סלובקיה,Reading,0,0,General,452.5
2018,סלובקיה,Reading,0,0,General,458
2022,סלובקיה,Reading,0,0,General,446.9
2025,סלובקיה,Reading,0,0,General,448
2006,סלובקיה,Reading,0,High,GeneralHigh,521.5
2009,סלובקיה,Reading,0,High,GeneralHigh,530
2012,סלובקיה,Reading,0,High,GeneralHigh,533.2
2015,סלובקיה,Reading,0,High,GeneralHigh,510.5
2018,סלובקיה,Reading,0,High,GeneralHigh,516.9
2022,סלובקיה,Reading,0,High,GeneralHigh,511.1
2025,סלובקיה,Reading,0,High,GeneralHigh,502.7
2006,סלובקיה,Reading,0,Low,GeneralLow,439.1
2009,סלובקיה,Reading,0,Low,GeneralLow,452
2012,סלובקיה,Reading,0,Low,GeneralLow,428.7
2015,סלובקיה,Reading,0,Low,GeneralLow,422.8
2018,סלובקיה,Reading,0,Low,GeneralLow,427.6
2022,סלובקיה,Reading,0,Low,GeneralLow,416.7
2025,סלובקיה,Reading,0,Low,GeneralLow,420.7
2006,סלובקיה,Reading,0,Medium,GeneralMedium,481.4
2009,סלובקיה,Reading,0,Medium,GeneralMedium,490.2
2012,סלובקיה,Reading,0,Medium,GeneralMedium,485.3
2015,סלובקיה,Reading,0,Medium,GeneralMedium,462.7
2018,סלובקיה,Reading,0,Medium,GeneralMedium,474.2
2022,סלובקיה,Reading,0,Medium,GeneralMedium,467.2
2025,סלובקיה,Reading,0,Medium,GeneralMedium,467.9
2006,סלובקיה,Reading,Male,0,Male,446.1
2009,סלובקיה,Reading,Male,0,Male,451.6
2012,סלובקיה,Reading,Male,0,Male,444.1
2015,סלובקיה,Reading,Male,0,Male,435.2
2018,סלובקיה,Reading,Male,0,Male,440.7
2022,סלובקיה,Reading,Male,0,Male,432.9
2025,סלובקיה,Reading,Male,0,Male,429
2006,סלובקיה,Reading,Male,High,MaleHigh,501.3
2009,סלובקיה,Reading,Male,High,MaleHigh,507.4
2012,סלובקיה,Reading,Male,High,MaleHigh,513.3
2015,סלובקיה,Reading,Male,High,MaleHigh,490.4
2018,סלובקיה,Reading,Male,High,MaleHigh,500.1
2022,סלובקיה,Reading,Male,High,MaleHigh,498.9
2025,סלובקיה,Reading,Male,High,MaleHigh,485.6
2006,סלובקיה,Reading,Male,Low,MaleLow,416.9
2009,סלובקיה,Reading,Male,Low,MaleLow,427.1
2012,סלובקיה,Reading,Male,Low,MaleLow,410.3
2015,סלובקיה,Reading,Male,Low,MaleLow,409.8
2018,סלובקיה,Reading,Male,Low,MaleLow,411.8
2022,סלובקיה,Reading,Male,Low,MaleLow,402.6
2025,סלובקיה,Reading,Male,Low,MaleLow,401.2
2006,סלובקיה,Reading,Male,Medium,MaleMedium,460.5
2009,סלובקיה,Reading,Male,Medium,MaleMedium,458.8
2012,סלובקיה,Reading,Male,Medium,MaleMedium,466.4
2015,סלובקיה,Reading,Male,Medium,MaleMedium,442.3
2018,סלובקיה,Reading,Male,Medium,MaleMedium,453.1
2022,סלובקיה,Reading,Male,Medium,MaleMedium,451.7
2025,סלובקיה,Reading,Male,Medium,MaleMedium,448.6
2006,סלובקיה,Science,Female,0,Female,485.2
2009,סלובקיה,Science,Female,0,Female,490.5
2012,סלובקיה,Science,Female,0,Female,467.4
2015,סלובקיה,Science,Female,0,Female,461.2
2018,סלובקיה,Science,Female,0,Female,466.8
2022,סלובקיה,Science,Female,0,Female,465.7
2025,סלובקיה,Science,Female,0,Female,477.4
2006,סלובקיה,Science,Female,High,FemaleHigh,542.4
2009,סלובקיה,Science,Female,High,FemaleHigh,547.6
2012,סלובקיה,Science,Female,High,FemaleHigh,538.9
2015,סלובקיה,Science,Female,High,FemaleHigh,519.1
2018,סלובקיה,Science,Female,High,FemaleHigh,524.5
2022,סלובקיה,Science,Female,High,FemaleHigh,537.5
2025,סלובקיה,Science,Female,High,FemaleHigh,537.2
2006,סלובקיה,Science,Female,Low,FemaleLow,458.8
2009,סלובקיה,Science,Female,Low,FemaleLow,463.8
2012,סלובקיה,Science,Female,Low,FemaleLow,432.9
2015,סלובקיה,Science,Female,Low,FemaleLow,427.9
2018,סלובקיה,Science,Female,Low,FemaleLow,435.3
2022,סלובקיה,Science,Female,Low,FemaleLow,428.5
2025,סלובקיה,Science,Female,Low,FemaleLow,446.2
2006,סלובקיה,Science,Female,Medium,FemaleMedium,502
2009,סלובקיה,Science,Female,Medium,FemaleMedium,503.8
2012,סלובקיה,Science,Female,Medium,FemaleMedium,490.9
2015,סלובקיה,Science,Female,Medium,FemaleMedium,474.3
2018,סלובקיה,Science,Female,Medium,FemaleMedium,485.5
2022,סלובקיה,Science,Female,Medium,FemaleMedium,494.7
2025,סלובקיה,Science,Female,Medium,FemaleMedium,500.1
2006,סלובקיה,Science,0,0,General,488.4
2009,סלובקיה,Science,0,0,General,490.3
2012,סלובקיה,Science,0,0,General,471.2
2015,סלובקיה,Science,0,0,General,460.8
2018,סלובקיה,Science,0,0,General,464
2022,סלובקיה,Science,0,0,General,462.3
2025,סלובקיה,Science,0,0,General,474.9
2006,סלובקיה,Science,0,High,GeneralHigh,544.7
2009,סלובקיה,Science,0,High,GeneralHigh,548.8
2012,סלובקיה,Science,0,High,GeneralHigh,543.6
2015,סלובקיה,Science,0,High,GeneralHigh,516.3
2018,סלובקיה,Science,0,High,GeneralHigh,523.6
2022,סלובקיה,Science,0,High,GeneralHigh,535.7
2025,סלובקיה,Science,0,High,GeneralHigh,536.2
2006,סלובקיה,Science,0,Low,GeneralLow,460.9
2009,סלובקיה,Science,0,Low,GeneralLow,464
2012,סלובקיה,Science,0,Low,GeneralLow,436.4
2015,סלובקיה,Science,0,Low,GeneralLow,432.1
2018,סלובקיה,Science,0,Low,GeneralLow,433.7
2022,סלובקיה,Science,0,Low,GeneralLow,425.8
2025,סלובקיה,Science,0,Low,GeneralLow,443.9
2006,סלובקיה,Science,0,Medium,GeneralMedium,503.1
2009,סלובקיה,Science,0,Medium,GeneralMedium,501.3
2012,סלובקיה,Science,0,Medium,GeneralMedium,494.9
2015,סלובקיה,Science,0,Medium,GeneralMedium,470.6
2018,סלובקיה,Science,0,Medium,GeneralMedium,479.6
2022,סלובקיה,Science,0,Medium,GeneralMedium,487.9
2025,סלובקיה,Science,0,Medium,GeneralMedium,497.4
2006,סלובקיה,Science,Male,0,Male,491.5
2009,סלובקיה,Science,Male,0,Male,490
2012,סלובקיה,Science,Male,0,Male,474.7
2015,סלובקיה,Science,Male,0,Male,460.4
2018,סלובקיה,Science,Male,0,Male,461.2
2022,סלובקיה,Science,Male,0,Male,459.2
2025,סלובקיה,Science,Male,0,Male,472.3
2006,סלובקיה,Science,Male,High,MaleHigh,546.7
2009,סלובקיה,Science,Male,High,MaleHigh,549.9
2012,סלובקיה,Science,Male,High,MaleHigh,547.9
2015,סלובקיה,Science,Male,High,MaleHigh,513.5
2018,סלובקיה,Science,Male,High,MaleHigh,522.6
2022,סלובקיה,Science,Male,High,MaleHigh,534.1
2025,סלובקיה,Science,Male,High,MaleHigh,535.1
2006,סלובקיה,Science,Male,Low,MaleLow,463.1
2009,סלובקיה,Science,Male,Low,MaleLow,464.2
2012,סלובקיה,Science,Male,Low,MaleLow,439.8
2015,סלובקיה,Science,Male,Low,MaleLow,435.9
2018,סלובקיה,Science,Male,Low,MaleLow,432.1
2022,סלובקיה,Science,Male,Low,MaleLow,423.3
2025,סלובקיה,Science,Male,Low,MaleLow,441.3
2006,סלובקיה,Science,Male,Medium,MaleMedium,504.2
2009,סלובקיה,Science,Male,Medium,MaleMedium,498.4
2012,סלובקיה,Science,Male,Medium,MaleMedium,498.4
2015,סלובקיה,Science,Male,Medium,MaleMedium,467.2
2018,סלובקיה,Science,Male,Medium,MaleMedium,473.5
2022,סלובקיה,Science,Male,Medium,MaleMedium,482.2
2025,סלובקיה,Science,Male,Medium,MaleMedium,494.8
2009,סעודיה,Math,Female,0,Female,424.3
2012,סעודיה,Math,Female,0,Female,436.4
2015,סעודיה,Math,Female,0,Female,430.7
2018,סעודיה,Math,Female,0,Female,439.3
2022,סעודיה,Math,Female,0,Female,434.7
2025,סעודיה,Math,Female,0,Female,450.6
2009,סעודיה,Math,Female,High,FemaleHigh,468.5
2012,סעודיה,Math,Female,High,FemaleHigh,462.8
2015,סעודיה,Math,Female,High,FemaleHigh,453.2
2018,סעודיה,Math,Female,High,FemaleHigh,481.2
2022,סעודיה,Math,Female,High,FemaleHigh,458.2
2025,סעודיה,Math,Female,High,FemaleHigh,472.3
2009,סעודיה,Math,Female,Low,FemaleLow,380.1
2012,סעודיה,Math,Female,Low,FemaleLow,392.4
2015,סעודיה,Math,Female,Low,FemaleLow,390.7
2018,סעודיה,Math,Female,Low,FemaleLow,386.9
2022,סעודיה,Math,Female,Low,FemaleLow,392.2
2025,סעודיה,Math,Female,Low,FemaleLow,399.5
2009,סעודיה,Math,Female,Medium,FemaleMedium,425.9
2012,סעודיה,Math,Female,Medium,FemaleMedium,439.3
2015,סעודיה,Math,Female,Medium,FemaleMedium,422.8
2018,סעודיה,Math,Female,Medium,FemaleMedium,435.3
2022,סעודיה,Math,Female,Medium,FemaleMedium,440.5
2025,סעודיה,Math,Female,Medium,FemaleMedium,445.7
2009,סעודיה,Math,0,0,General,421.1
2012,סעודיה,Math,0,0,General,434
2015,סעודיה,Math,0,0,General,427.5
2018,סעודיה,Math,0,0,General,434.9
2022,סעודיה,Math,0,0,General,431.1
2025,סעודיה,Math,0,0,General,452.6
2009,סעודיה,Math,0,High,GeneralHigh,467.3
2012,סעודיה,Math,0,High,GeneralHigh,464.4
2015,סעודיה,Math,0,High,GeneralHigh,450.6
2018,סעודיה,Math,0,High,GeneralHigh,481.2
2022,סעודיה,Math,0,High,GeneralHigh,457.1
2025,סעודיה,Math,0,High,GeneralHigh,478.9
2009,סעודיה,Math,0,Low,GeneralLow,375.9
2012,סעודיה,Math,0,Low,GeneralLow,388.9
2015,סעודיה,Math,0,Low,GeneralLow,386.8
2018,סעודיה,Math,0,Low,GeneralLow,380.6
2022,סעודיה,Math,0,Low,GeneralLow,386.4
2025,סעודיה,Math,0,Low,GeneralLow,400.9
2009,סעודיה,Math,0,Medium,GeneralMedium,423.2
2012,סעודיה,Math,0,Medium,GeneralMedium,433.9
2015,סעודיה,Math,0,Medium,GeneralMedium,420.5
2018,סעודיה,Math,0,Medium,GeneralMedium,432.4
2022,סעודיה,Math,0,Medium,GeneralMedium,439.7
2025,סעודיה,Math,0,Medium,GeneralMedium,451.3
2009,סעודיה,Math,Male,0,Male,417.9
2012,סעודיה,Math,Male,0,Male,431.5
2015,סעודיה,Math,Male,0,Male,424.2
2018,סעודיה,Math,Male,0,Male,430.5
2022,סעודיה,Math,Male,0,Male,427.7
2025,סעודיה,Math,Male,0,Male,454.6
2009,סעודיה,Math,Male,High,MaleHigh,466.2
2012,סעודיה,Math,Male,High,MaleHigh,466
2015,סעודיה,Math,Male,High,MaleHigh,447.9
2018,סעודיה,Math,Male,High,MaleHigh,481.1
2022,סעודיה,Math,Male,High,MaleHigh,455.9
2025,סעודיה,Math,Male,High,MaleHigh,485.9
2009,סעודיה,Math,Male,Low,MaleLow,371.9
2012,סעודיה,Math,Male,Low,MaleLow,385.1
2015,סעודיה,Math,Male,Low,MaleLow,382.5
2018,סעודיה,Math,Male,Low,MaleLow,374.6
2022,סעודיה,Math,Male,Low,MaleLow,380.9
2025,סעודיה,Math,Male,Low,MaleLow,402.4
2009,סעודיה,Math,Male,Medium,MaleMedium,420.3
2012,סעודיה,Math,Male,Medium,MaleMedium,428.2
2015,סעודיה,Math,Male,Medium,MaleMedium,418.3
2018,סעודיה,Math,Male,Medium,MaleMedium,429.4
2022,סעודיה,Math,Male,Medium,MaleMedium,438.9
2025,סעודיה,Math,Male,Medium,MaleMedium,457.5
2009,סעודיה,Reading,Female,0,Female,460.4
2012,סעודיה,Reading,Female,0,Female,468.8
2015,סעודיה,Reading,Female,0,Female,458.3
2018,סעודיה,Reading,Female,0,Female,459.8
2022,סעודיה,Reading,Female,0,Female,440.2
2025,סעודיה,Reading,Female,0,Female,451.4
2009,סעודיה,Reading,Female,High,FemaleHigh,500
2012,סעודיה,Reading,Female,High,FemaleHigh,493
2015,סעודיה,Reading,Female,High,FemaleHigh,482.7
2018,סעודיה,Reading,Female,High,FemaleHigh,501.2
2022,סעודיה,Reading,Female,High,FemaleHigh,466.6
2025,סעודיה,Reading,Female,High,FemaleHigh,474
2009,סעודיה,Reading,Female,Low,FemaleLow,418.4
2012,סעודיה,Reading,Female,Low,FemaleLow,430.1
2015,סעודיה,Reading,Female,Low,FemaleLow,416.3
2018,סעודיה,Reading,Female,Low,FemaleLow,408.5
2022,סעודיה,Reading,Female,Low,FemaleLow,392.1
2025,סעודיה,Reading,Female,Low,FemaleLow,398.8
2009,סעודיה,Reading,Female,Medium,FemaleMedium,463.6
2012,סעודיה,Reading,Female,Medium,FemaleMedium,471
2015,סעודיה,Reading,Female,Medium,FemaleMedium,449.5
2018,סעודיה,Reading,Female,Medium,FemaleMedium,457.3
2022,סעודיה,Reading,Female,Medium,FemaleMedium,448.5
2025,סעודיה,Reading,Female,Medium,FemaleMedium,449.6
2009,סעודיה,Reading,0,0,General,431.4
2012,סעודיה,Reading,0,0,General,441.7
2015,סעודיה,Reading,0,0,General,433.5
2018,סעודיה,Reading,0,0,General,431.8
2022,סעודיה,Reading,0,0,General,417.3
2025,סעודיה,Reading,0,0,General,432.8
2009,סעודיה,Reading,0,High,GeneralHigh,474.4
2012,סעודיה,Reading,0,High,GeneralHigh,469.2
2015,סעודיה,Reading,0,High,GeneralHigh,459.3
2018,סעודיה,Reading,0,High,GeneralHigh,478.5
2022,סעודיה,Reading,0,High,GeneralHigh,444.6
2025,סעודיה,Reading,0,High,GeneralHigh,461.4
2009,סעודיה,Reading,0,Low,GeneralLow,387.2
2012,סעודיה,Reading,0,Low,GeneralLow,401.3
2015,סעודיה,Reading,0,Low,GeneralLow,390.9
2018,סעודיה,Reading,0,Low,GeneralLow,377.5
2022,סעודיה,Reading,0,Low,GeneralLow,369
2025,סעודיה,Reading,0,Low,GeneralLow,382.8
2009,סעודיה,Reading,0,Medium,GeneralMedium,435.1
2012,סעודיה,Reading,0,Medium,GeneralMedium,442.6
2015,סעודיה,Reading,0,Medium,GeneralMedium,424.7
2018,סעודיה,Reading,0,Medium,GeneralMedium,430.2
2022,סעודיה,Reading,0,Medium,GeneralMedium,428.8
2025,סעודיה,Reading,0,Medium,GeneralMedium,435.8
2009,סעודיה,Reading,Male,0,Male,402.4
2012,סעודיה,Reading,Male,0,Male,413.5
2015,סעודיה,Reading,Male,0,Male,408.1
2018,סעודיה,Reading,Male,0,Male,403
2022,סעודיה,Reading,Male,0,Male,395.7
2025,סעודיה,Reading,Male,0,Male,414.3
2009,סעודיה,Reading,Male,High,MaleHigh,449.2
2012,סעודיה,Reading,Male,High,MaleHigh,445.7
2015,סעודיה,Reading,Male,High,MaleHigh,434.7
2018,סעודיה,Reading,Male,High,MaleHigh,453.2
2022,סעודיה,Reading,Male,High,MaleHigh,422.1
2025,סעודיה,Reading,Male,High,MaleHigh,448
2009,סעודיה,Reading,Male,Low,MaleLow,357.6
2012,סעודיה,Reading,Male,Low,MaleLow,369.5
2015,סעודיה,Reading,Male,Low,MaleLow,363.4
2018,סעודיה,Reading,Male,Low,MaleLow,348.2
2022,סעודיה,Reading,Male,Low,MaleLow,346.6
2025,סעודיה,Reading,Male,Low,MaleLow,365.1
2009,סעודיה,Reading,Male,Medium,MaleMedium,405.2
2012,סעודיה,Reading,Male,Medium,MaleMedium,411.7
2015,סעודיה,Reading,Male,Medium,MaleMedium,399.8
2018,סעודיה,Reading,Male,Medium,MaleMedium,402.2
2022,סעודיה,Reading,Male,Medium,MaleMedium,409.8
2025,סעודיה,Reading,Male,Medium,MaleMedium,420.5
2009,סעודיה,Science,Female,0,Female,453.5
2012,סעודיה,Science,Female,0,Female,462
2015,סעודיה,Science,Female,0,Female,449.3
2018,סעודיה,Science,Female,0,Female,446.5
2022,סעודיה,Science,Female,0,Female,440.7
2025,סעודיה,Science,Female,0,Female,463.5
2009,סעודיה,Science,Female,High,FemaleHigh,491.7
2012,סעודיה,Science,Female,High,FemaleHigh,488.3
2015,סעודיה,Science,Female,High,FemaleHigh,472.1
2018,סעודיה,Science,Female,High,FemaleHigh,485.3
2022,סעודיה,Science,Female,High,FemaleHigh,466.4
2025,סעודיה,Science,Female,High,FemaleHigh,486.4
2009,סעודיה,Science,Female,Low,FemaleLow,413.2
2012,סעודיה,Science,Female,Low,FemaleLow,420.8
2015,סעודיה,Science,Female,Low,FemaleLow,410
2018,סעודיה,Science,Female,Low,FemaleLow,397.3
2022,סעודיה,Science,Female,Low,FemaleLow,391.7
2025,סעודיה,Science,Female,Low,FemaleLow,405
2009,סעודיה,Science,Female,Medium,FemaleMedium,456.4
2012,סעודיה,Science,Female,Medium,FemaleMedium,463.7
2015,סעודיה,Science,Female,Medium,FemaleMedium,441.3
2018,סעודיה,Science,Female,Medium,FemaleMedium,443.8
2022,סעודיה,Science,Female,Medium,FemaleMedium,448.9
2025,סעודיה,Science,Female,Medium,FemaleMedium,461.2
2009,סעודיה,Science,0,0,General,437.8
2012,סעודיה,Science,0,0,General,448.4
2015,סעודיה,Science,0,0,General,436.7
2018,סעודיה,Science,0,0,General,433.6
2022,סעודיה,Science,0,0,General,432
2025,סעודיה,Science,0,0,General,458.1
2009,סעודיה,Science,0,High,GeneralHigh,478.9
2012,סעודיה,Science,0,High,GeneralHigh,479.3
2015,סעודיה,Science,0,High,GeneralHigh,460.6
2018,סעודיה,Science,0,High,GeneralHigh,477.4
2022,סעודיה,Science,0,High,GeneralHigh,458.5
2025,סעודיה,Science,0,High,GeneralHigh,486
2009,סעודיה,Science,0,Low,GeneralLow,395.7
2012,סעודיה,Science,0,Low,GeneralLow,404.1
2015,סעודיה,Science,0,Low,GeneralLow,396.2
2018,סעודיה,Science,0,Low,GeneralLow,381.3
2022,סעודיה,Science,0,Low,GeneralLow,383.7
2025,סעודיה,Science,0,Low,GeneralLow,402.7
2009,סעודיה,Science,0,Medium,GeneralMedium,441.1
2012,סעודיה,Science,0,Medium,GeneralMedium,447.8
2015,סעודיה,Science,0,Medium,GeneralMedium,429.1
2018,סעודיה,Science,0,Medium,GeneralMedium,432.2
2022,סעודיה,Science,0,Medium,GeneralMedium,442.6
2025,סעודיה,Science,0,Medium,GeneralMedium,459.9
2009,סעודיה,Science,Male,0,Male,422.1
2012,סעודיה,Science,Male,0,Male,434.1
2015,סעודיה,Science,Male,0,Male,423.8
2018,סעודיה,Science,Male,0,Male,420.4
2022,סעודיה,Science,Male,0,Male,423.7
2025,סעודיה,Science,Male,0,Male,452.6
2009,סעודיה,Science,Male,High,MaleHigh,466.2
2012,סעודיה,Science,Male,High,MaleHigh,470.5
2015,סעודיה,Science,Male,High,MaleHigh,448.5
2018,סעודיה,Science,Male,High,MaleHigh,468.5
2022,סעודיה,Science,Male,High,MaleHigh,450.4
2025,סעודיה,Science,Male,High,MaleHigh,485.5
2009,סעודיה,Science,Male,Low,MaleLow,379
2012,סעודיה,Science,Male,Low,MaleLow,385.6
2015,סעודיה,Science,Male,Low,MaleLow,381.2
2018,סעודיה,Science,Male,Low,MaleLow,366.2
2022,סעודיה,Science,Male,Low,MaleLow,375.9
2025,סעודיה,Science,Male,Low,MaleLow,400.1
2009,סעודיה,Science,Male,Medium,MaleMedium,425.1
2012,סעודיה,Science,Male,Medium,MaleMedium,430.5
2015,סעודיה,Science,Male,Medium,MaleMedium,416.8
2018,סעודיה,Science,Male,Medium,MaleMedium,420.3
2022,סעודיה,Science,Male,Medium,MaleMedium,436.6
2025,סעודיה,Science,Male,Medium,MaleMedium,458.6
2006,ספרד,Math,Female,0,Female,475.6
2009,ספרד,Math,Female,0,Female,473.9
2012,ספרד,Math,Female,0,Female,476
2015,ספרד,Math,Female,0,Female,477.9
2018,ספרד,Math,Female,0,Female,478.1
2022,ספרד,Math,Female,0,Female,468
2006,ספרד,Math,Female,High,FemaleHigh,519.5
2009,ספרד,Math,Female,High,FemaleHigh,526.8
2012,ספרד,Math,Female,High,FemaleHigh,522.6
2015,ספרד,Math,Female,High,FemaleHigh,522.2
2018,ספרד,Math,Female,High,FemaleHigh,521.6
2022,ספרד,Math,Female,High,FemaleHigh,511.5
2006,ספרד,Math,Female,Low,FemaleLow,454.9
2009,ספרד,Math,Female,Low,FemaleLow,448.9
2012,ספרד,Math,Female,Low,FemaleLow,449.9
2015,ספרד,Math,Female,Low,FemaleLow,456.3
2018,ספרד,Math,Female,Low,FemaleLow,449.2
2022,ספרד,Math,Female,Low,FemaleLow,434.1
2006,ספרד,Math,Female,Medium,FemaleMedium,490.5
2009,ספרד,Math,Female,Medium,FemaleMedium,490.5
2012,ספרד,Math,Female,Medium,FemaleMedium,488.7
2015,ספרד,Math,Female,Medium,FemaleMedium,496.3
2018,ספרד,Math,Female,Medium,FemaleMedium,485.1
2022,ספרד,Math,Female,Medium,FemaleMedium,473
2006,ספרד,Math,0,0,General,480
2009,ספרד,Math,0,0,General,483.5
2012,ספרד,Math,0,0,General,484.3
2015,ספרד,Math,0,0,General,485.8
2018,ספרד,Math,0,0,General,481.4
2022,ספרד,Math,0,0,General,473.1
2025,ספרד,Math,0,0,General,457.4
2006,ספרד,Math,0,High,GeneralHigh,524
2009,ספרד,Math,0,High,GeneralHigh,533.4
2012,ספרד,Math,0,High,GeneralHigh,533.7
2015,ספרד,Math,0,High,GeneralHigh,533
2018,ספרד,Math,0,High,GeneralHigh,525.1
2022,ספרד,Math,0,High,GeneralHigh,516.4
2025,ספרד,Math,0,High,GeneralHigh,495.1
2006,ספרד,Math,0,Low,GeneralLow,458
2009,ספרד,Math,0,Low,GeneralLow,459.7
2012,ספרד,Math,0,Low,GeneralLow,457.3
2015,ספרד,Math,0,Low,GeneralLow,463.6
2018,ספרד,Math,0,Low,GeneralLow,453.8
2022,ספרד,Math,0,Low,GeneralLow,440.6
2025,ספרד,Math,0,Low,GeneralLow,431.4
2006,ספרד,Math,0,Medium,GeneralMedium,494.9
2009,ספרד,Math,0,Medium,GeneralMedium,498.5
2012,ספרד,Math,0,Medium,GeneralMedium,496.7
2015,ספרד,Math,0,Medium,GeneralMedium,504.9
2018,ספרד,Math,0,Medium,GeneralMedium,488.6
2022,ספרד,Math,0,Medium,GeneralMedium,478.5
2025,ספרד,Math,0,Medium,GeneralMedium,468
2006,ספרד,Math,Male,0,Male,484.2
2009,ספרד,Math,Male,0,Male,492.8
2012,ספרד,Math,Male,0,Male,492.4
2015,ספרד,Math,Male,0,Male,493.8
2018,ספרד,Math,Male,0,Male,484.6
2022,ספרד,Math,Male,0,Male,478.2
2006,ספרד,Math,Male,High,MaleHigh,528.1
2009,ספרד,Math,Male,High,MaleHigh,539.5
2012,ספרד,Math,Male,High,MaleHigh,544.6
2015,ספרד,Math,Male,High,MaleHigh,544.1
2018,ספרד,Math,Male,High,MaleHigh,528.7
2022,ספרד,Math,Male,High,MaleHigh,521.2
2006,ספרד,Math,Male,Low,MaleLow,461.1
2009,ספרד,Math,Male,Low,MaleLow,470.5
2012,ספרד,Math,Male,Low,MaleLow,464.6
2015,ספרד,Math,Male,Low,MaleLow,471
2018,ספרד,Math,Male,Low,MaleLow,458.2
2022,ספרד,Math,Male,Low,MaleLow,447.1
2006,ספרד,Math,Male,Medium,MaleMedium,499
2009,ספרד,Math,Male,Medium,MaleMedium,506.1
2012,ספרד,Math,Male,Medium,MaleMedium,504.2
2015,ספרד,Math,Male,Medium,MaleMedium,513.6
2018,ספרד,Math,Male,Medium,MaleMedium,492.1
2022,ספרד,Math,Male,Medium,MaleMedium,484
2006,ספרד,Reading,Female,0,Female,478.7
2009,ספרד,Reading,Female,0,Female,495.7
2012,ספרד,Reading,Female,0,Female,502.5
2015,ספרד,Reading,Female,0,Female,505.7
2022,ספרד,Reading,Female,0,Female,487.1
2006,ספרד,Reading,Female,High,FemaleHigh,517.5
2009,ספרד,Reading,Female,High,FemaleHigh,543.8
2012,ספרד,Reading,Female,High,FemaleHigh,545.8
2015,ספרד,Reading,Female,High,FemaleHigh,547.5
2022,ספרד,Reading,Female,High,FemaleHigh,529.7
2006,ספרד,Reading,Female,Low,FemaleLow,459.1
2009,ספרד,Reading,Female,Low,FemaleLow,472.1
2012,ספרד,Reading,Female,Low,FemaleLow,479.3
2015,ספרד,Reading,Female,Low,FemaleLow,484.1
2022,ספרד,Reading,Female,Low,FemaleLow,455.7
2006,ספרד,Reading,Female,Medium,FemaleMedium,495.2
2009,ספרד,Reading,Female,Medium,FemaleMedium,513.8
2012,ספרד,Reading,Female,Medium,FemaleMedium,514.3
2015,ספרד,Reading,Female,Medium,FemaleMedium,527.1
2022,ספרד,Reading,Female,Medium,FemaleMedium,492.6
2006,ספרד,Reading,0,0,General,460.8
2009,ספרד,Reading,0,0,General,481
2012,ספרד,Reading,0,0,General,487.9
2015,ספרד,Reading,0,0,General,495.6
2022,ספרד,Reading,0,0,General,474.3
2025,ספרד,Reading,0,0,General,451.4
2006,ספרד,Reading,0,High,GeneralHigh,498
2009,ספרד,Reading,0,High,GeneralHigh,528.3
2012,ספרד,Reading,0,High,GeneralHigh,533.5
2015,ספרד,Reading,0,High,GeneralHigh,540.4
2022,ספרד,Reading,0,High,GeneralHigh,515.3
2025,ספרד,Reading,0,High,GeneralHigh,485.5
2006,ספרד,Reading,0,Low,GeneralLow,441.2
2009,ספרד,Reading,0,Low,GeneralLow,458
2012,ספרד,Reading,0,Low,GeneralLow,463.9
2015,ספרד,Reading,0,Low,GeneralLow,474.7
2022,ספרד,Reading,0,Low,GeneralLow,444.8
2025,ספרד,Reading,0,Low,GeneralLow,429.9
2006,ספרד,Reading,0,Medium,GeneralMedium,476.1
2009,ספרד,Reading,0,Medium,GeneralMedium,497.7
2012,ספרד,Reading,0,Medium,GeneralMedium,500.1
2015,ספרד,Reading,0,Medium,GeneralMedium,514.6
2022,ספרד,Reading,0,Medium,GeneralMedium,480.2
2025,ספרד,Reading,0,Medium,GeneralMedium,462
2006,ספרד,Reading,Male,0,Male,443.3
2009,ספרד,Reading,Male,0,Male,466.8
2012,ספרד,Reading,Male,0,Male,473.8
2015,ספרד,Reading,Male,0,Male,485.4
2022,ספרד,Reading,Male,0,Male,461.8
2006,ספרד,Reading,Male,High,MaleHigh,480.2
2009,ספרד,Reading,Male,High,MaleHigh,513.9
2012,ספרד,Reading,Male,High,MaleHigh,521.6
2015,ספרד,Reading,Male,High,MaleHigh,533
2022,ספרד,Reading,Male,High,MaleHigh,501.1
2006,ספרד,Reading,Male,Low,MaleLow,422.8
2009,ספרד,Reading,Male,Low,MaleLow,443.8
2012,ספרד,Reading,Male,Low,MaleLow,448.6
2015,ספרד,Reading,Male,Low,MaleLow,465.2
2022,ספרד,Reading,Male,Low,MaleLow,434.1
2006,ספרד,Reading,Male,Medium,MaleMedium,458.4
2009,ספרד,Reading,Male,Medium,MaleMedium,482.6
2012,ספרד,Reading,Male,Medium,MaleMedium,486.9
2015,ספרד,Reading,Male,Medium,MaleMedium,502.2
2022,ספרד,Reading,Male,Medium,MaleMedium,467.7
2006,ספרד,Science,Female,0,Female,486.2
2009,ספרד,Science,Female,0,Female,484.6
2012,ספרד,Science,Female,0,Female,492.7
2015,ספרד,Science,Female,0,Female,489.5
2018,ספרד,Science,Female,0,Female,482
2022,ספרד,Science,Female,0,Female,481.9
2006,ספרד,Science,Female,High,FemaleHigh,532.5
2009,ספרד,Science,Female,High,FemaleHigh,531.6
2012,ספרד,Science,Female,High,FemaleHigh,534.1
2015,ספרד,Science,Female,High,FemaleHigh,531.4
2018,ספרד,Science,Female,High,FemaleHigh,522.2
2022,ספרד,Science,Female,High,FemaleHigh,522.3
2006,ספרד,Science,Female,Low,FemaleLow,463.4
2009,ספרד,Science,Female,Low,FemaleLow,462.1
2012,ספרד,Science,Female,Low,FemaleLow,469.3
2015,ספרד,Science,Female,Low,FemaleLow,467.9
2018,ספרד,Science,Female,Low,FemaleLow,455.3
2022,ספרד,Science,Female,Low,FemaleLow,450.4
2006,ספרד,Science,Female,Medium,FemaleMedium,504.3
2009,ספרד,Science,Female,Medium,FemaleMedium,500.5
2012,ספרד,Science,Female,Medium,FemaleMedium,506.3
2015,ספרד,Science,Female,Medium,FemaleMedium,510.5
2018,ספרד,Science,Female,Medium,FemaleMedium,489
2022,ספרד,Science,Female,Medium,FemaleMedium,486.8
2006,ספרד,Science,0,0,General,488.4
2009,ספרד,Science,0,0,General,488.3
2012,ספרד,Science,0,0,General,496.4
2015,ספרד,Science,0,0,General,492.8
2018,ספרד,Science,0,0,General,483.3
2022,ספרד,Science,0,0,General,484.5
2025,ספרד,Science,0,0,General,477.1
2006,ספרד,Science,0,High,GeneralHigh,534.1
2009,ספרד,Science,0,High,GeneralHigh,534.5
2012,ספרד,Science,0,High,GeneralHigh,540
2015,ספרד,Science,0,High,GeneralHigh,539
2018,ספרד,Science,0,High,GeneralHigh,523.3
2022,ספרד,Science,0,High,GeneralHigh,523.9
2025,ספרד,Science,0,High,GeneralHigh,514
2006,ספרד,Science,0,Low,GeneralLow,464.8
2009,ספרד,Science,0,Low,GeneralLow,466
2012,ספרד,Science,0,Low,GeneralLow,472.6
2015,ספרד,Science,0,Low,GeneralLow,471.1
2018,ספרד,Science,0,Low,GeneralLow,458.5
2022,ספרד,Science,0,Low,GeneralLow,455.2
2025,ספרד,Science,0,Low,GeneralLow,451.9
2006,ספרד,Science,0,Medium,GeneralMedium,505.9
2009,ספרד,Science,0,Medium,GeneralMedium,503.6
2012,ספרד,Science,0,Medium,GeneralMedium,509.8
2015,ספרד,Science,0,Medium,GeneralMedium,512.5
2018,ספרד,Science,0,Medium,GeneralMedium,489.9
2022,ספרד,Science,0,Medium,GeneralMedium,489
2025,ספרד,Science,0,Medium,GeneralMedium,489.2
2006,ספרד,Science,Male,0,Male,490.6
2009,ספרד,Science,Male,0,Male,491.8
2012,ספרד,Science,Male,0,Male,500.1
2015,ספרד,Science,Male,0,Male,496.1
2018,ספרד,Science,Male,0,Male,484.4
2022,ספרד,Science,Male,0,Male,487.1
2006,ספרד,Science,Male,High,MaleHigh,535.5
2009,ספרד,Science,Male,High,MaleHigh,537.3
2012,ספרד,Science,Male,High,MaleHigh,545.7
2015,ספרד,Science,Male,High,MaleHigh,546.8
2018,ספרד,Science,Male,High,MaleHigh,524.4
2022,ספרד,Science,Male,High,MaleHigh,525.4
2006,ספרד,Science,Male,Low,MaleLow,466.2
2009,ספרד,Science,Male,Low,MaleLow,469.8
2012,ספרד,Science,Male,Low,MaleLow,475.8
2015,ספרד,Science,Male,Low,MaleLow,474.2
2018,ספרד,Science,Male,Low,MaleLow,461.6
2022,ספרד,Science,Male,Low,MaleLow,459.8
2006,ספרד,Science,Male,Medium,MaleMedium,507.5
2009,ספרד,Science,Male,Medium,MaleMedium,506.6
2012,ספרד,Science,Male,Medium,MaleMedium,513.1
2015,ספרד,Science,Male,Medium,MaleMedium,514.5
2018,ספרד,Science,Male,Medium,MaleMedium,490.7
2022,ספרד,Science,Male,Medium,MaleMedium,491.2
2015,ספרד (איזורים),Math,Female,0,Female,479.5
2015,ספרד (איזורים),Math,Female,High,FemaleHigh,528.9
2015,ספרד (איזורים),Math,Female,Low,FemaleLow,457.4
2015,ספרד (איזורים),Math,Female,Medium,FemaleMedium,497.2
2015,ספרד (איזורים),Math,0,0,General,486.2
2015,ספרד (איזורים),Math,0,High,GeneralHigh,534.4
2015,ספרד (איזורים),Math,0,Low,GeneralLow,464.5
2015,ספרד (איזורים),Math,0,Medium,GeneralMedium,504.5
2015,ספרד (איזורים),Math,Male,0,Male,492.8
2015,ספרד (איזורים),Math,Male,High,MaleHigh,539.9
2015,ספרד (איזורים),Math,Male,Low,MaleLow,471.6
2015,ספרד (איזורים),Math,Male,Medium,MaleMedium,511.2
2015,ספרד (איזורים),Reading,Female,0,Female,505.9
2015,ספרד (איזורים),Reading,Female,High,FemaleHigh,552.6
2015,ספרד (איזורים),Reading,Female,Low,FemaleLow,484.4
2015,ספרד (איזורים),Reading,Female,Medium,FemaleMedium,524.7
2015,ספרד (איזורים),Reading,0,0,General,497.2
2015,ספרד (איזורים),Reading,0,High,GeneralHigh,543.6
2015,ספרד (איזורים),Reading,0,Low,GeneralLow,476.3
2015,ספרד (איזורים),Reading,0,Medium,GeneralMedium,515
2015,ספרד (איזורים),Reading,Male,0,Male,488.7
2015,ספרד (איזורים),Reading,Male,High,MaleHigh,534.5
2015,ספרד (איזורים),Reading,Male,Low,MaleLow,468.3
2015,ספרד (איזורים),Reading,Male,Medium,MaleMedium,506.2
2015,ספרד (איזורים),Science,Female,0,Female,490
2015,ספרד (איזורים),Science,Female,High,FemaleHigh,540
2015,ספרד (איזורים),Science,Female,Low,FemaleLow,467.3
2015,ספרד (איזורים),Science,Female,Medium,FemaleMedium,509.4
2015,ספרד (איזורים),Science,0,0,General,494.7
2015,ספרד (איזורים),Science,0,High,GeneralHigh,543.6
2015,ספרד (איזורים),Science,0,Low,GeneralLow,472.7
2015,ספרד (איזורים),Science,0,Medium,GeneralMedium,513.5
2015,ספרד (איזורים),Science,Male,0,Male,499.3
2015,ספרד (איזורים),Science,Male,High,MaleHigh,547.3
2015,ספרד (איזורים),Science,Male,Low,MaleLow,478.1
2015,ספרד (איזורים),Science,Male,Medium,MaleMedium,517.3
2006,סרביה,Math,Female,0,Female,432.6
2009,סרביה,Math,Female,0,Female,436.6
2012,סרביה,Math,Female,0,Female,444.3
2018,סרביה,Math,Female,0,Female,446.8
2022,סרביה,Math,Female,0,Female,434.3
2025,סרביה,Math,Female,0,Female,416.7
2006,סרביה,Math,Female,High,FemaleHigh,475.5
2009,סרביה,Math,Female,High,FemaleHigh,475.5
2012,סרביה,Math,Female,High,FemaleHigh,495.2
2018,סרביה,Math,Female,High,FemaleHigh,502.3
2022,סרביה,Math,Female,High,FemaleHigh,481.9
2025,סרביה,Math,Female,High,FemaleHigh,462.2
2006,סרביה,Math,Female,Low,FemaleLow,407
2009,סרביה,Math,Female,Low,FemaleLow,415
2012,סרביה,Math,Female,Low,FemaleLow,423.9
2018,סרביה,Math,Female,Low,FemaleLow,425.3
2022,סרביה,Math,Female,Low,FemaleLow,410.8
2025,סרביה,Math,Female,Low,FemaleLow,396.7
2006,סרביה,Math,Female,Medium,FemaleMedium,445.9
2009,סרביה,Math,Female,Medium,FemaleMedium,438
2012,סרביה,Math,Female,Medium,FemaleMedium,462.1
2018,סרביה,Math,Female,Medium,FemaleMedium,458
2022,סרביה,Math,Female,Medium,FemaleMedium,447.3
2025,סרביה,Math,Female,Medium,FemaleMedium,436.1
2006,סרביה,Math,0,0,General,435.4
2009,סרביה,Math,0,0,General,442.4
2012,סרביה,Math,0,0,General,448.9
2018,סרביה,Math,0,0,General,448.3
2022,סרביה,Math,0,0,General,439.9
2025,סרביה,Math,0,0,General,416.7
2006,סרביה,Math,0,High,GeneralHigh,480.7
2009,סרביה,Math,0,High,GeneralHigh,483.7
2012,סרביה,Math,0,High,GeneralHigh,504.5
2018,סרביה,Math,0,High,GeneralHigh,503.3
2022,סרביה,Math,0,High,GeneralHigh,488.3
2025,סרביה,Math,0,High,GeneralHigh,466.3
2006,סרביה,Math,0,Low,GeneralLow,410.7
2009,סרביה,Math,0,Low,GeneralLow,417.2
2012,סרביה,Math,0,Low,GeneralLow,428.5
2018,סרביה,Math,0,Low,GeneralLow,426.4
2022,סרביה,Math,0,Low,GeneralLow,415.4
2025,סרביה,Math,0,Low,GeneralLow,397.8
2006,סרביה,Math,0,Medium,GeneralMedium,446
2009,סרביה,Math,0,Medium,GeneralMedium,442.8
2012,סרביה,Math,0,Medium,GeneralMedium,458.8
2018,סרביה,Math,0,Medium,GeneralMedium,461.1
2022,סרביה,Math,0,Medium,GeneralMedium,453.9
2025,סרביה,Math,0,Medium,GeneralMedium,438.8
2006,סרביה,Math,Male,0,Male,438.1
2009,סרביה,Math,Male,0,Male,448.1
2012,סרביה,Math,Male,0,Male,453.5
2018,סרביה,Math,Male,0,Male,449.7
2022,סרביה,Math,Male,0,Male,445.3
2025,סרביה,Math,Male,0,Male,416.8
2006,סרביה,Math,Male,High,MaleHigh,486.1
2009,סרביה,Math,Male,High,MaleHigh,490.9
2012,סרביה,Math,Male,High,MaleHigh,512.8
2018,סרביה,Math,Male,High,MaleHigh,504.3
2022,סרביה,Math,Male,High,MaleHigh,494.9
2025,סרביה,Math,Male,High,MaleHigh,470.4
2006,סרביה,Math,Male,Low,MaleLow,414.2
2009,סרביה,Math,Male,Low,MaleLow,419.6
2012,סרביה,Math,Male,Low,MaleLow,433.4
2018,סרביה,Math,Male,Low,MaleLow,427.5
2022,סרביה,Math,Male,Low,MaleLow,420
2025,סרביה,Math,Male,Low,MaleLow,399.2
2006,סרביה,Math,Male,Medium,MaleMedium,446.1
2009,סרביה,Math,Male,Medium,MaleMedium,447.3
2012,סרביה,Math,Male,Medium,MaleMedium,455.6
2018,סרביה,Math,Male,Medium,MaleMedium,464
2022,סרביה,Math,Male,Medium,MaleMedium,460.1
2025,סרביה,Math,Male,Medium,MaleMedium,441.3
2006,סרביה,Reading,Female,0,Female,422.2
2009,סרביה,Reading,Female,0,Female,461.8
2012,סרביה,Reading,Female,0,Female,469.1
2018,סרביה,Reading,Female,0,Female,457.9
2022,סרביה,Reading,Female,0,Female,453.5
2025,סרביה,Reading,Female,0,Female,434.6
2006,סרביה,Reading,Female,High,FemaleHigh,468.6
2009,סרביה,Reading,Female,High,FemaleHigh,498
2012,סרביה,Reading,Female,High,FemaleHigh,511.2
2018,סרביה,Reading,Female,High,FemaleHigh,508.2
2022,סרביה,Reading,Female,High,FemaleHigh,498.4
2025,סרביה,Reading,Female,High,FemaleHigh,476.5
2006,סרביה,Reading,Female,Low,FemaleLow,394.3
2009,סרביה,Reading,Female,Low,FemaleLow,440.6
2012,סרביה,Reading,Female,Low,FemaleLow,452
2018,סרביה,Reading,Female,Low,FemaleLow,438.1
2022,סרביה,Reading,Female,Low,FemaleLow,430.8
2025,סרביה,Reading,Female,Low,FemaleLow,416.9
2006,סרביה,Reading,Female,Medium,FemaleMedium,436.9
2009,סרביה,Reading,Female,Medium,FemaleMedium,464.8
2012,סרביה,Reading,Female,Medium,FemaleMedium,486.2
2018,סרביה,Reading,Female,Medium,FemaleMedium,469.3
2022,סרביה,Reading,Female,Medium,FemaleMedium,465.8
2025,סרביה,Reading,Female,Medium,FemaleMedium,454.3
2006,סרביה,Reading,0,0,General,401
2009,סרביה,Reading,0,0,General,442
2012,סרביה,Reading,0,0,General,446.1
2018,סרביה,Reading,0,0,General,439.5
2022,סרביה,Reading,0,0,General,440.4
2025,סרביה,Reading,0,0,General,414.6
2006,סרביה,Reading,0,High,GeneralHigh,449.5
2009,סרביה,Reading,0,High,GeneralHigh,476.8
2012,סרביה,Reading,0,High,GeneralHigh,494.5
2018,סרביה,Reading,0,High,GeneralHigh,489.9
2022,סרביה,Reading,0,High,GeneralHigh,484.9
2025,סרביה,Reading,0,High,GeneralHigh,459.8
2006,סרביה,Reading,0,Low,GeneralLow,374.7
2009,סרביה,Reading,0,Low,GeneralLow,420.2
2012,סרביה,Reading,0,Low,GeneralLow,429.2
2018,סרביה,Reading,0,Low,GeneralLow,419.5
2022,סרביה,Reading,0,Low,GeneralLow,417.8
2025,סרביה,Reading,0,Low,GeneralLow,400.6
2006,סרביה,Reading,0,Medium,GeneralMedium,412.4
2009,סרביה,Reading,0,Medium,GeneralMedium,443.3
2012,סרביה,Reading,0,Medium,GeneralMedium,454.9
2018,סרביה,Reading,0,Medium,GeneralMedium,451.7
2022,סרביה,Reading,0,Medium,GeneralMedium,452.7
2025,סרביה,Reading,0,Medium,GeneralMedium,436.3
2006,סרביה,Reading,Male,0,Male,380.5
2009,סרביה,Reading,Male,0,Male,422.4
2012,סרביה,Reading,Male,0,Male,422.9
2018,סרביה,Reading,Male,0,Male,421.7
2022,סרביה,Reading,Male,0,Male,427.7
2025,סרביה,Reading,Male,0,Male,394.8
2006,סרביה,Reading,Male,High,MaleHigh,429.8
2009,סרביה,Reading,Male,High,MaleHigh,458.4
2012,סרביה,Reading,Male,High,MaleHigh,479.6
2018,סרביה,Reading,Male,High,MaleHigh,471.9
2022,סרביה,Reading,Male,High,MaleHigh,471
2025,סרביה,Reading,Male,High,MaleHigh,442.8
2006,סרביה,Reading,Male,Low,MaleLow,355.7
2009,סרביה,Reading,Male,Low,MaleLow,397.5
2012,סרביה,Reading,Male,Low,MaleLow,404.5
2018,סרביה,Reading,Male,Low,MaleLow,401.2
2022,סרביה,Reading,Male,Low,MaleLow,405.2
2025,סרביה,Reading,Male,Low,MaleLow,381.8
2006,סרביה,Reading,Male,Medium,MaleMedium,389.5
2009,סרביה,Reading,Male,Medium,MaleMedium,422.9
2012,סרביה,Reading,Male,Medium,MaleMedium,425.1
2018,סרביה,Reading,Male,Medium,MaleMedium,435.1
2022,סרביה,Reading,Male,Medium,MaleMedium,440.6
2025,סרביה,Reading,Male,Medium,MaleMedium,419.1
2006,סרביה,Science,Female,0,Female,438.4
2009,סרביה,Science,Female,0,Female,443.4
2012,סרביה,Science,Female,0,Female,446.9
2018,סרביה,Science,Female,0,Female,442.4
2022,סרביה,Science,Female,0,Female,449.3
2025,סרביה,Science,Female,0,Female,435.7
2006,סרביה,Science,Female,High,FemaleHigh,481
2009,סרביה,Science,Female,High,FemaleHigh,480.2
2012,סרביה,Science,Female,High,FemaleHigh,486.8
2018,סרביה,Science,Female,High,FemaleHigh,493.9
2022,סרביה,Science,Female,High,FemaleHigh,497.1
2025,סרביה,Science,Female,High,FemaleHigh,477.3
2006,סרביה,Science,Female,Low,FemaleLow,414.1
2009,סרביה,Science,Female,Low,FemaleLow,422.8
2012,סרביה,Science,Female,Low,FemaleLow,429.9
2018,סרביה,Science,Female,Low,FemaleLow,423
2022,סרביה,Science,Female,Low,FemaleLow,426.7
2025,סרביה,Science,Female,Low,FemaleLow,417.9
2006,סרביה,Science,Female,Medium,FemaleMedium,449.6
2009,סרביה,Science,Female,Medium,FemaleMedium,445.1
2012,סרביה,Science,Female,Medium,FemaleMedium,463.9
2018,סרביה,Science,Female,Medium,FemaleMedium,451.4
2022,סרביה,Science,Female,Medium,FemaleMedium,461.5
2025,סרביה,Science,Female,Medium,FemaleMedium,453.8
2006,סרביה,Science,0,0,General,435.6
2009,סרביה,Science,0,0,General,442.8
2012,סרביה,Science,0,0,General,444.8
2018,סרביה,Science,0,0,General,439.9
2022,סרביה,Science,0,0,General,447.5
2025,סרביה,Science,0,0,General,429
2006,סרביה,Science,0,High,GeneralHigh,480.4
2009,סרביה,Science,0,High,GeneralHigh,479.5
2012,סרביה,Science,0,High,GeneralHigh,491.2
2018,סרביה,Science,0,High,GeneralHigh,492.7
2022,סרביה,Science,0,High,GeneralHigh,494.7
2025,סרביה,Science,0,High,GeneralHigh,473.8
2006,סרביה,Science,0,Low,GeneralLow,412
2009,סרביה,Science,0,Low,GeneralLow,421.2
2012,סרביה,Science,0,Low,GeneralLow,428.1
2018,סרביה,Science,0,Low,GeneralLow,419.5
2022,סרביה,Science,0,Low,GeneralLow,424.1
2025,סרביה,Science,0,Low,GeneralLow,413.1
2006,סרביה,Science,0,Medium,GeneralMedium,444.8
2009,סרביה,Science,0,Medium,GeneralMedium,442.3
2012,סרביה,Science,0,Medium,GeneralMedium,452.9
2018,סרביה,Science,0,Medium,GeneralMedium,450.8
2022,סרביה,Science,0,Medium,GeneralMedium,461.1
2025,סרביה,Science,0,Medium,GeneralMedium,450.1
2006,סרביה,Science,Male,0,Male,433
2009,סרביה,Science,Male,0,Male,442.2
2012,סרביה,Science,Male,0,Male,442.7
2018,סרביה,Science,Male,0,Male,437.4
2022,סרביה,Science,Male,0,Male,445.6
2025,סרביה,Science,Male,0,Male,422.4
2006,סרביה,Science,Male,High,MaleHigh,479.7
2009,סרביה,Science,Male,High,MaleHigh,478.9
2012,סרביה,Science,Male,High,MaleHigh,495.1
2018,סרביה,Science,Male,High,MaleHigh,491.6
2022,סרביה,Science,Male,High,MaleHigh,492.1
2025,סרביה,Science,Male,High,MaleHigh,470.2
2006,סרביה,Science,Male,Low,MaleLow,410.1
2009,סרביה,Science,Male,Low,MaleLow,419.5
2012,סרביה,Science,Male,Low,MaleLow,426.1
2018,סרביה,Science,Male,Low,MaleLow,416
2022,סרביה,Science,Male,Low,MaleLow,421.5
2025,סרביה,Science,Male,Low,MaleLow,407.7
2006,סרביה,Science,Male,Medium,MaleMedium,440.4
2009,סרביה,Science,Male,Medium,MaleMedium,439.7
2012,סרביה,Science,Male,Medium,MaleMedium,442.6
2018,סרביה,Science,Male,Medium,MaleMedium,450.1
2022,סרביה,Science,Male,Medium,MaleMedium,460.7
2025,סרביה,Science,Male,Medium,MaleMedium,446.7
2006,פולין,Math,Female,0,Female,490.9
2009,פולין,Math,Female,0,Female,493.1
2012,פולין,Math,Female,0,Female,515.5
2015,פולין,Math,Female,0,Female,498.6
2018,פולין,Math,Female,0,Female,514.9
2022,פולין,Math,Female,0,Female,486.2
2025,פולין,Math,Female,0,Female,477.8
2006,פולין,Math,Female,High,FemaleHigh,541.2
2009,פולין,Math,Female,High,FemaleHigh,550.7
2012,פולין,Math,Female,High,FemaleHigh,570.2
2015,פולין,Math,Female,High,FemaleHigh,559.1
2018,פולין,Math,Female,High,FemaleHigh,569.6
2022,פולין,Math,Female,High,FemaleHigh,536.9
2025,פולין,Math,Female,High,FemaleHigh,522.2
2006,פולין,Math,Female,Low,FemaleLow,470.4
2009,פולין,Math,Female,Low,FemaleLow,471.9
2012,פולין,Math,Female,Low,FemaleLow,491.6
2015,פולין,Math,Female,Low,FemaleLow,477.5
2018,פולין,Math,Female,Low,FemaleLow,489.1
2022,פולין,Math,Female,Low,FemaleLow,457.2
2025,פולין,Math,Female,Low,FemaleLow,450.1
2006,פולין,Math,Female,Medium,FemaleMedium,510.8
2009,פולין,Math,Female,Medium,FemaleMedium,509.5
2012,פולין,Math,Female,Medium,FemaleMedium,526.9
2015,פולין,Math,Female,Medium,FemaleMedium,520.3
2018,פולין,Math,Female,Medium,FemaleMedium,521.4
2022,פולין,Math,Female,Medium,FemaleMedium,497.5
2025,פולין,Math,Female,Medium,FemaleMedium,492.5
2006,פולין,Math,0,0,General,495.4
2009,פולין,Math,0,0,General,494.8
2012,פולין,Math,0,0,General,517.5
2015,פולין,Math,0,0,General,504.5
2018,פולין,Math,0,0,General,515.6
2022,פולין,Math,0,0,General,489
2025,פולין,Math,0,0,General,484.1
2006,פולין,Math,0,High,GeneralHigh,547.7
2009,פולין,Math,0,High,GeneralHigh,555.1
2012,פולין,Math,0,High,GeneralHigh,574.4
2015,פולין,Math,0,High,GeneralHigh,558.7
2018,פולין,Math,0,High,GeneralHigh,568.1
2022,פולין,Math,0,High,GeneralHigh,540.7
2025,פולין,Math,0,High,GeneralHigh,530.1
2006,פולין,Math,0,Low,GeneralLow,473.5
2009,פולין,Math,0,Low,GeneralLow,472.5
2012,פולין,Math,0,Low,GeneralLow,490.9
2015,פולין,Math,0,Low,GeneralLow,484.7
2018,פולין,Math,0,Low,GeneralLow,490
2022,פולין,Math,0,Low,GeneralLow,459
2025,פולין,Math,0,Low,GeneralLow,458.3
2006,פולין,Math,0,Medium,GeneralMedium,514.6
2009,פולין,Math,0,Medium,GeneralMedium,512.7
2012,פולין,Math,0,Medium,GeneralMedium,531.3
2015,פולין,Math,0,Medium,GeneralMedium,527.7
2018,פולין,Math,0,Medium,GeneralMedium,525.1
2022,פולין,Math,0,Medium,GeneralMedium,502.5
2025,פולין,Math,0,Medium,GeneralMedium,503.4
2006,פולין,Math,Male,0,Male,500
2009,פולין,Math,Male,0,Male,496.6
2012,פולין,Math,Male,0,Male,519.6
2015,פולין,Math,Male,0,Male,510.1
2018,פולין,Math,Male,0,Male,516.3
2022,פולין,Math,Male,0,Male,491.7
2025,פולין,Math,Male,0,Male,490.3
2006,פולין,Math,Male,High,MaleHigh,554.1
2009,פולין,Math,Male,High,MaleHigh,559.4
2012,פולין,Math,Male,High,MaleHigh,578.9
2015,פולין,Math,Male,High,MaleHigh,558.3
2018,פולין,Math,Male,High,MaleHigh,566.5
2022,פולין,Math,Male,High,MaleHigh,544.5
2025,פולין,Math,Male,High,MaleHigh,538.3
2006,פולין,Math,Male,Low,MaleLow,476.7
2009,פולין,Math,Male,Low,MaleLow,473.1
2012,פולין,Math,Male,Low,MaleLow,490.1
2015,פולין,Math,Male,Low,MaleLow,491.5
2018,פולין,Math,Male,Low,MaleLow,491
2022,פולין,Math,Male,Low,MaleLow,460.8
2025,פולין,Math,Male,Low,MaleLow,466.5
2006,פולין,Math,Male,Medium,MaleMedium,518
2009,פולין,Math,Male,Medium,MaleMedium,515.7
2012,פולין,Math,Male,Medium,MaleMedium,535.4
2015,פולין,Math,Male,Medium,MaleMedium,534.7
2018,פולין,Math,Male,Medium,MaleMedium,528.6
2022,פולין,Math,Male,Medium,MaleMedium,507.1
2025,פולין,Math,Male,Medium,MaleMedium,514.5
2006,פולין,Reading,Female,0,Female,527.6
2009,פולין,Reading,Female,0,Female,525.3
2012,פולין,Reading,Female,0,Female,538.7
2015,פולין,Reading,Female,0,Female,520.7
2018,פולין,Reading,Female,0,Female,528.2
2022,פולין,Reading,Female,0,Female,503.2
2025,פולין,Reading,Female,0,Female,500.1
2006,פולין,Reading,Female,High,FemaleHigh,581.6
2009,פולין,Reading,Female,High,FemaleHigh,577
2012,פולין,Reading,Female,High,FemaleHigh,584.9
2015,פולין,Reading,Female,High,FemaleHigh,574.9
2018,פולין,Reading,Female,High,FemaleHigh,579.1
2022,פולין,Reading,Female,High,FemaleHigh,555.6
2025,פולין,Reading,Female,High,FemaleHigh,543
2006,פולין,Reading,Female,Low,FemaleLow,504.9
2009,פולין,Reading,Female,Low,FemaleLow,506.2
2012,פולין,Reading,Female,Low,FemaleLow,517
2015,פולין,Reading,Female,Low,FemaleLow,499.2
2018,פולין,Reading,Female,Low,FemaleLow,503
2022,פולין,Reading,Female,Low,FemaleLow,473.6
2025,פולין,Reading,Female,Low,FemaleLow,472.8
2006,פולין,Reading,Female,Medium,FemaleMedium,550.5
2009,פולין,Reading,Female,Medium,FemaleMedium,542.1
2012,פולין,Reading,Female,Medium,FemaleMedium,553.5
2015,פולין,Reading,Female,Medium,FemaleMedium,547.3
2018,פולין,Reading,Female,Medium,FemaleMedium,537.4
2022,פולין,Reading,Female,Medium,FemaleMedium,517
2025,פולין,Reading,Female,Medium,FemaleMedium,517.7
2006,פולין,Reading,0,0,General,507.6
2009,פולין,Reading,0,0,General,500.5
2012,פולין,Reading,0,0,General,518.2
2015,פולין,Reading,0,0,General,505.7
2018,פולין,Reading,0,0,General,511.9
2022,פולין,Reading,0,0,General,488.7
2025,פולין,Reading,0,0,General,481.5
2006,פולין,Reading,0,High,GeneralHigh,565.6
2009,פולין,Reading,0,High,GeneralHigh,557.7
2012,פולין,Reading,0,High,GeneralHigh,566.5
2015,פולין,Reading,0,High,GeneralHigh,559.4
2018,פולין,Reading,0,High,GeneralHigh,562
2022,פולין,Reading,0,High,GeneralHigh,541.1
2025,פולין,Reading,0,High,GeneralHigh,525.5
2006,פולין,Reading,0,Low,GeneralLow,483.6
2009,פולין,Reading,0,Low,GeneralLow,479.4
2012,פולין,Reading,0,Low,GeneralLow,494.9
2015,פולין,Reading,0,Low,GeneralLow,485.2
2018,פולין,Reading,0,Low,GeneralLow,487.3
2022,פולין,Reading,0,Low,GeneralLow,459.2
2025,פולין,Reading,0,Low,GeneralLow,457.4
2006,פולין,Reading,0,Medium,GeneralMedium,528.2
2009,פולין,Reading,0,Medium,GeneralMedium,519
2012,פולין,Reading,0,Medium,GeneralMedium,532.9
2015,פולין,Reading,0,Medium,GeneralMedium,530.7
2018,פולין,Reading,0,Medium,GeneralMedium,522.2
2022,פולין,Reading,0,Medium,GeneralMedium,503.2
2025,פולין,Reading,0,Medium,GeneralMedium,504
2006,פולין,Reading,Male,0,Male,487.4
2009,פולין,Reading,Male,0,Male,475.7
2012,פולין,Reading,Male,0,Male,496.7
2015,פולין,Reading,Male,0,Male,491.2
2018,פולין,Reading,Male,0,Male,495.5
2022,פולין,Reading,Male,0,Male,474.6
2025,פולין,Reading,Male,0,Male,463.4
2006,פולין,Reading,Male,High,MaleHigh,550
2009,פולין,Reading,Male,High,MaleHigh,538.7
2012,פולין,Reading,Male,High,MaleHigh,547.2
2015,פולין,Reading,Male,High,MaleHigh,542.6
2018,פולין,Reading,Male,High,MaleHigh,543.6
2022,פולין,Reading,Male,High,MaleHigh,526.4
2025,פולין,Reading,Male,High,MaleHigh,507.2
2006,פולין,Reading,Male,Low,MaleLow,460.7
2009,פולין,Reading,Male,Low,MaleLow,452.1
2012,פולין,Reading,Male,Low,MaleLow,470.4
2015,פולין,Reading,Male,Low,MaleLow,471.9
2018,פולין,Reading,Male,Low,MaleLow,471.5
2022,פולין,Reading,Male,Low,MaleLow,444.6
2025,פולין,Reading,Male,Low,MaleLow,441.7
2006,פולין,Reading,Male,Medium,MaleMedium,508
2009,פולין,Reading,Male,Medium,MaleMedium,496.5
2012,פולין,Reading,Male,Medium,MaleMedium,514
2015,פולין,Reading,Male,Medium,MaleMedium,515
2018,פולין,Reading,Male,Medium,MaleMedium,507.6
2022,פולין,Reading,Male,Medium,MaleMedium,490.5
2025,פולין,Reading,Male,Medium,MaleMedium,490.2
2006,פולין,Science,Female,0,Female,496.1
2009,פולין,Science,Female,0,Female,511
2012,פולין,Science,Female,0,Female,527.1
2015,פולין,Science,Female,0,Female,498.3
2018,פולין,Science,Female,0,Female,511.2
2022,פולין,Science,Female,0,Female,500
2025,פולין,Science,Female,0,Female,495.7
2006,פולין,Science,Female,High,FemaleHigh,550.9
2009,פולין,Science,Female,High,FemaleHigh,562.4
2012,פולין,Science,Female,High,FemaleHigh,577.7
2015,פולין,Science,Female,High,FemaleHigh,561.7
2018,פולין,Science,Female,High,FemaleHigh,561.5
2022,פולין,Science,Female,High,FemaleHigh,551.3
2025,פולין,Science,Female,High,FemaleHigh,539.3
2006,פולין,Science,Female,Low,FemaleLow,474.9
2009,פולין,Science,Female,Low,FemaleLow,492.4
2012,פולין,Science,Female,Low,FemaleLow,506.3
2015,פולין,Science,Female,Low,FemaleLow,475.3
2018,פולין,Science,Female,Low,FemaleLow,486.5
2022,פולין,Science,Female,Low,FemaleLow,471
2025,פולין,Science,Female,Low,FemaleLow,467.7
2006,פולין,Science,Female,Medium,FemaleMedium,515.2
2009,פולין,Science,Female,Medium,FemaleMedium,526.1
2012,פולין,Science,Female,Medium,FemaleMedium,535.6
2015,פולין,Science,Female,Medium,FemaleMedium,523
2018,פולין,Science,Female,Medium,FemaleMedium,519
2022,פולין,Science,Female,Medium,FemaleMedium,511.4
2025,פולין,Science,Female,Medium,FemaleMedium,512.3
2006,פולין,Science,0,0,General,497.8
2009,פולין,Science,0,0,General,508.1
2012,פולין,Science,0,0,General,525.8
2015,פולין,Science,0,0,General,501.4
2018,פולין,Science,0,0,General,511
2022,פולין,Science,0,0,General,499.2
2025,פולין,Science,0,0,General,495.1
2006,פולין,Science,0,High,GeneralHigh,555.1
2009,פולין,Science,0,High,GeneralHigh,565.8
2012,פולין,Science,0,High,GeneralHigh,577.4
2015,פולין,Science,0,High,GeneralHigh,559.8
2018,פולין,Science,0,High,GeneralHigh,559.6
2022,פולין,Science,0,High,GeneralHigh,548.7
2025,פולין,Science,0,High,GeneralHigh,540.8
2006,פולין,Science,0,Low,GeneralLow,475.1
2009,פולין,Science,0,Low,GeneralLow,487.4
2012,פולין,Science,0,Low,GeneralLow,502.5
2015,פולין,Science,0,Low,GeneralLow,479.7
2018,פולין,Science,0,Low,GeneralLow,486.6
2022,פולין,Science,0,Low,GeneralLow,469.8
2025,פולין,Science,0,Low,GeneralLow,469.2
2006,פולין,Science,0,Medium,GeneralMedium,515.8
2009,פולין,Science,0,Medium,GeneralMedium,524.4
2012,פולין,Science,0,Medium,GeneralMedium,538
2015,פולין,Science,0,Medium,GeneralMedium,527
2018,פולין,Science,0,Medium,GeneralMedium,521.2
2022,פולין,Science,0,Medium,GeneralMedium,513.4
2025,פולין,Science,0,Medium,GeneralMedium,515.8
2006,פולין,Science,Male,0,Male,499.5
2009,פולין,Science,Male,0,Male,505.1
2012,פולין,Science,Male,0,Male,524.4
2015,פולין,Science,Male,0,Male,504.5
2018,פולין,Science,Male,0,Male,510.9
2022,פולין,Science,Male,0,Male,498.3
2025,פולין,Science,Male,0,Male,494.4
2006,פולין,Science,Male,High,MaleHigh,559.1
2009,פולין,Science,Male,High,MaleHigh,569.1
2012,פולין,Science,Male,High,MaleHigh,577
2015,פולין,Science,Male,High,MaleHigh,557.7
2018,פולין,Science,Male,High,MaleHigh,557.5
2022,פולין,Science,Male,High,MaleHigh,546
2025,פולין,Science,Male,High,MaleHigh,542.3
2006,פולין,Science,Male,Low,MaleLow,475.3
2009,פולין,Science,Male,Low,MaleLow,482.3
2012,פולין,Science,Male,Low,MaleLow,498.3
2015,פולין,Science,Male,Low,MaleLow,483.9
2018,פולין,Science,Male,Low,MaleLow,486.7
2022,פולין,Science,Male,Low,MaleLow,468.5
2025,פולין,Science,Male,Low,MaleLow,470.7
2006,פולין,Science,Male,Medium,MaleMedium,516.3
2009,פולין,Science,Male,Medium,MaleMedium,522.7
2012,פולין,Science,Male,Medium,MaleMedium,540.3
2015,פולין,Science,Male,Medium,MaleMedium,530.9
2018,פולין,Science,Male,Medium,MaleMedium,523.3
2022,פולין,Science,Male,Medium,MaleMedium,515.3
2025,פולין,Science,Male,Medium,MaleMedium,519.4
2015,פורטו ריקו,Math,Female,0,Female,381.5
2015,פורטו ריקו,Math,Female,High,FemaleHigh,452.4
2015,פורטו ריקו,Math,Female,Low,FemaleLow,355.4
2015,פורטו ריקו,Math,Female,Medium,FemaleMedium,391.7
2015,פורטו ריקו,Math,0,0,General,378.4
2015,פורטו ריקו,Math,0,High,GeneralHigh,450.7
2015,פורטו ריקו,Math,0,Low,GeneralLow,353.3
2015,פורטו ריקו,Math,0,Medium,GeneralMedium,391.2
2015,פורטו ריקו,Math,Male,0,Male,375.2
2015,פורטו ריקו,Math,Male,High,MaleHigh,448.7
2015,פורטו ריקו,Math,Male,Low,MaleLow,351.3
2015,פורטו ריקו,Math,Male,Medium,MaleMedium,390.8
2015,פורטו ריקו,Reading,Female,0,Female,425.2
2015,פורטו ריקו,Reading,Female,High,FemaleHigh,502.7
2015,פורטו ריקו,Reading,Female,Low,FemaleLow,396.1
2015,פורטו ריקו,Reading,Female,Medium,FemaleMedium,437.7
2015,פורטו ריקו,Reading,0,0,General,410
2015,פורטו ריקו,Reading,0,High,GeneralHigh,489.1
2015,פורטו ריקו,Reading,0,Low,GeneralLow,381.7
2015,פורטו ריקו,Reading,0,Medium,GeneralMedium,426.7
2015,פורטו ריקו,Reading,Male,0,Male,394.9
2015,פורטו ריקו,Reading,Male,High,MaleHigh,471.9
2015,פורטו ריקו,Reading,Male,Low,MaleLow,367.7
2015,פורטו ריקו,Reading,Male,Medium,MaleMedium,415.8
2015,פורטו ריקו,Science,Female,0,Female,407.4
2015,פורטו ריקו,Science,Female,High,FemaleHigh,483.2
2015,פורטו ריקו,Science,Female,Low,FemaleLow,378.9
2015,פורטו ריקו,Science,Female,Medium,FemaleMedium,420
2015,פורטו ריקו,Science,0,0,General,402.7
2015,פורטו ריקו,Science,0,High,GeneralHigh,477.5
2015,פורטו ריקו,Science,0,Low,GeneralLow,375.3
2015,פורטו ריקו,Science,0,Medium,GeneralMedium,418.7
2015,פורטו ריקו,Science,Male,0,Male,397.9
2015,פורטו ריקו,Science,Male,High,MaleHigh,470.4
2015,פורטו ריקו,Science,Male,Low,MaleLow,371.8
2015,פורטו ריקו,Science,Male,Medium,MaleMedium,417.4
2006,פורטוגל,Math,Female,0,Female,459
2009,פורטוגל,Math,Female,0,Female,481.1
2012,פורטוגל,Math,Female,0,Female,481.3
2015,פורטוגל,Math,Female,0,Female,486.6
2018,פורטוגל,Math,Female,0,Female,487.9
2022,פורטוגל,Math,Female,0,Female,466.5
2025,פורטוגל,Math,Female,0,Female,454.7
2006,פורטוגל,Math,Female,High,FemaleHigh,517
2009,פורטוגל,Math,Female,High,FemaleHigh,544.8
2012,פורטוגל,Math,Female,High,FemaleHigh,549.3
2015,פורטוגל,Math,Female,High,FemaleHigh,543.8
2018,פורטוגל,Math,Female,High,FemaleHigh,540.5
2022,פורטוגל,Math,Female,High,FemaleHigh,520.7
2025,פורטוגל,Math,Female,High,FemaleHigh,509.6
2006,פורטוגל,Math,Female,Low,FemaleLow,437.8
2009,פורטוגל,Math,Female,Low,FemaleLow,453.5
2012,פורטוגל,Math,Female,Low,FemaleLow,458.5
2015,פורטוגל,Math,Female,Low,FemaleLow,462.9
2018,פורטוגל,Math,Female,Low,FemaleLow,458.6
2022,פורטוגל,Math,Female,Low,FemaleLow,437.3
2025,פורטוגל,Math,Female,Low,FemaleLow,424.4
2006,פורטוגל,Math,Female,Medium,FemaleMedium,481.8
2009,פורטוגל,Math,Female,Medium,FemaleMedium,499.4
2012,פורטוגל,Math,Female,Medium,FemaleMedium,500.6
2015,פורטוגל,Math,Female,Medium,FemaleMedium,500.1
2018,פורטוגל,Math,Female,Medium,FemaleMedium,509.5
2022,פורטוגל,Math,Female,Medium,FemaleMedium,471.6
2025,פורטוגל,Math,Female,Medium,FemaleMedium,462.2
2006,פורטוגל,Math,0,0,General,466.2
2009,פורטוגל,Math,0,0,General,486.9
2012,פורטוגל,Math,0,0,General,487.1
2015,פורטוגל,Math,0,0,General,491.6
2018,פורטוגל,Math,0,0,General,492.5
2022,פורטוגל,Math,0,0,General,471.9
2025,פורטוגל,Math,0,0,General,459.9
2006,פורטוגל,Math,0,High,GeneralHigh,525.7
2009,פורטוגל,Math,0,High,GeneralHigh,550.4
2012,פורטוגל,Math,0,High,GeneralHigh,555.2
2015,פורטוגל,Math,0,High,GeneralHigh,549.5
2018,פורטוגל,Math,0,High,GeneralHigh,550.2
2022,פורטוגל,Math,0,High,GeneralHigh,526.6
2025,פורטוגל,Math,0,High,GeneralHigh,514.9
2006,פורטוגל,Math,0,Low,GeneralLow,444.1
2009,פורטוגל,Math,0,Low,GeneralLow,458
2012,פורטוגל,Math,0,Low,GeneralLow,464.1
2015,פורטוגל,Math,0,Low,GeneralLow,466.6
2018,פורטוגל,Math,0,Low,GeneralLow,463.7
2022,פורטוגל,Math,0,Low,GeneralLow,440.5
2025,פורטוגל,Math,0,Low,GeneralLow,430.1
2006,פורטוגל,Math,0,Medium,GeneralMedium,486.2
2009,פורטוגל,Math,0,Medium,GeneralMedium,504.5
2012,פורטוגל,Math,0,Medium,GeneralMedium,506
2015,פורטוגל,Math,0,Medium,GeneralMedium,503.4
2018,פורטוגל,Math,0,Medium,GeneralMedium,507
2022,פורטוגל,Math,0,Medium,GeneralMedium,479.2
2025,פורטוגל,Math,0,Medium,GeneralMedium,471.1
2006,פורטוגל,Math,Male,0,Male,473.9
2009,פורטוגל,Math,Male,0,Male,492.9
2012,פורטוגל,Math,Male,0,Male,492.7
2015,פורטוגל,Math,Male,0,Male,496.6
2018,פורטוגל,Math,Male,0,Male,496.9
2022,פורטוגל,Math,Male,0,Male,477.2
2025,פורטוגל,Math,Male,0,Male,465.3
2006,פורטוגל,Math,Male,High,MaleHigh,533.7
2009,פורטוגל,Math,Male,High,MaleHigh,555.6
2012,פורטוגל,Math,Male,High,MaleHigh,560.7
2015,פורטוגל,Math,Male,High,MaleHigh,554.7
2018,פורטוגל,Math,Male,High,MaleHigh,559.6
2022,פורטוגל,Math,Male,High,MaleHigh,532.4
2025,פורטוגל,Math,Male,High,MaleHigh,520.5
2006,פורטוגל,Math,Male,Low,MaleLow,451
2009,פורטוגל,Math,Male,Low,MaleLow,463.1
2012,פורטוגל,Math,Male,Low,MaleLow,469.6
2015,פורטוגל,Math,Male,Low,MaleLow,470.5
2018,פורטוגל,Math,Male,Low,MaleLow,468.7
2022,פורטוגל,Math,Male,Low,MaleLow,443.9
2025,פורטוגל,Math,Male,Low,MaleLow,436.2
2006,פורטוגל,Math,Male,Medium,MaleMedium,491.2
2009,פורטוגל,Math,Male,Medium,MaleMedium,509.6
2012,פורטוגל,Math,Male,Medium,MaleMedium,511.2
2015,פורטוגל,Math,Male,Medium,MaleMedium,506.4
2018,פורטוגל,Math,Male,Medium,MaleMedium,504.7
2022,פורטוגל,Math,Male,Medium,MaleMedium,485.9
2025,פורטוגל,Math,Male,Medium,MaleMedium,479.8
2006,פורטוגל,Reading,Female,0,Female,488.2
2009,פורטוגל,Reading,Female,0,Female,507.9
2012,פורטוגל,Reading,Female,0,Female,507.6
2015,פורטוגל,Reading,Female,0,Female,506.6
2018,פורטוגל,Reading,Female,0,Female,504.1
2022,פורטוגל,Reading,Female,0,Female,487.2
2025,פורטוגל,Reading,Female,0,Female,478.7
2006,פורטוגל,Reading,Female,High,FemaleHigh,552.9
2009,פורטוגל,Reading,Female,High,FemaleHigh,558.9
2012,פורטוגל,Reading,Female,High,FemaleHigh,562.5
2015,פורטוגל,Reading,Female,High,FemaleHigh,560
2018,פורטוגל,Reading,Female,High,FemaleHigh,554.2
2022,פורטוגל,Reading,Female,High,FemaleHigh,535
2025,פורטוגל,Reading,Female,High,FemaleHigh,523.1
2006,פורטוגל,Reading,Female,Low,FemaleLow,463.9
2009,פורטוגל,Reading,Female,Low,FemaleLow,486.1
2012,פורטוגל,Reading,Female,Low,FemaleLow,488.6
2015,פורטוגל,Reading,Female,Low,FemaleLow,483.2
2018,פורטוגל,Reading,Female,Low,FemaleLow,477.1
2022,פורטוגל,Reading,Female,Low,FemaleLow,461.5
2025,פורטוגל,Reading,Female,Low,FemaleLow,455
2006,פורטוגל,Reading,Female,Medium,FemaleMedium,516
2009,פורטוגל,Reading,Female,Medium,FemaleMedium,522.3
2012,פורטוגל,Reading,Female,Medium,FemaleMedium,529.6
2015,פורטוגל,Reading,Female,Medium,FemaleMedium,521.1
2018,פורטוגל,Reading,Female,Medium,FemaleMedium,523.7
2022,פורטוגל,Reading,Female,Medium,FemaleMedium,493.6
2025,פורטוגל,Reading,Female,Medium,FemaleMedium,486.6
2006,פורטוגל,Reading,0,0,General,472.3
2009,פורטוגל,Reading,0,0,General,489.3
2012,פורטוגל,Reading,0,0,General,487.8
2015,פורטוגל,Reading,0,0,General,498.1
2018,פורטוגל,Reading,0,0,General,491.8
2022,פורטוגל,Reading,0,0,General,476.6
2025,פורטוגל,Reading,0,0,General,462
2006,פורטוגל,Reading,0,High,GeneralHigh,536.6
2009,פורטוגל,Reading,0,High,GeneralHigh,543.2
2012,פורטוגל,Reading,0,High,GeneralHigh,546
2015,פורטוגל,Reading,0,High,GeneralHigh,550.6
2018,פורטוגל,Reading,0,High,GeneralHigh,543.8
2022,פורטוגל,Reading,0,High,GeneralHigh,523.9
2025,פורטוגל,Reading,0,High,GeneralHigh,507.2
2006,פורטוגל,Reading,0,Low,GeneralLow,447.5
2009,פורטוגל,Reading,0,Low,GeneralLow,465.1
2012,פורטוגל,Reading,0,Low,GeneralLow,467.8
2015,פורטוגל,Reading,0,Low,GeneralLow,474.4
2018,פורטוגל,Reading,0,Low,GeneralLow,466.2
2022,פורטוגל,Reading,0,Low,GeneralLow,450.3
2025,פורטוגל,Reading,0,Low,GeneralLow,439.5
2006,פורטוגל,Reading,0,Medium,GeneralMedium,497.5
2009,פורטוגל,Reading,0,Medium,GeneralMedium,504.7
2012,פורטוגל,Reading,0,Medium,GeneralMedium,508.9
2015,פורטוגל,Reading,0,Medium,GeneralMedium,510
2018,פורטוגל,Reading,0,Medium,GeneralMedium,504.2
2022,פורטוגל,Reading,0,Medium,GeneralMedium,482.9
2025,פורטוגל,Reading,0,Medium,GeneralMedium,473.7
2006,פורטוגל,Reading,Male,0,Male,455.3
2009,פורטוגל,Reading,Male,0,Male,469.9
2012,פורטוגל,Reading,Male,0,Male,468.4
2015,פורטוגל,Reading,Male,0,Male,489.9
2018,פורטוגל,Reading,Male,0,Male,479.8
2022,פורטוגל,Reading,Male,0,Male,466.3
2025,פורטוגל,Reading,Male,0,Male,445.2
2006,פורטוגל,Reading,Male,High,MaleHigh,521.7
2009,פורטוגל,Reading,Male,High,MaleHigh,528.2
2012,פורטוגל,Reading,Male,High,MaleHigh,530.7
2015,פורטוגל,Reading,Male,High,MaleHigh,542
2018,פורטוגל,Reading,Male,High,MaleHigh,533.7
2022,פורטוגל,Reading,Male,High,MaleHigh,513.1
2025,פורטוגל,Reading,Male,High,MaleHigh,490.6
2006,פורטוגל,Reading,Male,Low,MaleLow,429.4
2009,פורטוגל,Reading,Male,Low,MaleLow,442
2012,פורטוגל,Reading,Male,Low,MaleLow,446.8
2015,פורטוגל,Reading,Male,Low,MaleLow,465.3
2018,פורטוגל,Reading,Male,Low,MaleLow,455.2
2022,פורטוגל,Reading,Male,Low,MaleLow,438.7
2025,פורטוגל,Reading,Male,Low,MaleLow,422.7
2006,פורטוגל,Reading,Male,Medium,MaleMedium,476.5
2009,פורטוגל,Reading,Male,Medium,MaleMedium,486.8
2012,פורטוגל,Reading,Male,Medium,MaleMedium,489
2015,פורטוגל,Reading,Male,Medium,MaleMedium,499.9
2018,פורטוגל,Reading,Male,Medium,MaleMedium,485.7
2022,פורטוגל,Reading,Male,Medium,MaleMedium,473.6
2025,פורטוגל,Reading,Male,Medium,MaleMedium,461.2
2006,פורטוגל,Science,Female,0,Female,471.9
2009,פורטוגל,Science,Female,0,Female,494.7
2012,פורטוגל,Science,Female,0,Female,490.2
2015,פורטוגל,Science,Female,0,Female,496.1
2018,פורטוגל,Science,Female,0,Female,489.1
2022,פורטוגל,Science,Female,0,Female,485.2
2025,פורטוגל,Science,Female,0,Female,483.8
2006,פורטוגל,Science,Female,High,FemaleHigh,528.4
2009,פורטוגל,Science,Female,High,FemaleHigh,547.2
2012,פורטוגל,Science,Female,High,FemaleHigh,549.5
2015,פורטוגל,Science,Female,High,FemaleHigh,551.6
2018,פורטוגל,Science,Female,High,FemaleHigh,539.3
2022,פורטוגל,Science,Female,High,FemaleHigh,535.9
2025,פורטוגל,Science,Female,High,FemaleHigh,534.6
2006,פורטוגל,Science,Female,Low,FemaleLow,450.2
2009,פורטוגל,Science,Female,Low,FemaleLow,471.8
2012,פורטוגל,Science,Female,Low,FemaleLow,470.1
2015,פורטוגל,Science,Female,Low,FemaleLow,472.1
2018,פורטוגל,Science,Female,Low,FemaleLow,461
2022,פורטוגל,Science,Female,Low,FemaleLow,456.7
2025,פורטוגל,Science,Female,Low,FemaleLow,456
2006,פורטוגל,Science,Female,Medium,FemaleMedium,497.9
2009,פורטוגל,Science,Female,Medium,FemaleMedium,510.5
2012,פורטוגל,Science,Female,Medium,FemaleMedium,510.8
2015,פורטוגל,Science,Female,Medium,FemaleMedium,509.6
2018,פורטוגל,Science,Female,Medium,FemaleMedium,507.4
2022,פורטוגל,Science,Female,Medium,FemaleMedium,492.4
2025,פורטוגל,Science,Female,Medium,FemaleMedium,492.4
2006,פורטוגל,Science,0,0,General,474.3
2009,פורטוגל,Science,0,0,General,492.9
2012,פורטוגל,Science,0,0,General,489.3
2015,פורטוגל,Science,0,0,General,501.1
2018,פורטוגל,Science,0,0,General,491.7
2022,פורטוגל,Science,0,0,General,484.4
2025,פורטוגל,Science,0,0,General,481.7
2006,פורטוגל,Science,0,High,GeneralHigh,531.9
2009,פורטוגל,Science,0,High,GeneralHigh,549.3
2012,פורטוגל,Science,0,High,GeneralHigh,549.1
2015,פורטוגל,Science,0,High,GeneralHigh,557.2
2018,פורטוגל,Science,0,High,GeneralHigh,546.3
2022,פורטוגל,Science,0,High,GeneralHigh,533.6
2025,פורטוגל,Science,0,High,GeneralHigh,532.3
2006,פורטוגל,Science,0,Low,GeneralLow,452.4
2009,פורטוגל,Science,0,Low,GeneralLow,467.6
2012,פורטוגל,Science,0,Low,GeneralLow,468.5
2015,פורטוגל,Science,0,Low,GeneralLow,476.1
2018,פורטוגל,Science,0,Low,GeneralLow,463.7
2022,פורטוגל,Science,0,Low,GeneralLow,455.9
2025,פורטוגל,Science,0,Low,GeneralLow,454.9
2006,פורטוגל,Science,0,Medium,GeneralMedium,495.8
2009,פורטוגל,Science,0,Medium,GeneralMedium,508.7
2012,פורטוגל,Science,0,Medium,GeneralMedium,510.1
2015,פורטוגל,Science,0,Medium,GeneralMedium,512.7
2018,פורטוגל,Science,0,Medium,GeneralMedium,504.5
2022,פורטוגל,Science,0,Medium,GeneralMedium,491.8
2025,פורטוגל,Science,0,Medium,GeneralMedium,494.1
2006,פורטוגל,Science,Male,0,Male,476.9
2009,פורטוגל,Science,Male,0,Male,491.2
2012,פורטוגל,Science,Male,0,Male,488.3
2015,פורטוגל,Science,Male,0,Male,506.1
2018,פורטוגל,Science,Male,0,Male,494.2
2022,פורטוגל,Science,Male,0,Male,483.5
2025,פורטוגל,Science,Male,0,Male,479.6
2006,פורטוגל,Science,Male,High,MaleHigh,535.1
2009,פורטוגל,Science,Male,High,MaleHigh,551.4
2012,פורטוגל,Science,Male,High,MaleHigh,548.6
2015,פורטוגל,Science,Male,High,MaleHigh,562.2
2018,פורטוגל,Science,Male,High,MaleHigh,553.1
2022,פורטוגל,Science,Male,High,MaleHigh,531.4
2025,פורטוגל,Science,Male,High,MaleHigh,530
2006,פורטוגל,Science,Male,Low,MaleLow,454.8
2009,פורטוגל,Science,Male,Low,MaleLow,463
2012,פורטוגל,Science,Male,Low,MaleLow,466.9
2015,פורטוגל,Science,Male,Low,MaleLow,480.2
2018,פורטוגל,Science,Male,Low,MaleLow,466.4
2022,פורטוגל,Science,Male,Low,MaleLow,455.1
2025,פורטוגל,Science,Male,Low,MaleLow,453.8
2006,פורטוגל,Science,Male,Medium,MaleMedium,493.4
2009,פורטוגל,Science,Male,Medium,MaleMedium,506.9
2012,פורטוגל,Science,Male,Medium,MaleMedium,509.4
2015,פורטוגל,Science,Male,Medium,MaleMedium,515.6
2018,פורטוגל,Science,Male,Medium,MaleMedium,501.8
2022,פורטוגל,Science,Male,Medium,MaleMedium,491.3
2025,פורטוגל,Science,Male,Medium,MaleMedium,495.8
2006,פינלנד,Math,Female,0,Female,542.5
2009,פינלנד,Math,Female,0,Female,539.2
2012,פינלנד,Math,Female,0,Female,520.2
2015,פינלנד,Math,Female,0,Female,515
2018,פינלנד,Math,Female,0,Female,510.4
2022,פינלנד,Math,Female,0,Female,486.7
2025,פינלנד,Math,Female,0,Female,467.6
2006,פינלנד,Math,Female,High,FemaleHigh,572.8
2009,פינלנד,Math,Female,High,FemaleHigh,562.4
2012,פינלנד,Math,Female,High,FemaleHigh,545.8
2015,פינלנד,Math,Female,High,FemaleHigh,545.7
2018,פינלנד,Math,Female,High,FemaleHigh,538
2022,פינלנד,Math,Female,High,FemaleHigh,525.9
2025,פינלנד,Math,Female,High,FemaleHigh,506.7
2006,פינלנד,Math,Female,Low,FemaleLow,517.2
2009,פינלנד,Math,Female,Low,FemaleLow,510.5
2012,פינלנד,Math,Female,Low,FemaleLow,489.1
2015,פינלנד,Math,Female,Low,FemaleLow,482.1
2018,פינלנד,Math,Female,Low,FemaleLow,476.5
2022,פינלנד,Math,Female,Low,FemaleLow,448.4
2025,פינלנד,Math,Female,Low,FemaleLow,435.5
2006,פינלנד,Math,Female,Medium,FemaleMedium,538.3
2009,פינלנד,Math,Female,Medium,FemaleMedium,534
2012,פינלנד,Math,Female,Medium,FemaleMedium,514.6
2015,פינלנד,Math,Female,Medium,FemaleMedium,513.8
2018,פינלנד,Math,Female,Medium,FemaleMedium,508.4
2022,פינלנד,Math,Female,Medium,FemaleMedium,477.9
2025,פינלנד,Math,Female,Medium,FemaleMedium,473.5
2006,פינלנד,Math,0,0,General,548.4
2009,פינלנד,Math,0,0,General,540.5
2012,פינלנד,Math,0,0,General,518.8
2015,פינלנד,Math,0,0,General,511.1
2018,פינלנד,Math,0,0,General,507.3
2022,פינלנד,Math,0,0,General,484.1
2025,פינלנד,Math,0,0,General,468.7
2006,פינלנד,Math,0,High,GeneralHigh,580
2009,פינלנד,Math,0,High,GeneralHigh,563.8
2012,פינלנד,Math,0,High,GeneralHigh,547.4
2015,פינלנד,Math,0,High,GeneralHigh,543.7
2018,פינלנד,Math,0,High,GeneralHigh,539.1
2022,פינלנד,Math,0,High,GeneralHigh,523.4
2025,פינלנד,Math,0,High,GeneralHigh,507.8
2006,פינלנד,Math,0,Low,GeneralLow,521.1
2009,פינלנד,Math,0,Low,GeneralLow,512.2
2012,פינלנד,Math,0,Low,GeneralLow,488.2
2015,פינלנד,Math,0,Low,GeneralLow,478.3
2018,פינלנד,Math,0,Low,GeneralLow,473.2
2022,פינלנד,Math,0,Low,GeneralLow,448.4
2025,פינלנד,Math,0,Low,GeneralLow,441.2
2006,פינלנד,Math,0,Medium,GeneralMedium,544.2
2009,פינלנד,Math,0,Medium,GeneralMedium,535.9
2012,פינלנד,Math,0,Medium,GeneralMedium,513.5
2015,פינלנד,Math,0,Medium,GeneralMedium,510.4
2018,פינלנד,Math,0,Medium,GeneralMedium,503.2
2022,פינלנד,Math,0,Medium,GeneralMedium,478.2
2025,פינלנד,Math,0,Medium,GeneralMedium,475.1
2006,פינלנד,Math,Male,0,Male,554.3
2009,פינלנד,Math,Male,0,Male,541.8
2012,פינלנד,Math,Male,0,Male,517.4
2015,פינלנד,Math,Male,0,Male,507.5
2018,פינלנד,Math,Male,0,Male,504.3
2022,פינלנד,Math,Male,0,Male,481.7
2025,פינלנד,Math,Male,0,Male,469.8
2006,פינלנד,Math,Male,High,MaleHigh,587.1
2009,פינלנד,Math,Male,High,MaleHigh,565.3
2012,פינלנד,Math,Male,High,MaleHigh,549.1
2015,פינלנד,Math,Male,High,MaleHigh,541.7
2018,פינלנד,Math,Male,High,MaleHigh,540.2
2022,פינלנד,Math,Male,High,MaleHigh,520.6
2025,פינלנד,Math,Male,High,MaleHigh,508.9
2006,פינלנד,Math,Male,Low,MaleLow,525.1
2009,פינלנד,Math,Male,Low,MaleLow,513.8
2012,פינלנד,Math,Male,Low,MaleLow,487.5
2015,פינלנד,Math,Male,Low,MaleLow,475
2018,פינלנד,Math,Male,Low,MaleLow,470.1
2022,פינלנד,Math,Male,Low,MaleLow,448.4
2025,פינלנד,Math,Male,Low,MaleLow,447.1
2006,פינלנד,Math,Male,Medium,MaleMedium,550.3
2009,פינלנד,Math,Male,Medium,MaleMedium,538
2012,פינלנד,Math,Male,Medium,MaleMedium,512.5
2015,פינלנד,Math,Male,Medium,MaleMedium,507.3
2018,פינלנד,Math,Male,Medium,MaleMedium,497.9
2022,פינלנד,Math,Male,Medium,MaleMedium,478.5
2025,פינלנד,Math,Male,Medium,MaleMedium,476.7
2006,פינלנד,Reading,Female,0,Female,572
2009,פינלנד,Reading,Female,0,Female,563.5
2012,פינלנד,Reading,Female,0,Female,555.7
2015,פינלנד,Reading,Female,0,Female,550.5
2018,פינלנד,Reading,Female,0,Female,546.3
2022,פינלנד,Reading,Female,0,Female,513
2025,פינלנד,Reading,Female,0,Female,497.6
2006,פינלנד,Reading,Female,High,FemaleHigh,598.3
2009,פינלנד,Reading,Female,High,FemaleHigh,587.2
2012,פינלנד,Reading,Female,High,FemaleHigh,579.9
2015,פינלנד,Reading,Female,High,FemaleHigh,583.4
2018,פינלנד,Reading,Female,High,FemaleHigh,577.3
2022,פינלנד,Reading,Female,High,FemaleHigh,553.9
2025,פינלנד,Reading,Female,High,FemaleHigh,536.1
2006,פינלנד,Reading,Female,Low,FemaleLow,550.1
2009,פינלנד,Reading,Female,Low,FemaleLow,531.9
2012,פינלנד,Reading,Female,Low,FemaleLow,526.7
2015,פינלנד,Reading,Female,Low,FemaleLow,516.7
2018,פינלנד,Reading,Female,Low,FemaleLow,511.5
2022,פינלנד,Reading,Female,Low,FemaleLow,472.3
2025,פינלנד,Reading,Female,Low,FemaleLow,465.9
2006,פינלנד,Reading,Female,Medium,FemaleMedium,568.2
2009,פינלנד,Reading,Female,Medium,FemaleMedium,559.5
2012,פינלנד,Reading,Female,Medium,FemaleMedium,550.6
2015,פינלנד,Reading,Female,Medium,FemaleMedium,548.2
2018,פינלנד,Reading,Female,Medium,FemaleMedium,542.4
2022,פינלנד,Reading,Female,Medium,FemaleMedium,507
2025,פינלנד,Reading,Female,Medium,FemaleMedium,506.2
2006,פינלנד,Reading,0,0,General,546.9
2009,פינלנד,Reading,0,0,General,535.9
2012,פינלנד,Reading,0,0,General,524
2015,פינלנד,Reading,0,0,General,526.4
2018,פינלנד,Reading,0,0,General,520.1
2022,פינלנד,Reading,0,0,General,490.2
2025,פינלנד,Reading,0,0,General,474.3
2006,פינלנד,Reading,0,High,GeneralHigh,574.4
2009,פינלנד,Reading,0,High,GeneralHigh,562
2012,פינלנד,Reading,0,High,GeneralHigh,553.1
2015,פינלנד,Reading,0,High,GeneralHigh,561
2018,פינלנד,Reading,0,High,GeneralHigh,555.3
2022,פינלנד,Reading,0,High,GeneralHigh,531.6
2025,פינלנד,Reading,0,High,GeneralHigh,513
2006,פינלנד,Reading,0,Low,GeneralLow,521.8
2009,פינלנד,Reading,0,Low,GeneralLow,503
2012,פינלנד,Reading,0,Low,GeneralLow,493.8
2015,פינלנד,Reading,0,Low,GeneralLow,492.9
2018,פינלנד,Reading,0,Low,GeneralLow,484.7
2022,פינלנד,Reading,0,Low,GeneralLow,454.1
2025,פינלנד,Reading,0,Low,GeneralLow,447.8
2006,פינלנד,Reading,0,Medium,GeneralMedium,544.2
2009,פינלנד,Reading,0,Medium,GeneralMedium,531.9
2012,פינלנד,Reading,0,Medium,GeneralMedium,518.8
2015,פינלנד,Reading,0,Medium,GeneralMedium,524.6
2018,פינלנד,Reading,0,Medium,GeneralMedium,515.3
2022,פינלנד,Reading,0,Medium,GeneralMedium,485.6
2025,פינלנד,Reading,0,Medium,GeneralMedium,483.8
2006,פינלנד,Reading,Male,0,Male,521.4
2009,פינלנד,Reading,Male,0,Male,508.4
2012,פינלנד,Reading,Male,0,Male,494
2015,פינלנד,Reading,Male,0,Male,504
2018,פינלנד,Reading,Male,0,Male,494.8
2022,פינלנד,Reading,Male,0,Male,468.3
2025,פינלנד,Reading,Male,0,Male,451.6
2006,פינלנד,Reading,Male,High,MaleHigh,550.7
2009,פינלנד,Reading,Male,High,MaleHigh,536.4
2012,פינלנד,Reading,Male,High,MaleHigh,525.8
2015,פינלנד,Reading,Male,High,MaleHigh,538.5
2018,פינלנד,Reading,Male,High,MaleHigh,533.5
2022,פינלנד,Reading,Male,High,MaleHigh,507.5
2025,פינלנד,Reading,Male,High,MaleHigh,489.9
2006,פינלנד,Reading,Male,Low,MaleLow,493.1
2009,פינלנד,Reading,Male,Low,MaleLow,476.3
2012,פינלנד,Reading,Male,Low,MaleLow,464.2
2015,פינלנד,Reading,Male,Low,MaleLow,472.4
2018,פינלנד,Reading,Male,Low,MaleLow,459
2022,פינלנד,Reading,Male,Low,MaleLow,436.2
2025,פינלנד,Reading,Male,Low,MaleLow,429
2006,פינלנד,Reading,Male,Medium,MaleMedium,519.5
2009,פינלנד,Reading,Male,Medium,MaleMedium,503.3
2012,פינלנד,Reading,Male,Medium,MaleMedium,488.9
2015,פינלנד,Reading,Male,Medium,MaleMedium,502.4
2018,פינלנד,Reading,Male,Medium,MaleMedium,488.5
2022,פינלנד,Reading,Male,Medium,MaleMedium,467
2025,פינלנד,Reading,Male,Medium,MaleMedium,461.8
2006,פינלנד,Science,Female,0,Female,564.9
2009,פינלנד,Science,Female,0,Female,561.8
2012,פינלנד,Science,Female,0,Female,553.9
2015,פינלנד,Science,Female,0,Female,540.5
2018,פינלנד,Science,Female,0,Female,534
2022,פינלנד,Science,Female,0,Female,522
2025,פינלנד,Science,Female,0,Female,515.6
2006,פינלנד,Science,Female,High,FemaleHigh,594.9
2009,פינלנד,Science,Female,High,FemaleHigh,587.1
2012,פינלנד,Science,Female,High,FemaleHigh,579.2
2015,פינלנד,Science,Female,High,FemaleHigh,574.6
2018,פינלנד,Science,Female,High,FemaleHigh,564.7
2022,פינלנד,Science,Female,High,FemaleHigh,565.9
2025,פינלנד,Science,Female,High,FemaleHigh,559
2006,פינלנד,Science,Female,Low,FemaleLow,540.7
2009,פינלנד,Science,Female,Low,FemaleLow,530.5
2012,פינלנד,Science,Female,Low,FemaleLow,522.2
2015,פינלנד,Science,Female,Low,FemaleLow,504.2
2018,פינלנד,Science,Female,Low,FemaleLow,496.3
2022,פינלנד,Science,Female,Low,FemaleLow,480.4
2025,פינלנד,Science,Female,Low,FemaleLow,479.6
2006,פינלנד,Science,Female,Medium,FemaleMedium,559.9
2009,פינלנד,Science,Female,Medium,FemaleMedium,556.1
2012,פינלנד,Science,Female,Medium,FemaleMedium,549.6
2015,פינלנד,Science,Female,Medium,FemaleMedium,538.9
2018,פינלנד,Science,Female,Medium,FemaleMedium,532.5
2022,פינלנד,Science,Female,Medium,FemaleMedium,510.6
2025,פינלנד,Science,Female,Medium,FemaleMedium,523.1
2006,פינלנד,Science,0,0,General,563.3
2009,פינלנד,Science,0,0,General,554.1
2012,פינלנד,Science,0,0,General,545.4
2015,פינלנד,Science,0,0,General,530.7
2018,פינלנד,Science,0,0,General,521.9
2022,פינלנד,Science,0,0,General,511
2025,פינלנד,Science,0,0,General,504.4
2006,פינלנד,Science,0,High,GeneralHigh,594
2009,פינלנד,Science,0,High,GeneralHigh,580.5
2012,פינלנד,Science,0,High,GeneralHigh,574.1
2015,פינלנד,Science,0,High,GeneralHigh,566.2
2018,פינלנד,Science,0,High,GeneralHigh,557.7
2022,פינלנד,Science,0,High,GeneralHigh,554.2
2025,פינלנד,Science,0,High,GeneralHigh,547.3
2006,פינלנד,Science,0,Low,GeneralLow,537.1
2009,פינלנד,Science,0,Low,GeneralLow,522.1
2012,פינלנד,Science,0,Low,GeneralLow,514.5
2015,פינלנד,Science,0,Low,GeneralLow,495.5
2018,פינלנד,Science,0,Low,GeneralLow,484.6
2022,פינלנד,Science,0,Low,GeneralLow,472.5
2025,פינלנד,Science,0,Low,GeneralLow,473.4
2006,פינלנד,Science,0,Medium,GeneralMedium,559.2
2009,פינלנד,Science,0,Medium,GeneralMedium,548.9
2012,פינלנד,Science,0,Medium,GeneralMedium,541.5
2015,פינלנד,Science,0,Medium,GeneralMedium,529
2018,פינלנד,Science,0,Medium,GeneralMedium,516.9
2022,פינלנד,Science,0,Medium,GeneralMedium,503.6
2025,פינלנד,Science,0,Medium,GeneralMedium,513.1
2006,פינלנד,Science,Male,0,Male,561.8
2009,פינלנד,Science,Male,0,Male,546.4
2012,פינלנד,Science,Male,0,Male,537.4
2015,פינלנד,Science,Male,0,Male,521.5
2018,פינלנד,Science,Male,0,Male,510.2
2022,פינלנד,Science,Male,0,Male,500.4
2025,פינלנד,Science,Male,0,Male,493.4
2006,פינלנד,Science,Male,High,MaleHigh,593.1
2009,פינלנד,Science,Male,High,MaleHigh,573.7
2012,פינלנד,Science,Male,High,MaleHigh,568.8
2015,פינלנד,Science,Male,High,MaleHigh,557.8
2018,פינלנד,Science,Male,High,MaleHigh,550.8
2022,פינלנד,Science,Male,High,MaleHigh,541.5
2025,פינלנד,Science,Male,High,MaleHigh,535.6
2006,פינלנד,Science,Male,Low,MaleLow,533.3
2009,פינלנד,Science,Male,Low,MaleLow,514.4
2012,פינלנד,Science,Male,Low,MaleLow,507.5
2015,פינלנד,Science,Male,Low,MaleLow,488.1
2018,פינלנד,Science,Male,Low,MaleLow,473.4
2022,פינלנד,Science,Male,Low,MaleLow,464.7
2025,פינלנד,Science,Male,Low,MaleLow,467
2006,פינלנד,Science,Male,Medium,MaleMedium,558.4
2009,פינלנד,Science,Male,Medium,MaleMedium,541.4
2012,פינלנד,Science,Male,Medium,MaleMedium,533.8
2015,פינלנד,Science,Male,Medium,MaleMedium,519.7
2018,פינלנד,Science,Male,Medium,MaleMedium,501.5
2022,פינלנד,Science,Male,Medium,MaleMedium,497.4
2025,פינלנד,Science,Male,Medium,MaleMedium,503.3
2012,פלורידה,Math,Female,0,Female,459.7
2012,פלורידה,Math,Female,High,FemaleHigh,505.6
2012,פלורידה,Math,Female,Low,FemaleLow,426.5
2012,פלורידה,Math,Female,Medium,FemaleMedium,451
2012,פלורידה,Math,0,0,General,466.8
2012,פלורידה,Math,0,High,GeneralHigh,511.1
2012,פלורידה,Math,0,Low,GeneralLow,434.1
2012,פלורידה,Math,0,Medium,GeneralMedium,458.9
2012,פלורידה,Math,Male,0,Male,473.8
2012,פלורידה,Math,Male,High,MaleHigh,516.6
2012,פלורידה,Math,Male,Low,MaleLow,442.2
2012,פלורידה,Math,Male,Medium,MaleMedium,465.6
2012,פלורידה,Reading,Female,0,Female,503.2
2012,פלורידה,Reading,Female,High,FemaleHigh,546.1
2012,פלורידה,Reading,Female,Low,FemaleLow,472.4
2012,פלורידה,Reading,Female,Medium,FemaleMedium,496.4
2012,פלורידה,Reading,0,0,General,492.1
2012,פלורידה,Reading,0,High,GeneralHigh,533.2
2012,פלורידה,Reading,0,Low,GeneralLow,463.6
2012,פלורידה,Reading,0,Medium,GeneralMedium,484.1
2012,פלורידה,Reading,Male,0,Male,481.4
2012,פלורידה,Reading,Male,High,MaleHigh,520.2
2012,פלורידה,Reading,Male,Low,MaleLow,454.2
2012,פלורידה,Reading,Male,Medium,MaleMedium,473.6
2012,פלורידה,Science,Female,0,Female,478.5
2012,פלורידה,Science,Female,High,FemaleHigh,528
2012,פלורידה,Science,Female,Low,FemaleLow,441.4
2012,פלורידה,Science,Female,Medium,FemaleMedium,470.6
2012,פלורידה,Science,0,0,General,485
2012,פלורידה,Science,0,High,GeneralHigh,532.2
2012,פלורידה,Science,0,Low,GeneralLow,448.8
2012,פלורידה,Science,0,Medium,GeneralMedium,477.8
2012,פלורידה,Science,Male,0,Male,491.3
2012,פלורידה,Science,Male,High,MaleHigh,536.4
2012,פלורידה,Science,Male,Low,MaleLow,456.7
2012,פלורידה,Science,Male,Medium,MaleMedium,483.8
2009,פרו,Math,Female,0,Female,356.2
2012,פרו,Math,Female,0,Female,358.9
2015,פרו,Math,Female,0,Female,381.8
2018,פרו,Math,Female,0,Female,391.5
2022,פרו,Math,Female,0,Female,383.7
2025,פרו,Math,Female,0,Female,375.9
2009,פרו,Math,Female,High,FemaleHigh,454.8
2012,פרו,Math,Female,High,FemaleHigh,440.5
2015,פרו,Math,Female,High,FemaleHigh,458.4
2018,פרו,Math,Female,High,FemaleHigh,465.7
2022,פרו,Math,Female,High,FemaleHigh,436.9
2025,פרו,Math,Female,High,FemaleHigh,433.8
2009,פרו,Math,Female,Low,FemaleLow,338.5
2012,פרו,Math,Female,Low,FemaleLow,342.1
2015,פרו,Math,Female,Low,FemaleLow,364.8
2018,פרו,Math,Female,Low,FemaleLow,377
2022,פרו,Math,Female,Low,FemaleLow,370.8
2025,פרו,Math,Female,Low,FemaleLow,365.3
2009,פרו,Math,Female,Medium,FemaleMedium,405.4
2012,פרו,Math,Female,Medium,FemaleMedium,405.8
2015,פרו,Math,Female,Medium,FemaleMedium,417.9
2018,פרו,Math,Female,Medium,FemaleMedium,430.1
2022,פרו,Math,Female,Medium,FemaleMedium,423.6
2025,פרו,Math,Female,Medium,FemaleMedium,414.7
2009,פרו,Math,0,0,General,365.1
2012,פרו,Math,0,0,General,368.1
2015,פרו,Math,0,0,General,386.6
2018,פרו,Math,0,0,General,399.8
2022,פרו,Math,0,0,General,391.2
2025,פרו,Math,0,0,General,382.4
2009,פרו,Math,0,High,GeneralHigh,466.9
2012,פרו,Math,0,High,GeneralHigh,449.9
2015,פרו,Math,0,High,GeneralHigh,459.2
2018,פרו,Math,0,High,GeneralHigh,483.7
2022,פרו,Math,0,High,GeneralHigh,457.7
2025,פרו,Math,0,High,GeneralHigh,441.7
2009,פרו,Math,0,Low,GeneralLow,348.4
2012,פרו,Math,0,Low,GeneralLow,352.2
2015,פרו,Math,0,Low,GeneralLow,370.2
2018,פרו,Math,0,Low,GeneralLow,384.5
2022,פרו,Math,0,Low,GeneralLow,376.9
2025,פרו,Math,0,Low,GeneralLow,372.5
2009,פרו,Math,0,Medium,GeneralMedium,413.2
2012,פרו,Math,0,Medium,GeneralMedium,410.9
2015,פרו,Math,0,Medium,GeneralMedium,420.2
2018,פרו,Math,0,Medium,GeneralMedium,438.8
2022,פרו,Math,0,Medium,GeneralMedium,428.8
2025,פרו,Math,0,Medium,GeneralMedium,421.9
2009,פרו,Math,Male,0,Male,373.8
2012,פרו,Math,Male,0,Male,377.8
2015,פרו,Math,Male,0,Male,391.3
2018,פרו,Math,Male,0,Male,407.8
2022,פרו,Math,Male,0,Male,398.8
2025,פרו,Math,Male,0,Male,388.7
2009,פרו,Math,Male,High,MaleHigh,480.7
2012,פרו,Math,Male,High,MaleHigh,461
2015,פרו,Math,Male,High,MaleHigh,459.9
2018,פרו,Math,Male,High,MaleHigh,500.4
2022,פרו,Math,Male,High,MaleHigh,476.3
2025,פרו,Math,Male,High,MaleHigh,449.2
2009,פרו,Math,Male,Low,MaleLow,358
2012,פרו,Math,Male,Low,MaleLow,363
2015,פרו,Math,Male,Low,MaleLow,375.7
2018,פרו,Math,Male,Low,MaleLow,391.7
2022,פרו,Math,Male,Low,MaleLow,383.2
2025,פרו,Math,Male,Low,MaleLow,379.6
2009,פרו,Math,Male,Medium,MaleMedium,421.1
2012,פרו,Math,Male,Medium,MaleMedium,415.8
2015,פרו,Math,Male,Medium,MaleMedium,422.5
2018,פרו,Math,Male,Medium,MaleMedium,447.5
2022,פרו,Math,Male,Medium,MaleMedium,433.5
2025,פרו,Math,Male,Medium,MaleMedium,429.3
2009,פרו,Reading,Female,0,Female,380.9
2012,פרו,Reading,Female,0,Female,394.7
2015,פרו,Reading,Female,0,Female,401.4
2018,פרו,Reading,Female,0,Female,405.9
2022,פרו,Reading,Female,0,Female,412.3
2025,פרו,Reading,Female,0,Female,398.9
2009,פרו,Reading,Female,High,FemaleHigh,488.1
2012,פרו,Reading,Female,High,FemaleHigh,488.3
2015,פרו,Reading,Female,High,FemaleHigh,490.4
2018,פרו,Reading,Female,High,FemaleHigh,496.4
2022,פרו,Reading,Female,High,FemaleHigh,470.4
2025,פרו,Reading,Female,High,FemaleHigh,459.8
2009,פרו,Reading,Female,Low,FemaleLow,361.5
2012,פרו,Reading,Female,Low,FemaleLow,375.4
2015,פרו,Reading,Female,Low,FemaleLow,380.8
2018,פרו,Reading,Female,Low,FemaleLow,388.3
2022,פרו,Reading,Female,Low,FemaleLow,397.6
2025,פרו,Reading,Female,Low,FemaleLow,387.3
2009,פרו,Reading,Female,Medium,FemaleMedium,435.2
2012,פרו,Reading,Female,Medium,FemaleMedium,448.7
2015,פרו,Reading,Female,Medium,FemaleMedium,448.3
2018,פרו,Reading,Female,Medium,FemaleMedium,451.9
2022,פרו,Reading,Female,Medium,FemaleMedium,459.4
2025,פרו,Reading,Female,Medium,FemaleMedium,443.3
2009,פרו,Reading,0,0,General,369.7
2012,פרו,Reading,0,0,General,384.2
2015,פרו,Reading,0,0,General,397.5
2018,פרו,Reading,0,0,General,400.5
2022,פרו,Reading,0,0,General,408.2
2025,פרו,Reading,0,0,General,390.1
2009,פרו,Reading,0,High,GeneralHigh,480.3
2012,פרו,Reading,0,High,GeneralHigh,476.5
2015,פרו,Reading,0,High,GeneralHigh,480.5
2018,פרו,Reading,0,High,GeneralHigh,494
2022,פרו,Reading,0,High,GeneralHigh,478.2
2025,פרו,Reading,0,High,GeneralHigh,453.2
2009,פרו,Reading,0,Low,GeneralLow,351.7
2012,פרו,Reading,0,Low,GeneralLow,366.5
2015,פרו,Reading,0,Low,GeneralLow,378.1
2018,פרו,Reading,0,Low,GeneralLow,382.8
2022,פרו,Reading,0,Low,GeneralLow,392.6
2025,פרו,Reading,0,Low,GeneralLow,379.7
2009,פרו,Reading,0,Medium,GeneralMedium,422.3
2012,פרו,Reading,0,Medium,GeneralMedium,431.7
2015,פרו,Reading,0,Medium,GeneralMedium,439.6
2018,פרו,Reading,0,Medium,GeneralMedium,447
2022,פרו,Reading,0,Medium,GeneralMedium,450.6
2025,פרו,Reading,0,Medium,GeneralMedium,434.9
2009,פרו,Reading,Male,0,Male,358.7
2012,פרו,Reading,Male,0,Male,373
2015,פרו,Reading,Male,0,Male,393.7
2018,פרו,Reading,Male,0,Male,395.4
2022,פרו,Reading,Male,0,Male,404.2
2025,פרו,Reading,Male,0,Male,381.7
2009,פרו,Reading,Male,High,MaleHigh,471.3
2012,פרו,Reading,Male,High,MaleHigh,462.5
2015,פרו,Reading,Male,High,MaleHigh,470.9
2018,פרו,Reading,Male,High,MaleHigh,491.8
2022,פרו,Reading,Male,High,MaleHigh,485.1
2025,פרו,Reading,Male,High,MaleHigh,447
2009,פרו,Reading,Male,Low,MaleLow,342.2
2012,פרו,Reading,Male,Low,MaleLow,357
2015,פרו,Reading,Male,Low,MaleLow,375.5
2018,פרו,Reading,Male,Low,MaleLow,377.4
2022,פרו,Reading,Male,Low,MaleLow,387.3
2025,פרו,Reading,Male,Low,MaleLow,372.2
2009,פרו,Reading,Male,Medium,MaleMedium,409.2
2012,פרו,Reading,Male,Medium,MaleMedium,415.2
2015,פרו,Reading,Male,Medium,MaleMedium,431.5
2018,פרו,Reading,Male,Medium,MaleMedium,442.1
2022,פרו,Reading,Male,Medium,MaleMedium,442.5
2025,פרו,Reading,Male,Medium,MaleMedium,426.2
2009,פרו,Science,Female,0,Female,367.1
2012,פרו,Science,Female,0,Female,370.3
2015,פרו,Science,Female,0,Female,391.7
2018,פרו,Science,Female,0,Female,397.4
2022,פרו,Science,Female,0,Female,400.6
2025,פרו,Science,Female,0,Female,400
2009,פרו,Science,Female,High,FemaleHigh,464.3
2012,פרו,Science,Female,High,FemaleHigh,443.8
2015,פרו,Science,Female,High,FemaleHigh,465.2
2018,פרו,Science,Female,High,FemaleHigh,471.3
2022,פרו,Science,Female,High,FemaleHigh,461.3
2025,פרו,Science,Female,High,FemaleHigh,461
2009,פרו,Science,Female,Low,FemaleLow,350.6
2012,פרו,Science,Female,Low,FemaleLow,354.7
2015,פרו,Science,Female,Low,FemaleLow,375.5
2018,פרו,Science,Female,Low,FemaleLow,382.7
2022,פרו,Science,Female,Low,FemaleLow,387
2025,פרו,Science,Female,Low,FemaleLow,389
2009,פרו,Science,Female,Medium,FemaleMedium,409.7
2012,פרו,Science,Female,Medium,FemaleMedium,415.7
2015,פרו,Science,Female,Medium,FemaleMedium,426.6
2018,פרו,Science,Female,Medium,FemaleMedium,436.4
2022,פרו,Science,Female,Medium,FemaleMedium,441
2025,פרו,Science,Female,Medium,FemaleMedium,441
2009,פרו,Science,0,0,General,369.4
2012,פרו,Science,0,0,General,373.1
2015,פרו,Science,0,0,General,396.7
2018,פרו,Science,0,0,General,404.2
2022,פרו,Science,0,0,General,407.8
2025,פרו,Science,0,0,General,405.6
2009,פרו,Science,0,High,GeneralHigh,464.4
2012,פרו,Science,0,High,GeneralHigh,444.5
2015,פרו,Science,0,High,GeneralHigh,466.8
2018,פרו,Science,0,High,GeneralHigh,484.8
2022,פרו,Science,0,High,GeneralHigh,479.9
2025,פרו,Science,0,High,GeneralHigh,467.2
2009,פרו,Science,0,Low,GeneralLow,353.6
2012,פרו,Science,0,Low,GeneralLow,359.1
2015,פרו,Science,0,Low,GeneralLow,380.9
2018,פרו,Science,0,Low,GeneralLow,388.9
2022,פרו,Science,0,Low,GeneralLow,392.7
2025,פרו,Science,0,Low,GeneralLow,395.7
2009,פרו,Science,0,Medium,GeneralMedium,414.2
2012,פרו,Science,0,Medium,GeneralMedium,412.1
2015,פרו,Science,0,Medium,GeneralMedium,430.1
2018,פרו,Science,0,Medium,GeneralMedium,444
2022,פרו,Science,0,Medium,GeneralMedium,446.5
2025,פרו,Science,0,Medium,GeneralMedium,446.9
2009,פרו,Science,Male,0,Male,371.6
2012,פרו,Science,Male,0,Male,376.1
2015,פרו,Science,Male,0,Male,401.6
2018,פרו,Science,Male,0,Male,410.7
2022,פרו,Science,Male,0,Male,415
2025,פרו,Science,Male,0,Male,411.1
2009,פרו,Science,Male,High,MaleHigh,464.6
2012,פרו,Science,Male,High,MaleHigh,445.3
2015,פרו,Science,Male,High,MaleHigh,468.4
2018,פרו,Science,Male,High,MaleHigh,497.4
2022,פרו,Science,Male,High,MaleHigh,496.6
2025,פרו,Science,Male,High,MaleHigh,473.1
2009,פרו,Science,Male,Low,MaleLow,356.6
2012,פרו,Science,Male,Low,MaleLow,363.7
2015,פרו,Science,Male,Low,MaleLow,386.3
2018,פרו,Science,Male,Low,MaleLow,394.8
2022,פרו,Science,Male,Low,MaleLow,398.6
2025,פרו,Science,Male,Low,MaleLow,402.2
2009,פרו,Science,Male,Medium,MaleMedium,418.9
2012,פרו,Science,Male,Medium,MaleMedium,408.6
2015,פרו,Science,Male,Medium,MaleMedium,433.4
2018,פרו,Science,Male,Medium,MaleMedium,451.5
2022,פרו,Science,Male,Medium,MaleMedium,451.4
2025,פרו,Science,Male,Medium,MaleMedium,453
2012,פרם (רוסיה),Math,Female,0,Female,479.8
2012,פרם (רוסיה),Math,Female,High,FemaleHigh,523.1
2012,פרם (רוסיה),Math,Female,Low,FemaleLow,456.8
2012,פרם (רוסיה),Math,Female,Medium,FemaleMedium,489.2
2012,פרם (רוסיה),Math,0,0,General,483.6
2012,פרם (רוסיה),Math,0,High,GeneralHigh,523.8
2012,פרם (רוסיה),Math,0,Low,GeneralLow,458.9
2012,פרם (רוסיה),Math,0,Medium,GeneralMedium,498.2
2012,פרם (רוסיה),Math,Male,0,Male,487.1
2012,פרם (רוסיה),Math,Male,High,MaleHigh,524.4
2012,פרם (רוסיה),Math,Male,Low,MaleLow,460.6
2012,פרם (רוסיה),Math,Male,Medium,MaleMedium,507.5
2012,פרם (רוסיה),Reading,Female,0,Female,501.3
2012,פרם (רוסיה),Reading,Female,High,FemaleHigh,549.5
2012,פרם (רוסיה),Reading,Female,Low,FemaleLow,472.3
2012,פרם (רוסיה),Reading,Female,Medium,FemaleMedium,515.2
2012,פרם (רוסיה),Reading,0,0,General,482.3
2012,פרם (רוסיה),Reading,0,High,GeneralHigh,528.8
2012,פרם (רוסיה),Reading,0,Low,GeneralLow,452.7
2012,פרם (רוסיה),Reading,0,Medium,GeneralMedium,500.4
2012,פרם (רוסיה),Reading,Male,0,Male,464.6
2012,פרם (רוסיה),Reading,Male,High,MaleHigh,510.5
2012,פרם (רוסיה),Reading,Male,Low,MaleLow,436
2012,פרם (רוסיה),Reading,Male,Medium,MaleMedium,485
2012,פרם (רוסיה),Science,Female,0,Female,478.8
2012,פרם (רוסיה),Science,Female,High,FemaleHigh,519.1
2012,פרם (רוסיה),Science,Female,Low,FemaleLow,455.2
2012,פרם (רוסיה),Science,Female,Medium,FemaleMedium,489.4
2012,פרם (רוסיה),Science,0,0,General,479.9
2012,פרם (רוסיה),Science,0,High,GeneralHigh,521.2
2012,פרם (רוסיה),Science,0,Low,GeneralLow,454.8
2012,פרם (רוסיה),Science,0,Medium,GeneralMedium,494.3
2012,פרם (רוסיה),Science,Male,0,Male,480.8
2012,פרם (רוסיה),Science,Male,High,MaleHigh,523
2012,פרם (רוסיה),Science,Male,Low,MaleLow,454.5
2012,פרם (רוסיה),Science,Male,Medium,MaleMedium,499.4
2006,צ'כיה,Math,Female,0,Female,503.9
2009,צ'כיה,Math,Female,0,Female,490.2
2012,צ'כיה,Math,Female,0,Female,492.9
2015,צ'כיה,Math,Female,0,Female,488.7
2018,צ'כיה,Math,Female,0,Female,497.7
2022,צ'כיה,Math,Female,0,Female,483.2
2025,צ'כיה,Math,Female,0,Female,471
2006,צ'כיה,Math,Female,High,FemaleHigh,570.4
2009,צ'כיה,Math,Female,High,FemaleHigh,556.6
2012,צ'כיה,Math,Female,High,FemaleHigh,550.1
2015,צ'כיה,Math,Female,High,FemaleHigh,555.1
2018,צ'כיה,Math,Female,High,FemaleHigh,559.2
2022,צ'כיה,Math,Female,High,FemaleHigh,543.1
2025,צ'כיה,Math,Female,High,FemaleHigh,524.4
2006,צ'כיה,Math,Female,Low,FemaleLow,460.9
2009,צ'כיה,Math,Female,Low,FemaleLow,457.4
2012,צ'כיה,Math,Female,Low,FemaleLow,461.1
2015,צ'כיה,Math,Female,Low,FemaleLow,458.9
2018,צ'כיה,Math,Female,Low,FemaleLow,467.8
2022,צ'כיה,Math,Female,Low,FemaleLow,445.5
2025,צ'כיה,Math,Female,Low,FemaleLow,440.8
2006,צ'כיה,Math,Female,Medium,FemaleMedium,516
2009,צ'כיה,Math,Female,Medium,FemaleMedium,507.4
2012,צ'כיה,Math,Female,Medium,FemaleMedium,504.2
2015,צ'כיה,Math,Female,Medium,FemaleMedium,509.8
2018,צ'כיה,Math,Female,Medium,FemaleMedium,515.3
2022,צ'כיה,Math,Female,Medium,FemaleMedium,496
2025,צ'כיה,Math,Female,Medium,FemaleMedium,491.1
2006,צ'כיה,Math,0,0,General,509.9
2009,צ'כיה,Math,0,0,General,492.8
2012,צ'כיה,Math,0,0,General,499
2015,צ'כיה,Math,0,0,General,492.3
2018,צ'כיה,Math,0,0,General,499.5
2022,צ'כיה,Math,0,0,General,487
2025,צ'כיה,Math,0,0,General,477.1
2006,צ'כיה,Math,0,High,GeneralHigh,566.6
2009,צ'כיה,Math,0,High,GeneralHigh,555
2012,צ'כיה,Math,0,High,GeneralHigh,558.7
2015,צ'כיה,Math,0,High,GeneralHigh,558.4
2018,צ'כיה,Math,0,High,GeneralHigh,558.7
2022,צ'כיה,Math,0,High,GeneralHigh,547.9
2025,צ'כיה,Math,0,High,GeneralHigh,533.2
2006,צ'כיה,Math,0,Low,GeneralLow,469.1
2009,צ'כיה,Math,0,Low,GeneralLow,460.9
2012,צ'כיה,Math,0,Low,GeneralLow,466.1
2015,צ'כיה,Math,0,Low,GeneralLow,460.8
2018,צ'כיה,Math,0,Low,GeneralLow,470.9
2022,צ'כיה,Math,0,Low,GeneralLow,451.6
2025,צ'כיה,Math,0,Low,GeneralLow,447.5
2006,צ'כיה,Math,0,Medium,GeneralMedium,521.8
2009,צ'כיה,Math,0,Medium,GeneralMedium,508.3
2012,צ'כיה,Math,0,Medium,GeneralMedium,511.6
2015,צ'כיה,Math,0,Medium,GeneralMedium,514.8
2018,צ'כיה,Math,0,Medium,GeneralMedium,517.7
2022,צ'כיה,Math,0,Medium,GeneralMedium,501.8
2025,צ'כיה,Math,0,Medium,GeneralMedium,495.4
2006,צ'כיה,Math,Male,0,Male,514.4
2009,צ'כיה,Math,Male,0,Male,495.1
2012,צ'כיה,Math,Male,0,Male,504.7
2015,צ'כיה,Math,Male,0,Male,495.8
2018,צ'כיה,Math,Male,0,Male,501.2
2022,צ'כיה,Math,Male,0,Male,490.7
2025,צ'כיה,Math,Male,0,Male,482.8
2006,צ'כיה,Math,Male,High,MaleHigh,563.5
2009,צ'כיה,Math,Male,High,MaleHigh,553.8
2012,צ'כיה,Math,Male,High,MaleHigh,567.3
2015,צ'כיה,Math,Male,High,MaleHigh,561.4
2018,צ'כיה,Math,Male,High,MaleHigh,558.2
2022,צ'כיה,Math,Male,High,MaleHigh,553.2
2025,צ'כיה,Math,Male,High,MaleHigh,540.8
2006,צ'כיה,Math,Male,Low,MaleLow,476.1
2009,צ'כיה,Math,Male,Low,MaleLow,464.1
2012,צ'כיה,Math,Male,Low,MaleLow,470.8
2015,צ'כיה,Math,Male,Low,MaleLow,462.7
2018,צ'כיה,Math,Male,Low,MaleLow,473.9
2022,צ'כיה,Math,Male,Low,MaleLow,457.1
2025,צ'כיה,Math,Male,Low,MaleLow,454.3
2006,צ'כיה,Math,Male,Medium,MaleMedium,525.7
2009,צ'כיה,Math,Male,Medium,MaleMedium,509.1
2012,צ'כיה,Math,Male,Medium,MaleMedium,518.7
2015,צ'כיה,Math,Male,Medium,MaleMedium,519.5
2018,צ'כיה,Math,Male,Medium,MaleMedium,519.9
2022,צ'כיה,Math,Male,Medium,MaleMedium,507.7
2025,צ'כיה,Math,Male,Medium,MaleMedium,499.4
2006,צ'כיה,Reading,Female,0,Female,508.6
2009,צ'כיה,Reading,Female,0,Female,504
2012,צ'כיה,Reading,Female,0,Female,512.8
2015,צ'כיה,Reading,Female,0,Female,500.7
2018,צ'כיה,Reading,Female,0,Female,507.2
2022,צ'כיה,Reading,Female,0,Female,503.4
2025,צ'כיה,Reading,Female,0,Female,484.3
2006,צ'כיה,Reading,Female,High,FemaleHigh,570.2
2009,צ'כיה,Reading,Female,High,FemaleHigh,564.7
2012,צ'כיה,Reading,Female,High,FemaleHigh,564.7
2015,צ'כיה,Reading,Female,High,FemaleHigh,568.6
2018,צ'כיה,Reading,Female,High,FemaleHigh,567.3
2022,צ'כיה,Reading,Female,High,FemaleHigh,560.5
2025,צ'כיה,Reading,Female,High,FemaleHigh,528.3
2006,צ'כיה,Reading,Female,Low,FemaleLow,467
2009,צ'כיה,Reading,Female,Low,FemaleLow,473.8
2012,צ'כיה,Reading,Female,Low,FemaleLow,482.9
2015,צ'כיה,Reading,Female,Low,FemaleLow,469.8
2018,צ'כיה,Reading,Female,Low,FemaleLow,478.6
2022,צ'כיה,Reading,Female,Low,FemaleLow,468.5
2025,צ'כיה,Reading,Female,Low,FemaleLow,460.3
2006,צ'כיה,Reading,Female,Medium,FemaleMedium,521.8
2009,צ'כיה,Reading,Female,Medium,FemaleMedium,520.1
2012,צ'כיה,Reading,Female,Medium,FemaleMedium,524.4
2015,צ'כיה,Reading,Female,Medium,FemaleMedium,525.3
2018,צ'כיה,Reading,Female,Medium,FemaleMedium,523.8
2022,צ'כיה,Reading,Female,Medium,FemaleMedium,515.3
2025,צ'כיה,Reading,Female,Medium,FemaleMedium,500.9
2006,צ'כיה,Reading,0,0,General,482.7
2009,צ'כיה,Reading,0,0,General,478.2
2012,צ'כיה,Reading,0,0,General,492.9
2015,צ'כיה,Reading,0,0,General,487.3
2018,צ'כיה,Reading,0,0,General,490.2
2022,צ'כיה,Reading,0,0,General,488.6
2025,צ'כיה,Reading,0,0,General,468.4
2006,צ'כיה,Reading,0,High,GeneralHigh,537.3
2009,צ'כיה,Reading,0,High,GeneralHigh,531.1
2012,צ'כיה,Reading,0,High,GeneralHigh,547
2015,צ'כיה,Reading,0,High,GeneralHigh,553.3
2018,צ'כיה,Reading,0,High,GeneralHigh,549.4
2022,צ'כיה,Reading,0,High,GeneralHigh,548.1
2025,צ'כיה,Reading,0,High,GeneralHigh,515.9
2006,צ'כיה,Reading,0,Low,GeneralLow,444.7
2009,צ'כיה,Reading,0,Low,GeneralLow,450
2012,צ'כיה,Reading,0,Low,GeneralLow,463.1
2015,צ'כיה,Reading,0,Low,GeneralLow,455.5
2018,צ'כיה,Reading,0,Low,GeneralLow,462
2022,צ'כיה,Reading,0,Low,GeneralLow,455.4
2025,צ'כיה,Reading,0,Low,GeneralLow,446.2
2006,צ'כיה,Reading,0,Medium,GeneralMedium,493
2009,צ'כיה,Reading,0,Medium,GeneralMedium,493.1
2012,צ'כיה,Reading,0,Medium,GeneralMedium,505.2
2015,צ'כיה,Reading,0,Medium,GeneralMedium,512
2018,צ'כיה,Reading,0,Medium,GeneralMedium,508.1
2022,צ'כיה,Reading,0,Medium,GeneralMedium,501.9
2025,צ'כיה,Reading,0,Medium,GeneralMedium,482.4
2006,צ'כיה,Reading,Male,0,Male,462.8
2009,צ'כיה,Reading,Male,0,Male,455.5
2012,צ'כיה,Reading,Male,0,Male,474
2015,צ'כיה,Reading,Male,0,Male,474.5
2018,צ'כיה,Reading,Male,0,Male,474
2022,צ'כיה,Reading,Male,0,Male,474.2
2025,צ'כיה,Reading,Male,0,Male,453.6
2006,צ'כיה,Reading,Male,High,MaleHigh,510.6
2009,צ'כיה,Reading,Male,High,MaleHigh,504.9
2012,צ'כיה,Reading,Male,High,MaleHigh,529.2
2015,צ'כיה,Reading,Male,High,MaleHigh,539.6
2018,צ'כיה,Reading,Male,High,MaleHigh,531.3
2022,צ'כיה,Reading,Male,High,MaleHigh,534.5
2025,צ'כיה,Reading,Male,High,MaleHigh,505.3
2006,צ'כיה,Reading,Male,Low,MaleLow,425.5
2009,צ'כיה,Reading,Male,Low,MaleLow,428.3
2012,צ'כיה,Reading,Male,Low,MaleLow,444.5
2015,צ'כיה,Reading,Male,Low,MaleLow,441.5
2018,צ'כיה,Reading,Male,Low,MaleLow,446.3
2022,צ'כיה,Reading,Male,Low,MaleLow,443.6
2025,צ'כיה,Reading,Male,Low,MaleLow,432
2006,צ'כיה,Reading,Male,Medium,MaleMedium,473.9
2009,צ'כיה,Reading,Male,Medium,MaleMedium,469.2
2012,צ'כיה,Reading,Male,Medium,MaleMedium,486.9
2015,צ'כיה,Reading,Male,Medium,MaleMedium,499.6
2018,צ'כיה,Reading,Male,Medium,MaleMedium,493.1
2022,צ'כיה,Reading,Male,Medium,MaleMedium,488.1
2025,צ'כיה,Reading,Male,Medium,MaleMedium,465.1
2006,צ'כיה,Science,Female,0,Female,510.1
2009,צ'כיה,Science,Female,0,Female,503.1
2012,צ'כיה,Science,Female,0,Female,507.9
2015,צ'כיה,Science,Female,0,Female,488.4
2018,צ'כיה,Science,Female,0,Female,497.6
2022,צ'כיה,Science,Female,0,Female,498.7
2025,צ'כיה,Science,Female,0,Female,491.7
2006,צ'כיה,Science,Female,High,FemaleHigh,574.3
2009,צ'כיה,Science,Female,High,FemaleHigh,567.5
2012,צ'כיה,Science,Female,High,FemaleHigh,558.6
2015,צ'כיה,Science,Female,High,FemaleHigh,556.8
2018,צ'כיה,Science,Female,High,FemaleHigh,559
2022,צ'כיה,Science,Female,High,FemaleHigh,558.7
2025,צ'כיה,Science,Female,High,FemaleHigh,542.3
2006,צ'כיה,Science,Female,Low,FemaleLow,466.9
2009,צ'כיה,Science,Female,Low,FemaleLow,471.5
2012,צ'כיה,Science,Female,Low,FemaleLow,479.1
2015,צ'כיה,Science,Female,Low,FemaleLow,458.5
2018,צ'כיה,Science,Female,Low,FemaleLow,467.4
2022,צ'כיה,Science,Female,Low,FemaleLow,460.7
2025,צ'כיה,Science,Female,Low,FemaleLow,462.7
2006,צ'כיה,Science,Female,Medium,FemaleMedium,523.7
2009,צ'כיה,Science,Female,Medium,FemaleMedium,519.4
2012,צ'כיה,Science,Female,Medium,FemaleMedium,519.4
2015,צ'כיה,Science,Female,Medium,FemaleMedium,509.2
2018,צ'כיה,Science,Female,Medium,FemaleMedium,516.2
2022,צ'כיה,Science,Female,Medium,FemaleMedium,511.8
2025,צ'כיה,Science,Female,Medium,FemaleMedium,511.1
2006,צ'כיה,Science,0,0,General,512.9
2009,צ'כיה,Science,0,0,General,500.5
2012,צ'כיה,Science,0,0,General,508.3
2015,צ'כיה,Science,0,0,General,492.8
2018,צ'כיה,Science,0,0,General,496.8
2022,צ'כיה,Science,0,0,General,497.7
2025,צ'כיה,Science,0,0,General,490.3
2006,צ'כיה,Science,0,High,GeneralHigh,566.7
2009,צ'כיה,Science,0,High,GeneralHigh,557.4
2012,צ'כיה,Science,0,High,GeneralHigh,561
2015,צ'כיה,Science,0,High,GeneralHigh,560.5
2018,צ'כיה,Science,0,High,GeneralHigh,555.4
2022,צ'כיה,Science,0,High,GeneralHigh,559.7
2025,צ'כיה,Science,0,High,GeneralHigh,544.2
2006,צ'כיה,Science,0,Low,GeneralLow,473.8
2009,צ'כיה,Science,0,Low,GeneralLow,470.3
2012,צ'כיה,Science,0,Low,GeneralLow,478.8
2015,צ'כיה,Science,0,Low,GeneralLow,461.2
2018,צ'כיה,Science,0,Low,GeneralLow,468.2
2022,צ'כיה,Science,0,Low,GeneralLow,462.4
2025,צ'כיה,Science,0,Low,GeneralLow,462.2
2006,צ'כיה,Science,0,Medium,GeneralMedium,524.5
2009,צ'כיה,Science,0,Medium,GeneralMedium,516
2012,צ'כיה,Science,0,Medium,GeneralMedium,521.2
2015,צ'כיה,Science,0,Medium,GeneralMedium,514.8
2018,צ'כיה,Science,0,Medium,GeneralMedium,516
2022,צ'כיה,Science,0,Medium,GeneralMedium,511.4
2025,צ'כיה,Science,0,Medium,GeneralMedium,507
2006,צ'כיה,Science,Male,0,Male,515
2009,צ'כיה,Science,Male,0,Male,498.2
2012,צ'כיה,Science,Male,0,Male,508.7
2015,צ'כיה,Science,Male,0,Male,497
2018,צ'כיה,Science,Male,0,Male,496
2022,צ'כיה,Science,Male,0,Male,496.9
2025,צ'כיה,Science,Male,0,Male,489
2006,צ'כיה,Science,Male,High,MaleHigh,560.5
2009,צ'כיה,Science,Male,High,MaleHigh,549.5
2012,צ'כיה,Science,Male,High,MaleHigh,563.4
2015,צ'כיה,Science,Male,High,MaleHigh,563.8
2018,צ'כיה,Science,Male,High,MaleHigh,551.7
2022,צ'כיה,Science,Male,High,MaleHigh,560.8
2025,צ'כיה,Science,Male,High,MaleHigh,545.8
2006,צ'כיה,Science,Male,Low,MaleLow,479.8
2009,צ'כיה,Science,Male,Low,MaleLow,469.2
2012,צ'כיה,Science,Male,Low,MaleLow,478.4
2015,צ'כיה,Science,Male,Low,MaleLow,463.9
2018,צ'כיה,Science,Male,Low,MaleLow,468.8
2022,צ'כיה,Science,Male,Low,MaleLow,463.9
2025,צ'כיה,Science,Male,Low,MaleLow,461.7
2006,צ'כיה,Science,Male,Medium,MaleMedium,525.1
2009,צ'כיה,Science,Male,Medium,MaleMedium,513
2012,צ'כיה,Science,Male,Medium,MaleMedium,522.9
2015,צ'כיה,Science,Male,Medium,MaleMedium,520.1
2018,צ'כיה,Science,Male,Medium,MaleMedium,515.8
2022,צ'כיה,Science,Male,Medium,MaleMedium,511.1
2025,צ'כיה,Science,Male,Medium,MaleMedium,503.2
2006,צילה,Math,Female,0,Female,396.3
2009,צילה,Math,Female,0,Female,410.4
2012,צילה,Math,Female,0,Female,410.5
2015,צילה,Math,Female,0,Female,413.4
2018,צילה,Math,Female,0,Female,413.6
2022,צילה,Math,Female,0,Female,403.4
2006,צילה,Math,Female,High,FemaleHigh,468.9
2009,צילה,Math,Female,High,FemaleHigh,479
2012,צילה,Math,Female,High,FemaleHigh,478.8
2015,צילה,Math,Female,High,FemaleHigh,474.7
2018,צילה,Math,Female,High,FemaleHigh,472.8
2022,צילה,Math,Female,High,FemaleHigh,469.1
2006,צילה,Math,Female,Low,FemaleLow,370.2
2009,צילה,Math,Female,Low,FemaleLow,388
2012,צילה,Math,Female,Low,FemaleLow,389.5
2015,צילה,Math,Female,Low,FemaleLow,391.3
2018,צילה,Math,Female,Low,FemaleLow,395.8
2022,צילה,Math,Female,Low,FemaleLow,387.1
2006,צילה,Math,Female,Medium,FemaleMedium,431.8
2009,צילה,Math,Female,Medium,FemaleMedium,429.8
2012,צילה,Math,Female,Medium,FemaleMedium,428.9
2015,צילה,Math,Female,Medium,FemaleMedium,430.3
2018,צילה,Math,Female,Medium,FemaleMedium,433.4
2022,צילה,Math,Female,Medium,FemaleMedium,420.9
2006,צילה,Math,0,0,General,411.4
2009,צילה,Math,0,0,General,421.1
2012,צילה,Math,0,0,General,422.6
2015,צילה,Math,0,0,General,422.7
2018,צילה,Math,0,0,General,417.4
2022,צילה,Math,0,0,General,411.7
2025,צילה,Math,0,0,General,402.6
2006,צילה,Math,0,High,GeneralHigh,480.3
2009,צילה,Math,0,High,GeneralHigh,489.6
2012,צילה,Math,0,High,GeneralHigh,490.9
2015,צילה,Math,0,High,GeneralHigh,482.5
2018,צילה,Math,0,High,GeneralHigh,483.1
2022,צילה,Math,0,High,GeneralHigh,475.2
2025,צילה,Math,0,High,GeneralHigh,456.9
2006,צילה,Math,0,Low,GeneralLow,384.7
2009,צילה,Math,0,Low,GeneralLow,399.5
2012,צילה,Math,0,Low,GeneralLow,400.8
2015,צילה,Math,0,Low,GeneralLow,401
2018,צילה,Math,0,Low,GeneralLow,398.4
2022,צילה,Math,0,Low,GeneralLow,396.7
2025,צילה,Math,0,Low,GeneralLow,387.7
2006,צילה,Math,0,Medium,GeneralMedium,444.9
2009,צילה,Math,0,Medium,GeneralMedium,439
2012,צילה,Math,0,Medium,GeneralMedium,440.2
2015,צילה,Math,0,Medium,GeneralMedium,437.7
2018,צילה,Math,0,Medium,GeneralMedium,436.6
2022,צילה,Math,0,Medium,GeneralMedium,427.2
2025,צילה,Math,0,Medium,GeneralMedium,418.5
2006,צילה,Math,Male,0,Male,424.2
2009,צילה,Math,Male,0,Male,431.3
2012,צילה,Math,Male,0,Male,435.5
2015,צילה,Math,Male,0,Male,431.8
2018,צילה,Math,Male,0,Male,421.1
2022,צילה,Math,Male,0,Male,419.7
2006,צילה,Math,Male,High,MaleHigh,488.9
2009,צילה,Math,Male,High,MaleHigh,500.2
2012,צילה,Math,Male,High,MaleHigh,503
2015,צילה,Math,Male,High,MaleHigh,489.8
2018,צילה,Math,Male,High,MaleHigh,493.3
2022,צילה,Math,Male,High,MaleHigh,480.9
2006,צילה,Math,Male,Low,MaleLow,397.5
2009,צילה,Math,Male,Low,MaleLow,410.4
2012,צילה,Math,Male,Low,MaleLow,413.1
2015,צילה,Math,Male,Low,MaleLow,411
2018,צילה,Math,Male,Low,MaleLow,401.1
2022,צילה,Math,Male,Low,MaleLow,406
2006,צילה,Math,Male,Medium,MaleMedium,455.7
2009,צילה,Math,Male,Medium,MaleMedium,447.6
2012,צילה,Math,Male,Medium,MaleMedium,452.4
2015,צילה,Math,Male,Medium,MaleMedium,444.7
2018,צילה,Math,Male,Medium,MaleMedium,439.4
2022,צילה,Math,Male,Medium,MaleMedium,433
2006,צילה,Reading,Female,0,Female,451.3
2009,צילה,Reading,Female,0,Female,460.6
2012,צילה,Reading,Female,0,Female,452.4
2015,צילה,Reading,Female,0,Female,464.6
2018,צילה,Reading,Female,0,Female,462.3
2022,צילה,Reading,Female,0,Female,451.4
2006,צילה,Reading,Female,High,FemaleHigh,524.8
2009,צילה,Reading,Female,High,FemaleHigh,522.2
2012,צילה,Reading,Female,High,FemaleHigh,511.2
2015,צילה,Reading,Female,High,FemaleHigh,520.8
2018,צילה,Reading,Female,High,FemaleHigh,519.3
2022,צילה,Reading,Female,High,FemaleHigh,514.3
2006,צילה,Reading,Female,Low,FemaleLow,424.6
2009,צילה,Reading,Female,Low,FemaleLow,439.6
2012,צילה,Reading,Female,Low,FemaleLow,433.9
2015,צילה,Reading,Female,Low,FemaleLow,443.6
2018,צילה,Reading,Female,Low,FemaleLow,445.4
2022,צילה,Reading,Female,Low,FemaleLow,434.2
2006,צילה,Reading,Female,Medium,FemaleMedium,488.1
2009,צילה,Reading,Female,Medium,FemaleMedium,482.3
2012,צילה,Reading,Female,Medium,FemaleMedium,470.7
2015,צילה,Reading,Female,Medium,FemaleMedium,483
2018,צילה,Reading,Female,Medium,FemaleMedium,482.5
2022,צילה,Reading,Female,Medium,FemaleMedium,474.8
2006,צילה,Reading,0,0,General,442.1
2009,צילה,Reading,0,0,General,449.4
2012,צילה,Reading,0,0,General,441.4
2015,צילה,Reading,0,0,General,458.6
2018,צילה,Reading,0,0,General,452.3
2022,צילה,Reading,0,0,General,448
2025,צילה,Reading,0,0,General,435.7
2006,צילה,Reading,0,High,GeneralHigh,511.6
2009,צילה,Reading,0,High,GeneralHigh,514.3
2012,צילה,Reading,0,High,GeneralHigh,501
2015,צילה,Reading,0,High,GeneralHigh,512.4
2018,צילה,Reading,0,High,GeneralHigh,514.4
2022,צילה,Reading,0,High,GeneralHigh,507.1
2025,צילה,Reading,0,High,GeneralHigh,493.7
2006,צילה,Reading,0,Low,GeneralLow,415.3
2009,צילה,Reading,0,Low,GeneralLow,428.1
2012,צילה,Reading,0,Low,GeneralLow,422.2
2015,צילה,Reading,0,Low,GeneralLow,439.4
2018,צילה,Reading,0,Low,GeneralLow,434.2
2022,צילה,Reading,0,Low,GeneralLow,431.8
2025,צילה,Reading,0,Low,GeneralLow,422.2
2006,צילה,Reading,0,Medium,GeneralMedium,475.8
2009,צילה,Reading,0,Medium,GeneralMedium,470.5
2012,צילה,Reading,0,Medium,GeneralMedium,459.1
2015,צילה,Reading,0,Medium,GeneralMedium,472.6
2018,צילה,Reading,0,Medium,GeneralMedium,473.1
2022,צילה,Reading,0,Medium,GeneralMedium,468.8
2025,צילה,Reading,0,Medium,GeneralMedium,452.1
2006,צילה,Reading,Male,0,Male,434.3
2009,צילה,Reading,Male,0,Male,438.6
2012,צילה,Reading,Male,0,Male,429.7
2015,צילה,Reading,Male,0,Male,452.6
2018,צילה,Reading,Male,0,Male,442.5
2022,צילה,Reading,Male,0,Male,444.8
2006,צילה,Reading,Male,High,MaleHigh,501.7
2009,צילה,Reading,Male,High,MaleHigh,506.3
2012,צילה,Reading,Male,High,MaleHigh,490.8
2015,צילה,Reading,Male,High,MaleHigh,504.5
2018,צילה,Reading,Male,High,MaleHigh,509.7
2022,צילה,Reading,Male,High,MaleHigh,500.3
2006,צילה,Reading,Male,Low,MaleLow,407
2009,צילה,Reading,Male,Low,MaleLow,417
2012,צילה,Reading,Male,Low,MaleLow,409.3
2015,צילה,Reading,Male,Low,MaleLow,435
2018,צילה,Reading,Male,Low,MaleLow,422.7
2022,צילה,Reading,Male,Low,MaleLow,429.4
2006,צילה,Reading,Male,Medium,MaleMedium,465.6
2009,צילה,Reading,Male,Medium,MaleMedium,459.4
2012,צילה,Reading,Male,Medium,MaleMedium,446.5
2015,צילה,Reading,Male,Medium,MaleMedium,462.9
2018,צילה,Reading,Male,Medium,MaleMedium,465
2022,צילה,Reading,Male,Medium,MaleMedium,463.3
2006,צילה,Science,Female,0,Female,426.5
2009,צילה,Science,Female,0,Female,442.9
2012,צילה,Science,Female,0,Female,441.6
2015,צילה,Science,Female,0,Female,439.6
2018,צילה,Science,Female,0,Female,441.8
2022,צילה,Science,Female,0,Female,436.3
2006,צילה,Science,Female,High,FemaleHigh,501.6
2009,צילה,Science,Female,High,FemaleHigh,505.2
2012,צילה,Science,Female,High,FemaleHigh,504.6
2015,צילה,Science,Female,High,FemaleHigh,497.8
2018,צילה,Science,Female,High,FemaleHigh,499
2022,צילה,Science,Female,High,FemaleHigh,510.5
2006,צילה,Science,Female,Low,FemaleLow,400.1
2009,צילה,Science,Female,Low,FemaleLow,421.6
2012,צילה,Science,Female,Low,FemaleLow,421.4
2015,צילה,Science,Female,Low,FemaleLow,417.4
2018,צילה,Science,Female,Low,FemaleLow,424.6
2022,צילה,Science,Female,Low,FemaleLow,417.7
2006,צילה,Science,Female,Medium,FemaleMedium,460.9
2009,צילה,Science,Female,Medium,FemaleMedium,463.8
2012,צילה,Science,Female,Medium,FemaleMedium,461.7
2015,צילה,Science,Female,Medium,FemaleMedium,459.2
2018,צילה,Science,Female,Medium,FemaleMedium,460.4
2022,צילה,Science,Female,Medium,FemaleMedium,458.3
2006,צילה,Science,0,0,General,438.2
2009,צילה,Science,0,0,General,447.5
2012,צילה,Science,0,0,General,444.9
2015,צילה,Science,0,0,General,447
2018,צילה,Science,0,0,General,443.6
2022,צילה,Science,0,0,General,443.5
2025,צילה,Science,0,0,General,442.4
2006,צילה,Science,0,High,GeneralHigh,508.1
2009,צילה,Science,0,High,GeneralHigh,509.3
2012,צילה,Science,0,High,GeneralHigh,508.4
2015,צילה,Science,0,High,GeneralHigh,503.8
2018,צילה,Science,0,High,GeneralHigh,505
2022,צילה,Science,0,High,GeneralHigh,511.9
2025,צילה,Science,0,High,GeneralHigh,501.2
2006,צילה,Science,0,Low,GeneralLow,411.3
2009,צילה,Science,0,Low,GeneralLow,427.3
2012,צילה,Science,0,Low,GeneralLow,424.3
2015,צילה,Science,0,Low,GeneralLow,425.7
2018,צילה,Science,0,Low,GeneralLow,425.2
2022,צילה,Science,0,Low,GeneralLow,426.8
2025,צילה,Science,0,Low,GeneralLow,427
2006,צילה,Science,0,Medium,GeneralMedium,471.8
2009,צילה,Science,0,Medium,GeneralMedium,466.9
2012,צילה,Science,0,Medium,GeneralMedium,462.6
2015,צילה,Science,0,Medium,GeneralMedium,463.5
2018,צילה,Science,0,Medium,GeneralMedium,462.9
2022,צילה,Science,0,Medium,GeneralMedium,462.9
2025,צילה,Science,0,Medium,GeneralMedium,460.9
2006,צילה,Science,Male,0,Male,448.1
2009,צילה,Science,Male,0,Male,451.9
2012,צילה,Science,Male,0,Male,448.4
2015,צילה,Science,Male,0,Male,454.2
2018,צילה,Science,Male,0,Male,445.3
2022,צילה,Science,Male,0,Male,450.4
2006,צילה,Science,Male,High,MaleHigh,513
2009,צילה,Science,Male,High,MaleHigh,513.5
2012,צילה,Science,Male,High,MaleHigh,512.1
2015,צילה,Science,Male,High,MaleHigh,509.5
2018,צילה,Science,Male,High,MaleHigh,510.9
2022,צילה,Science,Male,High,MaleHigh,513.2
2006,צילה,Science,Male,Low,MaleLow,421.1
2009,צילה,Science,Male,Low,MaleLow,432.6
2012,צילה,Science,Male,Low,MaleLow,427.4
2015,צילה,Science,Male,Low,MaleLow,434.3
2018,צילה,Science,Male,Low,MaleLow,425.8
2022,צילה,Science,Male,Low,MaleLow,435.6
2006,צילה,Science,Male,Medium,MaleMedium,480.8
2009,צילה,Science,Male,Medium,MaleMedium,469.8
2012,צילה,Science,Male,Medium,MaleMedium,463.6
2015,צילה,Science,Male,Medium,MaleMedium,467.4
2018,צילה,Science,Male,Medium,MaleMedium,465.1
2022,צילה,Science,Male,Medium,MaleMedium,467
2015,צפון-קרולינה,Math,Female,0,Female,468.1
2015,צפון-קרולינה,Math,Female,High,FemaleHigh,512.6
2015,צפון-קרולינה,Math,Female,Low,FemaleLow,438.3
2015,צפון-קרולינה,Math,Female,Medium,FemaleMedium,470.3
2015,צפון-קרולינה,Math,0,0,General,470.9
2015,צפון-קרולינה,Math,0,High,GeneralHigh,513.9
2015,צפון-קרולינה,Math,0,Low,GeneralLow,440.1
2015,צפון-קרולינה,Math,0,Medium,GeneralMedium,472.7
2015,צפון-קרולינה,Math,Male,0,Male,473.7
2015,צפון-קרולינה,Math,Male,High,MaleHigh,515.1
2015,צפון-קרולינה,Math,Male,Low,MaleLow,442.1
2015,צפון-קרולינה,Math,Male,Medium,MaleMedium,474.8
2015,צפון-קרולינה,Reading,Female,0,Female,512.6
2015,צפון-קרולינה,Reading,Female,High,FemaleHigh,550.8
2015,צפון-קרולינה,Reading,Female,Low,FemaleLow,487.3
2015,צפון-קרולינה,Reading,Female,Medium,FemaleMedium,514.6
2015,צפון-קרולינה,Reading,0,0,General,499.9
2015,צפון-קרולינה,Reading,0,High,GeneralHigh,537.8
2015,צפון-קרולינה,Reading,0,Low,GeneralLow,473.3
2015,צפון-קרולינה,Reading,0,Medium,GeneralMedium,500.9
2015,צפון-קרולינה,Reading,Male,0,Male,487.3
2015,צפון-קרולינה,Reading,Male,High,MaleHigh,525.3
2015,צפון-קרולינה,Reading,Male,Low,MaleLow,457.2
2015,צפון-קרולינה,Reading,Male,Medium,MaleMedium,489.2
2015,צפון-קרולינה,Science,Female,0,Female,501.6
2015,צפון-קרולינה,Science,Female,High,FemaleHigh,545
2015,צפון-קרולינה,Science,Female,Low,FemaleLow,473.4
2015,צפון-קרולינה,Science,Female,Medium,FemaleMedium,502.7
2015,צפון-קרולינה,Science,0,0,General,502.4
2015,צפון-קרולינה,Science,0,High,GeneralHigh,545.8
2015,צפון-קרולינה,Science,0,Low,GeneralLow,471.8
2015,צפון-קרולינה,Science,0,Medium,GeneralMedium,503.6
2015,צפון-קרולינה,Science,Male,0,Male,503.1
2015,צפון-קרולינה,Science,Male,High,MaleHigh,546.6
2015,צפון-קרולינה,Science,Male,Low,MaleLow,469.9
2015,צפון-קרולינה,Science,Male,Medium,MaleMedium,504.5
2006,צרפת,Math,Female,0,Female,492.4
2009,צרפת,Math,Female,0,Female,488.9
2012,צרפת,Math,Female,0,Female,490.9
2015,צרפת,Math,Female,0,Female,490
2018,צרפת,Math,Female,0,Female,492.2
2022,צרפת,Math,Female,0,Female,469.1
2025,צרפת,Math,Female,0,Female,451.2
2006,צרפת,Math,Female,High,FemaleHigh,542
2009,צרפת,Math,Female,High,FemaleHigh,556.6
2012,צרפת,Math,Female,High,FemaleHigh,555
2015,צרפת,Math,Female,High,FemaleHigh,555.8
2018,צרפת,Math,Female,High,FemaleHigh,552
2022,צרפת,Math,Female,High,FemaleHigh,527.7
2025,צרפת,Math,Female,High,FemaleHigh,505.9
2006,צרפת,Math,Female,Low,FemaleLow,456.6
2009,צרפת,Math,Female,Low,FemaleLow,453.4
2012,צרפת,Math,Female,Low,FemaleLow,447.6
2015,צרפת,Math,Female,Low,FemaleLow,452.7
2018,צרפת,Math,Female,Low,FemaleLow,450
2022,צרפת,Math,Female,Low,FemaleLow,427.1
2025,צרפת,Math,Female,Low,FemaleLow,419.1
2006,צרפת,Math,Female,Medium,FemaleMedium,509.4
2009,צרפת,Math,Female,Medium,FemaleMedium,510
2012,צרפת,Math,Female,Medium,FemaleMedium,507.9
2015,צרפת,Math,Female,Medium,FemaleMedium,510.8
2018,צרפת,Math,Female,Medium,FemaleMedium,502.5
2022,צרפת,Math,Female,Medium,FemaleMedium,476.5
2025,צרפת,Math,Female,Medium,FemaleMedium,467.9
2006,צרפת,Math,0,0,General,495.5
2009,צרפת,Math,0,0,General,496.8
2012,צרפת,Math,0,0,General,495
2015,צרפת,Math,0,0,General,492.9
2018,צרפת,Math,0,0,General,495.4
2022,צרפת,Math,0,0,General,473.9
2025,צרפת,Math,0,0,General,457.7
2006,צרפת,Math,0,High,GeneralHigh,545.1
2009,צרפת,Math,0,High,GeneralHigh,566.9
2012,צרפת,Math,0,High,GeneralHigh,564.5
2015,צרפת,Math,0,High,GeneralHigh,557.8
2018,צרפת,Math,0,High,GeneralHigh,552.7
2022,צרפת,Math,0,High,GeneralHigh,533.6
2025,צרפת,Math,0,High,GeneralHigh,515.1
2006,צרפת,Math,0,Low,GeneralLow,457.4
2009,צרפת,Math,0,Low,GeneralLow,460.4
2012,צרפת,Math,0,Low,GeneralLow,451.8
2015,צרפת,Math,0,Low,GeneralLow,456.1
2018,צרפת,Math,0,Low,GeneralLow,455.3
2022,צרפת,Math,0,Low,GeneralLow,432.6
2025,צרפת,Math,0,Low,GeneralLow,430.4
2006,צרפת,Math,0,Medium,GeneralMedium,513.3
2009,צרפת,Math,0,Medium,GeneralMedium,518.3
2012,צרפת,Math,0,Medium,GeneralMedium,510.8
2015,צרפת,Math,0,Medium,GeneralMedium,514.2
2018,צרפת,Math,0,Medium,GeneralMedium,507.6
2022,צרפת,Math,0,Medium,GeneralMedium,481.3
2025,צרפת,Math,0,Medium,GeneralMedium,476.6
2006,צרפת,Math,Male,0,Male,498.9
2009,צרפת,Math,Male,0,Male,505.1
2012,צרפת,Math,Male,0,Male,499.4
2015,צרפת,Math,Male,0,Male,495.9
2018,צרפת,Math,Male,0,Male,498.5
2022,צרפת,Math,Male,0,Male,478.9
2025,צרפת,Math,Male,0,Male,463.8
2006,צרפת,Math,Male,High,MaleHigh,548.2
2009,צרפת,Math,Male,High,MaleHigh,577.3
2012,צרפת,Math,Male,High,MaleHigh,574.7
2015,צרפת,Math,Male,High,MaleHigh,559.8
2018,צרפת,Math,Male,High,MaleHigh,553.3
2022,צרפת,Math,Male,High,MaleHigh,539.4
2025,צרפת,Math,Male,High,MaleHigh,525.1
2006,צרפת,Math,Male,Low,MaleLow,458.4
2009,צרפת,Math,Male,Low,MaleLow,468.2
2012,צרפת,Math,Male,Low,MaleLow,456.5
2015,צרפת,Math,Male,Low,MaleLow,459.7
2018,צרפת,Math,Male,Low,MaleLow,460.3
2022,צרפת,Math,Male,Low,MaleLow,438
2025,צרפת,Math,Male,Low,MaleLow,441.4
2006,צרפת,Math,Male,Medium,MaleMedium,517.4
2009,צרפת,Math,Male,Medium,MaleMedium,526.8
2012,צרפת,Math,Male,Medium,MaleMedium,513.8
2015,צרפת,Math,Male,Medium,MaleMedium,517.6
2018,צרפת,Math,Male,Medium,MaleMedium,512.6
2022,צרפת,Math,Male,Medium,MaleMedium,486.8
2025,צרפת,Math,Male,Medium,MaleMedium,485.8
2006,צרפת,Reading,Female,0,Female,504.6
2009,צרפת,Reading,Female,0,Female,515.2
2012,צרפת,Reading,Female,0,Female,526.8
2015,צרפת,Reading,Female,0,Female,513.8
2018,צרפת,Reading,Female,0,Female,505.2
2022,צרפת,Reading,Female,0,Female,483.8
2025,צרפת,Reading,Female,0,Female,472.6
2006,צרפת,Reading,Female,High,FemaleHigh,551.1
2009,צרפת,Reading,Female,High,FemaleHigh,578.3
2012,צרפת,Reading,Female,High,FemaleHigh,591.7
2015,צרפת,Reading,Female,High,FemaleHigh,585.7
2018,צרפת,Reading,Female,High,FemaleHigh,564.7
2022,צרפת,Reading,Female,High,FemaleHigh,544.7
2025,צרפת,Reading,Female,High,FemaleHigh,525
2006,צרפת,Reading,Female,Low,FemaleLow,468.4
2009,צרפת,Reading,Female,Low,FemaleLow,482
2012,צרפת,Reading,Female,Low,FemaleLow,482.8
2015,צרפת,Reading,Female,Low,FemaleLow,474
2018,צרפת,Reading,Female,Low,FemaleLow,464.5
2022,צרפת,Reading,Female,Low,FemaleLow,439
2025,צרפת,Reading,Female,Low,FemaleLow,441.8
2006,צרפת,Reading,Female,Medium,FemaleMedium,524
2009,צרפת,Reading,Female,Medium,FemaleMedium,535.7
2012,צרפת,Reading,Female,Medium,FemaleMedium,545.1
2015,צרפת,Reading,Female,Medium,FemaleMedium,537.8
2018,צרפת,Reading,Female,Medium,FemaleMedium,515.3
2022,צרפת,Reading,Female,Medium,FemaleMedium,494
2025,צרפת,Reading,Female,Medium,FemaleMedium,490.1
2006,צרפת,Reading,0,0,General,487.7
2009,צרפת,Reading,0,0,General,495.6
2012,צרפת,Reading,0,0,General,505.5
2015,צרפת,Reading,0,0,General,499.3
2018,צרפת,Reading,0,0,General,492.6
2022,צרפת,Reading,0,0,General,473.9
2025,צרפת,Reading,0,0,General,456.3
2006,צרפת,Reading,0,High,GeneralHigh,534
2009,צרפת,Reading,0,High,GeneralHigh,562.7
2012,צרפת,Reading,0,High,GeneralHigh,576.3
2015,צרפת,Reading,0,High,GeneralHigh,570.5
2018,צרפת,Reading,0,High,GeneralHigh,551.2
2022,צרפת,Reading,0,High,GeneralHigh,534.3
2025,צרפת,Reading,0,High,GeneralHigh,513.5
2006,צרפת,Reading,0,Low,GeneralLow,449
2009,צרפת,Reading,0,Low,GeneralLow,461.1
2012,צרפת,Reading,0,Low,GeneralLow,460.6
2015,צרפת,Reading,0,Low,GeneralLow,459.3
2018,צרפת,Reading,0,Low,GeneralLow,453.1
2022,צרפת,Reading,0,Low,GeneralLow,431.4
2025,צרפת,Reading,0,Low,GeneralLow,430.4
2006,צרפת,Reading,0,Medium,GeneralMedium,508.3
2009,צרפת,Reading,0,Medium,GeneralMedium,516.9
2012,צרפת,Reading,0,Medium,GeneralMedium,523.8
2015,צרפת,Reading,0,Medium,GeneralMedium,524.2
2018,צרפת,Reading,0,Medium,GeneralMedium,504.3
2022,צרפת,Reading,0,Medium,GeneralMedium,483.7
2025,צרפת,Reading,0,Medium,GeneralMedium,476.7
2006,צרפת,Reading,Male,0,Male,469.8
2009,צרפת,Reading,Male,0,Male,475
2012,צרפת,Reading,Male,0,Male,483
2015,צרפת,Reading,Male,0,Male,484.6
2018,צרפת,Reading,Male,0,Male,480.3
2022,צרפת,Reading,Male,0,Male,463.6
2025,צרפת,Reading,Male,0,Male,440.7
2006,צרפת,Reading,Male,High,MaleHigh,516.8
2009,צרפת,Reading,Male,High,MaleHigh,546.9
2012,צרפת,Reading,Male,High,MaleHigh,559.7
2015,צרפת,Reading,Male,High,MaleHigh,555
2018,צרפת,Reading,Male,High,MaleHigh,537.8
2022,צרפת,Reading,Male,High,MaleHigh,524.2
2025,צרפת,Reading,Male,High,MaleHigh,500.9
2006,צרפת,Reading,Male,Low,MaleLow,427.4
2009,צרפת,Reading,Male,Low,MaleLow,437.9
2012,צרפת,Reading,Male,Low,MaleLow,436.5
2015,צרפת,Reading,Male,Low,MaleLow,444.4
2018,צרפת,Reading,Male,Low,MaleLow,442.3
2022,צרפת,Reading,Male,Low,MaleLow,423.7
2025,צרפת,Reading,Male,Low,MaleLow,419.4
2006,צרפת,Reading,Male,Medium,MaleMedium,492
2009,צרפת,Reading,Male,Medium,MaleMedium,497.5
2012,צרפת,Reading,Male,Medium,MaleMedium,501
2015,צרפת,Reading,Male,Medium,MaleMedium,510.3
2018,צרפת,Reading,Male,Medium,MaleMedium,493.3
2022,צרפת,Reading,Male,Medium,MaleMedium,472
2025,צרפת,Reading,Male,Medium,MaleMedium,462.8
2006,צרפת,Science,Female,0,Female,493.9
2009,צרפת,Science,Female,0,Female,496.6
2012,צרפת,Science,Female,0,Female,500.2
2015,צרפת,Science,Female,0,Female,494
2018,צרפת,Science,Female,0,Female,493.5
2022,צרפת,Science,Female,0,Female,487.9
2025,צרפת,Science,Female,0,Female,486.6
2006,צרפת,Science,Female,High,FemaleHigh,545.9
2009,צרפת,Science,Female,High,FemaleHigh,557.8
2012,צרפת,Science,Female,High,FemaleHigh,563.3
2015,צרפת,Science,Female,High,FemaleHigh,563.3
2018,צרפת,Science,Female,High,FemaleHigh,554.5
2022,צרפת,Science,Female,High,FemaleHigh,550.1
2025,צרפת,Science,Female,High,FemaleHigh,543.2
2006,צרפת,Science,Female,Low,FemaleLow,455.5
2009,צרפת,Science,Female,Low,FemaleLow,463.9
2012,צרפת,Science,Female,Low,FemaleLow,457.4
2015,צרפת,Science,Female,Low,FemaleLow,454.6
2018,צרפת,Science,Female,Low,FemaleLow,451.6
2022,צרפת,Science,Female,Low,FemaleLow,441.4
2025,צרפת,Science,Female,Low,FemaleLow,452.9
2006,צרפת,Science,Female,Medium,FemaleMedium,512.9
2009,צרפת,Science,Female,Medium,FemaleMedium,517
2012,צרפת,Science,Female,Medium,FemaleMedium,516.7
2015,צרפת,Science,Female,Medium,FemaleMedium,517.6
2018,צרפת,Science,Female,Medium,FemaleMedium,503.4
2022,צרפת,Science,Female,Medium,FemaleMedium,497.7
2025,צרפת,Science,Female,Medium,FemaleMedium,505.4
2006,צרפת,Science,0,0,General,495.2
2009,צרפת,Science,0,0,General,498.2
2012,צרפת,Science,0,0,General,499
2015,צרפת,Science,0,0,General,495
2018,צרפת,Science,0,0,General,493
2022,צרפת,Science,0,0,General,487.2
2025,צרפת,Science,0,0,General,483.4
2006,צרפת,Science,0,High,GeneralHigh,547.8
2009,צרפת,Science,0,High,GeneralHigh,565.6
2012,צרפת,Science,0,High,GeneralHigh,568.6
2015,צרפת,Science,0,High,GeneralHigh,563.5
2018,צרפת,Science,0,High,GeneralHigh,552.4
2022,צרפת,Science,0,High,GeneralHigh,549.9
2025,צרפת,Science,0,High,GeneralHigh,543.7
2006,צרפת,Science,0,Low,GeneralLow,454
2009,צרפת,Science,0,Low,GeneralLow,463.4
2012,צרפת,Science,0,Low,GeneralLow,455.8
2015,צרפת,Science,0,Low,GeneralLow,456.1
2018,צרפת,Science,0,Low,GeneralLow,452.8
2022,צרפת,Science,0,Low,GeneralLow,441.3
2025,צרפת,Science,0,Low,GeneralLow,454.7
2006,צרפת,Science,0,Medium,GeneralMedium,515.2
2009,צרפת,Science,0,Medium,GeneralMedium,519.4
2012,צרפת,Science,0,Medium,GeneralMedium,514.4
2015,צרפת,Science,0,Medium,GeneralMedium,518.9
2018,צרפת,Science,0,Medium,GeneralMedium,504.6
2022,צרפת,Science,0,Medium,GeneralMedium,497.7
2025,צרפת,Science,0,Medium,GeneralMedium,505.4
2006,צרפת,Science,Male,0,Male,496.6
2009,צרפת,Science,Male,0,Male,499.9
2012,צרפת,Science,Male,0,Male,497.7
2015,צרפת,Science,Male,0,Male,495.9
2018,צרפת,Science,Male,0,Male,492.5
2022,צרפת,Science,Male,0,Male,486.5
2025,צרפת,Science,Male,0,Male,480.4
2006,צרפת,Science,Male,High,MaleHigh,549.6
2009,צרפת,Science,Male,High,MaleHigh,573.5
2012,צרפת,Science,Male,High,MaleHigh,574.3
2015,צרפת,Science,Male,High,MaleHigh,563.8
2018,צרפת,Science,Male,High,MaleHigh,550.4
2022,צרפת,Science,Male,High,MaleHigh,549.7
2025,צרפת,Science,Male,High,MaleHigh,544.2
2006,צרפת,Science,Male,Low,MaleLow,452.3
2009,צרפת,Science,Male,Low,MaleLow,462.8
2012,צרפת,Science,Male,Low,MaleLow,454
2015,צרפת,Science,Male,Low,MaleLow,457.7
2018,צרפת,Science,Male,Low,MaleLow,454.1
2022,צרפת,Science,Male,Low,MaleLow,441.2
2025,צרפת,Science,Male,Low,MaleLow,456.3
2006,צרפת,Science,Male,Medium,MaleMedium,517.5
2009,צרפת,Science,Male,Medium,MaleMedium,521.9
2012,צרפת,Science,Male,Medium,MaleMedium,512
2015,צרפת,Science,Male,Medium,MaleMedium,520.3
2018,צרפת,Science,Male,Medium,MaleMedium,505.7
2022,צרפת,Science,Male,Medium,MaleMedium,497.7
2025,צרפת,Science,Male,Medium,MaleMedium,505.5
2006,קאטר,Math,Female,0,Female,325.1
2009,קאטר,Math,Female,0,Female,370.8
2012,קאטר,Math,Female,0,Female,384.7
2015,קאטר,Math,Female,0,Female,408.3
2018,קאטר,Math,Female,0,Female,426.4
2022,קאטר,Math,Female,0,Female,418.1
2025,קאטר,Math,Female,0,Female,415.4
2006,קאטר,Math,Female,High,FemaleHigh,344.6
2009,קאטר,Math,Female,High,FemaleHigh,393.9
2012,קאטר,Math,Female,High,FemaleHigh,405.8
2015,קאטר,Math,Female,High,FemaleHigh,426.8
2018,קאטר,Math,Female,High,FemaleHigh,461
2022,קאטר,Math,Female,High,FemaleHigh,457.6
2025,קאטר,Math,Female,High,FemaleHigh,440
2006,קאטר,Math,Female,Low,FemaleLow,302.4
2009,קאטר,Math,Female,Low,FemaleLow,328.5
2012,קאטר,Math,Female,Low,FemaleLow,344.7
2015,קאטר,Math,Female,Low,FemaleLow,358.3
2018,קאטר,Math,Female,Low,FemaleLow,378.8
2022,קאטר,Math,Female,Low,FemaleLow,374.3
2025,קאטר,Math,Female,Low,FemaleLow,372.2
2006,קאטר,Math,Female,Medium,FemaleMedium,323.8
2009,קאטר,Math,Female,Medium,FemaleMedium,363.8
2012,קאטר,Math,Female,Medium,FemaleMedium,385.3
2015,קאטר,Math,Female,Medium,FemaleMedium,403.2
2018,קאטר,Math,Female,Medium,FemaleMedium,424.5
2022,קאטר,Math,Female,Medium,FemaleMedium,427.7
2025,קאטר,Math,Female,Medium,FemaleMedium,413.2
2006,קאטר,Math,0,0,General,318
2009,קאטר,Math,0,0,General,368.1
2012,קאטר,Math,0,0,General,376.4
2015,קאטר,Math,0,0,General,402.4
2018,קאטר,Math,0,0,General,414.2
2022,קאטר,Math,0,0,General,414.1
2025,קאטר,Math,0,0,General,416.2
2006,קאטר,Math,0,High,GeneralHigh,340.1
2009,קאטר,Math,0,High,GeneralHigh,392.6
2012,קאטר,Math,0,High,GeneralHigh,401.4
2015,קאטר,Math,0,High,GeneralHigh,422.8
2018,קאטר,Math,0,High,GeneralHigh,453.9
2022,קאטר,Math,0,High,GeneralHigh,455
2025,קאטר,Math,0,High,GeneralHigh,446.5
2006,קאטר,Math,0,Low,GeneralLow,294.2
2009,קאטר,Math,0,Low,GeneralLow,326.7
2012,קאטר,Math,0,Low,GeneralLow,335.7
2015,קאטר,Math,0,Low,GeneralLow,354.4
2018,קאטר,Math,0,Low,GeneralLow,367
2022,קאטר,Math,0,Low,GeneralLow,372.8
2025,קאטר,Math,0,Low,GeneralLow,373.3
2006,קאטר,Math,0,Medium,GeneralMedium,313
2009,קאטר,Math,0,Medium,GeneralMedium,360.1
2012,קאטר,Math,0,Medium,GeneralMedium,376.7
2015,קאטר,Math,0,Medium,GeneralMedium,396.4
2018,קאטר,Math,0,Medium,GeneralMedium,413
2022,קאטר,Math,0,Medium,GeneralMedium,423.9
2025,קאטר,Math,0,Medium,GeneralMedium,422.4
2006,קאטר,Math,Male,0,Male,310.9
2009,קאטר,Math,Male,0,Male,365.5
2012,קאטר,Math,Male,0,Male,368.7
2015,קאטר,Math,Male,0,Male,396.8
2018,קאטר,Math,Male,0,Male,402.4
2022,קאטר,Math,Male,0,Male,410.2
2025,קאטר,Math,Male,0,Male,417
2006,קאטר,Math,Male,High,MaleHigh,335.9
2009,קאטר,Math,Male,High,MaleHigh,391.4
2012,קאטר,Math,Male,High,MaleHigh,397.3
2015,קאטר,Math,Male,High,MaleHigh,418.8
2018,קאטר,Math,Male,High,MaleHigh,446.1
2022,קאטר,Math,Male,High,MaleHigh,452.3
2025,קאטר,Math,Male,High,MaleHigh,454.3
2006,קאטר,Math,Male,Low,MaleLow,284.8
2009,קאטר,Math,Male,Low,MaleLow,324.7
2012,קאטר,Math,Male,Low,MaleLow,325.6
2015,קאטר,Math,Male,Low,MaleLow,350.6
2018,קאטר,Math,Male,Low,MaleLow,356.2
2022,קאטר,Math,Male,Low,MaleLow,371.2
2025,קאטר,Math,Male,Low,MaleLow,374.3
2006,קאטר,Math,Male,Medium,MaleMedium,302.9
2009,קאטר,Math,Male,Medium,MaleMedium,356.7
2012,קאטר,Math,Male,Medium,MaleMedium,368.8
2015,קאטר,Math,Male,Medium,MaleMedium,390.1
2018,קאטר,Math,Male,Medium,MaleMedium,401.7
2022,קאטר,Math,Male,Medium,MaleMedium,420.1
2025,קאטר,Math,Male,Medium,MaleMedium,433.1
2006,קאטר,Reading,Female,0,Female,345.5
2009,קאטר,Reading,Female,0,Female,397.3
2012,קאטר,Reading,Female,0,Female,423.7
2015,קאטר,Reading,Female,0,Female,429
2018,קאטר,Reading,Female,0,Female,440.2
2022,קאטר,Reading,Female,0,Female,439.6
2025,קאטר,Reading,Female,0,Female,438.1
2006,קאטר,Reading,Female,High,FemaleHigh,356.1
2009,קאטר,Reading,Female,High,FemaleHigh,419.6
2012,קאטר,Reading,Female,High,FemaleHigh,447.3
2015,קאטר,Reading,Female,High,FemaleHigh,449.1
2018,קאטר,Reading,Female,High,FemaleHigh,477.6
2022,קאטר,Reading,Female,High,FemaleHigh,482.1
2025,קאטר,Reading,Female,High,FemaleHigh,461.8
2006,קאטר,Reading,Female,Low,FemaleLow,327.8
2009,קאטר,Reading,Female,Low,FemaleLow,356.4
2012,קאטר,Reading,Female,Low,FemaleLow,379.4
2015,קאטר,Reading,Female,Low,FemaleLow,375.1
2018,קאטר,Reading,Female,Low,FemaleLow,392.3
2022,קאטר,Reading,Female,Low,FemaleLow,393.3
2025,קאטר,Reading,Female,Low,FemaleLow,394.4
2006,קאטר,Reading,Female,Medium,FemaleMedium,349.1
2009,קאטר,Reading,Female,Medium,FemaleMedium,390.5
2012,קאטר,Reading,Female,Medium,FemaleMedium,424.2
2015,קאטר,Reading,Female,Medium,FemaleMedium,423.5
2018,קאטר,Reading,Female,Medium,FemaleMedium,436.9
2022,קאטר,Reading,Female,Medium,FemaleMedium,451.2
2025,קאטר,Reading,Female,Medium,FemaleMedium,439.4
2006,קאטר,Reading,0,0,General,312.2
2009,קאטר,Reading,0,0,General,371.7
2012,קאטר,Reading,0,0,General,387.5
2015,קאטר,Reading,0,0,General,401.9
2018,קאטר,Reading,0,0,General,407.1
2022,קאטר,Reading,0,0,General,419.3
2025,קאטר,Reading,0,0,General,418
2006,קאטר,Reading,0,High,GeneralHigh,326.1
2009,קאטר,Reading,0,High,GeneralHigh,395.8
2012,קאטר,Reading,0,High,GeneralHigh,415
2015,קאטר,Reading,0,High,GeneralHigh,424.5
2018,קאטר,Reading,0,High,GeneralHigh,450.2
2022,קאטר,Reading,0,High,GeneralHigh,462.7
2025,קאטר,Reading,0,High,GeneralHigh,450.8
2006,קאטר,Reading,0,Low,GeneralLow,294.9
2009,קאטר,Reading,0,Low,GeneralLow,334.5
2012,קאטר,Reading,0,Low,GeneralLow,345.3
2015,קאטר,Reading,0,Low,GeneralLow,350.8
2018,קאטר,Reading,0,Low,GeneralLow,359.8
2022,קאטר,Reading,0,Low,GeneralLow,375.8
2025,קאטר,Reading,0,Low,GeneralLow,375.5
2006,קאטר,Reading,0,Medium,GeneralMedium,310.8
2009,קאטר,Reading,0,Medium,GeneralMedium,362.1
2012,קאטר,Reading,0,Medium,GeneralMedium,387.3
2015,קאטר,Reading,0,Medium,GeneralMedium,395.3
2018,קאטר,Reading,0,Medium,GeneralMedium,404.9
2022,קאטר,Reading,0,Medium,GeneralMedium,431.7
2025,קאטר,Reading,0,Medium,GeneralMedium,429.1
2006,קאטר,Reading,Male,0,Male,279.7
2009,קאטר,Reading,Male,0,Male,347.1
2012,קאטר,Reading,Male,0,Male,353.5
2015,קאטר,Reading,Male,0,Male,376.1
2018,קאטר,Reading,Male,0,Male,374.9
2022,קאטר,Reading,Male,0,Male,399.3
2025,קאטר,Reading,Male,0,Male,398.1
2006,קאטר,Reading,Male,High,MaleHigh,298.4
2009,קאטר,Reading,Male,High,MaleHigh,372.8
2012,קאטר,Reading,Male,High,MaleHigh,384.4
2015,קאטר,Reading,Male,High,MaleHigh,400
2018,קאטר,Reading,Male,High,MaleHigh,420
2022,קאטר,Reading,Male,High,MaleHigh,442.6
2025,קאטר,Reading,Male,High,MaleHigh,437.7
2006,קאטר,Reading,Male,Low,MaleLow,257.5
2009,קאטר,Reading,Male,Low,MaleLow,309.4
2012,קאטר,Reading,Male,Low,MaleLow,306.9
2015,קאטר,Reading,Male,Low,MaleLow,326.8
2018,קאטר,Reading,Male,Low,MaleLow,330.2
2022,קאטר,Reading,Male,Low,MaleLow,358
2025,קאטר,Reading,Male,Low,MaleLow,357.9
2006,קאטר,Reading,Male,Medium,MaleMedium,275.2
2009,קאטר,Reading,Male,Medium,MaleMedium,335.8
2012,קאטר,Reading,Male,Medium,MaleMedium,353.1
2015,קאטר,Reading,Male,Medium,MaleMedium,368.9
2018,קאטר,Reading,Male,Medium,MaleMedium,373.2
2022,קאטר,Reading,Male,Medium,MaleMedium,412
2025,קאטר,Reading,Male,Medium,MaleMedium,417.2
2006,קאטר,Science,Female,0,Female,365.3
2009,קאטר,Science,Female,0,Female,392.9
2012,קאטר,Science,Female,0,Female,401.6
2015,קאטר,Science,Female,0,Female,429.4
2018,קאטר,Science,Female,0,Female,439.1
2022,קאטר,Science,Female,0,Female,443.1
2025,קאטר,Science,Female,0,Female,441.5
2006,קאטר,Science,Female,High,FemaleHigh,375.7
2009,קאטר,Science,Female,High,FemaleHigh,414.4
2012,קאטר,Science,Female,High,FemaleHigh,423.3
2015,קאטר,Science,Female,High,FemaleHigh,447.9
2018,קאטר,Science,Female,High,FemaleHigh,473.5
2022,קאטר,Science,Female,High,FemaleHigh,484.4
2025,קאטר,Science,Female,High,FemaleHigh,464.3
2006,קאטר,Science,Female,Low,FemaleLow,350.2
2009,קאטר,Science,Female,Low,FemaleLow,353.5
2012,קאטר,Science,Female,Low,FemaleLow,358.9
2015,קאטר,Science,Female,Low,FemaleLow,380.7
2018,קאטר,Science,Female,Low,FemaleLow,394.3
2022,קאטר,Science,Female,Low,FemaleLow,396.9
2025,קאטר,Science,Female,Low,FemaleLow,400.8
2006,קאטר,Science,Female,Medium,FemaleMedium,366.9
2009,קאטר,Science,Female,Medium,FemaleMedium,386.5
2012,קאטר,Science,Female,Medium,FemaleMedium,403.3
2015,קאטר,Science,Female,Medium,FemaleMedium,423.9
2018,קאטר,Science,Female,Medium,FemaleMedium,436.1
2022,קאטר,Science,Female,Medium,FemaleMedium,453.7
2025,קאטר,Science,Female,Medium,FemaleMedium,443.6
2006,קאטר,Science,0,0,General,349.3
2009,קאטר,Science,0,0,General,379.4
2012,קאטר,Science,0,0,General,383.6
2015,קאטר,Science,0,0,General,417.6
2018,קאטר,Science,0,0,General,419.1
2022,קאטר,Science,0,0,General,432.4
2025,קאטר,Science,0,0,General,434.4
2006,קאטר,Science,0,High,GeneralHigh,362
2009,קאטר,Science,0,High,GeneralHigh,402
2012,קאטר,Science,0,High,GeneralHigh,409.4
2015,קאטר,Science,0,High,GeneralHigh,437.6
2018,קאטר,Science,0,High,GeneralHigh,458.7
2022,קאטר,Science,0,High,GeneralHigh,472.7
2025,קאטר,Science,0,High,GeneralHigh,464.7
2006,קאטר,Science,0,Low,GeneralLow,333.9
2009,קאטר,Science,0,Low,GeneralLow,343.1
2012,קאטר,Science,0,Low,GeneralLow,341.1
2015,קאטר,Science,0,Low,GeneralLow,371.4
2018,קאטר,Science,0,Low,GeneralLow,374.8
2022,קאטר,Science,0,Low,GeneralLow,390.6
2025,קאטר,Science,0,Low,GeneralLow,394.4
2006,קאטר,Science,0,Medium,GeneralMedium,347.7
2009,קאטר,Science,0,Medium,GeneralMedium,372.1
2012,קאטר,Science,0,Medium,GeneralMedium,385.2
2015,קאטר,Science,0,Medium,GeneralMedium,411.4
2018,קאטר,Science,0,Medium,GeneralMedium,417.3
2022,קאטר,Science,0,Medium,GeneralMedium,443.1
2025,קאטר,Science,0,Medium,GeneralMedium,445.3
2006,קאטר,Science,Male,0,Male,333.7
2009,קאטר,Science,Male,0,Male,366.5
2012,קאטר,Science,Male,0,Male,366.8
2015,קאטר,Science,Male,0,Male,406.3
2018,קאטר,Science,Male,0,Male,399.8
2022,קאטר,Science,Male,0,Male,421.8
2025,קאטר,Science,Male,0,Male,427.4
2006,קאטר,Science,Male,High,MaleHigh,349.3
2009,קאטר,Science,Male,High,MaleHigh,390
2012,קאטר,Science,Male,High,MaleHigh,396.3
2015,קאטר,Science,Male,High,MaleHigh,427.3
2018,קאטר,Science,Male,High,MaleHigh,442.4
2022,קאטר,Science,Male,High,MaleHigh,460.7
2025,קאטר,Science,Male,High,MaleHigh,465.1
2006,קאטר,Science,Male,Low,MaleLow,315.4
2009,קאטר,Science,Male,Low,MaleLow,331.2
2012,קאטר,Science,Male,Low,MaleLow,321.2
2015,קאטר,Science,Male,Low,MaleLow,362.3
2018,קאטר,Science,Male,Low,MaleLow,357
2022,קאטר,Science,Male,Low,MaleLow,384.2
2025,קאטר,Science,Male,Low,MaleLow,388.3
2006,קאטר,Science,Male,Medium,MaleMedium,329.8
2009,קאטר,Science,Male,Medium,MaleMedium,358.7
2012,קאטר,Science,Male,Medium,MaleMedium,368.4
2015,קאטר,Science,Male,Medium,MaleMedium,399.7
2018,קאטר,Science,Male,Medium,MaleMedium,398.6
2022,קאטר,Science,Male,Medium,MaleMedium,432.2
2025,קאטר,Science,Male,Medium,MaleMedium,447.2
2006,קולומביה,Math,Female,0,Female,359.8
2009,קולומביה,Math,Female,0,Female,365.5
2012,קולומביה,Math,Female,0,Female,364.5
2015,קולומביה,Math,Female,0,Female,384.5
2018,קולומביה,Math,Female,0,Female,381.4
2022,קולומביה,Math,Female,0,Female,378.4
2006,קולומביה,Math,Female,High,FemaleHigh,422.5
2009,קולומביה,Math,Female,High,FemaleHigh,443.5
2012,קולומביה,Math,Female,High,FemaleHigh,440.7
2015,קולומביה,Math,Female,High,FemaleHigh,465
2018,קולומביה,Math,Female,High,FemaleHigh,459.8
2022,קולומביה,Math,Female,High,FemaleHigh,457
2006,קולומביה,Math,Female,Low,FemaleLow,343.9
2009,קולומביה,Math,Female,Low,FemaleLow,350.6
2012,קולומביה,Math,Female,Low,FemaleLow,354.5
2015,קולומביה,Math,Female,Low,FemaleLow,370.2
2018,קולומביה,Math,Female,Low,FemaleLow,369.2
2022,קולומביה,Math,Female,Low,FemaleLow,363.3
2006,קולומביה,Math,Female,Medium,FemaleMedium,389
2009,קולומביה,Math,Female,Medium,FemaleMedium,399.3
2012,קולומביה,Math,Female,Medium,FemaleMedium,401.7
2015,קולומביה,Math,Female,Medium,FemaleMedium,413.1
2018,קולומביה,Math,Female,Medium,FemaleMedium,415.5
2022,קולומביה,Math,Female,Medium,FemaleMedium,412.6
2006,קולומביה,Math,0,0,General,370
2009,קולומביה,Math,0,0,General,380.8
2012,קולומביה,Math,0,0,General,376.5
2015,קולומביה,Math,0,0,General,389.6
2018,קולומביה,Math,0,0,General,390.9
2022,קולומביה,Math,0,0,General,382.7
2025,קולומביה,Math,0,0,General,380.5
2006,קולומביה,Math,0,High,GeneralHigh,435.8
2009,קולומביה,Math,0,High,GeneralHigh,457.7
2012,קולומביה,Math,0,High,GeneralHigh,458.2
2015,קולומביה,Math,0,High,GeneralHigh,466.8
2018,קולומביה,Math,0,High,GeneralHigh,463.1
2022,קולומביה,Math,0,High,GeneralHigh,462.1
2025,קולומביה,Math,0,High,GeneralHigh,461.7
2006,קולומביה,Math,0,Low,GeneralLow,353.3
2009,קולומביה,Math,0,Low,GeneralLow,365.6
2012,קולומביה,Math,0,Low,GeneralLow,365.3
2015,קולומביה,Math,0,Low,GeneralLow,375.9
2018,קולומביה,Math,0,Low,GeneralLow,377.9
2022,קולומביה,Math,0,Low,GeneralLow,368.2
2025,קולומביה,Math,0,Low,GeneralLow,370.9
2006,קולומביה,Math,0,Medium,GeneralMedium,400.4
2009,קולומביה,Math,0,Medium,GeneralMedium,413.7
2012,קולומביה,Math,0,Medium,GeneralMedium,412.8
2015,קולומביה,Math,0,Medium,GeneralMedium,417.7
2018,קולומביה,Math,0,Medium,GeneralMedium,423.6
2022,קולומביה,Math,0,Medium,GeneralMedium,414.7
2025,קולומביה,Math,0,Medium,GeneralMedium,417.1
2006,קולומביה,Math,Male,0,Male,381.9
2009,קולומביה,Math,Male,0,Male,397.7
2012,קולומביה,Math,Male,0,Male,390
2015,קולומביה,Math,Male,0,Male,395.4
2018,קולומביה,Math,Male,0,Male,400.9
2022,קולומביה,Math,Male,0,Male,387.3
2006,קולומביה,Math,Male,High,MaleHigh,452.3
2009,קולומביה,Math,Male,High,MaleHigh,472.5
2012,קולומביה,Math,Male,High,MaleHigh,472.5
2015,קולומביה,Math,Male,High,MaleHigh,469.2
2018,קולומביה,Math,Male,High,MaleHigh,465.8
2022,קולומביה,Math,Male,High,MaleHigh,467.5
2006,קולומביה,Math,Male,Low,MaleLow,364.4
2009,קולומביה,Math,Male,Low,MaleLow,382.3
2012,קולומביה,Math,Male,Low,MaleLow,377.9
2015,קולומביה,Math,Male,Low,MaleLow,382.3
2018,קולומביה,Math,Male,Low,MaleLow,387.4
2022,קולומביה,Math,Male,Low,MaleLow,373.8
2006,קולומביה,Math,Male,Medium,MaleMedium,412.8
2009,קולומביה,Math,Male,Medium,MaleMedium,428.4
2012,קולומביה,Math,Male,Medium,MaleMedium,423.9
2015,קולומביה,Math,Male,Medium,MaleMedium,422.5
2018,קולומביה,Math,Male,Medium,MaleMedium,430.7
2022,קולומביה,Math,Male,Medium,MaleMedium,416.8
2006,קולומביה,Reading,Female,0,Female,393.9
2009,קולומביה,Reading,Female,0,Female,417.6
2012,קולומביה,Reading,Female,0,Female,412.1
2015,קולומביה,Reading,Female,0,Female,432.3
2018,קולומביה,Reading,Female,0,Female,417.4
2022,קולומביה,Reading,Female,0,Female,414.3
2006,קולומביה,Reading,Female,High,FemaleHigh,462.1
2009,קולומביה,Reading,Female,High,FemaleHigh,501.7
2012,קולומביה,Reading,Female,High,FemaleHigh,495.1
2015,קולומביה,Reading,Female,High,FemaleHigh,520.6
2018,קולומביה,Reading,Female,High,FemaleHigh,503.6
2022,קולומביה,Reading,Female,High,FemaleHigh,513.8
2006,קולומביה,Reading,Female,Low,FemaleLow,376.9
2009,קולומביה,Reading,Female,Low,FemaleLow,401
2012,קולומביה,Reading,Female,Low,FemaleLow,400.7
2015,קולומביה,Reading,Female,Low,FemaleLow,415
2018,קולומביה,Reading,Female,Low,FemaleLow,402.6
2022,קולומביה,Reading,Female,Low,FemaleLow,394.7
2006,קולומביה,Reading,Female,Medium,FemaleMedium,424.4
2009,קולומביה,Reading,Female,Medium,FemaleMedium,456.9
2012,קולומביה,Reading,Female,Medium,FemaleMedium,456.1
2015,קולומביה,Reading,Female,Medium,FemaleMedium,471.5
2018,קולומביה,Reading,Female,Medium,FemaleMedium,459.7
2022,קולומביה,Reading,Female,Medium,FemaleMedium,461.1
2006,קולומביה,Reading,0,0,General,385.3
2009,קולומביה,Reading,0,0,General,413.2
2012,קולומביה,Reading,0,0,General,403.4
2015,קולומביה,Reading,0,0,General,424.9
2018,קולומביה,Reading,0,0,General,412.3
2022,קולומביה,Reading,0,0,General,408.7
2025,קולומביה,Reading,0,0,General,399.3
2006,קולומביה,Reading,0,High,GeneralHigh,451.5
2009,קולומביה,Reading,0,High,GeneralHigh,492
2012,קולומביה,Reading,0,High,GeneralHigh,488.9
2015,קולומביה,Reading,0,High,GeneralHigh,510.1
2018,קולומביה,Reading,0,High,GeneralHigh,489.2
2022,קולומביה,Reading,0,High,GeneralHigh,505.8
2025,קולומביה,Reading,0,High,GeneralHigh,486.6
2006,קולומביה,Reading,0,Low,GeneralLow,368.5
2009,קולומביה,Reading,0,Low,GeneralLow,397.3
2012,קולומביה,Reading,0,Low,GeneralLow,391.2
2015,קולומביה,Reading,0,Low,GeneralLow,408.4
2018,קולומביה,Reading,0,Low,GeneralLow,397.4
2022,קולומביה,Reading,0,Low,GeneralLow,390.6
2025,קולומביה,Reading,0,Low,GeneralLow,389.6
2006,קולומביה,Reading,0,Medium,GeneralMedium,415.9
2009,קולומביה,Reading,0,Medium,GeneralMedium,447.9
2012,קולומביה,Reading,0,Medium,GeneralMedium,444.6
2015,קולומביה,Reading,0,Medium,GeneralMedium,462.2
2018,קולומביה,Reading,0,Medium,GeneralMedium,448.5
2022,קולומביה,Reading,0,Medium,GeneralMedium,450.4
2025,קולומביה,Reading,0,Medium,GeneralMedium,441.6
2006,קולומביה,Reading,Male,0,Male,375.3
2009,קולומביה,Reading,Male,0,Male,408.3
2012,קולומביה,Reading,Male,0,Male,393.6
2015,קולומביה,Reading,Male,0,Male,416.7
2018,קולומביה,Reading,Male,0,Male,407
2022,קולומביה,Reading,Male,0,Male,402.6
2006,קולומביה,Reading,Male,High,MaleHigh,438.4
2009,קולומביה,Reading,Male,High,MaleHigh,481.8
2012,קולומביה,Reading,Male,High,MaleHigh,483.8
2015,קולומביה,Reading,Male,High,MaleHigh,496.4
2018,קולומביה,Reading,Male,High,MaleHigh,477.5
2022,קולומביה,Reading,Male,High,MaleHigh,497.6
2006,קולומביה,Reading,Male,Low,MaleLow,358.7
2009,קולומביה,Reading,Male,Low,MaleLow,393.2
2012,קולומביה,Reading,Male,Low,MaleLow,380
2015,קולומביה,Reading,Male,Low,MaleLow,400.8
2018,קולומביה,Reading,Male,Low,MaleLow,391.7
2022,קולומביה,Reading,Male,Low,MaleLow,386.1
2006,קולומביה,Reading,Male,Medium,MaleMedium,406.6
2009,קולומביה,Reading,Male,Medium,MaleMedium,438.7
2012,קולומביה,Reading,Male,Medium,MaleMedium,432.9
2015,קולומביה,Reading,Male,Medium,MaleMedium,452.7
2018,קולומביה,Reading,Male,Medium,MaleMedium,438.8
2022,קולומביה,Reading,Male,Medium,MaleMedium,439.4
2006,קולומביה,Science,Female,0,Female,383.9
2009,קולומביה,Science,Female,0,Female,391.6
2012,קולומביה,Science,Female,0,Female,390.4
2015,קולומביה,Science,Female,0,Female,411
2018,קולומביה,Science,Female,0,Female,407.3
2022,קולומביה,Science,Female,0,Female,408.1
2006,קולומביה,Science,Female,High,FemaleHigh,442.2
2009,קולומביה,Science,Female,High,FemaleHigh,475.1
2012,קולומביה,Science,Female,High,FemaleHigh,459.1
2015,קולומביה,Science,Female,High,FemaleHigh,495.1
2018,קולומביה,Science,Female,High,FemaleHigh,484
2022,קולומביה,Science,Female,High,FemaleHigh,494.8
2006,קולומביה,Science,Female,Low,FemaleLow,368.2
2009,קולומביה,Science,Female,Low,FemaleLow,375.7
2012,קולומביה,Science,Female,Low,FemaleLow,380.9
2015,קולומביה,Science,Female,Low,FemaleLow,395.5
2018,קולומביה,Science,Female,Low,FemaleLow,394.4
2022,קולומביה,Science,Female,Low,FemaleLow,391.9
2006,קולומביה,Science,Female,Medium,FemaleMedium,414.9
2009,קולומביה,Science,Female,Medium,FemaleMedium,429
2012,קולומביה,Science,Female,Medium,FemaleMedium,426
2015,קולומביה,Science,Female,Medium,FemaleMedium,443.6
2018,קולומביה,Science,Female,Medium,FemaleMedium,442.3
2022,קולומביה,Science,Female,Medium,FemaleMedium,447.6
2006,קולומביה,Science,0,0,General,388
2009,קולומביה,Science,0,0,General,401.8
2012,קולומביה,Science,0,0,General,398.7
2015,קולומביה,Science,0,0,General,415.7
2018,קולומביה,Science,0,0,General,413.3
2022,קולומביה,Science,0,0,General,411.1
2025,קולומביה,Science,0,0,General,413.7
2006,קולומביה,Science,0,High,GeneralHigh,448.1
2009,קולומביה,Science,0,High,GeneralHigh,476.6
2012,קולומביה,Science,0,High,GeneralHigh,473.6
2015,קולומביה,Science,0,High,GeneralHigh,496.8
2018,קולומביה,Science,0,High,GeneralHigh,483.2
2022,קולומביה,Science,0,High,GeneralHigh,499
2025,קולומביה,Science,0,High,GeneralHigh,510.8
2006,קולומביה,Science,0,Low,GeneralLow,372.9
2009,קולומביה,Science,0,Low,GeneralLow,386.8
2012,קולומביה,Science,0,Low,GeneralLow,387.9
2015,קולומביה,Science,0,Low,GeneralLow,400.6
2018,קולומביה,Science,0,Low,GeneralLow,400.3
2022,קולומביה,Science,0,Low,GeneralLow,395.4
2025,קולומביה,Science,0,Low,GeneralLow,402.6
2006,קולומביה,Science,0,Medium,GeneralMedium,415.4
2009,קולומביה,Science,0,Medium,GeneralMedium,435.2
2012,קולומביה,Science,0,Medium,GeneralMedium,433.7
2015,קולומביה,Science,0,Medium,GeneralMedium,447.7
2018,קולומביה,Science,0,Medium,GeneralMedium,444.3
2022,קולומביה,Science,0,Medium,GeneralMedium,448.8
2025,קולומביה,Science,0,Medium,GeneralMedium,456.7
2006,קולומביה,Science,Male,0,Male,392.9
2009,קולומביה,Science,Male,0,Male,412.9
2012,קולומביה,Science,Male,0,Male,408
2015,קולומביה,Science,Male,0,Male,421
2018,קולומביה,Science,Male,0,Male,419.6
2022,קולומביה,Science,Male,0,Male,414.4
2006,קולומביה,Science,Male,High,MaleHigh,455.3
2009,קולומביה,Science,Male,High,MaleHigh,478.1
2012,קולומביה,Science,Male,High,MaleHigh,485.3
2015,קולומביה,Science,Male,High,MaleHigh,498.9
2018,קולומביה,Science,Male,High,MaleHigh,482.6
2022,קולומביה,Science,Male,High,MaleHigh,503.3
2006,קולומביה,Science,Male,Low,MaleLow,378.5
2009,קולומביה,Science,Male,Low,MaleLow,399.3
2012,קולומביה,Science,Male,Low,MaleLow,396.1
2015,קולומביה,Science,Male,Low,MaleLow,406.5
2018,קולומביה,Science,Male,Low,MaleLow,406.7
2022,קולומביה,Science,Male,Low,MaleLow,399.2
2006,קולומביה,Science,Male,Medium,MaleMedium,415.9
2009,קולומביה,Science,Male,Medium,MaleMedium,441.5
2012,קולומביה,Science,Male,Medium,MaleMedium,441.5
2015,קולומביה,Science,Male,Medium,MaleMedium,452
2018,קולומביה,Science,Male,Medium,MaleMedium,446
2022,קולומביה,Science,Male,Medium,MaleMedium,450
2012,קונטיקט,Math,Female,0,Female,498.6
2012,קונטיקט,Math,Female,High,FemaleHigh,548.9
2012,קונטיקט,Math,Female,Low,FemaleLow,436.4
2012,קונטיקט,Math,Female,Medium,FemaleMedium,481
2012,קונטיקט,Math,0,0,General,505.8
2012,קונטיקט,Math,0,High,GeneralHigh,552.4
2012,קונטיקט,Math,0,Low,GeneralLow,449.4
2012,קונטיקט,Math,0,Medium,GeneralMedium,483.1
2012,קונטיקט,Math,Male,0,Male,513
2012,קונטיקט,Math,Male,High,MaleHigh,555.6
2012,קונטיקט,Math,Male,Low,MaleLow,464.9
2012,קונטיקט,Math,Male,Medium,MaleMedium,485.2
2012,קונטיקט,Reading,Female,0,Female,532.4
2012,קונטיקט,Reading,Female,High,FemaleHigh,580.9
2012,קונטיקט,Reading,Female,Low,FemaleLow,471.4
2012,קונטיקט,Reading,Female,Medium,FemaleMedium,517.1
2012,קונטיקט,Reading,0,0,General,521.2
2012,קונטיקט,Reading,0,High,GeneralHigh,565.1
2012,קונטיקט,Reading,0,Low,GeneralLow,466.3
2012,קונטיקט,Reading,0,Medium,GeneralMedium,502.5
2012,קונטיקט,Reading,Male,0,Male,510
2012,קונטיקט,Reading,Male,High,MaleHigh,550.6
2012,קונטיקט,Reading,Male,Low,MaleLow,460.3
2012,קונטיקט,Reading,Male,Medium,MaleMedium,487.2
2012,קונטיקט,Science,Female,0,Female,513.9
2012,קונטיקט,Science,Female,High,FemaleHigh,562
2012,קונטיקט,Science,Female,Low,FemaleLow,456.4
2012,קונטיקט,Science,Female,Medium,FemaleMedium,496.7
2012,קונטיקט,Science,0,0,General,520.8
2012,קונטיקט,Science,0,High,GeneralHigh,564.9
2012,קונטיקט,Science,0,Low,GeneralLow,469.8
2012,קונטיקט,Science,0,Medium,GeneralMedium,498.9
2012,קונטיקט,Science,Male,0,Male,527.7
2012,קונטיקט,Science,Male,High,MaleHigh,567.6
2012,קונטיקט,Science,Male,Low,MaleLow,485.8
2012,קונטיקט,Science,Male,Medium,MaleMedium,501.2
2015,קוסובו,Math,Female,0,Female,356.7
2018,קוסובו,Math,Female,0,Female,363.8
2022,קוסובו,Math,Female,0,Female,354.8
2025,קוסובו,Math,Female,0,Female,350.9
2015,קוסובו,Math,Female,High,FemaleHigh,390.8
2018,קוסובו,Math,Female,High,FemaleHigh,402.4
2022,קוסובו,Math,Female,High,FemaleHigh,391.5
2025,קוסובו,Math,Female,High,FemaleHigh,383.9
2015,קוסובו,Math,Female,Low,FemaleLow,343
2018,קוסובו,Math,Female,Low,FemaleLow,353.8
2022,קוסובו,Math,Female,Low,FemaleLow,343.2
2025,קוסובו,Math,Female,Low,FemaleLow,344.7
2015,קוסובו,Math,Female,Medium,FemaleMedium,360.6
2018,קוסובו,Math,Female,Medium,FemaleMedium,374.2
2022,קוסובו,Math,Female,Medium,FemaleMedium,361.9
2025,קוסובו,Math,Female,Medium,FemaleMedium,363.7
2015,קוסובו,Math,0,0,General,361.5
2018,קוסובו,Math,0,0,General,365.9
2022,קוסובו,Math,0,0,General,355
2025,קוסובו,Math,0,0,General,350.4
2015,קוסובו,Math,0,High,GeneralHigh,393.9
2018,קוסובו,Math,0,High,GeneralHigh,402.6
2022,קוסובו,Math,0,High,GeneralHigh,390.9
2025,קוסובו,Math,0,High,GeneralHigh,384.9
2015,קוסובו,Math,0,Low,GeneralLow,349
2018,קוסובו,Math,0,Low,GeneralLow,355.5
2022,קוסובו,Math,0,Low,GeneralLow,344.8
2025,קוסובו,Math,0,Low,GeneralLow,346.8
2015,קוסובו,Math,0,Medium,GeneralMedium,363.6
2018,קוסובו,Math,0,Medium,GeneralMedium,376.8
2022,קוסובו,Math,0,Medium,GeneralMedium,360.1
2025,קוסובו,Math,0,Medium,GeneralMedium,362.9
2015,קוסובו,Math,Male,0,Male,366.2
2018,קוסובו,Math,Male,0,Male,368
2022,קוסובו,Math,Male,0,Male,355.2
2025,קוסובו,Math,Male,0,Male,349.9
2015,קוסובו,Math,Male,High,MaleHigh,396.7
2018,קוסובו,Math,Male,High,MaleHigh,402.8
2022,קוסובו,Math,Male,High,MaleHigh,390.4
2025,קוסובו,Math,Male,High,MaleHigh,385.8
2015,קוסובו,Math,Male,Low,MaleLow,355.5
2018,קוסובו,Math,Male,Low,MaleLow,357.4
2022,קוסובו,Math,Male,Low,MaleLow,346.5
2025,קוסובו,Math,Male,Low,MaleLow,349.6
2015,קוסובו,Math,Male,Medium,MaleMedium,366.3
2018,קוסובו,Math,Male,Medium,MaleMedium,379.1
2022,קוסובו,Math,Male,Medium,MaleMedium,358.3
2025,קוסובו,Math,Male,Medium,MaleMedium,362.2
2015,קוסובו,Reading,Female,0,Female,365.4
2018,קוסובו,Reading,Female,0,Female,365.7
2022,קוסובו,Reading,Female,0,Female,354.8
2025,קוסובו,Reading,Female,0,Female,357.6
2015,קוסובו,Reading,Female,High,FemaleHigh,397.8
2018,קוסובו,Reading,Female,High,FemaleHigh,402.3
2022,קוסובו,Reading,Female,High,FemaleHigh,391.7
2025,קוסובו,Reading,Female,High,FemaleHigh,389.7
2015,קוסובו,Reading,Female,Low,FemaleLow,352.4
2018,קוסובו,Reading,Female,Low,FemaleLow,356.6
2022,קוסובו,Reading,Female,Low,FemaleLow,344.6
2025,קוסובו,Reading,Female,Low,FemaleLow,351.6
2015,קוסובו,Reading,Female,Medium,FemaleMedium,369.1
2018,קוסובו,Reading,Female,Medium,FemaleMedium,375.5
2022,קוסובו,Reading,Female,Medium,FemaleMedium,360.4
2025,קוסובו,Reading,Female,Medium,FemaleMedium,370.1
2015,קוסובו,Reading,0,0,General,347.1
2018,קוסובו,Reading,0,0,General,353.1
2022,קוסובו,Reading,0,0,General,342.2
2025,קוסובו,Reading,0,0,General,340.5
2015,קוסובו,Reading,0,High,GeneralHigh,376.4
2018,קוסובו,Reading,0,High,GeneralHigh,388.4
2022,קוסובו,Reading,0,High,GeneralHigh,373.8
2025,קוסובו,Reading,0,High,GeneralHigh,371.3
2015,קוסובו,Reading,0,Low,GeneralLow,336.4
2018,קוסובו,Reading,0,Low,GeneralLow,344.2
2022,קוסובו,Reading,0,Low,GeneralLow,333.5
2025,קוסובו,Reading,0,Low,GeneralLow,339.1
2015,קוסובו,Reading,0,Medium,GeneralMedium,348.4
2018,קוסובו,Reading,0,Medium,GeneralMedium,361.7
2022,קוסובו,Reading,0,Medium,GeneralMedium,347
2025,קוסובו,Reading,0,Medium,GeneralMedium,353.1
2015,קוסובו,Reading,Male,0,Male,329.5
2018,קוסובו,Reading,Male,0,Male,340.5
2022,קוסובו,Reading,Male,0,Male,329.7
2025,קוסובו,Reading,Male,0,Male,322.5
2015,קוסובו,Reading,Male,High,MaleHigh,357.4
2018,קוסובו,Reading,Male,High,MaleHigh,375.2
2022,קוסובו,Reading,Male,High,MaleHigh,356.9
2025,קוסובו,Reading,Male,High,MaleHigh,353.7
2015,קוסובו,Reading,Male,Low,MaleLow,319.1
2018,קוסובו,Reading,Male,Low,MaleLow,331.1
2022,קוסובו,Reading,Male,Low,MaleLow,321.9
2025,קוסובו,Reading,Male,Low,MaleLow,322.6
2015,קוסובו,Reading,Male,Medium,MaleMedium,329.9
2018,קוסובו,Reading,Male,Medium,MaleMedium,349.4
2022,קוסובו,Reading,Male,Medium,MaleMedium,334
2025,קוסובו,Reading,Male,Medium,MaleMedium,335.9
2015,קוסובו,Science,Female,0,Female,383.2
2018,קוסובו,Science,Female,0,Female,367.7
2022,קוסובו,Science,Female,0,Female,359.9
2025,קוסובו,Science,Female,0,Female,366.1
2015,קוסובו,Science,Female,High,FemaleHigh,417.4
2018,קוסובו,Science,Female,High,FemaleHigh,405.1
2022,קוסובו,Science,Female,High,FemaleHigh,398.5
2025,קוסובו,Science,Female,High,FemaleHigh,402.2
2015,קוסובו,Science,Female,Low,FemaleLow,370.8
2018,קוסובו,Science,Female,Low,FemaleLow,359.1
2022,קוסובו,Science,Female,Low,FemaleLow,348.4
2025,קוסובו,Science,Female,Low,FemaleLow,358.2
2015,קוסובו,Science,Female,Medium,FemaleMedium,384.4
2018,קוסובו,Science,Female,Medium,FemaleMedium,377
2022,קוסובו,Science,Female,Medium,FemaleMedium,366.5
2025,קוסובו,Science,Female,Medium,FemaleMedium,381.9
2015,קוסובו,Science,0,0,General,378.4
2018,קוסובו,Science,0,0,General,364.9
2022,קוסובו,Science,0,0,General,357
2025,קוסובו,Science,0,0,General,357
2015,קוסובו,Science,0,High,GeneralHigh,410.5
2018,קוסובו,Science,0,High,GeneralHigh,398.1
2022,קוסובו,Science,0,High,GeneralHigh,393.1
2025,קוסובו,Science,0,High,GeneralHigh,392.6
2015,קוסובו,Science,0,Low,GeneralLow,367.3
2018,קוסובו,Science,0,Low,GeneralLow,356.3
2022,קוסובו,Science,0,Low,GeneralLow,346.7
2025,קוסובו,Science,0,Low,GeneralLow,353
2015,קוסובו,Science,0,Medium,GeneralMedium,377.8
2018,קוסובו,Science,0,Medium,GeneralMedium,374.4
2022,קוסובו,Science,0,Medium,GeneralMedium,362.7
2025,קוסובו,Science,0,Medium,GeneralMedium,371.6
2015,קוסובו,Science,Male,0,Male,373.8
2018,קוסובו,Science,Male,0,Male,362.1
2022,קוסובו,Science,Male,0,Male,354.2
2025,קוסובו,Science,Male,0,Male,347.5
2015,קוסובו,Science,Male,High,MaleHigh,404.3
2018,קוסובו,Science,Male,High,MaleHigh,391.5
2022,קוסובו,Science,Male,High,MaleHigh,388.1
2025,קוסובו,Science,Male,High,MaleHigh,383.4
2015,קוסובו,Science,Male,Low,MaleLow,363.6
2018,קוסובו,Science,Male,Low,MaleLow,353.3
2022,קוסובו,Science,Male,Low,MaleLow,344.9
2025,קוסובו,Science,Male,Low,MaleLow,346.2
2015,קוסובו,Science,Male,Medium,MaleMedium,371.8
2018,קוסובו,Science,Male,Medium,MaleMedium,372.1
2022,קוסובו,Science,Male,Medium,MaleMedium,359
2025,קוסובו,Science,Male,Medium,MaleMedium,361.2
2009,קוסטה-ריקה,Math,Female,0,Female,397.5
2012,קוסטה-ריקה,Math,Female,0,Female,395.9
2015,קוסטה-ריקה,Math,Female,0,Female,392.3
2018,קוסטה-ריקה,Math,Female,0,Female,393.6
2022,קוסטה-ריקה,Math,Female,0,Female,376.9
2025,קוסטה-ריקה,Math,Female,0,Female,376.1
2009,קוסטה-ריקה,Math,Female,High,FemaleHigh,451.3
2012,קוסטה-ריקה,Math,Female,High,FemaleHigh,460.2
2015,קוסטה-ריקה,Math,Female,High,FemaleHigh,446.1
2018,קוסטה-ריקה,Math,Female,High,FemaleHigh,458.1
2009,קוסטה-ריקה,Math,Female,Low,FemaleLow,381.1
2012,קוסטה-ריקה,Math,Female,Low,FemaleLow,381.4
2015,קוסטה-ריקה,Math,Female,Low,FemaleLow,377.1
2018,קוסטה-ריקה,Math,Female,Low,FemaleLow,376.9
2009,קוסטה-ריקה,Math,Female,Medium,FemaleMedium,420.8
2012,קוסטה-ריקה,Math,Female,Medium,FemaleMedium,421.3
2015,קוסטה-ריקה,Math,Female,Medium,FemaleMedium,412.8
2018,קוסטה-ריקה,Math,Female,Medium,FemaleMedium,417.2
2009,קוסטה-ריקה,Math,0,0,General,409.4
2012,קוסטה-ריקה,Math,0,0,General,407
2015,קוסטה-ריקה,Math,0,0,General,400.3
2018,קוסטה-ריקה,Math,0,0,General,402.3
2022,קוסטה-ריקה,Math,0,0,General,384.6
2025,קוסטה-ריקה,Math,0,0,General,387.1
2009,קוסטה-ריקה,Math,0,High,GeneralHigh,463.1
2012,קוסטה-ריקה,Math,0,High,GeneralHigh,473.5
2015,קוסטה-ריקה,Math,0,High,GeneralHigh,454.4
2018,קוסטה-ריקה,Math,0,High,GeneralHigh,462.4
2009,קוסטה-ריקה,Math,0,Low,GeneralLow,392.1
2012,קוסטה-ריקה,Math,0,Low,GeneralLow,391.2
2015,קוסטה-ריקה,Math,0,Low,GeneralLow,385.1
2018,קוסטה-ריקה,Math,0,Low,GeneralLow,385.3
2009,קוסטה-ריקה,Math,0,Medium,GeneralMedium,434.9
2012,קוסטה-ריקה,Math,0,Medium,GeneralMedium,431.6
2015,קוסטה-ריקה,Math,0,Medium,GeneralMedium,418.6
2018,קוסטה-ריקה,Math,0,Medium,GeneralMedium,424.9
2009,קוסטה-ריקה,Math,Male,0,Male,422.8
2012,קוסטה-ריקה,Math,Male,0,Male,419.5
2015,קוסטה-ריקה,Math,Male,0,Male,408.5
2018,קוסטה-ריקה,Math,Male,0,Male,411.3
2022,קוסטה-ריקה,Math,Male,0,Male,392
2025,קוסטה-ריקה,Math,Male,0,Male,398.4
2009,קוסטה-ריקה,Math,Male,High,MaleHigh,476.2
2012,קוסטה-ריקה,Math,Male,High,MaleHigh,485.1
2015,קוסטה-ריקה,Math,Male,High,MaleHigh,462.1
2018,קוסטה-ריקה,Math,Male,High,MaleHigh,466.4
2009,קוסטה-ריקה,Math,Male,Low,MaleLow,405.1
2012,קוסטה-ריקה,Math,Male,Low,MaleLow,402.9
2015,קוסטה-ריקה,Math,Male,Low,MaleLow,393.5
2018,קוסטה-ריקה,Math,Male,Low,MaleLow,394.3
2009,קוסטה-ריקה,Math,Male,Medium,MaleMedium,448.8
2012,קוסטה-ריקה,Math,Male,Medium,MaleMedium,443.2
2015,קוסטה-ריקה,Math,Male,Medium,MaleMedium,424.2
2018,קוסטה-ריקה,Math,Male,Medium,MaleMedium,432
2009,קוסטה-ריקה,Reading,Female,0,Female,449.4
2012,קוסטה-ריקה,Reading,Female,0,Female,452.3
2015,קוסטה-ריקה,Reading,Female,0,Female,434.9
2018,קוסטה-ריקה,Reading,Female,0,Female,433.6
2022,קוסטה-ריקה,Reading,Female,0,Female,416.6
2025,קוסטה-ריקה,Reading,Female,0,Female,423.1
2009,קוסטה-ריקה,Reading,Female,High,FemaleHigh,504.7
2012,קוסטה-ריקה,Reading,Female,High,FemaleHigh,515.7
2015,קוסטה-ריקה,Reading,Female,High,FemaleHigh,499.8
2018,קוסטה-ריקה,Reading,Female,High,FemaleHigh,503
2009,קוסטה-ריקה,Reading,Female,Low,FemaleLow,432
2012,קוסטה-ריקה,Reading,Female,Low,FemaleLow,438.1
2015,קוסטה-ריקה,Reading,Female,Low,FemaleLow,415.5
2018,קוסטה-ריקה,Reading,Female,Low,FemaleLow,415.1
2009,קוסטה-ריקה,Reading,Female,Medium,FemaleMedium,476.7
2012,קוסטה-ריקה,Reading,Female,Medium,FemaleMedium,477.3
2015,קוסטה-ריקה,Reading,Female,Medium,FemaleMedium,465.5
2018,קוסטה-ריקה,Reading,Female,Medium,FemaleMedium,461.4
2009,קוסטה-ריקה,Reading,0,0,General,442.6
2012,קוסטה-ריקה,Reading,0,0,General,440.5
2015,קוסטה-ריקה,Reading,0,0,General,427.5
2018,קוסטה-ריקה,Reading,0,0,General,426.5
2022,קוסטה-ריקה,Reading,0,0,General,415.2
2025,קוסטה-ריקה,Reading,0,0,General,416
2009,קוסטה-ריקה,Reading,0,High,GeneralHigh,503.5
2012,קוסטה-ריקה,Reading,0,High,GeneralHigh,503.1
2015,קוסטה-ריקה,Reading,0,High,GeneralHigh,490.6
2018,קוסטה-ריקה,Reading,0,High,GeneralHigh,492
2009,קוסטה-ריקה,Reading,0,Low,GeneralLow,423.2
2012,קוסטה-ריקה,Reading,0,Low,GeneralLow,425.3
2015,קוסטה-ריקה,Reading,0,Low,GeneralLow,408.4
2018,קוסטה-ריקה,Reading,0,Low,GeneralLow,407.4
2009,קוסטה-ריקה,Reading,0,Medium,GeneralMedium,471.4
2012,קוסטה-ריקה,Reading,0,Medium,GeneralMedium,465.3
2015,קוסטה-ריקה,Reading,0,Medium,GeneralMedium,454.4
2018,קוסטה-ריקה,Reading,0,Medium,GeneralMedium,453
2009,קוסטה-ריקה,Reading,Male,0,Male,434.9
2012,קוסטה-ריקה,Reading,Male,0,Male,427.2
2015,קוסטה-ריקה,Reading,Male,0,Male,419.9
2018,קוסטה-ריקה,Reading,Male,0,Male,419.2
2022,קוסטה-ריקה,Reading,Male,0,Male,413.9
2025,קוסטה-ריקה,Reading,Male,0,Male,408.8
2009,קוסטה-ריקה,Reading,Male,High,MaleHigh,502.2
2012,קוסטה-ריקה,Reading,Male,High,MaleHigh,491.9
2015,קוסטה-ריקה,Reading,Male,High,MaleHigh,482
2018,קוסטה-ריקה,Reading,Male,High,MaleHigh,481.8
2009,קוסטה-ריקה,Reading,Male,Low,MaleLow,413
2012,קוסטה-ריקה,Reading,Male,Low,MaleLow,410.2
2015,קוסטה-ריקה,Reading,Male,Low,MaleLow,401
2018,קוסטה-ריקה,Reading,Male,Low,MaleLow,399.2
2009,קוסטה-ריקה,Reading,Male,Medium,MaleMedium,466.2
2012,קוסטה-ריקה,Reading,Male,Medium,MaleMedium,451.8
2015,קוסטה-ריקה,Reading,Male,Medium,MaleMedium,443.3
2018,קוסטה-ריקה,Reading,Male,Medium,MaleMedium,445.3
2009,קוסטה-ריקה,Science,Female,0,Female,422.6
2012,קוסטה-ריקה,Science,Female,0,Female,423.8
2015,קוסטה-ריקה,Science,Female,0,Female,410.8
2018,קוסטה-ריקה,Science,Female,0,Female,411
2022,קוסטה-ריקה,Science,Female,0,Female,403.6
2025,קוסטה-ריקה,Science,Female,0,Female,418.4
2009,קוסטה-ריקה,Science,Female,High,FemaleHigh,475.7
2012,קוסטה-ריקה,Science,Female,High,FemaleHigh,483.5
2015,קוסטה-ריקה,Science,Female,High,FemaleHigh,466
2018,קוסטה-ריקה,Science,Female,High,FemaleHigh,477.8
2009,קוסטה-ריקה,Science,Female,Low,FemaleLow,407.1
2012,קוסטה-ריקה,Science,Female,Low,FemaleLow,409.4
2015,קוסטה-ריקה,Science,Female,Low,FemaleLow,394
2018,קוסטה-ריקה,Science,Female,Low,FemaleLow,392.6
2009,קוסטה-ריקה,Science,Female,Medium,FemaleMedium,443.3
2012,קוסטה-ריקה,Science,Female,Medium,FemaleMedium,451.4
2015,קוסטה-ריקה,Science,Female,Medium,FemaleMedium,436.4
2018,קוסטה-ריקה,Science,Female,Medium,FemaleMedium,439.6
2009,קוסטה-ריקה,Science,0,0,General,430.5
2012,קוסטה-ריקה,Science,0,0,General,429.4
2015,קוסטה-ריקה,Science,0,0,General,419.6
2018,קוסטה-ריקה,Science,0,0,General,415.6
2022,קוסטה-ריקה,Science,0,0,General,411
2025,קוסטה-ריקה,Science,0,0,General,424
2009,קוסטה-ריקה,Science,0,High,GeneralHigh,485.2
2012,קוסטה-ריקה,Science,0,High,GeneralHigh,488.9
2015,קוסטה-ריקה,Science,0,High,GeneralHigh,475.4
2018,קוסטה-ריקה,Science,0,High,GeneralHigh,477.8
2009,קוסטה-ריקה,Science,0,Low,GeneralLow,413.4
2012,קוסטה-ריקה,Science,0,Low,GeneralLow,414.5
2015,קוסטה-ריקה,Science,0,Low,GeneralLow,403.1
2018,קוסטה-ריקה,Science,0,Low,GeneralLow,397.1
2009,קוסטה-ריקה,Science,0,Medium,GeneralMedium,455.1
2012,קוסטה-ריקה,Science,0,Medium,GeneralMedium,454.3
2015,קוסטה-ריקה,Science,0,Medium,GeneralMedium,441.6
2018,קוסטה-ריקה,Science,0,Medium,GeneralMedium,442.3
2009,קוסטה-ריקה,Science,Male,0,Male,439.4
2012,קוסטה-ריקה,Science,Male,0,Male,435.6
2015,קוסטה-ריקה,Science,Male,0,Male,428.7
2018,קוסטה-ריקה,Science,Male,0,Male,420.4
2022,קוסטה-ריקה,Science,Male,0,Male,418.2
2025,קוסטה-ריקה,Science,Male,0,Male,429.7
2009,קוסטה-ריקה,Science,Male,High,MaleHigh,495.7
2012,קוסטה-ריקה,Science,Male,High,MaleHigh,493.7
2015,קוסטה-ריקה,Science,Male,High,MaleHigh,484.2
2018,קוסטה-ריקה,Science,Male,High,MaleHigh,477.9
2009,קוסטה-ריקה,Science,Male,Low,MaleLow,420.7
2012,קוסטה-ריקה,Science,Male,Low,MaleLow,420.6
2015,קוסטה-ריקה,Science,Male,Low,MaleLow,412.6
2018,קוסטה-ריקה,Science,Male,Low,MaleLow,402.1
2009,קוסטה-ריקה,Science,Male,Medium,MaleMedium,466.8
2012,קוסטה-ריקה,Science,Male,Medium,MaleMedium,457.6
2015,קוסטה-ריקה,Science,Male,Medium,MaleMedium,446.8
2018,קוסטה-ריקה,Science,Male,Medium,MaleMedium,444.8
2009,קזחסטן,Math,Female,0,Female,405.2
2012,קזחסטן,Math,Female,0,Female,431.6
2018,קזחסטן,Math,Female,0,Female,422.5
2022,קזחסטן,Math,Female,0,Female,425.5
2025,קזחסטן,Math,Female,0,Female,409.3
2009,קזחסטן,Math,Female,High,FemaleHigh,448.4
2012,קזחסטן,Math,Female,High,FemaleHigh,473.8
2018,קזחסטן,Math,Female,High,FemaleHigh,450.8
2022,קזחסטן,Math,Female,High,FemaleHigh,461.5
2025,קזחסטן,Math,Female,High,FemaleHigh,438.6
2009,קזחסטן,Math,Female,Low,FemaleLow,390.3
2012,קזחסטן,Math,Female,Low,FemaleLow,416.5
2018,קזחסטן,Math,Female,Low,FemaleLow,412.8
2022,קזחסטן,Math,Female,Low,FemaleLow,413.9
2025,קזחסטן,Math,Female,Low,FemaleLow,397
2009,קזחסטן,Math,Female,Medium,FemaleMedium,426.5
2012,קזחסטן,Math,Female,Medium,FemaleMedium,442.7
2018,קזחסטן,Math,Female,Medium,FemaleMedium,432.6
2022,קזחסטן,Math,Female,Medium,FemaleMedium,433.6
2025,קזחסטן,Math,Female,Medium,FemaleMedium,424.2
2009,קזחסטן,Math,0,0,General,404.9
2012,קזחסטן,Math,0,0,General,431.8
2018,קזחסטן,Math,0,0,General,423.1
2022,קזחסטן,Math,0,0,General,425.4
2025,קזחסטן,Math,0,0,General,413.7
2009,קזחסטן,Math,0,High,GeneralHigh,449.5
2012,קזחסטן,Math,0,High,GeneralHigh,472.4
2018,קזחסטן,Math,0,High,GeneralHigh,451.4
2022,קזחסטן,Math,0,High,GeneralHigh,463.7
2025,קזחסטן,Math,0,High,GeneralHigh,445.6
2009,קזחסטן,Math,0,Low,GeneralLow,390.8
2012,קזחסטן,Math,0,Low,GeneralLow,417
2018,קזחסטן,Math,0,Low,GeneralLow,413.9
2022,קזחסטן,Math,0,Low,GeneralLow,413.1
2025,קזחסטן,Math,0,Low,GeneralLow,404.2
2009,קזחסטן,Math,0,Medium,GeneralMedium,425
2012,קזחסטן,Math,0,Medium,GeneralMedium,444
2018,קזחסטן,Math,0,Medium,GeneralMedium,432.7
2022,קזחסטן,Math,0,Medium,GeneralMedium,434.5
2025,קזחסטן,Math,0,Medium,GeneralMedium,428.5
2009,קזחסטן,Math,Male,0,Male,404.6
2012,קזחסטן,Math,Male,0,Male,432
2018,קזחסטן,Math,Male,0,Male,423.8
2022,קזחסטן,Math,Male,0,Male,425.3
2025,קזחסטן,Math,Male,0,Male,418
2009,קזחסטן,Math,Male,High,MaleHigh,450.6
2012,קזחסטן,Math,Male,High,MaleHigh,471
2018,קזחסטן,Math,Male,High,MaleHigh,452
2022,קזחסטן,Math,Male,High,MaleHigh,466.2
2025,קזחסטן,Math,Male,High,MaleHigh,453.7
2009,קזחסטן,Math,Male,Low,MaleLow,391.2
2012,קזחסטן,Math,Male,Low,MaleLow,417.5
2018,קזחסטן,Math,Male,Low,MaleLow,414.8
2022,קזחסטן,Math,Male,Low,MaleLow,412.4
2025,קזחסטן,Math,Male,Low,MaleLow,411.1
2009,קזחסטן,Math,Male,Medium,MaleMedium,423.5
2012,קזחסטן,Math,Male,Medium,MaleMedium,445.3
2018,קזחסטן,Math,Male,Medium,MaleMedium,432.8
2022,קזחסטן,Math,Male,Medium,MaleMedium,435.3
2025,קזחסטן,Math,Male,Medium,MaleMedium,433
2009,קזחסטן,Reading,Female,0,Female,412.1
2012,קזחסטן,Reading,Female,0,Female,411.1
2018,קזחסטן,Reading,Female,0,Female,400.7
2022,קזחסטן,Reading,Female,0,Female,400.3
2025,קזחסטן,Reading,Female,0,Female,398.3
2009,קזחסטן,Reading,Female,High,FemaleHigh,462.4
2012,קזחסטן,Reading,Female,High,FemaleHigh,454.9
2018,קזחסטן,Reading,Female,High,FemaleHigh,427.7
2022,קזחסטן,Reading,Female,High,FemaleHigh,438
2025,קזחסטן,Reading,Female,High,FemaleHigh,421.2
2009,קזחסטן,Reading,Female,Low,FemaleLow,394.1
2012,קזחסטן,Reading,Female,Low,FemaleLow,392.6
2018,קזחסטן,Reading,Female,Low,FemaleLow,389.6
2022,קזחסטן,Reading,Female,Low,FemaleLow,387.2
2025,קזחסטן,Reading,Female,Low,FemaleLow,390.1
2009,קזחסטן,Reading,Female,Medium,FemaleMedium,438.4
2012,קזחסטן,Reading,Female,Medium,FemaleMedium,426.2
2018,קזחסטן,Reading,Female,Medium,FemaleMedium,414.1
2022,קזחסטן,Reading,Female,Medium,FemaleMedium,409.8
2025,קזחסטן,Reading,Female,Medium,FemaleMedium,410.7
2009,קזחסטן,Reading,0,0,General,390.4
2012,קזחסטן,Reading,0,0,General,392.7
2018,קזחסטן,Reading,0,0,General,386.9
2022,קזחסטן,Reading,0,0,General,386.3
2025,קזחסטן,Reading,0,0,General,384.8
2009,קזחסטן,Reading,0,High,GeneralHigh,444.3
2012,קזחסטן,Reading,0,High,GeneralHigh,436.4
2018,קזחסטן,Reading,0,High,GeneralHigh,414.1
2022,קזחסטן,Reading,0,High,GeneralHigh,427.1
2025,קזחסטן,Reading,0,High,GeneralHigh,411.5
2009,קזחסטן,Reading,0,Low,GeneralLow,372.7
2012,קזחסטן,Reading,0,Low,GeneralLow,373.7
2018,קזחסטן,Reading,0,Low,GeneralLow,376.3
2022,קזחסטן,Reading,0,Low,GeneralLow,373.2
2025,קזחסטן,Reading,0,Low,GeneralLow,379.4
2009,קזחסטן,Reading,0,Medium,GeneralMedium,416.2
2012,קזחסטן,Reading,0,Medium,GeneralMedium,409.9
2018,קזחסטן,Reading,0,Medium,GeneralMedium,399.1
2022,קזחסטן,Reading,0,Medium,GeneralMedium,395.6
2025,קזחסטן,Reading,0,Medium,GeneralMedium,397.3
2009,קזחסטן,Reading,Male,0,Male,369.3
2012,קזחסטן,Reading,Male,0,Male,374.2
2018,קזחסטן,Reading,Male,0,Male,373.8
2022,קזחסטן,Reading,Male,0,Male,372.9
2025,קזחסטן,Reading,Male,0,Male,371.7
2009,קזחסטן,Reading,Male,High,MaleHigh,426.4
2012,קזחסטן,Reading,Male,High,MaleHigh,417.1
2018,קזחסטן,Reading,Male,High,MaleHigh,400.5
2022,קזחסטן,Reading,Male,High,MaleHigh,414.8
2025,קזחסטן,Reading,Male,High,MaleHigh,400.2
2009,קזחסטן,Reading,Male,Low,MaleLow,352.3
2012,קזחסטן,Reading,Male,Low,MaleLow,355.6
2018,קזחסטן,Reading,Male,Low,MaleLow,363.8
2022,קזחסטן,Reading,Male,Low,MaleLow,359.9
2025,קזחסטן,Reading,Male,Low,MaleLow,369
2009,קזחסטן,Reading,Male,Medium,MaleMedium,393.6
2012,קזחסטן,Reading,Male,Medium,MaleMedium,392.4
2018,קזחסטן,Reading,Male,Medium,MaleMedium,385.2
2022,קזחסטן,Reading,Male,Medium,MaleMedium,382.5
2025,קזחסטן,Reading,Male,Medium,MaleMedium,383.4
2009,קזחסטן,Science,Female,0,Female,404.7
2012,קזחסטן,Science,Female,0,Female,429
2018,קזחסטן,Science,Female,0,Female,400.9
2022,קזחסטן,Science,Female,0,Female,425.9
2025,קזחסטן,Science,Female,0,Female,422.3
2009,קזחסטן,Science,Female,High,FemaleHigh,441.3
2012,קזחסטן,Science,Female,High,FemaleHigh,467.2
2018,קזחסטן,Science,Female,High,FemaleHigh,427.9
2022,קזחסטן,Science,Female,High,FemaleHigh,463.4
2025,קזחסטן,Science,Female,High,FemaleHigh,448.3
2009,קזחסטן,Science,Female,Low,FemaleLow,390.9
2012,קזחסטן,Science,Female,Low,FemaleLow,412.7
2018,קזחסטן,Science,Female,Low,FemaleLow,390.9
2022,קזחסטן,Science,Female,Low,FemaleLow,413.5
2025,קזחסטן,Science,Female,Low,FemaleLow,411.5
2009,קזחסטן,Science,Female,Medium,FemaleMedium,425.4
2012,קזחסטן,Science,Female,Medium,FemaleMedium,442.3
2018,קזחסטן,Science,Female,Medium,FemaleMedium,412.1
2022,קזחסטן,Science,Female,Medium,FemaleMedium,434.5
2025,קזחסטן,Science,Female,Medium,FemaleMedium,437
2009,קזחסטן,Science,0,0,General,400.4
2012,קזחסטן,Science,0,0,General,424.7
2018,קזחסטן,Science,0,0,General,397.1
2022,קזחסטן,Science,0,0,General,423.2
2025,קזחסטן,Science,0,0,General,419.5
2009,קזחסטן,Science,0,High,GeneralHigh,441.4
2012,קזחסטן,Science,0,High,GeneralHigh,463.3
2018,קזחסטן,Science,0,High,GeneralHigh,423.2
2022,קזחסטן,Science,0,High,GeneralHigh,461.3
2025,קזחסטן,Science,0,High,GeneralHigh,448.5
2009,קזחסטן,Science,0,Low,GeneralLow,386.6
2012,קזחסטן,Science,0,Low,GeneralLow,408.1
2018,קזחסטן,Science,0,Low,GeneralLow,388
2022,קזחסטן,Science,0,Low,GeneralLow,410.6
2025,קזחסטן,Science,0,Low,GeneralLow,411.8
2009,קזחסטן,Science,0,Medium,GeneralMedium,420.6
2012,קזחסטן,Science,0,Medium,GeneralMedium,439.5
2018,קזחסטן,Science,0,Medium,GeneralMedium,406.8
2022,קזחסטן,Science,0,Medium,GeneralMedium,432.5
2025,קזחסטן,Science,0,Medium,GeneralMedium,434
2009,קזחסטן,Science,Male,0,Male,396.2
2012,קזחסטן,Science,Male,0,Male,420.4
2018,קזחסטן,Science,Male,0,Male,393.5
2022,קזחסטן,Science,Male,0,Male,420.6
2025,קזחסטן,Science,Male,0,Male,416.9
2009,קזחסטן,Science,Male,High,MaleHigh,441.5
2012,קזחסטן,Science,Male,High,MaleHigh,459.3
2018,קזחסטן,Science,Male,High,MaleHigh,418.5
2022,קזחסטן,Science,Male,High,MaleHigh,458.9
2025,קזחסטן,Science,Male,High,MaleHigh,448.8
2009,קזחסטן,Science,Male,Low,MaleLow,382.6
2012,קזחסטן,Science,Male,Low,MaleLow,403.8
2018,קזחסטן,Science,Male,Low,MaleLow,385.3
2022,קזחסטן,Science,Male,Low,MaleLow,407.8
2025,קזחסטן,Science,Male,Low,MaleLow,412.1
2009,קזחסטן,Science,Male,Medium,MaleMedium,415.7
2012,קזחסטן,Science,Male,Medium,MaleMedium,436.5
2018,קזחסטן,Science,Male,Medium,MaleMedium,402
2022,קזחסטן,Science,Male,Medium,MaleMedium,430.6
2025,קזחסטן,Science,Male,Medium,MaleMedium,430.9
2006,קנדה,Math,Female,0,Female,519.9
2009,קנדה,Math,Female,0,Female,520.8
2012,קנדה,Math,Female,0,Female,513
2015,קנדה,Math,Female,0,Female,511.1
2018,קנדה,Math,Female,0,Female,509.5
2022,קנדה,Math,Female,0,Female,490.7
2006,קנדה,Math,Female,High,FemaleHigh,540
2009,קנדה,Math,Female,High,FemaleHigh,551
2012,קנדה,Math,Female,High,FemaleHigh,542.9
2015,קנדה,Math,Female,High,FemaleHigh,534.6
2018,קנדה,Math,Female,High,FemaleHigh,537.1
2022,קנדה,Math,Female,High,FemaleHigh,522.1
2006,קנדה,Math,Female,Low,FemaleLow,489.2
2009,קנדה,Math,Female,Low,FemaleLow,484.7
2012,קנדה,Math,Female,Low,FemaleLow,478.7
2015,קנדה,Math,Female,Low,FemaleLow,472.6
2018,קנדה,Math,Female,Low,FemaleLow,471.5
2022,קנדה,Math,Female,Low,FemaleLow,453.2
2006,קנדה,Math,Female,Medium,FemaleMedium,517.2
2009,קנדה,Math,Female,Medium,FemaleMedium,509.2
2012,קנדה,Math,Female,Medium,FemaleMedium,506.7
2015,קנדה,Math,Female,Medium,FemaleMedium,499.8
2018,קנדה,Math,Female,Medium,FemaleMedium,504.2
2022,קנדה,Math,Female,Medium,FemaleMedium,482.5
2006,קנדה,Math,0,0,General,527
2009,קנדה,Math,0,0,General,526.8
2012,קנדה,Math,0,0,General,518.1
2015,קנדה,Math,0,0,General,515.6
2018,קנדה,Math,0,0,General,512
2022,קנדה,Math,0,0,General,496.9
2025,קנדה,Math,0,0,General,485.3
2006,קנדה,Math,0,High,GeneralHigh,548
2009,קנדה,Math,0,High,GeneralHigh,554.9
2012,קנדה,Math,0,High,GeneralHigh,547.5
2015,קנדה,Math,0,High,GeneralHigh,540.1
2018,קנדה,Math,0,High,GeneralHigh,540.6
2022,קנדה,Math,0,High,GeneralHigh,529.7
2025,קנדה,Math,0,High,GeneralHigh,515.6
2006,קנדה,Math,0,Low,GeneralLow,497.1
2009,קנדה,Math,0,Low,GeneralLow,491.5
2012,קנדה,Math,0,Low,GeneralLow,486.2
2015,קנדה,Math,0,Low,GeneralLow,478.2
2018,קנדה,Math,0,Low,GeneralLow,476.6
2022,קנדה,Math,0,Low,GeneralLow,458.8
2025,קנדה,Math,0,Low,GeneralLow,451.1
2006,קנדה,Math,0,Medium,GeneralMedium,523.6
2009,קנדה,Math,0,Medium,GeneralMedium,516.7
2012,קנדה,Math,0,Medium,GeneralMedium,512.3
2015,קנדה,Math,0,Medium,GeneralMedium,504.3
2018,קנדה,Math,0,Medium,GeneralMedium,506.9
2022,קנדה,Math,0,Medium,GeneralMedium,491.1
2025,קנדה,Math,0,Medium,GeneralMedium,489.4
2006,קנדה,Math,Male,0,Male,534.1
2009,קנדה,Math,Male,0,Male,532.7
2012,קנדה,Math,Male,0,Male,523.1
2015,קנדה,Math,Male,0,Male,520.2
2018,קנדה,Math,Male,0,Male,514.5
2022,קנדה,Math,Male,0,Male,503
2006,קנדה,Math,Male,High,MaleHigh,555.8
2009,קנדה,Math,Male,High,MaleHigh,558.6
2012,קנדה,Math,Male,High,MaleHigh,552.2
2015,קנדה,Math,Male,High,MaleHigh,545.8
2018,קנדה,Math,Male,High,MaleHigh,544.2
2022,קנדה,Math,Male,High,MaleHigh,537.2
2006,קנדה,Math,Male,Low,MaleLow,504.5
2009,קנדה,Math,Male,Low,MaleLow,498.5
2012,קנדה,Math,Male,Low,MaleLow,494
2015,קנדה,Math,Male,Low,MaleLow,483.6
2018,קנדה,Math,Male,Low,MaleLow,481.3
2022,קנדה,Math,Male,Low,MaleLow,464.3
2006,קנדה,Math,Male,Medium,MaleMedium,530.2
2009,קנדה,Math,Male,Medium,MaleMedium,524.7
2012,קנדה,Math,Male,Medium,MaleMedium,518
2015,קנדה,Math,Male,Medium,MaleMedium,508.8
2018,קנדה,Math,Male,Medium,MaleMedium,509.7
2022,קנדה,Math,Male,Medium,MaleMedium,499.6
2006,קנדה,Reading,Female,0,Female,543
2009,קנדה,Reading,Female,0,Female,541.5
2012,קנדה,Reading,Female,0,Female,540.7
2015,קנדה,Reading,Female,0,Female,539.8
2018,קנדה,Reading,Female,0,Female,534.7
2022,קנדה,Reading,Female,0,Female,519.5
2006,קנדה,Reading,Female,High,FemaleHigh,566.6
2009,קנדה,Reading,Female,High,FemaleHigh,570.5
2012,קנדה,Reading,Female,High,FemaleHigh,569.5
2015,קנדה,Reading,Female,High,FemaleHigh,564.6
2018,קנדה,Reading,Female,High,FemaleHigh,562.7
2022,קנדה,Reading,Female,High,FemaleHigh,552
2006,קנדה,Reading,Female,Low,FemaleLow,503.4
2009,קנדה,Reading,Female,Low,FemaleLow,507.3
2012,קנדה,Reading,Female,Low,FemaleLow,508.6
2015,קנדה,Reading,Female,Low,FemaleLow,496.5
2018,קנדה,Reading,Female,Low,FemaleLow,496.5
2022,קנדה,Reading,Female,Low,FemaleLow,484.1
2006,קנדה,Reading,Female,Medium,FemaleMedium,542.1
2009,קנדה,Reading,Female,Medium,FemaleMedium,530.1
2012,קנדה,Reading,Female,Medium,FemaleMedium,535.5
2015,קנדה,Reading,Female,Medium,FemaleMedium,530.7
2018,קנדה,Reading,Female,Medium,FemaleMedium,529.6
2022,קנדה,Reading,Female,Medium,FemaleMedium,511.6
2006,קנדה,Reading,0,0,General,527
2009,קנדה,Reading,0,0,General,524.2
2012,קנדה,Reading,0,0,General,523.1
2015,קנדה,Reading,0,0,General,526.7
2018,קנדה,Reading,0,0,General,520.1
2022,קנדה,Reading,0,0,General,507.1
2025,קנדה,Reading,0,0,General,489.8
2006,קנדה,Reading,0,High,GeneralHigh,551.8
2009,קנדה,Reading,0,High,GeneralHigh,551.6
2012,קנדה,Reading,0,High,GeneralHigh,551.7
2015,קנדה,Reading,0,High,GeneralHigh,551.7
2018,קנדה,Reading,0,High,GeneralHigh,549.1
2022,קנדה,Reading,0,High,GeneralHigh,539.3
2025,קנדה,Reading,0,High,GeneralHigh,518.8
2006,קנדה,Reading,0,Low,GeneralLow,488.3
2009,קנדה,Reading,0,Low,GeneralLow,491.2
2012,קנדה,Reading,0,Low,GeneralLow,493.3
2015,קנדה,Reading,0,Low,GeneralLow,486.3
2018,קנדה,Reading,0,Low,GeneralLow,484.4
2022,קנדה,Reading,0,Low,GeneralLow,471
2025,קנדה,Reading,0,Low,GeneralLow,460.4
2006,קנדה,Reading,0,Medium,GeneralMedium,525
2009,קנדה,Reading,0,Medium,GeneralMedium,514.8
2012,קנדה,Reading,0,Medium,GeneralMedium,519.1
2015,קנדה,Reading,0,Medium,GeneralMedium,517.9
2018,קנדה,Reading,0,Medium,GeneralMedium,515.4
2022,קנדה,Reading,0,Medium,GeneralMedium,502.6
2025,קנדה,Reading,0,Medium,GeneralMedium,495.6
2006,קנדה,Reading,Male,0,Male,511.1
2009,קנדה,Reading,Male,0,Male,507.2
2012,קנדה,Reading,Male,0,Male,505.5
2015,קנדה,Reading,Male,0,Male,513.5
2018,קנדה,Reading,Male,0,Male,505.7
2022,קנדה,Reading,Male,0,Male,495.2
2006,קנדה,Reading,Male,High,MaleHigh,537.1
2009,קנדה,Reading,Male,High,MaleHigh,533.9
2012,קנדה,Reading,Male,High,MaleHigh,533.7
2015,קנדה,Reading,Male,High,MaleHigh,538.2
2018,קנדה,Reading,Male,High,MaleHigh,535.4
2022,קנדה,Reading,Male,High,MaleHigh,526.8
2006,קנדה,Reading,Male,Low,MaleLow,474.3
2009,קנדה,Reading,Male,Low,MaleLow,474.7
2012,קנדה,Reading,Male,Low,MaleLow,477.5
2015,קנדה,Reading,Male,Low,MaleLow,476.5
2018,קנדה,Reading,Male,Low,MaleLow,473.6
2022,קנדה,Reading,Male,Low,MaleLow,458.4
2006,קנדה,Reading,Male,Medium,MaleMedium,507.4
2009,קנדה,Reading,Male,Medium,MaleMedium,498.3
2012,קנדה,Reading,Male,Medium,MaleMedium,502.5
2015,קנדה,Reading,Male,Medium,MaleMedium,504.9
2018,קנדה,Reading,Male,Medium,MaleMedium,500.6
2022,קנדה,Reading,Male,Medium,MaleMedium,493.8
2006,קנדה,Science,Female,0,Female,532.4
2009,קנדה,Science,Female,0,Female,526.4
2012,קנדה,Science,Female,0,Female,524
2015,קנדה,Science,Female,0,Female,527.2
2018,קנדה,Science,Female,0,Female,519.6
2022,קנדה,Science,Female,0,Female,514.8
2006,קנדה,Science,Female,High,FemaleHigh,554.3
2009,קנדה,Science,Female,High,FemaleHigh,555.8
2012,קנדה,Science,Female,High,FemaleHigh,551.8
2015,קנדה,Science,Female,High,FemaleHigh,552.1
2018,קנדה,Science,Female,High,FemaleHigh,544.8
2022,קנדה,Science,Female,High,FemaleHigh,545.3
2006,קנדה,Science,Female,Low,FemaleLow,494.4
2009,קנדה,Science,Female,Low,FemaleLow,491.8
2012,קנדה,Science,Female,Low,FemaleLow,492.2
2015,קנדה,Science,Female,Low,FemaleLow,485
2018,קנדה,Science,Female,Low,FemaleLow,484.2
2022,קנדה,Science,Female,Low,FemaleLow,479
2006,קנדה,Science,Female,Medium,FemaleMedium,532.2
2009,קנדה,Science,Female,Medium,FemaleMedium,514.8
2012,קנדה,Science,Female,Medium,FemaleMedium,518.9
2015,קנדה,Science,Female,Medium,FemaleMedium,516.5
2018,קנדה,Science,Female,Medium,FemaleMedium,514
2022,קנדה,Science,Female,Medium,FemaleMedium,506.9
2006,קנדה,Science,0,0,General,534.5
2009,קנדה,Science,0,0,General,528.7
2012,קנדה,Science,0,0,General,525.4
2015,קנדה,Science,0,0,General,527.7
2018,קנדה,Science,0,0,General,518
2022,קנדה,Science,0,0,General,515
2025,קנדה,Science,0,0,General,510.1
2006,קנדה,Science,0,High,GeneralHigh,556.3
2009,קנדה,Science,0,High,GeneralHigh,556.4
2012,קנדה,Science,0,High,GeneralHigh,552.7
2015,קנדה,Science,0,High,GeneralHigh,553.3
2018,קנדה,Science,0,High,GeneralHigh,544.5
2022,קנדה,Science,0,High,GeneralHigh,546.1
2025,קנדה,Science,0,High,GeneralHigh,539.2
2006,קנדה,Science,0,Low,GeneralLow,498.9
2009,קנדה,Science,0,Low,GeneralLow,494.6
2012,קנדה,Science,0,Low,GeneralLow,495.9
2015,קנדה,Science,0,Low,GeneralLow,487.6
2018,קנדה,Science,0,Low,GeneralLow,484.4
2022,קנדה,Science,0,Low,GeneralLow,478.3
2025,קנדה,Science,0,Low,GeneralLow,478.5
2006,קנדה,Science,0,Medium,GeneralMedium,533.6
2009,קנדה,Science,0,Medium,GeneralMedium,518.9
2012,קנדה,Science,0,Medium,GeneralMedium,521.4
2015,קנדה,Science,0,Medium,GeneralMedium,517.2
2018,קנדה,Science,0,Medium,GeneralMedium,512.9
2022,קנדה,Science,0,Medium,GeneralMedium,509.6
2025,קנדה,Science,0,Medium,GeneralMedium,514.9
2006,קנדה,Science,Male,0,Male,536.5
2009,קנדה,Science,Male,0,Male,531
2012,קנדה,Science,Male,0,Male,526.9
2015,קנדה,Science,Male,0,Male,528.3
2018,קנדה,Science,Male,0,Male,516.5
2022,קנדה,Science,Male,0,Male,515.3
2006,קנדה,Science,Male,High,MaleHigh,558.2
2009,קנדה,Science,Male,High,MaleHigh,557.1
2012,קנדה,Science,Male,High,MaleHigh,553.6
2015,קנדה,Science,Male,High,MaleHigh,554.7
2018,קנדה,Science,Male,High,MaleHigh,544.2
2022,קנדה,Science,Male,High,MaleHigh,546.9
2006,קנדה,Science,Male,Low,MaleLow,503.2
2009,קנדה,Science,Male,Low,MaleLow,497.6
2012,קנדה,Science,Male,Low,MaleLow,499.6
2015,קנדה,Science,Male,Low,MaleLow,490
2018,קנדה,Science,Male,Low,MaleLow,484.6
2022,קנדה,Science,Male,Low,MaleLow,477.7
2006,קנדה,Science,Male,Medium,MaleMedium,535
2009,קנדה,Science,Male,Medium,MaleMedium,523.4
2012,קנדה,Science,Male,Medium,MaleMedium,523.9
2015,קנדה,Science,Male,Medium,MaleMedium,517.9
2018,קנדה,Science,Male,Medium,MaleMedium,511.7
2022,קנדה,Science,Male,Medium,MaleMedium,512.4
2006,קרואטיה,Math,Female,0,Female,460.5
2009,קרואטיה,Math,Female,0,Female,454.3
2012,קרואטיה,Math,Female,0,Female,465.2
2015,קרואטיה,Math,Female,0,Female,458
2018,קרואטיה,Math,Female,0,Female,459.9
2022,קרואטיה,Math,Female,0,Female,459.8
2025,קרואטיה,Math,Female,0,Female,454.6
2006,קרואטיה,Math,Female,High,FemaleHigh,503.8
2009,קרואטיה,Math,Female,High,FemaleHigh,498.2
2012,קרואטיה,Math,Female,High,FemaleHigh,521.8
2015,קרואטיה,Math,Female,High,FemaleHigh,515.2
2018,קרואטיה,Math,Female,High,FemaleHigh,514.1
2022,קרואטיה,Math,Female,High,FemaleHigh,511.5
2025,קרואטיה,Math,Female,High,FemaleHigh,501.9
2006,קרואטיה,Math,Female,Low,FemaleLow,437.7
2009,קרואטיה,Math,Female,Low,FemaleLow,431.7
2012,קרואטיה,Math,Female,Low,FemaleLow,446.1
2015,קרואטיה,Math,Female,Low,FemaleLow,436.5
2018,קרואטיה,Math,Female,Low,FemaleLow,440.2
2022,קרואטיה,Math,Female,Low,FemaleLow,433.9
2025,קרואטיה,Math,Female,Low,FemaleLow,427.6
2006,קרואטיה,Math,Female,Medium,FemaleMedium,470.1
2009,קרואטיה,Math,Female,Medium,FemaleMedium,468.2
2012,קרואטיה,Math,Female,Medium,FemaleMedium,481.5
2015,קרואטיה,Math,Female,Medium,FemaleMedium,470.3
2018,קרואטיה,Math,Female,Medium,FemaleMedium,472.2
2022,קרואטיה,Math,Female,Medium,FemaleMedium,474.6
2025,קרואטיה,Math,Female,Medium,FemaleMedium,468.5
2006,קרואטיה,Math,0,0,General,467.2
2009,קרואטיה,Math,0,0,General,459.9
2012,קרואטיה,Math,0,0,General,471.1
2015,קרואטיה,Math,0,0,General,464
2018,קרואטיה,Math,0,0,General,464.2
2022,קרואטיה,Math,0,0,General,463.1
2025,קרואטיה,Math,0,0,General,455.3
2006,קרואטיה,Math,0,High,GeneralHigh,511.3
2009,קרואטיה,Math,0,High,GeneralHigh,505.1
2012,קרואטיה,Math,0,High,GeneralHigh,530.4
2015,קרואטיה,Math,0,High,GeneralHigh,525.9
2018,קרואטיה,Math,0,High,GeneralHigh,515.7
2022,קרואטיה,Math,0,High,GeneralHigh,515.2
2025,קרואטיה,Math,0,High,GeneralHigh,507.3
2006,קרואטיה,Math,0,Low,GeneralLow,445.7
2009,קרואטיה,Math,0,Low,GeneralLow,439.3
2012,קרואטיה,Math,0,Low,GeneralLow,451.8
2015,קרואטיה,Math,0,Low,GeneralLow,442
2018,קרואטיה,Math,0,Low,GeneralLow,444.6
2022,קרואטיה,Math,0,Low,GeneralLow,436.5
2025,קרואטיה,Math,0,Low,GeneralLow,427.2
2006,קרואטיה,Math,0,Medium,GeneralMedium,474.8
2009,קרואטיה,Math,0,Medium,GeneralMedium,469.8
2012,קרואטיה,Math,0,Medium,GeneralMedium,484.3
2015,קרואטיה,Math,0,Medium,GeneralMedium,473
2018,קרואטיה,Math,0,Medium,GeneralMedium,474.9
2022,קרואטיה,Math,0,Medium,GeneralMedium,474.2
2025,קרואטיה,Math,0,Medium,GeneralMedium,470.5
2006,קרואטיה,Math,Male,0,Male,474
2009,קרואטיה,Math,Male,0,Male,465
2012,קרואטיה,Math,Male,0,Male,476.8
2015,קרואטיה,Math,Male,0,Male,470.6
2018,קרואטיה,Math,Male,0,Male,468.5
2022,קרואטיה,Math,Male,0,Male,466.2
2025,קרואטיה,Math,Male,0,Male,456
2006,קרואטיה,Math,Male,High,MaleHigh,519.2
2009,קרואטיה,Math,Male,High,MaleHigh,511.4
2012,קרואטיה,Math,Male,High,MaleHigh,538.5
2015,קרואטיה,Math,Male,High,MaleHigh,537.6
2018,קרואטיה,Math,Male,High,MaleHigh,517.3
2022,קרואטיה,Math,Male,High,MaleHigh,518.2
2025,קרואטיה,Math,Male,High,MaleHigh,513
2006,קרואטיה,Math,Male,Low,MaleLow,453.8
2009,קרואטיה,Math,Male,Low,MaleLow,446.1
2012,קרואטיה,Math,Male,Low,MaleLow,457.5
2015,קרואטיה,Math,Male,Low,MaleLow,448.3
2018,קרואטיה,Math,Male,Low,MaleLow,449.5
2022,קרואטיה,Math,Male,Low,MaleLow,439.2
2025,קרואטיה,Math,Male,Low,MaleLow,426.7
2006,קרואטיה,Math,Male,Medium,MaleMedium,479.2
2009,קרואטיה,Math,Male,Medium,MaleMedium,471.2
2012,קרואטיה,Math,Male,Medium,MaleMedium,486.9
2015,קרואטיה,Math,Male,Medium,MaleMedium,475.5
2018,קרואטיה,Math,Male,Medium,MaleMedium,477.3
2022,קרואטיה,Math,Male,Medium,MaleMedium,473.8
2025,קרואטיה,Math,Male,Medium,MaleMedium,472.4
2006,קרואטיה,Reading,Female,0,Female,502.3
2009,קרואטיה,Reading,Female,0,Female,502.9
2012,קרואטיה,Reading,Female,0,Female,509.2
2015,קרואטיה,Reading,Female,0,Female,499.6
2018,קרואטיה,Reading,Female,0,Female,495.3
2022,קרואטיה,Reading,Female,0,Female,493
2025,קרואטיה,Reading,Female,0,Female,476.9
2006,קרואטיה,Reading,Female,High,FemaleHigh,543.6
2009,קרואטיה,Reading,Female,High,FemaleHigh,546.4
2012,קרואטיה,Reading,Female,High,FemaleHigh,561.9
2015,קרואטיה,Reading,Female,High,FemaleHigh,555.2
2018,קרואטיה,Reading,Female,High,FemaleHigh,547.1
2022,קרואטיה,Reading,Female,High,FemaleHigh,543.2
2025,קרואטיה,Reading,Female,High,FemaleHigh,519.3
2006,קרואטיה,Reading,Female,Low,FemaleLow,477.9
2009,קרואטיה,Reading,Female,Low,FemaleLow,480.3
2012,קרואטיה,Reading,Female,Low,FemaleLow,491.5
2015,קרואטיה,Reading,Female,Low,FemaleLow,478.8
2018,קרואטיה,Reading,Female,Low,FemaleLow,476.4
2022,קרואטיה,Reading,Female,Low,FemaleLow,468.5
2025,קרואטיה,Reading,Female,Low,FemaleLow,453.8
2006,קרואטיה,Reading,Female,Medium,FemaleMedium,515.4
2009,קרואטיה,Reading,Female,Medium,FemaleMedium,516.8
2012,קרואטיה,Reading,Female,Medium,FemaleMedium,524
2015,קרואטיה,Reading,Female,Medium,FemaleMedium,513
2018,קרואטיה,Reading,Female,Medium,FemaleMedium,507.6
2022,קרואטיה,Reading,Female,Medium,FemaleMedium,506.7
2025,קרואטיה,Reading,Female,Medium,FemaleMedium,489.2
2006,קרואטיה,Reading,0,0,General,477.4
2009,קרואטיה,Reading,0,0,General,475.7
2012,קרואטיה,Reading,0,0,General,484.6
2015,קרואטיה,Reading,0,0,General,486.9
2018,קרואטיה,Reading,0,0,General,479
2022,קרואטיה,Reading,0,0,General,475.5
2025,קרואטיה,Reading,0,0,General,453.4
2006,קרואטיה,Reading,0,High,GeneralHigh,520.7
2009,קרואטיה,Reading,0,High,GeneralHigh,520.3
2012,קרואטיה,Reading,0,High,GeneralHigh,541.3
2015,קרואטיה,Reading,0,High,GeneralHigh,547.1
2018,קרואטיה,Reading,0,High,GeneralHigh,527
2022,קרואטיה,Reading,0,High,GeneralHigh,523
2025,קרואטיה,Reading,0,High,GeneralHigh,501.9
2006,קרואטיה,Reading,0,Low,GeneralLow,454.8
2009,קרואטיה,Reading,0,Low,GeneralLow,455.1
2012,קרואטיה,Reading,0,Low,GeneralLow,466.5
2015,קרואטיה,Reading,0,Low,GeneralLow,465.8
2018,קרואטיה,Reading,0,Low,GeneralLow,461
2022,קרואטיה,Reading,0,Low,GeneralLow,452.4
2025,קרואטיה,Reading,0,Low,GeneralLow,429.5
2006,קרואטיה,Reading,0,Medium,GeneralMedium,486.9
2009,קרואטיה,Reading,0,Medium,GeneralMedium,486.2
2012,קרואטיה,Reading,0,Medium,GeneralMedium,496.6
2015,קרואטיה,Reading,0,Medium,GeneralMedium,495.8
2018,קרואטיה,Reading,0,Medium,GeneralMedium,488.8
2022,קרואטיה,Reading,0,Medium,GeneralMedium,484.4
2025,קרואטיה,Reading,0,Medium,GeneralMedium,466.6
2006,קרואטיה,Reading,Male,0,Male,452.4
2009,קרואטיה,Reading,Male,0,Male,451.7
2012,קרואטיה,Reading,Male,0,Male,460.9
2015,קרואטיה,Reading,Male,0,Male,473.1
2018,קרואטיה,Reading,Male,0,Male,462.4
2022,קרואטיה,Reading,Male,0,Male,459.1
2025,קרואטיה,Reading,Male,0,Male,429.9
2006,קרואטיה,Reading,Male,High,MaleHigh,496.5
2009,קרואטיה,Reading,Male,High,MaleHigh,496.3
2012,קרואטיה,Reading,Male,High,MaleHigh,522.1
2015,קרואטיה,Reading,Male,High,MaleHigh,538.2
2018,קרואטיה,Reading,Male,High,MaleHigh,508
2022,קרואטיה,Reading,Male,High,MaleHigh,506.6
2025,קרואטיה,Reading,Male,High,MaleHigh,483.5
2006,קרואטיה,Reading,Male,Low,MaleLow,431.5
2009,קרואטיה,Reading,Male,Low,MaleLow,432.6
2012,קרואטיה,Reading,Male,Low,MaleLow,441.5
2015,קרואטיה,Reading,Male,Low,MaleLow,450.8
2018,קרואטיה,Reading,Male,Low,MaleLow,444.1
2022,קרואטיה,Reading,Male,Low,MaleLow,435.8
2025,קרואטיה,Reading,Male,Low,MaleLow,403.5
2006,קרואטיה,Reading,Male,Medium,MaleMedium,459.5
2009,קרואטיה,Reading,Male,Medium,MaleMedium,459.5
2012,קרואטיה,Reading,Male,Medium,MaleMedium,472
2015,קרואטיה,Reading,Male,Medium,MaleMedium,479.7
2018,קרואטיה,Reading,Male,Medium,MaleMedium,471.8
2022,קרואטיה,Reading,Male,Medium,MaleMedium,464.6
2025,קרואטיה,Reading,Male,Medium,MaleMedium,445.5
2006,קרואטיה,Science,Female,0,Female,494.4
2009,קרואטיה,Science,Female,0,Female,491
2012,קרואטיה,Science,Female,0,Female,492.5
2015,קרואטיה,Science,Female,0,Female,472.6
2018,קרואטיה,Science,Female,0,Female,474.3
2022,קרואטיה,Science,Female,0,Female,488.2
2025,קרואטיה,Science,Female,0,Female,486.2
2006,קרואטיה,Science,Female,High,FemaleHigh,543.4
2009,קרואטיה,Science,Female,High,FemaleHigh,534.4
2012,קרואטיה,Science,Female,High,FemaleHigh,540.3
2015,קרואטיה,Science,Female,High,FemaleHigh,527.8
2018,קרואטיה,Science,Female,High,FemaleHigh,527
2022,קרואטיה,Science,Female,High,FemaleHigh,536.9
2025,קרואטיה,Science,Female,High,FemaleHigh,534
2006,קרואטיה,Science,Female,Low,FemaleLow,468.3
2009,קרואטיה,Science,Female,Low,FemaleLow,469.1
2012,קרואטיה,Science,Female,Low,FemaleLow,476.6
2015,קרואטיה,Science,Female,Low,FemaleLow,452.3
2018,קרואטיה,Science,Female,Low,FemaleLow,454.4
2022,קרואטיה,Science,Female,Low,FemaleLow,464
2025,קרואטיה,Science,Female,Low,FemaleLow,460.8
2006,קרואטיה,Science,Female,Medium,FemaleMedium,505.8
2009,קרואטיה,Science,Female,Medium,FemaleMedium,504.1
2012,קרואטיה,Science,Female,Medium,FemaleMedium,505.9
2015,קרואטיה,Science,Female,Medium,FemaleMedium,484.2
2018,קרואטיה,Science,Female,Medium,FemaleMedium,487.8
2022,קרואטיה,Science,Female,Medium,FemaleMedium,502.4
2025,קרואטיה,Science,Female,Medium,FemaleMedium,497.8
2006,קרואטיה,Science,0,0,General,493.2
2009,קרואטיה,Science,0,0,General,486.4
2012,קרואטיה,Science,0,0,General,491.4
2015,קרואטיה,Science,0,0,General,475.4
2018,קרואטיה,Science,0,0,General,472.4
2022,קרואטיה,Science,0,0,General,482.7
2025,קרואטיה,Science,0,0,General,476.3
2006,קרואטיה,Science,0,High,GeneralHigh,541
2009,קרואטיה,Science,0,High,GeneralHigh,530.6
2012,קרואטיה,Science,0,High,GeneralHigh,543.1
2015,קרואטיה,Science,0,High,GeneralHigh,536.7
2018,קרואטיה,Science,0,High,GeneralHigh,522.8
2022,קרואטיה,Science,0,High,GeneralHigh,531
2025,קרואטיה,Science,0,High,GeneralHigh,527.7
2006,קרואטיה,Science,0,Low,GeneralLow,469.4
2009,קרואטיה,Science,0,Low,GeneralLow,466.4
2012,קרואטיה,Science,0,Low,GeneralLow,474.7
2015,קרואטיה,Science,0,Low,GeneralLow,454.1
2018,קרואטיה,Science,0,Low,GeneralLow,453
2022,קרואטיה,Science,0,Low,GeneralLow,459.6
2025,קרואטיה,Science,0,Low,GeneralLow,450.1
2006,קרואטיה,Science,0,Medium,GeneralMedium,502.1
2009,קרואטיה,Science,0,Medium,GeneralMedium,495.6
2012,קרואטיה,Science,0,Medium,GeneralMedium,502.8
2015,קרואטיה,Science,0,Medium,GeneralMedium,483.7
2018,קרואטיה,Science,0,Medium,GeneralMedium,482.8
2022,קרואטיה,Science,0,Medium,GeneralMedium,490.6
2025,קרואטיה,Science,0,Medium,GeneralMedium,489.8
2006,קרואטיה,Science,Male,0,Male,492
2009,קרואטיה,Science,Male,0,Male,482.2
2012,קרואטיה,Science,Male,0,Male,490.2
2015,קרואטיה,Science,Male,0,Male,478.4
2018,קרואטיה,Science,Male,0,Male,470.4
2022,קרואטיה,Science,Male,0,Male,477.4
2025,קרואטיה,Science,Male,0,Male,466.4
2006,קרואטיה,Science,Male,High,MaleHigh,538.6
2009,קרואטיה,Science,Male,High,MaleHigh,527.2
2012,קרואטיה,Science,Male,High,MaleHigh,545.7
2015,קרואטיה,Science,Male,High,MaleHigh,546.4
2018,קרואטיה,Science,Male,High,MaleHigh,518.9
2022,קרואטיה,Science,Male,High,MaleHigh,526.2
2025,קרואטיה,Science,Male,High,MaleHigh,521.1
2006,קרואטיה,Science,Male,Low,MaleLow,470.4
2009,קרואטיה,Science,Male,Low,MaleLow,464
2012,קרואטיה,Science,Male,Low,MaleLow,472.8
2015,קרואטיה,Science,Male,Low,MaleLow,456
2018,קרואטיה,Science,Male,Low,MaleLow,451.6
2022,קרואטיה,Science,Male,Low,MaleLow,455.1
2025,קרואטיה,Science,Male,Low,MaleLow,438.6
2006,קרואטיה,Science,Male,Medium,MaleMedium,498.5
2009,קרואטיה,Science,Male,Medium,MaleMedium,488.2
2012,קרואטיה,Science,Male,Medium,MaleMedium,500
2015,קרואטיה,Science,Male,Medium,MaleMedium,483.3
2018,קרואטיה,Science,Male,Medium,MaleMedium,478.3
2022,קרואטיה,Science,Male,Medium,MaleMedium,480.1
2025,קרואטיה,Science,Male,Medium,MaleMedium,482.4
2006,רומניה,Math,Female,0,Female,411.5
2009,רומניה,Math,Female,0,Female,425.4
2012,רומניה,Math,Female,0,Female,442.7
2015,רומניה,Math,Female,0,Female,443.7
2018,רומניה,Math,Female,0,Female,427.2
2022,רומניה,Math,Female,0,Female,425.2
2025,רומניה,Math,Female,0,Female,415.7
2006,רומניה,Math,Female,High,FemaleHigh,474.7
2009,רומניה,Math,Female,High,FemaleHigh,470.5
2012,רומניה,Math,Female,High,FemaleHigh,515.9
2015,רומניה,Math,Female,High,FemaleHigh,513.1
2018,רומניה,Math,Female,High,FemaleHigh,492.1
2022,רומניה,Math,Female,High,FemaleHigh,495.6
2025,רומניה,Math,Female,High,FemaleHigh,487.5
2006,רומניה,Math,Female,Low,FemaleLow,392.5
2009,רומניה,Math,Female,Low,FemaleLow,409.2
2012,רומניה,Math,Female,Low,FemaleLow,421.8
2015,רומניה,Math,Female,Low,FemaleLow,425.7
2018,רומניה,Math,Female,Low,FemaleLow,403.3
2022,רומניה,Math,Female,Low,FemaleLow,392.6
2025,רומניה,Math,Female,Low,FemaleLow,381.3
2006,רומניה,Math,Female,Medium,FemaleMedium,425.6
2009,רומניה,Math,Female,Medium,FemaleMedium,441.4
2012,רומניה,Math,Female,Medium,FemaleMedium,468.2
2015,רומניה,Math,Female,Medium,FemaleMedium,475.4
2018,רומניה,Math,Female,Medium,FemaleMedium,455.6
2022,רומניה,Math,Female,Medium,FemaleMedium,445.2
2025,רומניה,Math,Female,Medium,FemaleMedium,445.5
2006,רומניה,Math,0,0,General,414.8
2009,רומניה,Math,0,0,General,427.1
2012,רומניה,Math,0,0,General,444.6
2015,רומניה,Math,0,0,General,444
2018,רומניה,Math,0,0,General,429.9
2022,רומניה,Math,0,0,General,427.8
2025,רומניה,Math,0,0,General,419.1
2006,רומניה,Math,0,High,GeneralHigh,478.4
2009,רומניה,Math,0,High,GeneralHigh,471.8
2012,רומניה,Math,0,High,GeneralHigh,521.3
2015,רומניה,Math,0,High,GeneralHigh,513.4
2018,רומניה,Math,0,High,GeneralHigh,498.2
2022,רומניה,Math,0,High,GeneralHigh,505
2025,רומניה,Math,0,High,GeneralHigh,497.9
2006,רומניה,Math,0,Low,GeneralLow,393.4
2009,רומניה,Math,0,Low,GeneralLow,409.6
2012,רומניה,Math,0,Low,GeneralLow,423.1
2015,רומניה,Math,0,Low,GeneralLow,426.1
2018,רומניה,Math,0,Low,GeneralLow,405
2022,רומניה,Math,0,Low,GeneralLow,392.1
2025,רומניה,Math,0,Low,GeneralLow,386.3
2006,רומניה,Math,0,Medium,GeneralMedium,428.9
2009,רומניה,Math,0,Medium,GeneralMedium,443.9
2012,רומניה,Math,0,Medium,GeneralMedium,465.6
2015,רומניה,Math,0,Medium,GeneralMedium,473.4
2018,רומניה,Math,0,Medium,GeneralMedium,455.8
2022,רומניה,Math,0,Medium,GeneralMedium,450.5
2025,רומניה,Math,0,Medium,GeneralMedium,452
2006,רומניה,Math,Male,0,Male,418.1
2009,רומניה,Math,Male,0,Male,428.8
2012,רומניה,Math,Male,0,Male,446.5
2015,רומניה,Math,Male,0,Male,444.3
2018,רומניה,Math,Male,0,Male,432.5
2022,רומניה,Math,Male,0,Male,430.3
2025,רומניה,Math,Male,0,Male,422.2
2006,רומניה,Math,Male,High,MaleHigh,481.6
2009,רומניה,Math,Male,High,MaleHigh,473.1
2012,רומניה,Math,Male,High,MaleHigh,526.5
2015,רומניה,Math,Male,High,MaleHigh,513.7
2018,רומניה,Math,Male,High,MaleHigh,503.9
2022,רומניה,Math,Male,High,MaleHigh,514.4
2025,רומניה,Math,Male,High,MaleHigh,508.1
2006,רומניה,Math,Male,Low,MaleLow,394.4
2009,רומניה,Math,Male,Low,MaleLow,410
2012,רומניה,Math,Male,Low,MaleLow,424.5
2015,רומניה,Math,Male,Low,MaleLow,426.6
2018,רומניה,Math,Male,Low,MaleLow,406.7
2022,רומניה,Math,Male,Low,MaleLow,391.7
2025,רומניה,Math,Male,Low,MaleLow,390.7
2006,רומניה,Math,Male,Medium,MaleMedium,431.8
2009,רומניה,Math,Male,Medium,MaleMedium,446.4
2012,רומניה,Math,Male,Medium,MaleMedium,463.2
2015,רומניה,Math,Male,Medium,MaleMedium,471.6
2018,רומניה,Math,Male,Medium,MaleMedium,455.9
2022,רומניה,Math,Male,Medium,MaleMedium,455.8
2025,רומניה,Math,Male,Medium,MaleMedium,458
2006,רומניה,Reading,Female,0,Female,417.9
2009,רומניה,Reading,Female,0,Female,445.3
2012,רומניה,Reading,Female,0,Female,457.4
2015,רומניה,Reading,Female,0,Female,442.4
2018,רומניה,Reading,Female,0,Female,445.2
2022,רומניה,Reading,Female,0,Female,441.7
2025,רומניה,Reading,Female,0,Female,429
2006,רומניה,Reading,Female,High,FemaleHigh,475.1
2009,רומניה,Reading,Female,High,FemaleHigh,497.3
2012,רומניה,Reading,Female,High,FemaleHigh,529.1
2015,רומניה,Reading,Female,High,FemaleHigh,508.2
2018,רומניה,Reading,Female,High,FemaleHigh,509.1
2022,רומניה,Reading,Female,High,FemaleHigh,507.2
2025,רומניה,Reading,Female,High,FemaleHigh,488.1
2006,רומניה,Reading,Female,Low,FemaleLow,399.6
2009,רומניה,Reading,Female,Low,FemaleLow,426.3
2012,רומניה,Reading,Female,Low,FemaleLow,436.5
2015,רומניה,Reading,Female,Low,FemaleLow,424.2
2018,רומניה,Reading,Female,Low,FemaleLow,421.3
2022,רומניה,Reading,Female,Low,FemaleLow,410.6
2025,רומניה,Reading,Female,Low,FemaleLow,401.1
2006,רומניה,Reading,Female,Medium,FemaleMedium,433.2
2009,רומניה,Reading,Female,Medium,FemaleMedium,464.6
2012,רומניה,Reading,Female,Medium,FemaleMedium,485.2
2015,רומניה,Reading,Female,Medium,FemaleMedium,477
2018,רומניה,Reading,Female,Medium,FemaleMedium,473.8
2022,רומניה,Reading,Female,Medium,FemaleMedium,462.9
2025,רומניה,Reading,Female,Medium,FemaleMedium,456.3
2006,רומניה,Reading,0,0,General,395.9
2009,רומניה,Reading,0,0,General,424.5
2012,רומניה,Reading,0,0,General,437.6
2015,רומניה,Reading,0,0,General,433.6
2018,רומניה,Reading,0,0,General,427.7
2022,רומניה,Reading,0,0,General,428.5
2025,רומניה,Reading,0,0,General,412.9
2006,רומניה,Reading,0,High,GeneralHigh,450
2009,רומניה,Reading,0,High,GeneralHigh,475.9
2012,רומניה,Reading,0,High,GeneralHigh,511.5
2015,רומניה,Reading,0,High,GeneralHigh,502.6
2018,רומניה,Reading,0,High,GeneralHigh,495.7
2022,רומניה,Reading,0,High,GeneralHigh,499.7
2025,רומניה,Reading,0,High,GeneralHigh,479
2006,רומניה,Reading,0,Low,GeneralLow,377.2
2009,רומניה,Reading,0,Low,GeneralLow,404.7
2012,רומניה,Reading,0,Low,GeneralLow,417.1
2015,רומניה,Reading,0,Low,GeneralLow,415.4
2018,רומניה,Reading,0,Low,GeneralLow,403.8
2022,רומניה,Reading,0,Low,GeneralLow,395.3
2025,רומניה,Reading,0,Low,GeneralLow,386.8
2006,רומניה,Reading,0,Medium,GeneralMedium,409.3
2009,רומניה,Reading,0,Medium,GeneralMedium,442.9
2012,רומניה,Reading,0,Medium,GeneralMedium,459
2015,רומניה,Reading,0,Medium,GeneralMedium,465.3
2018,רומניה,Reading,0,Medium,GeneralMedium,451.3
2022,רומניה,Reading,0,Medium,GeneralMedium,451.4
2025,רומניה,Reading,0,Medium,GeneralMedium,442.8
2006,רומניה,Reading,Male,0,Male,373.8
2009,רומניה,Reading,Male,0,Male,402.8
2012,רומניה,Reading,Male,0,Male,417
2015,רומניה,Reading,Male,0,Male,424.8
2018,רומניה,Reading,Male,0,Male,411.3
2022,רומניה,Reading,Male,0,Male,415.3
2025,רומניה,Reading,Male,0,Male,398.7
2006,רומניה,Reading,Male,High,MaleHigh,428.3
2009,רומניה,Reading,Male,High,MaleHigh,455.4
2012,רומניה,Reading,Male,High,MaleHigh,494.8
2015,רומניה,Reading,Male,High,MaleHigh,496.7
2018,רומניה,Reading,Male,High,MaleHigh,483.1
2022,רומניה,Reading,Male,High,MaleHigh,492.1
2025,רומניה,Reading,Male,High,MaleHigh,470
2006,רומניה,Reading,Male,Low,MaleLow,352.7
2009,רומניה,Reading,Male,Low,MaleLow,381.3
2012,רומניה,Reading,Male,Low,MaleLow,395.9
2015,רומניה,Reading,Male,Low,MaleLow,406.2
2018,רומניה,Reading,Male,Low,MaleLow,386.2
2022,רומניה,Reading,Male,Low,MaleLow,380
2025,רומניה,Reading,Male,Low,MaleLow,374.2
2006,רומניה,Reading,Male,Medium,MaleMedium,387.5
2009,רומניה,Reading,Male,Medium,MaleMedium,421.7
2012,רומניה,Reading,Male,Medium,MaleMedium,433.8
2015,רומניה,Reading,Male,Medium,MaleMedium,454.6
2018,רומניה,Reading,Male,Medium,MaleMedium,433.1
2022,רומניה,Reading,Male,Medium,MaleMedium,440
2025,רומניה,Reading,Male,Medium,MaleMedium,430.3
2006,רומניה,Science,Female,0,Female,419.5
2009,רומניה,Science,Female,0,Female,433.1
2012,רומניה,Science,Female,0,Female,441.3
2015,רומניה,Science,Female,0,Female,437.9
2018,רומניה,Science,Female,0,Female,426.1
2022,רומניה,Science,Female,0,Female,428.2
2025,רומניה,Science,Female,0,Female,425.6
2006,רומניה,Science,Female,High,FemaleHigh,479
2009,רומניה,Science,Female,High,FemaleHigh,477.1
2012,רומניה,Science,Female,High,FemaleHigh,507.2
2015,רומניה,Science,Female,High,FemaleHigh,496.4
2018,רומניה,Science,Female,High,FemaleHigh,485
2022,רומניה,Science,Female,High,FemaleHigh,493.3
2025,רומניה,Science,Female,High,FemaleHigh,491.1
2006,רומניה,Science,Female,Low,FemaleLow,401.1
2009,רומניה,Science,Female,Low,FemaleLow,418.2
2012,רומניה,Science,Female,Low,FemaleLow,422.1
2015,רומניה,Science,Female,Low,FemaleLow,422.4
2018,רומניה,Science,Female,Low,FemaleLow,405.1
2022,רומניה,Science,Female,Low,FemaleLow,396.7
2025,רומניה,Science,Female,Low,FemaleLow,394.1
2006,רומניה,Science,Female,Medium,FemaleMedium,433.9
2009,רומניה,Science,Female,Medium,FemaleMedium,447.2
2012,רומניה,Science,Female,Medium,FemaleMedium,466.2
2015,רומניה,Science,Female,Medium,FemaleMedium,466
2018,רומניה,Science,Female,Medium,FemaleMedium,449.4
2022,רומניה,Science,Female,Medium,FemaleMedium,449.1
2025,רומניה,Science,Female,Medium,FemaleMedium,454.7
2006,רומניה,Science,0,0,General,418.4
2009,רומניה,Science,0,0,General,428.2
2012,רומניה,Science,0,0,General,438.8
2015,רומניה,Science,0,0,General,434.9
2018,רומניה,Science,0,0,General,425.8
2022,רומניה,Science,0,0,General,427.5
2025,רומניה,Science,0,0,General,424.7
2006,רומניה,Science,0,High,GeneralHigh,478.3
2009,רומניה,Science,0,High,GeneralHigh,473
2012,רומניה,Science,0,High,GeneralHigh,505.8
2015,רומניה,Science,0,High,GeneralHigh,495.5
2018,רומניה,Science,0,High,GeneralHigh,487.6
2022,רומניה,Science,0,High,GeneralHigh,497.7
2025,רומניה,Science,0,High,GeneralHigh,496.5
2006,רומניה,Science,0,Low,GeneralLow,397.7
2009,רומניה,Science,0,Low,GeneralLow,411.7
2012,רומניה,Science,0,Low,GeneralLow,419.6
2015,רומניה,Science,0,Low,GeneralLow,419.2
2018,רומניה,Science,0,Low,GeneralLow,404.4
2022,רומניה,Science,0,Low,GeneralLow,394
2025,רומניה,Science,0,Low,GeneralLow,395.4
2006,רומניה,Science,0,Medium,GeneralMedium,433
2009,רומניה,Science,0,Medium,GeneralMedium,443
2012,רומניה,Science,0,Medium,GeneralMedium,459
2015,רומניה,Science,0,Medium,GeneralMedium,461
2018,רומניה,Science,0,Medium,GeneralMedium,446
2022,רומניה,Science,0,Medium,GeneralMedium,450.2
2025,רומניה,Science,0,Medium,GeneralMedium,455
2006,רומניה,Science,Male,0,Male,417.3
2009,רומניה,Science,Male,0,Male,423.1
2012,רומניה,Science,Male,0,Male,436.2
2015,רומניה,Science,Male,0,Male,431.9
2018,רומניה,Science,Male,0,Male,425.5
2022,רומניה,Science,Male,0,Male,426.9
2025,רומניה,Science,Male,0,Male,423.9
2006,רומניה,Science,Male,High,MaleHigh,477.7
2009,רומניה,Science,Male,High,MaleHigh,469.1
2012,רומניה,Science,Male,High,MaleHigh,504.4
2015,רומניה,Science,Male,High,MaleHigh,494.6
2018,רומניה,Science,Male,High,MaleHigh,490
2022,רומניה,Science,Male,High,MaleHigh,502.1
2025,רומניה,Science,Male,High,MaleHigh,501.9
2006,רומניה,Science,Male,Low,MaleLow,394
2009,רומניה,Science,Male,Low,MaleLow,404.6
2012,רומניה,Science,Male,Low,MaleLow,417
2015,רומניה,Science,Male,Low,MaleLow,416
2018,רומניה,Science,Male,Low,MaleLow,403.7
2022,רומניה,Science,Male,Low,MaleLow,391.3
2025,רומניה,Science,Male,Low,MaleLow,396.6
2006,רומניה,Science,Male,Medium,MaleMedium,432.2
2009,רומניה,Science,Male,Medium,MaleMedium,438.9
2012,רומניה,Science,Male,Medium,MaleMedium,452.1
2015,רומניה,Science,Male,Medium,MaleMedium,456.5
2018,רומניה,Science,Male,Medium,MaleMedium,443.3
2022,רומניה,Science,Male,Medium,MaleMedium,451.3
2025,רומניה,Science,Male,Medium,MaleMedium,455.3
2006,רוסיה,Math,Female,0,Female,473
2009,רוסיה,Math,Female,0,Female,466.7
2012,רוסיה,Math,Female,0,Female,482.9
2015,רוסיה,Math,Female,0,Female,491.1
2018,רוסיה,Math,Female,0,Female,485.5
2006,רוסיה,Math,Female,High,FemaleHigh,509.3
2009,רוסיה,Math,Female,High,FemaleHigh,524.3
2012,רוסיה,Math,Female,High,FemaleHigh,526.6
2015,רוסיה,Math,Female,High,FemaleHigh,518.1
2018,רוסיה,Math,Female,High,FemaleHigh,518.9
2006,רוסיה,Math,Female,Low,FemaleLow,454.2
2009,רוסיה,Math,Female,Low,FemaleLow,442.2
2012,רוסיה,Math,Female,Low,FemaleLow,452.5
2015,רוסיה,Math,Female,Low,FemaleLow,471.9
2018,רוסיה,Math,Female,Low,FemaleLow,456.9
2006,רוסיה,Math,Female,Medium,FemaleMedium,482.2
2009,רוסיה,Math,Female,Medium,FemaleMedium,481.4
2012,רוסיה,Math,Female,Medium,FemaleMedium,502.1
2015,רוסיה,Math,Female,Medium,FemaleMedium,498.6
2018,רוסיה,Math,Female,Medium,FemaleMedium,489.2
2006,רוסיה,Math,0,0,General,475.7
2009,רוסיה,Math,0,0,General,467.8
2012,רוסיה,Math,0,0,General,482.2
2015,רוסיה,Math,0,0,General,494.1
2018,רוסיה,Math,0,0,General,487.8
2006,רוסיה,Math,0,High,GeneralHigh,511.7
2009,רוסיה,Math,0,High,GeneralHigh,519.3
2012,רוסיה,Math,0,High,GeneralHigh,523.8
2015,רוסיה,Math,0,High,GeneralHigh,518.7
2018,רוסיה,Math,0,High,GeneralHigh,519.8
2006,רוסיה,Math,0,Low,GeneralLow,453.4
2009,רוסיה,Math,0,Low,GeneralLow,445.6
2012,רוסיה,Math,0,Low,GeneralLow,453.5
2015,רוסיה,Math,0,Low,GeneralLow,475.2
2018,רוסיה,Math,0,Low,GeneralLow,458.4
2006,רוסיה,Math,0,Medium,GeneralMedium,487.7
2009,רוסיה,Math,0,Medium,GeneralMedium,480
2012,רוסיה,Math,0,Medium,GeneralMedium,498.8
2015,רוסיה,Math,0,Medium,GeneralMedium,502.4
2018,רוסיה,Math,0,Medium,GeneralMedium,492.4
2006,רוסיה,Math,Male,0,Male,478.6
2009,רוסיה,Math,Male,0,Male,468.9
2012,רוסיה,Math,Male,0,Male,481.4
2015,רוסיה,Math,Male,0,Male,497.1
2018,רוסיה,Math,Male,0,Male,490.2
2006,רוסיה,Math,Male,High,MaleHigh,514.2
2009,רוסיה,Math,Male,High,MaleHigh,514.4
2012,רוסיה,Math,Male,High,MaleHigh,521.3
2015,רוסיה,Math,Male,High,MaleHigh,519.4
2018,רוסיה,Math,Male,High,MaleHigh,520.8
2006,רוסיה,Math,Male,Low,MaleLow,452.5
2009,רוסיה,Math,Male,Low,MaleLow,449.1
2012,רוסיה,Math,Male,Low,MaleLow,454.6
2015,רוסיה,Math,Male,Low,MaleLow,478.7
2018,רוסיה,Math,Male,Low,MaleLow,460.1
2006,רוסיה,Math,Male,Medium,MaleMedium,493.3
2009,רוסיה,Math,Male,Medium,MaleMedium,478.7
2012,רוסיה,Math,Male,Medium,MaleMedium,495.5
2015,רוסיה,Math,Male,Medium,MaleMedium,506.3
2018,רוסיה,Math,Male,Medium,MaleMedium,495.6
2006,רוסיה,Reading,Female,0,Female,458
2009,רוסיה,Reading,Female,0,Female,481.5
2012,רוסיה,Reading,Female,0,Female,495.1
2015,רוסיה,Reading,Female,0,Female,507.5
2018,רוסיה,Reading,Female,0,Female,491
2006,רוסיה,Reading,Female,High,FemaleHigh,497.7
2009,רוסיה,Reading,Female,High,FemaleHigh,542.4
2012,רוסיה,Reading,Female,High,FemaleHigh,544
2015,רוסיה,Reading,Female,High,FemaleHigh,543.2
2018,רוסיה,Reading,Female,High,FemaleHigh,526
2006,רוסיה,Reading,Female,Low,FemaleLow,437.1
2009,רוסיה,Reading,Female,Low,FemaleLow,455.9
2012,רוסיה,Reading,Female,Low,FemaleLow,463
2015,רוסיה,Reading,Female,Low,FemaleLow,481.8
2018,רוסיה,Reading,Female,Low,FemaleLow,458.4
2006,רוסיה,Reading,Female,Medium,FemaleMedium,468.6
2009,רוסיה,Reading,Female,Medium,FemaleMedium,497.1
2012,רוסיה,Reading,Female,Medium,FemaleMedium,515
2015,רוסיה,Reading,Female,Medium,FemaleMedium,517.5
2018,רוסיה,Reading,Female,Medium,FemaleMedium,497.4
2006,רוסיה,Reading,0,0,General,439.9
2009,רוסיה,Reading,0,0,General,459.4
2012,רוסיה,Reading,0,0,General,475.1
2015,רוסיה,Reading,0,0,General,494.6
2018,רוסיה,Reading,0,0,General,478.5
2006,רוסיה,Reading,0,High,GeneralHigh,478.6
2009,רוסיה,Reading,0,High,GeneralHigh,511.3
2012,רוסיה,Reading,0,High,GeneralHigh,521
2015,רוסיה,Reading,0,High,GeneralHigh,524.6
2018,רוסיה,Reading,0,High,GeneralHigh,510.2
2006,רוסיה,Reading,0,Low,GeneralLow,417.3
2009,רוסיה,Reading,0,Low,GeneralLow,436.4
2012,רוסיה,Reading,0,Low,GeneralLow,444.1
2015,רוסיה,Reading,0,Low,GeneralLow,470.7
2018,רוסיה,Reading,0,Low,GeneralLow,447.4
2006,רוסיה,Reading,0,Medium,GeneralMedium,450.9
2009,רוסיה,Reading,0,Medium,GeneralMedium,473.3
2012,רוסיה,Reading,0,Medium,GeneralMedium,494.1
2015,רוסיה,Reading,0,Medium,GeneralMedium,505.2
2018,רוסיה,Reading,0,Medium,GeneralMedium,485.1
2006,רוסיה,Reading,Male,0,Male,420.1
2009,רוסיה,Reading,Male,0,Male,436.9
2012,רוסיה,Reading,Male,0,Male,455.1
2015,רוסיה,Reading,Male,0,Male,481.4
2018,רוסיה,Reading,Male,0,Male,465.8
2006,רוסיה,Reading,Male,High,MaleHigh,459.4
2009,רוסיה,Reading,Male,High,MaleHigh,481.3
2012,רוסיה,Reading,Male,High,MaleHigh,499.7
2015,רוסיה,Reading,Male,High,MaleHigh,506.7
2018,רוסיה,Reading,Male,High,MaleHigh,494.2
2006,רוסיה,Reading,Male,Low,MaleLow,393.7
2009,רוסיה,Reading,Male,Low,MaleLow,415.9
2012,רוסיה,Reading,Male,Low,MaleLow,424.7
2015,רוסיה,Reading,Male,Low,MaleLow,458.6
2018,רוסיה,Reading,Male,Low,MaleLow,435.7
2006,רוסיה,Reading,Male,Medium,MaleMedium,433.1
2009,רוסיה,Reading,Male,Medium,MaleMedium,449.8
2012,רוסיה,Reading,Male,Medium,MaleMedium,472.8
2015,רוסיה,Reading,Male,Medium,MaleMedium,492.4
2018,רוסיה,Reading,Male,Medium,MaleMedium,472.8
2006,רוסיה,Science,Female,0,Female,478.1
2009,רוסיה,Science,Female,0,Female,479.8
2012,רוסיה,Science,Female,0,Female,489.1
2015,רוסיה,Science,Female,0,Female,484.5
2018,רוסיה,Science,Female,0,Female,478
2006,רוסיה,Science,Female,High,FemaleHigh,515.8
2009,רוסיה,Science,Female,High,FemaleHigh,535.4
2012,רוסיה,Science,Female,High,FemaleHigh,533
2015,רוסיה,Science,Female,High,FemaleHigh,516.9
2018,רוסיה,Science,Female,High,FemaleHigh,510.2
2006,רוסיה,Science,Female,Low,FemaleLow,458
2009,רוסיה,Science,Female,Low,FemaleLow,457
2012,רוסיה,Science,Female,Low,FemaleLow,458.2
2015,רוסיה,Science,Female,Low,FemaleLow,459.7
2018,רוסיה,Science,Female,Low,FemaleLow,447.9
2006,רוסיה,Science,Female,Medium,FemaleMedium,488.6
2009,רוסיה,Science,Female,Medium,FemaleMedium,492.8
2012,רוסיה,Science,Female,Medium,FemaleMedium,509
2015,רוסיה,Science,Female,Medium,FemaleMedium,493.5
2018,רוסיה,Science,Female,Medium,FemaleMedium,483.9
2006,רוסיה,Science,0,0,General,479.5
2009,רוסיה,Science,0,0,General,478.3
2012,רוסיה,Science,0,0,General,486.3
2015,רוסיה,Science,0,0,General,486.6
2018,רוסיה,Science,0,0,General,477.7
2006,רוסיה,Science,0,High,GeneralHigh,514.4
2009,רוסיה,Science,0,High,GeneralHigh,526.7
2012,רוסיה,Science,0,High,GeneralHigh,531.8
2015,רוסיה,Science,0,High,GeneralHigh,515.7
2018,רוסיה,Science,0,High,GeneralHigh,507.2
2006,רוסיה,Science,0,Low,GeneralLow,456.9
2009,רוסיה,Science,0,Low,GeneralLow,457.5
2012,רוסיה,Science,0,Low,GeneralLow,455.8
2015,רוסיה,Science,0,Low,GeneralLow,463.5
2018,רוסיה,Science,0,Low,GeneralLow,448.7
2006,רוסיה,Science,0,Medium,GeneralMedium,492.5
2009,רוסיה,Science,0,Medium,GeneralMedium,490
2012,רוסיה,Science,0,Medium,GeneralMedium,504.3
2015,רוסיה,Science,0,Medium,GeneralMedium,495.9
2018,רוסיה,Science,0,Medium,GeneralMedium,483.9
2006,רוסיה,Science,Male,0,Male,480.9
2009,רוסיה,Science,Male,0,Male,476.7
2012,רוסיה,Science,Male,0,Male,483.5
2015,רוסיה,Science,Male,0,Male,488.8
2018,רוסיה,Science,Male,0,Male,477.4
2006,רוסיה,Science,Male,High,MaleHigh,513.1
2009,רוסיה,Science,Male,High,MaleHigh,518.2
2012,רוסיה,Science,Male,High,MaleHigh,530.8
2015,רוסיה,Science,Male,High,MaleHigh,514.5
2018,רוסיה,Science,Male,High,MaleHigh,504.2
2006,רוסיה,Science,Male,Low,MaleLow,455.6
2009,רוסיה,Science,Male,Low,MaleLow,458.1
2012,רוסיה,Science,Male,Low,MaleLow,453.2
2015,רוסיה,Science,Male,Low,MaleLow,467.6
2018,רוסיה,Science,Male,Low,MaleLow,449.5
2006,רוסיה,Science,Male,Medium,MaleMedium,496.5
2009,רוסיה,Science,Male,Medium,MaleMedium,487.2
2012,רוסיה,Science,Male,Medium,MaleMedium,499.5
2015,רוסיה,Science,Male,Medium,MaleMedium,498.4
2018,רוסיה,Science,Male,Medium,MaleMedium,483.9
2009,שאנגחאי (סין),Math,Female,0,Female,600.7
2012,שאנגחאי (סין),Math,Female,0,Female,609.9
2009,שאנגחאי (סין),Math,Female,High,FemaleHigh,663.7
2012,שאנגחאי (סין),Math,Female,High,FemaleHigh,660
2009,שאנגחאי (סין),Math,Female,Low,FemaleLow,576
2012,שאנגחאי (סין),Math,Female,Low,FemaleLow,581.3
2009,שאנגחאי (סין),Math,Female,Medium,FemaleMedium,622.4
2012,שאנגחאי (סין),Math,Female,Medium,FemaleMedium,632.9
2009,שאנגחאי (סין),Math,0,0,General,600.1
2012,שאנגחאי (סין),Math,0,0,General,612.7
2009,שאנגחאי (סין),Math,0,High,GeneralHigh,657.7
2012,שאנגחאי (סין),Math,0,High,GeneralHigh,666.9
2009,שאנגחאי (סין),Math,0,Low,GeneralLow,576.6
2012,שאנגחאי (סין),Math,0,Low,GeneralLow,584.1
2009,שאנגחאי (סין),Math,0,Medium,GeneralMedium,623.5
2012,שאנגחאי (סין),Math,0,Medium,GeneralMedium,636.5
2009,שאנגחאי (סין),Math,Male,0,Male,599.4
2012,שאנגחאי (סין),Math,Male,0,Male,615.6
2009,שאנגחאי (סין),Math,Male,High,MaleHigh,651.1
2012,שאנגחאי (סין),Math,Male,High,MaleHigh,674.5
2009,שאנגחאי (סין),Math,Male,Low,MaleLow,577.2
2012,שאנגחאי (סין),Math,Male,Low,MaleLow,586.9
2009,שאנגחאי (סין),Math,Male,Medium,MaleMedium,624.7
2012,שאנגחאי (סין),Math,Male,Medium,MaleMedium,640.6
2009,שאנגחאי (סין),Reading,Female,0,Female,575.6
2012,שאנגחאי (סין),Reading,Female,0,Female,581.3
2009,שאנגחאי (סין),Reading,Female,High,FemaleHigh,621.9
2012,שאנגחאי (סין),Reading,Female,High,FemaleHigh,618.4
2009,שאנגחאי (סין),Reading,Female,Low,FemaleLow,557.6
2012,שאנגחאי (סין),Reading,Female,Low,FemaleLow,559.4
2009,שאנגחאי (סין),Reading,Female,Medium,FemaleMedium,591
2012,שאנגחאי (סין),Reading,Female,Medium,FemaleMedium,599.9
2009,שאנגחאי (סין),Reading,0,0,General,555.8
2012,שאנגחאי (סין),Reading,0,0,General,569.6
2009,שאנגחאי (סין),Reading,0,High,GeneralHigh,603.1
2012,שאנגחאי (סין),Reading,0,High,GeneralHigh,613
2009,שאנגחאי (סין),Reading,0,Low,GeneralLow,537.4
2012,שאנגחאי (סין),Reading,0,Low,GeneralLow,546.6
2009,שאנגחאי (סין),Reading,0,Medium,GeneralMedium,573.3
2012,שאנגחאי (סין),Reading,0,Medium,GeneralMedium,589.4
2009,שאנגחאי (סין),Reading,Male,0,Male,535.7
2012,שאנגחאי (סין),Reading,Male,0,Male,557.3
2009,שאנגחאי (סין),Reading,Male,High,MaleHigh,582.2
2012,שאנגחאי (סין),Reading,Male,High,MaleHigh,607.2
2009,שאנגחאי (סין),Reading,Male,Low,MaleLow,516.9
2012,שאנגחאי (סין),Reading,Male,Low,MaleLow,533.8
2009,שאנגחאי (סין),Reading,Male,Medium,MaleMedium,555.6
2012,שאנגחאי (סין),Reading,Male,Medium,MaleMedium,577.5
2009,שאנגחאי (סין),Science,Female,0,Female,574.9
2012,שאנגחאי (סין),Science,Female,0,Female,577.8
2009,שאנגחאי (סין),Science,Female,High,FemaleHigh,618.7
2012,שאנגחאי (סין),Science,Female,High,FemaleHigh,616.3
2009,שאנגחאי (סין),Science,Female,Low,FemaleLow,557.8
2012,שאנגחאי (סין),Science,Female,Low,FemaleLow,555.1
2009,שאנגחאי (סין),Science,Female,Medium,FemaleMedium,589.9
2012,שאנגחאי (סין),Science,Female,Medium,FemaleMedium,596.8
2009,שאנגחאי (סין),Science,0,0,General,574.6
2012,שאנגחאי (סין),Science,0,0,General,580.1
2009,שאנגחאי (סין),Science,0,High,GeneralHigh,620.7
2012,שאנגחאי (סין),Science,0,High,GeneralHigh,624.1
2009,שאנגחאי (סין),Science,0,Low,GeneralLow,556.1
2012,שאנגחאי (סין),Science,0,Low,GeneralLow,557.2
2009,שאנגחאי (סין),Science,0,Medium,GeneralMedium,592.7
2012,שאנגחאי (סין),Science,0,Medium,GeneralMedium,599.2
2009,שאנגחאי (סין),Science,Male,0,Male,574.3
2012,שאנגחאי (סין),Science,Male,0,Male,582.5
2009,שאנגחאי (סין),Science,Male,High,MaleHigh,623
2012,שאנגחאי (סין),Science,Male,High,MaleHigh,632.7
2009,שאנגחאי (סין),Science,Male,Low,MaleLow,554.3
2012,שאנגחאי (סין),Science,Male,Low,MaleLow,559.3
2009,שאנגחאי (סין),Science,Male,Medium,MaleMedium,595.6
2012,שאנגחאי (סין),Science,Male,Medium,MaleMedium,602
2006,שוודיה,Math,Female,0,Female,499.7
2009,שוודיה,Math,Female,0,Female,495.1
2012,שוודיה,Math,Female,0,Female,479.6
2015,שוודיה,Math,Female,0,Female,495.1
2018,שוודיה,Math,Female,0,Female,503
2022,שוודיה,Math,Female,0,Female,480.7
2025,שוודיה,Math,Female,0,Female,463.3
2006,שוודיה,Math,Female,High,FemaleHigh,533.5
2009,שוודיה,Math,Female,High,FemaleHigh,538.2
2012,שוודיה,Math,Female,High,FemaleHigh,511.6
2015,שוודיה,Math,Female,High,FemaleHigh,534
2018,שוודיה,Math,Female,High,FemaleHigh,537.2
2022,שוודיה,Math,Female,High,FemaleHigh,522.5
2025,שוודיה,Math,Female,High,FemaleHigh,500.2
2006,שוודיה,Math,Female,Low,FemaleLow,463.6
2009,שוודיה,Math,Female,Low,FemaleLow,450.8
2012,שוודיה,Math,Female,Low,FemaleLow,447
2015,שוודיה,Math,Female,Low,FemaleLow,453.5
2018,שוודיה,Math,Female,Low,FemaleLow,454.3
2022,שוודיה,Math,Female,Low,FemaleLow,432.7
2025,שוודיה,Math,Female,Low,FemaleLow,423.1
2006,שוודיה,Math,Female,Medium,FemaleMedium,501.4
2009,שוודיה,Math,Female,Medium,FemaleMedium,490
2012,שוודיה,Math,Female,Medium,FemaleMedium,480.8
2015,שוודיה,Math,Female,Medium,FemaleMedium,486.2
2018,שוודיה,Math,Female,Medium,FemaleMedium,499.3
2022,שוודיה,Math,Female,Medium,FemaleMedium,470.1
2025,שוודיה,Math,Female,Medium,FemaleMedium,463.8
2006,שוודיה,Math,0,0,General,502.4
2009,שוודיה,Math,0,0,General,494.2
2012,שוודיה,Math,0,0,General,478.3
2015,שוודיה,Math,0,0,General,493.9
2018,שוודיה,Math,0,0,General,502.4
2022,שוודיה,Math,0,0,General,481.8
2025,שוודיה,Math,0,0,General,464.3
2006,שוודיה,Math,0,High,GeneralHigh,534.2
2009,שוודיה,Math,0,High,GeneralHigh,534.7
2012,שוודיה,Math,0,High,GeneralHigh,511.5
2015,שוודיה,Math,0,High,GeneralHigh,533.5
2018,שוודיה,Math,0,High,GeneralHigh,536
2022,שוודיה,Math,0,High,GeneralHigh,524.6
2025,שוודיה,Math,0,High,GeneralHigh,503.9
2006,שוודיה,Math,0,Low,GeneralLow,466.2
2009,שוודיה,Math,0,Low,GeneralLow,449.1
2012,שוודיה,Math,0,Low,GeneralLow,445.9
2015,שוודיה,Math,0,Low,GeneralLow,452.6
2018,שוודיה,Math,0,Low,GeneralLow,459.3
2022,שוודיה,Math,0,Low,GeneralLow,436.2
2025,שוודיה,Math,0,Low,GeneralLow,425.8
2006,שוודיה,Math,0,Medium,GeneralMedium,503.4
2009,שוודיה,Math,0,Medium,GeneralMedium,492
2012,שוודיה,Math,0,Medium,GeneralMedium,480.3
2015,שוודיה,Math,0,Medium,GeneralMedium,487
2018,שוודיה,Math,0,Medium,GeneralMedium,498.5
2022,שוודיה,Math,0,Medium,GeneralMedium,473.1
2025,שוודיה,Math,0,Medium,GeneralMedium,466.4
2006,שוודיה,Math,Male,0,Male,504.9
2009,שוודיה,Math,Male,0,Male,493.4
2012,שוודיה,Math,Male,0,Male,476.9
2015,שוודיה,Math,Male,0,Male,492.8
2018,שוודיה,Math,Male,0,Male,501.8
2022,שוודיה,Math,Male,0,Male,482.8
2025,שוודיה,Math,Male,0,Male,465.3
2006,שוודיה,Math,Male,High,MaleHigh,534.8
2009,שוודיה,Math,Male,High,MaleHigh,531.5
2012,שוודיה,Math,Male,High,MaleHigh,511.4
2015,שוודיה,Math,Male,High,MaleHigh,533
2018,שוודיה,Math,Male,High,MaleHigh,534.8
2022,שוודיה,Math,Male,High,MaleHigh,526.8
2025,שוודיה,Math,Male,High,MaleHigh,507.5
2006,שוודיה,Math,Male,Low,MaleLow,468.8
2009,שוודיה,Math,Male,Low,MaleLow,447.6
2012,שוודיה,Math,Male,Low,MaleLow,444.7
2015,שוודיה,Math,Male,Low,MaleLow,451.6
2018,שוודיה,Math,Male,Low,MaleLow,464.2
2022,שוודיה,Math,Male,Low,MaleLow,439.6
2025,שוודיה,Math,Male,Low,MaleLow,429
2006,שוודיה,Math,Male,Medium,MaleMedium,505.3
2009,שוודיה,Math,Male,Medium,MaleMedium,494.2
2012,שוודיה,Math,Male,Medium,MaleMedium,479.7
2015,שוודיה,Math,Male,Medium,MaleMedium,487.8
2018,שוודיה,Math,Male,Medium,MaleMedium,497.6
2022,שוודיה,Math,Male,Medium,MaleMedium,475.9
2025,שוודיה,Math,Male,Medium,MaleMedium,468.8
2006,שוודיה,Reading,Female,0,Female,528.1
2009,שוודיה,Reading,Female,0,Female,520.6
2012,שוודיה,Reading,Female,0,Female,509.1
2015,שוודיה,Reading,Female,0,Female,519.9
2018,שוודיה,Reading,Female,0,Female,523
2022,שוודיה,Reading,Female,0,Female,505.6
2025,שוודיה,Reading,Female,0,Female,487.3
2006,שוודיה,Reading,Female,High,FemaleHigh,557.7
2009,שוודיה,Reading,Female,High,FemaleHigh,561
2012,שוודיה,Reading,Female,High,FemaleHigh,543.8
2015,שוודיה,Reading,Female,High,FemaleHigh,556.4
2018,שוודיה,Reading,Female,High,FemaleHigh,558.4
2022,שוודיה,Reading,Female,High,FemaleHigh,552.5
2025,שוודיה,Reading,Female,High,FemaleHigh,531
2006,שוודיה,Reading,Female,Low,FemaleLow,493.4
2009,שוודיה,Reading,Female,Low,FemaleLow,477.1
2012,שוודיה,Reading,Female,Low,FemaleLow,475.6
2015,שוודיה,Reading,Female,Low,FemaleLow,480
2018,שוודיה,Reading,Female,Low,FemaleLow,471.6
2022,שוודיה,Reading,Female,Low,FemaleLow,451.7
2025,שוודיה,Reading,Female,Low,FemaleLow,439.4
2006,שוודיה,Reading,Female,Medium,FemaleMedium,531.6
2009,שוודיה,Reading,Female,Medium,FemaleMedium,517.3
2012,שוודיה,Reading,Female,Medium,FemaleMedium,510.6
2015,שוודיה,Reading,Female,Medium,FemaleMedium,514.4
2018,שוודיה,Reading,Female,Medium,FemaleMedium,521.1
2022,שוודיה,Reading,Female,Medium,FemaleMedium,494.7
2025,שוודיה,Reading,Female,Medium,FemaleMedium,487.4
2006,שוודיה,Reading,0,0,General,507.3
2009,שוודיה,Reading,0,0,General,497.4
2012,שוודיה,Reading,0,0,General,483.3
2015,שוודיה,Reading,0,0,General,500.2
2018,שוודיה,Reading,0,0,General,505.8
2022,שוודיה,Reading,0,0,General,487
2025,שוודיה,Reading,0,0,General,466.4
2006,שוודיה,Reading,0,High,GeneralHigh,534.5
2009,שוודיה,Reading,0,High,GeneralHigh,536.4
2012,שוודיה,Reading,0,High,GeneralHigh,519.6
2015,שוודיה,Reading,0,High,GeneralHigh,538.7
2018,שוודיה,Reading,0,High,GeneralHigh,540.3
2022,שוודיה,Reading,0,High,GeneralHigh,535
2025,שוודיה,Reading,0,High,GeneralHigh,512.1
2006,שוודיה,Reading,0,Low,GeneralLow,472.9
2009,שוודיה,Reading,0,Low,GeneralLow,452.1
2012,שוודיה,Reading,0,Low,GeneralLow,449.6
2015,שוודיה,Reading,0,Low,GeneralLow,460.3
2018,שוודיה,Reading,0,Low,GeneralLow,460.3
2022,שוודיה,Reading,0,Low,GeneralLow,435.7
2025,שוודיה,Reading,0,Low,GeneralLow,422.1
2006,שוודיה,Reading,0,Medium,GeneralMedium,510.6
2009,שוודיה,Reading,0,Medium,GeneralMedium,497.1
2012,שוודיה,Reading,0,Medium,GeneralMedium,486.6
2015,שוודיה,Reading,0,Medium,GeneralMedium,495.9
2018,שוודיה,Reading,0,Medium,GeneralMedium,504.9
2022,שוודיה,Reading,0,Medium,GeneralMedium,478.6
2025,שוודיה,Reading,0,Medium,GeneralMedium,470.4
2006,שוודיה,Reading,Male,0,Male,487.6
2009,שוודיה,Reading,Male,0,Male,475.1
2012,שוודיה,Reading,Male,0,Male,458
2015,שוודיה,Reading,Male,0,Male,480.7
2018,שוודיה,Reading,Male,0,Male,488.6
2022,שוודיה,Reading,Male,0,Male,468.9
2025,שוודיה,Reading,Male,0,Male,446.8
2006,שוודיה,Reading,Male,High,MaleHigh,514.7
2009,שוודיה,Reading,Male,High,MaleHigh,514.2
2012,שוודיה,Reading,Male,High,MaleHigh,496.6
2015,שוודיה,Reading,Male,High,MaleHigh,521
2018,שוודיה,Reading,Male,High,MaleHigh,521.9
2022,שוודיה,Reading,Male,High,MaleHigh,517.2
2025,שוודיה,Reading,Male,High,MaleHigh,494.1
2006,שוודיה,Reading,Male,Low,MaleLow,452.2
2009,שוודיה,Reading,Male,Low,MaleLow,428.5
2012,שוודיה,Reading,Male,Low,MaleLow,423.3
2015,שוודיה,Reading,Male,Low,MaleLow,439.7
2018,שוודיה,Reading,Male,Low,MaleLow,448.8
2022,שוודיה,Reading,Male,Low,MaleLow,419.9
2025,שוודיה,Reading,Male,Low,MaleLow,403.3
2006,שוודיה,Reading,Male,Medium,MaleMedium,489.9
2009,שוודיה,Reading,Male,Medium,MaleMedium,475.6
2012,שוודיה,Reading,Male,Medium,MaleMedium,461.8
2015,שוודיה,Reading,Male,Medium,MaleMedium,478
2018,שוודיה,Reading,Male,Medium,MaleMedium,488.1
2022,שוודיה,Reading,Male,Medium,MaleMedium,462.8
2025,שוודיה,Reading,Male,Medium,MaleMedium,453.4
2006,שוודיה,Science,Female,0,Female,502.7
2009,שוודיה,Science,Female,0,Female,497
2012,שוודיה,Science,Female,0,Female,488.5
2015,שוודיה,Science,Female,0,Female,495.7
2018,שוודיה,Science,Female,0,Female,503.2
2022,שוודיה,Science,Female,0,Female,497.8
2025,שוודיה,Science,Female,0,Female,491.5
2006,שוודיה,Science,Female,High,FemaleHigh,534.2
2009,שוודיה,Science,Female,High,FemaleHigh,540
2012,שוודיה,Science,Female,High,FemaleHigh,523.6
2015,שוודיה,Science,Female,High,FemaleHigh,537.4
2018,שוודיה,Science,Female,High,FemaleHigh,538.2
2022,שוודיה,Science,Female,High,FemaleHigh,544.1
2025,שוודיה,Science,Female,High,FemaleHigh,534.1
2006,שוודיה,Science,Female,Low,FemaleLow,468.7
2009,שוודיה,Science,Female,Low,FemaleLow,451.4
2012,שוודיה,Science,Female,Low,FemaleLow,455.1
2015,שוודיה,Science,Female,Low,FemaleLow,451.7
2018,שוודיה,Science,Female,Low,FemaleLow,452.7
2022,שוודיה,Science,Female,Low,FemaleLow,443.3
2025,שוודיה,Science,Female,Low,FemaleLow,442.9
2006,שוודיה,Science,Female,Medium,FemaleMedium,504.4
2009,שוודיה,Science,Female,Medium,FemaleMedium,492.3
2012,שוודיה,Science,Female,Medium,FemaleMedium,488.9
2015,שוודיה,Science,Female,Medium,FemaleMedium,486.2
2018,שוודיה,Science,Female,Medium,FemaleMedium,500.2
2022,שוודיה,Science,Female,Medium,FemaleMedium,486.8
2025,שוודיה,Science,Female,Medium,FemaleMedium,493.3
2006,שוודיה,Science,0,0,General,503.3
2009,שוודיה,Science,0,0,General,495.1
2012,שוודיה,Science,0,0,General,484.8
2015,שוודיה,Science,0,0,General,493.4
2018,שוודיה,Science,0,0,General,499.4
2022,שוודיה,Science,0,0,General,493.5
2025,שוודיה,Science,0,0,General,485.1
2006,שוודיה,Science,0,High,GeneralHigh,533.9
2009,שוודיה,Science,0,High,GeneralHigh,535.8
2012,שוודיה,Science,0,High,GeneralHigh,521.1
2015,שוודיה,Science,0,High,GeneralHigh,535.6
2018,שוודיה,Science,0,High,GeneralHigh,534.4
2022,שוודיה,Science,0,High,GeneralHigh,541.9
2025,שוודיה,Science,0,High,GeneralHigh,530.1
2006,שוודיה,Science,0,Low,GeneralLow,468.3
2009,שוודיה,Science,0,Low,GeneralLow,448.3
2012,שוודיה,Science,0,Low,GeneralLow,451
2015,שוודיה,Science,0,Low,GeneralLow,450.4
2018,שוודיה,Science,0,Low,GeneralLow,454.1
2022,שוודיה,Science,0,Low,GeneralLow,441
2025,שוודיה,Science,0,Low,GeneralLow,440
2006,שוודיה,Science,0,Medium,GeneralMedium,504.6
2009,שוודיה,Science,0,Medium,GeneralMedium,493.4
2012,שוודיה,Science,0,Medium,GeneralMedium,486.9
2015,שוודיה,Science,0,Medium,GeneralMedium,485.7
2018,שוודיה,Science,0,Medium,GeneralMedium,495.7
2022,שוודיה,Science,0,Medium,GeneralMedium,484.1
2025,שוודיה,Science,0,Medium,GeneralMedium,489.3
2006,שוודיה,Science,Male,0,Male,504
2009,שוודיה,Science,Male,0,Male,493.3
2012,שוודיה,Science,Male,0,Male,481.2
2015,שוודיה,Science,Male,0,Male,491.2
2018,שוודיה,Science,Male,0,Male,495.6
2022,שוודיה,Science,Male,0,Male,489.4
2025,שוודיה,Science,Male,0,Male,479.2
2006,שוודיה,Science,Male,High,MaleHigh,533.7
2009,שוודיה,Science,Male,High,MaleHigh,532
2012,שוודיה,Science,Male,High,MaleHigh,518.8
2015,שוודיה,Science,Male,High,MaleHigh,533.8
2018,שוודיה,Science,Male,High,MaleHigh,530.4
2022,שוודיה,Science,Male,High,MaleHigh,539.7
2025,שוודיה,Science,Male,High,MaleHigh,526.3
2006,שוודיה,Science,Male,Low,MaleLow,467.8
2009,שוודיה,Science,Male,Low,MaleLow,445.4
2012,שוודיה,Science,Male,Low,MaleLow,446.9
2015,שוודיה,Science,Male,Low,MaleLow,449.1
2018,שוודיה,Science,Male,Low,MaleLow,455.5
2022,שוודיה,Science,Male,Low,MaleLow,438.7
2025,שוודיה,Science,Male,Low,MaleLow,437.2
2006,שוודיה,Science,Male,Medium,MaleMedium,504.7
2009,שוודיה,Science,Male,Medium,MaleMedium,494.7
2012,שוודיה,Science,Male,Medium,MaleMedium,484.7
2015,שוודיה,Science,Male,Medium,MaleMedium,485.2
2018,שוודיה,Science,Male,Medium,MaleMedium,491.1
2022,שוודיה,Science,Male,Medium,MaleMedium,481.5
2025,שוודיה,Science,Male,Medium,MaleMedium,485.1
2006,שוויץ,Math,Female,0,Female,522.7
2009,שוויץ,Math,Female,0,Female,523.9
2012,שוויץ,Math,Female,0,Female,524.5
2015,שוויץ,Math,Female,0,Female,515
2018,שוויץ,Math,Female,0,Female,511.6
2022,שוויץ,Math,Female,0,Female,502.5
2025,שוויץ,Math,Female,0,Female,492.8
2006,שוויץ,Math,Female,High,FemaleHigh,566.5
2009,שוויץ,Math,Female,High,FemaleHigh,575.4
2012,שוויץ,Math,Female,High,FemaleHigh,564.8
2015,שוויץ,Math,Female,High,FemaleHigh,556.6
2018,שוויץ,Math,Female,High,FemaleHigh,561.7
2022,שוויץ,Math,Female,High,FemaleHigh,554.3
2025,שוויץ,Math,Female,High,FemaleHigh,543.6
2006,שוויץ,Math,Female,Low,FemaleLow,484.2
2009,שוויץ,Math,Female,Low,FemaleLow,486.7
2012,שוויץ,Math,Female,Low,FemaleLow,484.4
2015,שוויץ,Math,Female,Low,FemaleLow,479.4
2018,שוויץ,Math,Female,Low,FemaleLow,474
2022,שוויץ,Math,Female,Low,FemaleLow,452.1
2025,שוויץ,Math,Female,Low,FemaleLow,453.3
2006,שוויץ,Math,Female,Medium,FemaleMedium,531.9
2009,שוויץ,Math,Female,Medium,FemaleMedium,525.9
2012,שוויץ,Math,Female,Medium,FemaleMedium,527.8
2015,שוויץ,Math,Female,Medium,FemaleMedium,516.6
2018,שוויץ,Math,Female,Medium,FemaleMedium,515.3
2022,שוויץ,Math,Female,Medium,FemaleMedium,503.7
2025,שוויץ,Math,Female,Medium,FemaleMedium,494.2
2006,שוויץ,Math,0,0,General,529.7
2009,שוויץ,Math,0,0,General,534
2012,שוויץ,Math,0,0,General,530.9
2015,שוויץ,Math,0,0,General,521.3
2018,שוויץ,Math,0,0,General,515.3
2022,שוויץ,Math,0,0,General,508
2025,שוויץ,Math,0,0,General,499.1
2006,שוויץ,Math,0,High,GeneralHigh,573.9
2009,שוויץ,Math,0,High,GeneralHigh,586.8
2012,שוויץ,Math,0,High,GeneralHigh,570.3
2015,שוויץ,Math,0,High,GeneralHigh,562.8
2018,שוויץ,Math,0,High,GeneralHigh,566.1
2022,שוויץ,Math,0,High,GeneralHigh,562
2025,שוויץ,Math,0,High,GeneralHigh,550.4
2006,שוויץ,Math,0,Low,GeneralLow,491.1
2009,שוויץ,Math,0,Low,GeneralLow,496.8
2012,שוויץ,Math,0,Low,GeneralLow,493.8
2015,שוויץ,Math,0,Low,GeneralLow,486.9
2018,שוויץ,Math,0,Low,GeneralLow,480.2
2022,שוויץ,Math,0,Low,GeneralLow,457.7
2025,שוויץ,Math,0,Low,GeneralLow,461.2
2006,שוויץ,Math,0,Medium,GeneralMedium,538
2009,שוויץ,Math,0,Medium,GeneralMedium,536.6
2012,שוויץ,Math,0,Medium,GeneralMedium,534.5
2015,שוויץ,Math,0,Medium,GeneralMedium,523.6
2018,שוויץ,Math,0,Medium,GeneralMedium,522.9
2022,שוויץ,Math,0,Medium,GeneralMedium,508.7
2025,שוויץ,Math,0,Medium,GeneralMedium,503.5
2006,שוויץ,Math,Male,0,Male,536.2
2009,שוויץ,Math,Male,0,Male,543.7
2012,שוויץ,Math,Male,0,Male,537.4
2015,שוויץ,Math,Male,0,Male,527
2018,שוויץ,Math,Male,0,Male,518.7
2022,שוויץ,Math,Male,0,Male,513.4
2025,שוויץ,Math,Male,0,Male,505.9
2006,שוויץ,Math,Male,High,MaleHigh,581
2009,שוויץ,Math,Male,High,MaleHigh,598.4
2012,שוויץ,Math,Male,High,MaleHigh,576.1
2015,שוויץ,Math,Male,High,MaleHigh,568.5
2018,שוויץ,Math,Male,High,MaleHigh,570.7
2022,שוויץ,Math,Male,High,MaleHigh,569.4
2025,שוויץ,Math,Male,High,MaleHigh,557.9
2006,שוויץ,Math,Male,Low,MaleLow,497.8
2009,שוויץ,Math,Male,Low,MaleLow,506.4
2012,שוויץ,Math,Male,Low,MaleLow,502.8
2015,שוויץ,Math,Male,Low,MaleLow,493.6
2018,שוויץ,Math,Male,Low,MaleLow,485.3
2022,שוויץ,Math,Male,Low,MaleLow,463.4
2025,שוויץ,Math,Male,Low,MaleLow,470.9
2006,שוויץ,Math,Male,Medium,MaleMedium,543.5
2009,שוויץ,Math,Male,Medium,MaleMedium,547
2012,שוויץ,Math,Male,Medium,MaleMedium,541.4
2015,שוויץ,Math,Male,Medium,MaleMedium,530.2
2018,שוויץ,Math,Male,Medium,MaleMedium,529.9
2022,שוויץ,Math,Male,Medium,MaleMedium,513.7
2025,שוויץ,Math,Male,Medium,MaleMedium,513
2006,שוויץ,Reading,Female,0,Female,515.2
2009,שוויץ,Reading,Female,0,Female,520.2
2012,שוויץ,Reading,Female,0,Female,527.1
2015,שוויץ,Reading,Female,0,Female,505.4
2018,שוויץ,Reading,Female,0,Female,500
2022,שוויץ,Reading,Female,0,Female,495.4
2025,שוויץ,Reading,Female,0,Female,484.9
2006,שוויץ,Reading,Female,High,FemaleHigh,557.7
2009,שוויץ,Reading,Female,High,FemaleHigh,568.5
2012,שוויץ,Reading,Female,High,FemaleHigh,564.9
2015,שוויץ,Reading,Female,High,FemaleHigh,549.8
2018,שוויץ,Reading,Female,High,FemaleHigh,550.8
2022,שוויץ,Reading,Female,High,FemaleHigh,550.2
2025,שוויץ,Reading,Female,High,FemaleHigh,530.2
2006,שוויץ,Reading,Female,Low,FemaleLow,477.8
2009,שוויץ,Reading,Female,Low,FemaleLow,485.1
2012,שוויץ,Reading,Female,Low,FemaleLow,488.3
2015,שוויץ,Reading,Female,Low,FemaleLow,467.7
2018,שוויץ,Reading,Female,Low,FemaleLow,461.2
2022,שוויץ,Reading,Female,Low,FemaleLow,440
2025,שוויץ,Reading,Female,Low,FemaleLow,450.1
2006,שוויץ,Reading,Female,Medium,FemaleMedium,523.9
2009,שוויץ,Reading,Female,Medium,FemaleMedium,522.7
2012,שוויץ,Reading,Female,Medium,FemaleMedium,532.1
2015,שוויץ,Reading,Female,Medium,FemaleMedium,506.5
2018,שוויץ,Reading,Female,Medium,FemaleMedium,505.2
2022,שוויץ,Reading,Female,Medium,FemaleMedium,499.7
2025,שוויץ,Reading,Female,Medium,FemaleMedium,488.5
2006,שוויץ,Reading,0,0,General,499.3
2009,שוויץ,Reading,0,0,General,500.5
2012,שוויץ,Reading,0,0,General,509
2015,שוויץ,Reading,0,0,General,492.2
2018,שוויץ,Reading,0,0,General,483.9
2022,שוויץ,Reading,0,0,General,483.3
2025,שוויץ,Reading,0,0,General,470.1
2006,שוויץ,Reading,0,High,GeneralHigh,542.5
2009,שוויץ,Reading,0,High,GeneralHigh,549.5
2012,שוויץ,Reading,0,High,GeneralHigh,547.7
2015,שוויץ,Reading,0,High,GeneralHigh,536.5
2018,שוויץ,Reading,0,High,GeneralHigh,538
2022,שוויץ,Reading,0,High,GeneralHigh,539.6
2025,שוויץ,Reading,0,High,GeneralHigh,517.1
2006,שוויץ,Reading,0,Low,GeneralLow,461.2
2009,שוויץ,Reading,0,Low,GeneralLow,465.5
2012,שוויץ,Reading,0,Low,GeneralLow,471.7
2015,שוויץ,Reading,0,Low,GeneralLow,455.9
2018,שוויץ,Reading,0,Low,GeneralLow,445.8
2022,שוויץ,Reading,0,Low,GeneralLow,430.5
2025,שוויץ,Reading,0,Low,GeneralLow,438.8
2006,שוויץ,Reading,0,Medium,GeneralMedium,507.8
2009,שוויץ,Reading,0,Medium,GeneralMedium,504
2012,שוויץ,Reading,0,Medium,GeneralMedium,514.4
2015,שוויץ,Reading,0,Medium,GeneralMedium,494.1
2018,שוויץ,Reading,0,Medium,GeneralMedium,493.4
2022,שוויץ,Reading,0,Medium,GeneralMedium,485.3
2025,שוויץ,Reading,0,Medium,GeneralMedium,475.5
2006,שוויץ,Reading,Male,0,Male,484.4
2009,שוויץ,Reading,Male,0,Male,481.4
2012,שוויץ,Reading,Male,0,Male,491.1
2015,שוויץ,Reading,Male,0,Male,480.1
2018,שוויץ,Reading,Male,0,Male,469.4
2022,שוויץ,Reading,Male,0,Male,471.6
2025,שוויץ,Reading,Male,0,Male,454.2
2006,שוויץ,Reading,Male,High,MaleHigh,527.9
2009,שוויץ,Reading,Male,High,MaleHigh,530.8
2012,שוויץ,Reading,Male,High,MaleHigh,530
2015,שוויץ,Reading,Male,High,MaleHigh,524.2
2018,שוויץ,Reading,Male,High,MaleHigh,524.7
2022,שוויץ,Reading,Male,High,MaleHigh,529.3
2025,שוויץ,Reading,Male,High,MaleHigh,502.5
2006,שוויץ,Reading,Male,Low,MaleLow,445.1
2009,שוויץ,Reading,Male,Low,MaleLow,447
2012,שוויץ,Reading,Male,Low,MaleLow,455.8
2015,שוויץ,Reading,Male,Low,MaleLow,445.2
2018,שוויץ,Reading,Male,Low,MaleLow,433.1
2022,שוויץ,Reading,Male,Low,MaleLow,420.9
2025,שוויץ,Reading,Male,Low,MaleLow,424.8
2006,שוויץ,Reading,Male,Medium,MaleMedium,493.3
2009,שוויץ,Reading,Male,Medium,MaleMedium,485.9
2012,שוויץ,Reading,Male,Medium,MaleMedium,496.3
2015,שוויץ,Reading,Male,Medium,MaleMedium,482.4
2018,שוויץ,Reading,Male,Medium,MaleMedium,482.5
2022,שוויץ,Reading,Male,Medium,MaleMedium,471.2
2025,שוויץ,Reading,Male,Medium,MaleMedium,462
2006,שוויץ,Science,Female,0,Female,508.7
2009,שוויץ,Science,Female,0,Female,512.5
2012,שוויץ,Science,Female,0,Female,512.3
2015,שוויץ,Science,Female,0,Female,502.3
2018,שוויץ,Science,Female,0,Female,495.5
2022,שוויץ,Science,Female,0,Female,502.4
2025,שוויץ,Science,Female,0,Female,503.9
2006,שוויץ,Science,Female,High,FemaleHigh,558.4
2009,שוויץ,Science,Female,High,FemaleHigh,564.7
2012,שוויץ,Science,Female,High,FemaleHigh,553.5
2015,שוויץ,Science,Female,High,FemaleHigh,551.1
2018,שוויץ,Science,Female,High,FemaleHigh,542.6
2022,שוויץ,Science,Female,High,FemaleHigh,556
2025,שוויץ,Science,Female,High,FemaleHigh,553.1
2006,שוויץ,Science,Female,Low,FemaleLow,466.9
2009,שוויץ,Science,Female,Low,FemaleLow,474.9
2012,שוויץ,Science,Female,Low,FemaleLow,470.2
2015,שוויץ,Science,Female,Low,FemaleLow,460.3
2018,שוויץ,Science,Female,Low,FemaleLow,458.7
2022,שוויץ,Science,Female,Low,FemaleLow,450.5
2025,שוויץ,Science,Female,Low,FemaleLow,463.7
2006,שוויץ,Science,Female,Medium,FemaleMedium,516.9
2009,שוויץ,Science,Female,Medium,FemaleMedium,514.6
2012,שוויץ,Science,Female,Medium,FemaleMedium,517
2015,שוויץ,Science,Female,Medium,FemaleMedium,503.9
2018,שוויץ,Science,Female,Medium,FemaleMedium,500.5
2022,שוויץ,Science,Female,Medium,FemaleMedium,503.4
2025,שוויץ,Science,Female,Medium,FemaleMedium,509
2006,שוויץ,Science,0,0,General,511.5
2009,שוויץ,Science,0,0,General,516.6
2012,שוויץ,Science,0,0,General,515.3
2015,שוויץ,Science,0,0,General,505.5
2018,שוויץ,Science,0,0,General,495.3
2022,שוויץ,Science,0,0,General,502.5
2025,שוויץ,Science,0,0,General,501.2
2006,שוויץ,Science,0,High,GeneralHigh,560.6
2009,שוויץ,Science,0,High,GeneralHigh,568
2012,שוויץ,Science,0,High,GeneralHigh,556.7
2015,שוויץ,Science,0,High,GeneralHigh,554.2
2018,שוויץ,Science,0,High,GeneralHigh,545.6
2022,שוויץ,Science,0,High,GeneralHigh,557.7
2025,שוויץ,Science,0,High,GeneralHigh,552.6
2006,שוויץ,Science,0,Low,GeneralLow,469.4
2009,שוויץ,Science,0,Low,GeneralLow,479.8
2012,שוויץ,Science,0,Low,GeneralLow,476.1
2015,שוויץ,Science,0,Low,GeneralLow,465.5
2018,שוויץ,Science,0,Low,GeneralLow,458.9
2022,שוויץ,Science,0,Low,GeneralLow,451.6
2025,שוויץ,Science,0,Low,GeneralLow,462.8
2006,שוויץ,Science,0,Medium,GeneralMedium,520.1
2009,שוויץ,Science,0,Medium,GeneralMedium,520.1
2012,שוויץ,Science,0,Medium,GeneralMedium,519.4
2015,שוויץ,Science,0,Medium,GeneralMedium,507
2018,שוויץ,Science,0,Medium,GeneralMedium,504.5
2022,שוויץ,Science,0,Medium,GeneralMedium,502.8
2025,שוויץ,Science,0,Medium,GeneralMedium,508.1
2006,שוויץ,Science,Male,0,Male,514.2
2009,שוויץ,Science,Male,0,Male,520.5
2012,שוויץ,Science,Male,0,Male,518.3
2015,שוויץ,Science,Male,0,Male,508.4
2018,שוויץ,Science,Male,0,Male,495.1
2022,שוויץ,Science,Male,0,Male,502.7
2025,שוויץ,Science,Male,0,Male,498.4
2006,שוויץ,Science,Male,High,MaleHigh,562.7
2009,שוויץ,Science,Male,High,MaleHigh,571.5
2012,שוויץ,Science,Male,High,MaleHigh,559.9
2015,שוויץ,Science,Male,High,MaleHigh,557
2018,שוויץ,Science,Male,High,MaleHigh,548.7
2022,שוויץ,Science,Male,High,MaleHigh,559.3
2025,שוויץ,Science,Male,High,MaleHigh,552
2006,שוויץ,Science,Male,Low,MaleLow,471.8
2009,שוויץ,Science,Male,Low,MaleLow,484.4
2012,שוויץ,Science,Male,Low,MaleLow,481.7
2015,שוויץ,Science,Male,Low,MaleLow,470.2
2018,שוויץ,Science,Male,Low,MaleLow,459.2
2022,שוויץ,Science,Male,Low,MaleLow,452.7
2025,שוויץ,Science,Male,Low,MaleLow,461.6
2006,שוויץ,Science,Male,Medium,MaleMedium,523
2009,שוויץ,Science,Male,Medium,MaleMedium,525.4
2012,שוויץ,Science,Male,Medium,MaleMedium,521.8
2015,שוויץ,Science,Male,Medium,MaleMedium,509.9
2018,שוויץ,Science,Male,Medium,MaleMedium,508.2
2022,שוויץ,Science,Male,Medium,MaleMedium,502.2
2025,שוויץ,Science,Male,Medium,MaleMedium,507.1
2006,תאילנד,Math,Female,0,Female,419.9
2009,תאילנד,Math,Female,0,Female,417
2012,תאילנד,Math,Female,0,Female,432.7
2015,תאילנד,Math,Female,0,Female,416.7
2018,תאילנד,Math,Female,0,Female,426
2022,תאילנד,Math,Female,0,Female,396.8
2025,תאילנד,Math,Female,0,Female,409.4
2006,תאילנד,Math,Female,High,FemaleHigh,495
2009,תאילנד,Math,Female,High,FemaleHigh,494
2012,תאילנד,Math,Female,High,FemaleHigh,524.2
2015,תאילנד,Math,Female,High,FemaleHigh,494.2
2018,תאילנד,Math,Female,High,FemaleHigh,522.6
2022,תאילנד,Math,Female,High,FemaleHigh,496.4
2025,תאילנד,Math,Female,High,FemaleHigh,474.9
2006,תאילנד,Math,Female,Low,FemaleLow,408.4
2009,תאילנד,Math,Female,Low,FemaleLow,404.5
2012,תאילנד,Math,Female,Low,FemaleLow,420.1
2015,תאילנד,Math,Female,Low,FemaleLow,406
2018,תאילנד,Math,Female,Low,FemaleLow,412
2022,תאילנד,Math,Female,Low,FemaleLow,386.6
2025,תאילנד,Math,Female,Low,FemaleLow,400.2
2006,תאילנד,Math,Female,Medium,FemaleMedium,469.3
2009,תאילנד,Math,Female,Medium,FemaleMedium,456.3
2012,תאילנד,Math,Female,Medium,FemaleMedium,468
2015,תאילנד,Math,Female,Medium,FemaleMedium,458
2018,תאילנד,Math,Female,Medium,FemaleMedium,470.8
2022,תאילנד,Math,Female,Medium,FemaleMedium,431.3
2025,תאילנד,Math,Female,Medium,FemaleMedium,437.6
2006,תאילנד,Math,0,0,General,417.1
2009,תאילנד,Math,0,0,General,418.6
2012,תאילנד,Math,0,0,General,426.7
2015,תאילנד,Math,0,0,General,415.5
2018,תאילנד,Math,0,0,General,418.6
2022,תאילנד,Math,0,0,General,393.9
2025,תאילנד,Math,0,0,General,406.8
2006,תאילנד,Math,0,High,GeneralHigh,496.9
2009,תאילנד,Math,0,High,GeneralHigh,492.2
2012,תאילנד,Math,0,High,GeneralHigh,516.7
2015,תאילנד,Math,0,High,GeneralHigh,486.9
2018,תאילנד,Math,0,High,GeneralHigh,517.1
2022,תאילנד,Math,0,High,GeneralHigh,485.4
2025,תאילנד,Math,0,High,GeneralHigh,471.9
2006,תאילנד,Math,0,Low,GeneralLow,405.6
2009,תאילנד,Math,0,Low,GeneralLow,405.4
2012,תאילנד,Math,0,Low,GeneralLow,415
2015,תאילנד,Math,0,Low,GeneralLow,404.5
2018,תאילנד,Math,0,Low,GeneralLow,404.7
2022,תאילנד,Math,0,Low,GeneralLow,382
2025,תאילנד,Math,0,Low,GeneralLow,397.8
2006,תאילנד,Math,0,Medium,GeneralMedium,463.5
2009,תאילנד,Math,0,Medium,GeneralMedium,457.4
2012,תאילנד,Math,0,Medium,GeneralMedium,460.9
2015,תאילנד,Math,0,Medium,GeneralMedium,449.9
2018,תאילנד,Math,0,Medium,GeneralMedium,459.5
2022,תאילנד,Math,0,Medium,GeneralMedium,431.9
2025,תאילנד,Math,0,Medium,GeneralMedium,434.5
2006,תאילנד,Math,Male,0,Male,413.3
2009,תאילנד,Math,Male,0,Male,420.6
2012,תאילנד,Math,Male,0,Male,419.1
2015,תאילנד,Math,Male,0,Male,413.8
2018,תאילנד,Math,Male,0,Male,410.1
2022,תאילנד,Math,Male,0,Male,390.8
2025,תאילנד,Math,Male,0,Male,403.8
2006,תאילנד,Math,Male,High,MaleHigh,500
2009,תאילנד,Math,Male,High,MaleHigh,490.3
2012,תאילנד,Math,Male,High,MaleHigh,505.3
2015,תאילנד,Math,Male,High,MaleHigh,478.9
2018,תאילנד,Math,Male,High,MaleHigh,510.1
2022,תאילנד,Math,Male,High,MaleHigh,475.5
2025,תאילנד,Math,Male,High,MaleHigh,468.7
2006,תאילנד,Math,Male,Low,MaleLow,401.7
2009,תאילנד,Math,Male,Low,MaleLow,406.6
2012,תאילנד,Math,Male,Low,MaleLow,408.5
2015,תאילנד,Math,Male,Low,MaleLow,402.3
2018,תאילנד,Math,Male,Low,MaleLow,396.3
2022,תאילנד,Math,Male,Low,MaleLow,376.8
2025,תאילנד,Math,Male,Low,MaleLow,395
2006,תאילנד,Math,Male,Medium,MaleMedium,457.1
2009,תאילנד,Math,Male,Medium,MaleMedium,458.7
2012,תאילנד,Math,Male,Medium,MaleMedium,451.9
2015,תאילנד,Math,Male,Medium,MaleMedium,442.3
2018,תאילנד,Math,Male,Medium,MaleMedium,448.6
2022,תאילנד,Math,Male,Medium,MaleMedium,432.4
2025,תאילנד,Math,Male,Medium,MaleMedium,431.2
2006,תאילנד,Reading,Female,0,Female,439.9
2009,תאילנד,Reading,Female,0,Female,437.7
2012,תאילנד,Reading,Female,0,Female,465.4
2015,תאילנד,Reading,Female,0,Female,422.6
2018,תאילנד,Reading,Female,0,Female,411.1
2022,תאילנד,Reading,Female,0,Female,391.5
2025,תאילנד,Reading,Female,0,Female,406.2
2006,תאילנד,Reading,Female,High,FemaleHigh,514.1
2009,תאילנד,Reading,Female,High,FemaleHigh,508.6
2012,תאילנד,Reading,Female,High,FemaleHigh,535
2015,תאילנד,Reading,Female,High,FemaleHigh,498.2
2018,תאילנד,Reading,Female,High,FemaleHigh,486.8
2022,תאילנד,Reading,Female,High,FemaleHigh,483.7
2025,תאילנד,Reading,Female,High,FemaleHigh,474.3
2006,תאילנד,Reading,Female,Low,FemaleLow,428.7
2009,תאילנד,Reading,Female,Low,FemaleLow,426.1
2012,תאילנד,Reading,Female,Low,FemaleLow,454.7
2015,תאילנד,Reading,Female,Low,FemaleLow,412.1
2018,תאילנד,Reading,Female,Low,FemaleLow,398.3
2022,תאילנד,Reading,Female,Low,FemaleLow,381
2025,תאילנד,Reading,Female,Low,FemaleLow,396.3
2006,תאילנד,Reading,Female,Medium,FemaleMedium,486.6
2009,תאילנד,Reading,Female,Medium,FemaleMedium,473.6
2012,תאילנד,Reading,Female,Medium,FemaleMedium,499.9
2015,תאילנד,Reading,Female,Medium,FemaleMedium,468.5
2018,תאילנד,Reading,Female,Medium,FemaleMedium,457.9
2022,תאילנד,Reading,Female,Medium,FemaleMedium,430.2
2025,תאילנד,Reading,Female,Medium,FemaleMedium,439.3
2006,תאילנד,Reading,0,0,General,416.8
2009,תאילנד,Reading,0,0,General,421.4
2012,תאילנד,Reading,0,0,General,441.2
2015,תאילנד,Reading,0,0,General,409.1
2018,תאילנד,Reading,0,0,General,392.9
2022,תאילנד,Reading,0,0,General,378.7
2025,תאילנד,Reading,0,0,General,391.8
2006,תאילנד,Reading,0,High,GeneralHigh,498.2
2009,תאילנד,Reading,0,High,GeneralHigh,488.2
2012,תאילנד,Reading,0,High,GeneralHigh,515.4
2015,תאילנד,Reading,0,High,GeneralHigh,483.3
2018,תאילנד,Reading,0,High,GeneralHigh,473.4
2022,תאילנד,Reading,0,High,GeneralHigh,461.8
2025,תאילנד,Reading,0,High,GeneralHigh,457.2
2006,תאילנד,Reading,0,Low,GeneralLow,405.5
2009,תאילנד,Reading,0,Low,GeneralLow,409.6
2012,תאילנד,Reading,0,Low,GeneralLow,430.7
2015,תאילנד,Reading,0,Low,GeneralLow,398.4
2018,תאילנד,Reading,0,Low,GeneralLow,380.2
2022,תאילנד,Reading,0,Low,GeneralLow,367.2
2025,תאילנד,Reading,0,Low,GeneralLow,382.8
2006,תאילנד,Reading,0,Medium,GeneralMedium,460.2
2009,תאילנד,Reading,0,Medium,GeneralMedium,456.1
2012,תאילנד,Reading,0,Medium,GeneralMedium,474.9
2015,תאילנד,Reading,0,Medium,GeneralMedium,446.1
2018,תאילנד,Reading,0,Medium,GeneralMedium,434.1
2022,תאילנד,Reading,0,Medium,GeneralMedium,417
2025,תאילנד,Reading,0,Medium,GeneralMedium,423.6
2006,תאילנד,Reading,Male,0,Male,385.6
2009,תאילנד,Reading,Male,0,Male,400
2012,תאילנד,Reading,Male,0,Male,410.4
2015,תאילנד,Reading,Male,0,Male,391.6
2018,תאילנד,Reading,Male,0,Male,372.2
2022,תאילנד,Reading,Male,0,Male,364.8
2025,תאילנד,Reading,Male,0,Male,375.8
2006,תאילנד,Reading,Male,High,MaleHigh,471.4
2009,תאילנד,Reading,Male,High,MaleHigh,465.2
2012,תאילנד,Reading,Male,High,MaleHigh,485.8
2015,תאילנד,Reading,Male,High,MaleHigh,467
2018,תאילנד,Reading,Male,High,MaleHigh,456.2
2022,תאילנד,Reading,Male,High,MaleHigh,441.9
2025,תאילנד,Reading,Male,High,MaleHigh,439
2006,תאילנד,Reading,Male,Low,MaleLow,373.9
2009,תאילנד,Reading,Male,Low,MaleLow,386.8
2012,תאילנד,Reading,Male,Low,MaleLow,400.5
2015,תאילנד,Reading,Male,Low,MaleLow,378.9
2018,תאילנד,Reading,Male,Low,MaleLow,359.4
2022,תאילנד,Reading,Male,Low,MaleLow,351.6
2025,תאילנד,Reading,Male,Low,MaleLow,367.2
2006,תאילנד,Reading,Male,Medium,MaleMedium,430.7
2009,תאילנד,Reading,Male,Medium,MaleMedium,436.7
2012,תאילנד,Reading,Male,Medium,MaleMedium,443.6
2015,תאילנד,Reading,Male,Medium,MaleMedium,425
2018,תאילנד,Reading,Male,Medium,MaleMedium,411.1
2022,תאילנד,Reading,Male,Medium,MaleMedium,405.6
2025,תאילנד,Reading,Male,Medium,MaleMedium,406.9
2006,תאילנד,Science,Female,0,Female,428.1
2009,תאילנד,Science,Female,0,Female,431
2012,תאילנד,Science,Female,0,Female,452.5
2015,תאילנד,Science,Female,0,Female,425.3
2018,תאילנד,Science,Female,0,Female,435.2
2022,תאילנד,Science,Female,0,Female,414.3
2025,תאילנד,Science,Female,0,Female,436.6
2006,תאילנד,Science,Female,High,FemaleHigh,505.7
2009,תאילנד,Science,Female,High,FemaleHigh,504.6
2012,תאילנד,Science,Female,High,FemaleHigh,522.5
2015,תאילנד,Science,Female,High,FemaleHigh,502.7
2018,תאילנד,Science,Female,High,FemaleHigh,517.7
2022,תאילנד,Science,Female,High,FemaleHigh,511.9
2025,תאילנד,Science,Female,High,FemaleHigh,508.8
2006,תאילנד,Science,Female,Low,FemaleLow,416.9
2009,תאילנד,Science,Female,Low,FemaleLow,418.9
2012,תאילנד,Science,Female,Low,FemaleLow,442.2
2015,תאילנד,Science,Female,Low,FemaleLow,414.8
2018,תאילנד,Science,Female,Low,FemaleLow,421.9
2022,תאילנד,Science,Female,Low,FemaleLow,403.3
2025,תאילנד,Science,Female,Low,FemaleLow,425.9
2006,תאילנד,Science,Female,Medium,FemaleMedium,473.7
2009,תאילנד,Science,Female,Medium,FemaleMedium,468.7
2012,תאילנד,Science,Female,Medium,FemaleMedium,483.6
2015,תאילנד,Science,Female,Medium,FemaleMedium,468.4
2018,תאילנד,Science,Female,Medium,FemaleMedium,481.9
2022,תאילנד,Science,Female,Medium,FemaleMedium,453.5
2025,תאילנד,Science,Female,Medium,FemaleMedium,471.1
2006,תאילנד,Science,0,0,General,421
2009,תאילנד,Science,0,0,General,425.3
2012,תאילנד,Science,0,0,General,444
2015,תאילנד,Science,0,0,General,421.3
2018,תאילנד,Science,0,0,General,425.8
2022,תאילנד,Science,0,0,General,409.3
2025,תאילנד,Science,0,0,General,432.2
2006,תאילנד,Science,0,High,GeneralHigh,502.8
2009,תאילנד,Science,0,High,GeneralHigh,494.8
2012,תאילנד,Science,0,High,GeneralHigh,515.3
2015,תאילנד,Science,0,High,GeneralHigh,493.7
2018,תאילנד,Science,0,High,GeneralHigh,512.1
2022,תאילנד,Science,0,High,GeneralHigh,498.3
2025,תאילנד,Science,0,High,GeneralHigh,500
2006,תאילנד,Science,0,Low,GeneralLow,409.4
2009,תאילנד,Science,0,Low,GeneralLow,413
2012,תאילנד,Science,0,Low,GeneralLow,434.2
2015,תאילנד,Science,0,Low,GeneralLow,410.8
2018,תאילנד,Science,0,Low,GeneralLow,412.5
2022,תאילנד,Science,0,Low,GeneralLow,396.8
2025,תאילנד,Science,0,Low,GeneralLow,422.5
2006,תאילנד,Science,0,Medium,GeneralMedium,467.1
2009,תאילנד,Science,0,Medium,GeneralMedium,461.6
2012,תאילנד,Science,0,Medium,GeneralMedium,474.1
2015,תאילנד,Science,0,Medium,GeneralMedium,456.9
2018,תאילנד,Science,0,Medium,GeneralMedium,468.7
2022,תאילנד,Science,0,Medium,GeneralMedium,450.5
2025,תאילנד,Science,0,Medium,GeneralMedium,465.5
2006,תאילנד,Science,Male,0,Male,411.4
2009,תאילנד,Science,Male,0,Male,417.9
2012,תאילנד,Science,Male,0,Male,433.2
2015,תאילנד,Science,Male,0,Male,416.2
2018,תאילנד,Science,Male,0,Male,415.2
2022,תאילנד,Science,Male,0,Male,403.8
2025,תאילנד,Science,Male,0,Male,427.4
2006,תאילנד,Science,Male,High,MaleHigh,498
2009,תאילנד,Science,Male,High,MaleHigh,483.8
2012,תאילנד,Science,Male,High,MaleHigh,504.5
2015,תאילנד,Science,Male,High,MaleHigh,483.8
2018,תאילנד,Science,Male,High,MaleHigh,504.8
2022,תאילנד,Science,Male,High,MaleHigh,486
2025,תאילנד,Science,Male,High,MaleHigh,490.8
2006,תאילנד,Science,Male,Low,MaleLow,399.3
2009,תאילנד,Science,Male,Low,MaleLow,404.7
2012,תאילנד,Science,Male,Low,MaleLow,424.2
2015,תאילנד,Science,Male,Low,MaleLow,405.2
2018,תאילנד,Science,Male,Low,MaleLow,401.7
2022,תאילנד,Science,Male,Low,MaleLow,389.5
2025,תאילנד,Science,Male,Low,MaleLow,418.5
2006,תאילנד,Science,Male,Medium,MaleMedium,459.7
2009,תאילנד,Science,Male,Medium,MaleMedium,453.7
2012,תאילנד,Science,Male,Medium,MaleMedium,462.1
2015,תאילנד,Science,Male,Medium,MaleMedium,446
2018,תאילנד,Science,Male,Medium,MaleMedium,455.9
2022,תאילנד,Science,Male,Medium,MaleMedium,447.9
2025,תאילנד,Science,Male,Medium,MaleMedium,459.5
2006,תוניסיה,Math,Female,0,Female,358.2
2009,תוניסיה,Math,Female,0,Female,365.7
2012,תוניסיה,Math,Female,0,Female,380.7
2015,תוניסיה,Math,Female,0,Female,364
2006,תוניסיה,Math,Female,High,FemaleHigh,449.5
2009,תוניסיה,Math,Female,High,FemaleHigh,431.4
2012,תוניסיה,Math,Female,High,FemaleHigh,469.4
2015,תוניסיה,Math,Female,High,FemaleHigh,436
2006,תוניסיה,Math,Female,Low,FemaleLow,337.2
2009,תוניסיה,Math,Female,Low,FemaleLow,352.1
2012,תוניסיה,Math,Female,Low,FemaleLow,367.3
2015,תוניסיה,Math,Female,Low,FemaleLow,348
2006,תוניסיה,Math,Female,Medium,FemaleMedium,402.4
2009,תוניסיה,Math,Female,Medium,FemaleMedium,398.3
2012,תוניסיה,Math,Female,Medium,FemaleMedium,413.2
2015,תוניסיה,Math,Female,Medium,FemaleMedium,388.6
2006,תוניסיה,Math,0,0,General,365.5
2009,תוניסיה,Math,0,0,General,371.5
2012,תוניסיה,Math,0,0,General,387.8
2015,תוניסיה,Math,0,0,General,366.8
2006,תוניסיה,Math,0,High,GeneralHigh,447
2009,תוניסיה,Math,0,High,GeneralHigh,439.1
2012,תוניסיה,Math,0,High,GeneralHigh,469.6
2015,תוניסיה,Math,0,High,GeneralHigh,432.4
2006,תוניסיה,Math,0,Low,GeneralLow,346.1
2009,תוניסיה,Math,0,Low,GeneralLow,358.5
2012,תוניסיה,Math,0,Low,GeneralLow,375.3
2015,תוניסיה,Math,0,Low,GeneralLow,350.7
2006,תוניסיה,Math,0,Medium,GeneralMedium,405.4
2009,תוניסיה,Math,0,Medium,GeneralMedium,397.9
2012,תוניסיה,Math,0,Medium,GeneralMedium,416.2
2015,תוניסיה,Math,0,Medium,GeneralMedium,388.2
2006,תוניסיה,Math,Male,0,Male,373.5
2009,תוניסיה,Math,Male,0,Male,377.9
2012,תוניסיה,Math,Male,0,Male,395.9
2015,תוניסיה,Math,Male,0,Male,370.1
2006,תוניסיה,Math,Male,High,MaleHigh,444.3
2009,תוניסיה,Math,Male,High,MaleHigh,446.5
2012,תוניסיה,Math,Male,High,MaleHigh,469.8
2015,תוניסיה,Math,Male,High,MaleHigh,428.9
2006,תוניסיה,Math,Male,Low,MaleLow,356.1
2009,תוניסיה,Math,Male,Low,MaleLow,365.5
2012,תוניסיה,Math,Male,Low,MaleLow,384.8
2015,תוניסיה,Math,Male,Low,MaleLow,354.1
2006,תוניסיה,Math,Male,Medium,MaleMedium,408.1
2009,תוניסיה,Math,Male,Medium,MaleMedium,397.4
2012,תוניסיה,Math,Male,Medium,MaleMedium,419.3
2015,תוניסיה,Math,Male,Medium,MaleMedium,387.8
2006,תוניסיה,Reading,Female,0,Female,398.3
2009,תוניסיה,Reading,Female,0,Female,418.5
2012,תוניסיה,Reading,Female,0,Female,418.3
2015,תוניסיה,Reading,Female,0,Female,372.7
2006,תוניסיה,Reading,Female,High,FemaleHigh,460.9
2009,תוניסיה,Reading,Female,High,FemaleHigh,480.7
2012,תוניסיה,Reading,Female,High,FemaleHigh,493
2015,תוניסיה,Reading,Female,High,FemaleHigh,431.7
2006,תוניסיה,Reading,Female,Low,FemaleLow,383
2009,תוניסיה,Reading,Female,Low,FemaleLow,405.1
2012,תוניסיה,Reading,Female,Low,FemaleLow,406.4
2015,תוניסיה,Reading,Female,Low,FemaleLow,359.1
2006,תוניסיה,Reading,Female,Medium,FemaleMedium,434.1
2009,תוניסיה,Reading,Female,Medium,FemaleMedium,451.5
2012,תוניסיה,Reading,Female,Medium,FemaleMedium,450.3
2015,תוניסיה,Reading,Female,Medium,FemaleMedium,395.6
2006,תוניסיה,Reading,0,0,General,380.3
2009,תוניסיה,Reading,0,0,General,403.6
2012,תוניסיה,Reading,0,0,General,404.1
2015,תוניסיה,Reading,0,0,General,361.1
2006,תוניסיה,Reading,0,High,GeneralHigh,437
2009,תוניסיה,Reading,0,High,GeneralHigh,460.9
2012,תוניסיה,Reading,0,High,GeneralHigh,473.4
2015,תוניסיה,Reading,0,High,GeneralHigh,411.6
2006,תוניסיה,Reading,0,Low,GeneralLow,366.1
2009,תוניסיה,Reading,0,Low,GeneralLow,391.9
2012,תוניסיה,Reading,0,Low,GeneralLow,393.2
2015,תוניסיה,Reading,0,Low,GeneralLow,347.8
2006,תוניסיה,Reading,0,Medium,GeneralMedium,412
2009,תוניסיה,Reading,0,Medium,GeneralMedium,429.3
2012,תוניסיה,Reading,0,Medium,GeneralMedium,431.2
2015,תוניסיה,Reading,0,Medium,GeneralMedium,379.6
2006,תוניסיה,Reading,Male,0,Male,360.7
2009,תוניסיה,Reading,Male,0,Male,387.3
2012,תוניסיה,Reading,Male,0,Male,387.8
2015,תוניסיה,Reading,Male,0,Male,347.6
2006,תוניסיה,Reading,Male,High,MaleHigh,409.9
2009,תוניסיה,Reading,Male,High,MaleHigh,441.9
2012,תוניסיה,Reading,Male,High,MaleHigh,452
2015,תוניסיה,Reading,Male,High,MaleHigh,392.3
2006,תוניסיה,Reading,Male,Low,MaleLow,347.3
2009,תוניסיה,Reading,Male,Low,MaleLow,377.3
2012,תוניסיה,Reading,Male,Low,MaleLow,377.4
2015,תוניסיה,Reading,Male,Low,MaleLow,333.7
2006,תוניסיה,Reading,Male,Medium,MaleMedium,391
2009,תוניסיה,Reading,Male,Medium,MaleMedium,403.7
2012,תוניסיה,Reading,Male,Medium,MaleMedium,412.1
2015,תוניסיה,Reading,Male,Medium,MaleMedium,363.8
2006,תוניסיה,Science,Female,0,Female,387.8
2009,תוניסיה,Science,Female,0,Female,400.4
2012,תוניסיה,Science,Female,0,Female,397.6
2015,תוניסיה,Science,Female,0,Female,384.6
2006,תוניסיה,Science,Female,High,FemaleHigh,453.7
2009,תוניסיה,Science,Female,High,FemaleHigh,466.8
2012,תוניסיה,Science,Female,High,FemaleHigh,465.2
2015,תוניסיה,Science,Female,High,FemaleHigh,434.7
2006,תוניסיה,Science,Female,Low,FemaleLow,372.1
2009,תוניסיה,Science,Female,Low,FemaleLow,386.6
2012,תוניסיה,Science,Female,Low,FemaleLow,387.3
2015,תוניסיה,Science,Female,Low,FemaleLow,373.6
2006,תוניסיה,Science,Female,Medium,FemaleMedium,422.9
2009,תוניסיה,Science,Female,Medium,FemaleMedium,433.1
2012,תוניסיה,Science,Female,Medium,FemaleMedium,424.2
2015,תוניסיה,Science,Female,Medium,FemaleMedium,402.6
2006,תוניסיה,Science,0,0,General,385.5
2009,תוניסיה,Science,0,0,General,400.7
2012,תוניסיה,Science,0,0,General,398
2015,תוניסיה,Science,0,0,General,386.4
2006,תוניסיה,Science,0,High,GeneralHigh,441.4
2009,תוניסיה,Science,0,High,GeneralHigh,463.1
2012,תוניסיה,Science,0,High,GeneralHigh,459.7
2015,תוניסיה,Science,0,High,GeneralHigh,432.5
2006,תוניסיה,Science,0,Low,GeneralLow,372.2
2009,תוניסיה,Science,0,Low,GeneralLow,388.1
2012,תוניסיה,Science,0,Low,GeneralLow,388.9
2015,תוניסיה,Science,0,Low,GeneralLow,375.4
2006,תוניסיה,Science,0,Medium,GeneralMedium,413.2
2009,תוניסיה,Science,0,Medium,GeneralMedium,426.8
2012,תוניסיה,Science,0,Medium,GeneralMedium,420.2
2015,תוניסיה,Science,0,Medium,GeneralMedium,401.6
2006,תוניסיה,Science,Male,0,Male,383
2009,תוניסיה,Science,Male,0,Male,400.9
2012,תוניסיה,Science,Male,0,Male,398.6
2015,תוניסיה,Science,Male,0,Male,388.5
2006,תוניסיה,Science,Male,High,MaleHigh,427.4
2009,תוניסיה,Science,Male,High,MaleHigh,459.6
2012,תוניסיה,Science,Male,High,MaleHigh,453.7
2015,תוניסיה,Science,Male,High,MaleHigh,430.4
2006,תוניסיה,Science,Male,Low,MaleLow,372.2
2009,תוניסיה,Science,Male,Low,MaleLow,389.8
2012,תוניסיה,Science,Male,Low,MaleLow,390.8
2015,תוניסיה,Science,Male,Low,MaleLow,377.7
2006,תוניסיה,Science,Male,Medium,MaleMedium,404.1
2009,תוניסיה,Science,Male,Medium,MaleMedium,419.7
2012,תוניסיה,Science,Male,Medium,MaleMedium,416.3
2015,תוניסיה,Science,Male,Medium,MaleMedium,400.7
